c ---- [ banner ] ------------------------------------------------------------
c
c Kissat SAT Solver
c 
c Copyright (c) 2021-2024 Armin Biere University of Freiburg
c Copyright (c) 2019-2021 Armin Biere Johannes Kepler University Linz
c 
c Version 4.0.4 8af8e56f174b778aef3aa45af9f739b2a5f492c2
c gcc (GCC) 15.2.1 20260123 (Red Hat 15.2.1-7) -W -Wall -O3 -DNDEBUG
c Thu Apr 23 06:47:51 PM IST 2026 Linux krishnendu-LN 6.19.12-200.fc43.x86_64 x86_64
c
c ---- [ parsing ] -----------------------------------------------------------
c
c opened and reading DIMACS file:
c
c   /home/krishnendu/Research/fv-invariant-mining/data/circuits/cnf/miter_mult_11bit.cnf
c
c parsed 'p cnf 1368 5184' header
c closing input after reading 82324 bytes (80 KB)
c finished parsing after 0.00 seconds
c
c ---- [ options ] -----------------------------------------------------------
c
c --decay=90                       (different from default '50')
c --eliminateeffort=800            (different from default '100')
c
c ---- [ solving ] -----------------------------------------------------------
c
c seconds switched rate     size/glue tier1  binary       remaining
c        MB reductions conflicts size  tier2   irredundant
c         level restarts redundant glue  trail       variables
c
c *  0.00  3 0 0 0  0 0   0   0 0.0 0 0 0 0 0% 1797 3385 1365 100%
c (  0.00  3 0 0 0  0 0   0   0 0.0 0 0 0 0 0% 1797 3385 1365 100%
c .  0.00  3 0 0 0  0 0   0   0 0.0 0 0 0 0 0% 1793 3385 1365 100%
c c  0.00  4 0 0 0  0 0   0   0 0.0 0 0 0 0 0% 1876 3383 1312 96%
c d  0.00  4 0 0 0  0 0   0   0 0.0 0 0 0 0 0% 1688 3383 1312 96%
c =  0.02  4 0 0 0  0 0   0   0 0.0 0 0 0 0 0% 1698 3373 1306 96%
c d  0.02  4 0 0 0  0 0   0   0 0.0 0 0 0 0 0% 1684 3373 1306 96%
c f  0.02  4 0 0 0  0 0   0   0 0.0 0 0 0 0 0% 1653 3352 1334 98%
c )  0.02  4 0 0 0  0 0   0   0 0.0 0 0 0 0 0% 1653 3352 1334 98%
c {  0.02  4 0 0 0  0 0   0   0 0.0 0 0 2 6 0% 1653 3352 1334 98%
c -  0.05  4 20 0 1 127 3 1000 593 3.1 30 10 3 12 80% 1674 3352 1334 98%
c }  0.05  4 20 1 1 127 3 1000 593 3.1 30 10 3 12 80% 1674 3352 1334 98%
c [  0.05  4 0 1 1 127 0 1000 593 0.0 0 0 2 6 0% 1674 3352 1334 98%
c B  0.05  4 44 1 1 127 10 1003 596 1.9 10 5 2 6 45% 1674 3352 1334 98%
c -  0.08  5 28 1 2 127 1 2001 1244 3.7 33 9 3 9 89% 1675 3352 1334 98%
c W  0.08  4 28 1 2 127 1 2004 1247 3.7 33 9 3 9 89% 1675 3352 1334 98%
c ]  0.09  4 26 2 2 128 1 2370 1538 3.1 31 10 3 10 90% 1675 3352 1334 98%
c {  0.09  4 20 2 2 128 3 2370 1538 3.1 30 10 3 12 80% 1675 3352 1334 98%
c u  0.13  5 19 2 2 140 2 3263 2184 3.0 28 9 2 11 75% 1687 3352 1334 98%
c v  0.13  5 19 2 2 140 2 3263 2123 3.0 28 9 2 11 75% 1687 3352 1334 98%
c
c seconds  switched  rate       size/glue tier1     binary       remaining
c        MB reductions conflicts      size  tier2     irredundant
c         level restarts   redundant    glue    trail       variables
c
c w  0.13  5 19 2 2 140 2 3263 2093 3.0 28 9 2 11 75% 1687 3352 1334 98%
c x  0.14  5 19 2 2 140 2 3263 2093 3.0 28 9 2 11 75% 1701 3293 1334 98%
c =  0.15  5 19 2 2 140 2 3263 2093 3.0 28 9 2 11 75% 1725 3288 1322 97%
c d  0.15  5 19 2 2 140 2 3263 2093 3.0 28 9 2 11 75% 1689 3288 1322 97%
c t  0.15  5 19 2 2 140 2 3263 2093 3.0 28 9 2 11 75% 1675 3288 1322 97%
c f  0.15  5 19 2 2 140 2 3263 2093 3.0 28 9 2 11 75% 1673 3288 1324 97%
c u  0.16  5 19 2 2 140 2 3263 2067 3.0 28 9 2 11 75% 1673 3288 1324 97%
c v  0.16  5 19 2 2 140 2 3263 1999 3.0 28 9 2 11 75% 1673 3288 1324 97%
c w  0.16  5 19 2 2 140 2 3263 1976 3.0 28 9 2 11 75% 1673 3288 1324 97%
c x  0.16  5 19 2 2 140 2 3263 1976 3.0 28 9 2 11 75% 1673 3281 1324 97%
c =  0.18  5 19 2 2 140 2 3263 1976 3.0 28 9 2 11 75% 1697 3281 1312 96%
c d  0.18  5 19 2 2 140 2 3263 1976 3.0 28 9 2 11 75% 1661 3281 1312 96%
c }  0.18  5 19 3 2 140 2 3371 2074 3.0 28 9 2 11 73% 1661 3281 1312 96%
c [  0.18  5 26 3 2 140 1 3371 2074 3.1 31 10 3 10 90% 1661 3281 1312 96%
c -  0.19  5 25 3 3 140 1 3415 1691 3.1 32 10 3 10 90% 1661 3281 1312 96%
c I  0.21  5 23 3 3 140 1 4263 2518 3.7 40 11 3 10 91% 1661 3281 1312 96%
c ]  0.22  5 22 4 3 141 1 4595 2802 3.4 38 11 3 10 91% 1661 3281 1312 96%
c {  0.22  5 19 4 3 141 2 4595 2802 3.0 28 9 2 11 73% 1661 3281 1312 96%
c -  0.24  6 20 4 4 224 3 5148 2326 3.0 28 9 2 10 74% 1669 3281 1312 96%
c }  0.29  6 21 5 4 364 3 6947 4023 2.8 26 9 2 10 68% 1681 3281 1312 96%
c
c seconds  switched  rate       size/glue  tier1     binary       remaining
c        MB reductions conflicts      size   tier2     irredundant
c         level restarts   redundant     glue    trail       variables
c
c [  0.29  6 22 5 4 364 1 6947 4023 3.4 38 11 3 10 91% 1681 3281 1312 96%
c -  0.30  6 22 5 5 364 1 7149 3278 3.4 37 11 2 11 87% 1681 3281 1312 96%
c B  0.32  6 20 5 5 365 1 8035 4121 3.2 33 10 2 11 78% 1683 3281 1312 96%
c -  0.35  6 22 5 6 366 1 9385 4230 2.9 32 11 2 11 82% 1684 3281 1312 96%
c u  0.37  5 23 5 6 366 1 10058 4556 2.7 32 12 2 11 83% 1692 3281 1312 96%
c v  0.37  5 23 5 6 366 1 10058 4529 2.7 32 12 2 11 83% 1692 3281 1312 96%
c w  0.37  5 23 5 6 366 1 10058 4528 2.7 32 12 2 11 83% 1692 3281 1312 96%
c t  0.39  5 23 5 6 366 1 10058 4528 2.7 32 12 2 11 83% 1690 3281 1312 96%
c o  0.39  5 23 5 6 366 1 10058 4528 2.7 32 12 2 11 83% 1690 3281 1312 96%
c ]  0.40  5 22 6 6 366 1 10434 4843 2.6 32 12 2 11 84% 1690 3281 1312 96%
c {  0.40  5 21 6 6 366 3 10434 4843 2.8 26 9 2 10 68% 1690 3281 1312 96%
c -  0.42  5 21 6 7 591 3 11834 4295 2.6 24 9 2 10 70% 1695 3281 1312 96%
c -  0.47  6 21 6 8 1021 3 14479 4777 2.3 22 10 2 11 71% 1701 3281 1312 96%
c }  0.47  6 21 7 8 1028 3 14503 4797 2.3 22 10 2 11 71% 1701 3281 1312 96%
c [  0.47  6 22 7 8 1028 1 14503 4797 2.6 32 12 2 11 84% 1701 3281 1312 96%
c W  0.48  6 22 7 8 1028 1 14503 4797 2.6 32 12 2 11 84% 1701 3281 1312 96%
c s  0.51  6 21 7 8 1029 1 16301 6361 2.4 30 12 2 11 85% 1706 3274 1312 96%
c e  0.51  6 21 7 8 1029 1 16301 6361 2.4 30 12 2 11 85% 496 3969 800 59%
c 2  0.51  6 21 7 8 1029 1 16301 6361 2.4 30 12 2 11 85% 494 3969 800 59%
c s  0.52  6 21 7 8 1029 1 16301 6361 2.4 30 12 2 11 85% 503 3845 800 59%
c
c seconds  switched   rate        size/glue  tier1    binary      remaining
c        MB reductions  conflicts       size   tier2    irredundant
c         level  restarts    redundant     glue    trail      variables
c
c e  0.52  6 21 7 8 1029 1 16301 6361 2.4 30 12 2 11 85% 476 3869 785 57%
c ^  0.52  6 21 7 8 1029 1 16301 6361 2.4 30 12 2 11 85% 476 3869 785 57%
c -  0.53  5 21 7 9 1030 1 17307 1913 2.3 30 13 3 14 85% 476 3869 785 57%
c ]  0.57  5 21 8 9 1031 1 19177 3421 2.2 29 13 3 14 86% 476 3869 785 57%
c {  0.57  5 21 8 9 1031 3 19177 3421 2.3 22 10 2 11 71% 476 3869 785 57%
c o  0.59  5 21 8 9 1104 3 20262 4454 2.4 23 10 2 11 72% 476 3869 785 57%
c -  0.59  5 21 8 10 1107 3 20307 3435 2.4 23 10 2 11 72% 477 3869 785 57%
c u  0.60  5 21 8 10 1108 3 20600 3489 2.4 23 10 2 11 72% 477 3869 785 57%
c v  0.61  5 21 8 10 1108 3 20600 3413 2.4 23 10 2 11 72% 477 3869 785 57%
c w  0.61  5 21 8 10 1108 3 20600 3343 2.4 23 10 2 11 72% 477 3869 785 57%
c x  0.61  5 21 8 10 1108 3 20600 3342 2.4 23 10 2 11 72% 477 3755 785 57%
c t  0.61  5 21 8 10 1108 3 20600 3342 2.4 23 10 2 11 72% 470 3755 785 57%
c f  0.62  5 21 8 10 1108 3 20600 3342 2.4 23 10 2 11 72% 514 3655 809 59%
c u  0.62  5 21 8 10 1108 3 20600 3316 2.4 23 10 2 11 72% 514 3655 809 59%
c v  0.63  5 21 8 10 1108 3 20600 3260 2.4 23 10 2 11 72% 514 3655 809 59%
c w  0.63  5 21 8 10 1108 3 20600 3129 2.4 23 10 2 11 72% 514 3655 809 59%
c x  0.63  5 21 8 10 1108 3 20600 3129 2.4 23 10 2 11 72% 516 3608 809 59%
c f  0.64  5 21 8 10 1108 3 20600 3129 2.4 23 10 2 11 72% 524 3596 811 59%
c -  0.72  6 21 8 11 1307 3 23470 5093 2.8 27 10 2 10 74% 529 3595 811 59%
c }  0.77  7 22 9 11 1627 3 25336 6817 2.6 26 10 2 10 74% 529 3595 811 59%
c
c seconds  switched    rate        size/glue  tier1    binary      remaining
c        MB  reductions  conflicts       size   tier2    irredundant
c         level   restarts    redundant     glue    trail      variables
c
c [  0.77  7 21 9 11 1627 1 25336 6817 2.2 29 13 3 14 86% 529 3595 811 59%
c O  0.77  7 21 9 11 1627 1 25336 6817 2.2 29 13 3 14 86% 529 3595 811 59%
c -  0.81  7 21 9 12 1628 1 26786 6116 2.1 28 13 2 13 84% 529 3595 811 59%
c -  0.91  8 20 9 13 1630 1 30250 5689 2.0 27 13 2 12 83% 532 3595 811 59%
c ]  0.94  8 20 10 13 1631 1 31235 6435 2.0 27 13 2 12 83% 532 3595 811 59%
c {  0.94  8 22 10 13 1631 3 31235 6435 2.6 26 10 2 10 74% 532 3595 811 59%
c e  1.00  8 22 10 13 1872 3 32968 8047 2.6 26 10 2 10 73% 384 3812 700 51%
c s  1.00  8 22 10 13 1872 3 32968 8047 2.6 26 10 2 10 73% 387 3771 700 51%
c e  1.00  8 22 10 13 1872 3 32968 8047 2.6 26 10 2 10 73% 379 3781 696 51%
c ^  1.00  8 22 10 13 1872 3 32968 8047 2.6 26 10 2 10 73% 379 3781 696 51%
c -  1.03  7 22 10 14 1972 3 33856 3589 2.6 26 10 2 9 73% 379 3781 696 51%
c u  1.10  6 21 10 14 1972 3 35562 4584 2.7 27 10 2 9 74% 379 3781 696 51%
c v  1.11  6 21 10 14 1972 3 35562 4419 2.7 27 10 2 9 74% 379 3781 696 51%
c w  1.11  6 21 10 14 1972 3 35562 4360 2.7 27 10 2 9 74% 379 3781 696 51%
c x  1.12  6 21 10 14 1972 3 35562 4358 2.7 27 10 2 9 74% 383 3725 696 51%
c t  1.12  6 21 10 14 1972 3 35562 4358 2.7 27 10 2 9 74% 378 3725 696 51%
c f  1.12  6 21 10 14 1972 3 35562 4358 2.7 27 10 2 9 74% 382 3712 699 51%
c u  1.13  6 21 10 14 1972 3 35562 4245 2.7 27 10 2 9 74% 382 3712 699 51%
c v  1.14  6 21 10 14 1972 3 35562 4066 2.7 27 10 2 9 74% 382 3712 699 51%
c w  1.15  6 21 10 14 1972 3 35562 4042 2.7 27 10 2 9 74% 382 3712 699 51%
c
c seconds   switched    rate        size/glue  tier1   binary      remaining
c        MB   reductions  conflicts       size   tier2   irredundant
c         level    restarts    redundant     glue   trail      variables
c
c x  1.15  6 21 10 14 1972 3 35562 4042 2.7 27 10 2 9 74% 382 3709 699 51%
c -  1.21  6 21 10 15 2373 3 37597 4937 2.6 26 10 1 7 73% 383 3709 699 51%
c }  1.27  5 21 11 15 2403 3 39863 7066 2.6 26 10 1 7 71% 384 3709 699 51%
c [  1.27  5 20 11 15 2403 1 39863 7066 2.0 27 13 2 12 83% 384 3709 699 51%
c B  1.27  5 20 11 15 2403 1 39863 7066 2.0 27 13 2 12 83% 384 3709 699 51%
c -  1.30  5 20 11 16 2404 1 41469 6781 2.0 27 13 2 12 84% 384 3709 699 51%
c -  1.37  6 20 11 17 2407 1 45470 6783 2.0 27 14 2 13 85% 384 3709 699 51%
c -  1.45  6 19 11 18 2409 1 49593 6239 1.9 26 14 2 13 85% 386 3708 699 51%
c W  1.50  5 19 11 18 2409 1 52085 8251 1.9 26 14 2 13 86% 386 3708 699 51%
c o  1.50  5 19 11 18 2409 1 52085 8251 1.9 26 14 2 13 86% 386 3708 699 51%
c -  1.53  5 19 11 19 2411 1 53835 6606 1.9 26 14 2 13 86% 386 3708 699 51%
c u  1.55  6 19 11 19 2412 1 54850 7070 1.9 26 14 2 13 86% 386 3708 699 51%
c v  1.57  6 19 11 19 2412 1 54850 6734 1.9 26 14 2 13 86% 386 3708 699 51%
c w  1.58  7 19 11 19 2412 1 54850 6281 1.9 26 14 2 13 86% 386 3708 699 51%
c ]  1.63  6 19 12 19 2412 1 55262 6621 1.9 26 14 2 13 86% 386 3708 699 51%
c {  1.63  6 21 12 19 2412 3 55262 6621 2.6 26 10 1 7 71% 386 3708 699 51%
c -  1.73  7 21 12 20 2835 3 58194 7163 2.6 26 10 1 6 71% 386 3708 699 51%
c -  1.85  7 20 12 21 2891 3 62668 9808 2.7 27 10 1 6 73% 388 3708 699 51%
c }  2.00  7 20 13 21 3199 3 66742 13508 2.8 27 10 1 6 75% 388 3708 699 51%
c [  2.00  7 19 13 21 3199 1 66742 13508 1.9 26 14 2 13 86% 388 3708 699 51%
c
c seconds   switched    rate         size/glue  tier1    binary      remaining
c        MB   reductions  conflicts        size   tier2    irredundant
c         level    restarts     redundant     glue    trail      variables
c
c I  2.00  7 19 13 21 3199 1 66990 13752 1.9 26 14 2 13 86% 388 3708 699 51%
c -  2.01  7 19 13 22 3199 1 67250 11456 1.9 26 14 2 13 86% 388 3708 699 51%
c s  2.04  7 19 13 22 3201 1 69355 13271 1.9 26 14 2 13 86% 388 3706 699 51%
c e  2.05  7 19 13 22 3201 1 69355 13271 1.9 26 14 2 13 86% 287 3926 632 46%
c s  2.05  7 19 13 22 3201 1 69355 13271 1.9 26 14 2 13 86% 288 3909 632 46%
c e  2.05  7 19 13 22 3201 1 69355 13271 1.9 26 14 2 13 86% 285 3911 631 46%
c ^  2.05  7 19 13 22 3201 1 69355 13271 1.9 26 14 2 13 86% 285 3911 631 46%
c -  2.09  6 19 13 23 3203 1 71942 5519 1.8 25 14 2 13 86% 285 3911 631 46%
c -  2.20  6 19 13 24 3205 1 76739 6413 1.8 26 14 2 13 87% 286 3911 631 46%
c u  2.25  7 19 13 24 3205 1 78578 7590 1.8 26 14 2 13 87% 286 3911 631 46%
c v  2.27  7 19 13 24 3205 1 78578 7173 1.8 26 14 2 13 87% 286 3911 631 46%
c w  2.28  7 19 13 24 3205 1 78578 7108 1.8 26 14 2 13 87% 286 3911 631 46%
c x  2.28  6 19 13 24 3205 1 78578 7103 1.8 26 14 2 13 87% 287 3875 631 46%
c t  2.28  6 19 13 24 3205 1 78578 7103 1.8 26 14 2 13 87% 286 3875 631 46%
c -  2.35  7 19 13 25 3208 1 81638 6596 1.8 25 14 2 13 85% 286 3875 631 46%
c ]  2.41  6 19 14 25 3209 1 83434 7686 1.8 25 14 2 13 86% 286 3875 631 46%
c {  2.41  6 20 14 25 3209 3 83434 7686 2.8 27 10 1 6 75% 286 3875 631 46%
c o  2.41  6 20 14 25 3217 3 83462 7710 2.8 27 10 1 6 75% 286 3875 631 46%
c -  2.52  7 20 14 26 3576 3 86638 8648 2.8 28 10 1 5 76% 287 3875 631 46%
c -  2.72  7 20 14 27 4745 3 91738 9602 2.6 28 11 1 5 77% 287 3875 631 46%
c
c seconds   switched    rate         size/glue  tier1   binary      remaining
c        MB   reductions  conflicts        size   tier2   irredundant
c         level    restarts     redundant     glue   trail      variables
c
c -  2.92  7 19 14 28 4771 3 96934 11572 2.8 28 10 1 5 79% 288 3875 631 46%
c }  2.99  7 19 15 28 4771 2 98149 12688 2.8 29 10 1 5 80% 288 3875 631 46%
c [  2.99  7 19 15 28 4771 1 98149 12688 1.8 25 14 2 13 86% 288 3875 631 46%
c B  2.99  7 19 15 28 4771 1 98149 12688 1.8 25 14 2 13 86% 288 3875 631 46%
c -  3.10  8 19 15 29 4773 1 102226 12243 1.8 25 14 2 12 86% 288 3875 631 46%
c u  3.25  8 19 15 29 4777 1 106844 15146 1.8 25 14 2 12 86% 288 3875 631 46%
c v  3.28  8 19 15 29 4777 1 106844 14722 1.8 25 14 2 12 86% 288 3875 631 46%
c w  3.29  9 19 15 29 4777 1 106844 14663 1.8 25 14 2 12 86% 288 3875 631 46%
c x  3.30  8 19 15 29 4777 1 106844 14661 1.8 25 14 2 12 86% 289 3869 631 46%
c t  3.30  8 19 15 29 4777 1 106844 14661 1.8 25 14 2 12 86% 288 3869 631 46%
c -  3.33  8 19 15 30 4777 1 107612 9319 1.8 25 14 2 12 86% 288 3869 631 46%
c -  3.46  8 19 15 31 4780 1 113089 7795 1.8 25 14 2 11 86% 288 3869 631 46%
c -  3.59  8 19 15 32 4783 1 118656 7484 1.8 25 14 2 11 87% 288 3869 631 46%
c W  3.61  7 19 15 32 4784 1 119062 7793 1.8 25 14 2 11 87% 288 3869 631 46%
c ]  3.63  7 19 16 32 4784 1 119951 8333 1.8 25 14 2 11 87% 288 3869 631 46%
c {  3.63  7 19 16 32 4784 2 119951 8333 2.8 29 10 1 5 80% 288 3869 631 46%
c -  3.78  8 19 16 33 5184 2 124314 9627 2.8 29 10 1 4 80% 288 3869 631 46%
c o  3.83  8 19 16 33 5186 2 126115 11348 2.8 29 10 1 4 81% 288 3869 631 46%
c s  3.90  8 19 16 33 5504 2 127885 12908 2.8 29 10 1 4 80% 291 3865 631 46%
c e  3.90  8 19 16 33 5504 2 127885 12908 2.8 29 10 1 4 80% 204 4091 586 43%
c
c seconds   switched    rate          size/glue  tier1   binary      remaining
c        MB   reductions  conflicts         size   tier2   irredundant
c         level    restarts      redundant     glue   trail      variables
c
c s  3.90  8 19 16 33 5504 2 127885 12908 2.8 29 10 1 4 80% 205 4046 586 43%
c e  3.90  8 19 16 33 5504 2 127885 12908 2.8 29 10 1 4 80% 204 4047 585 43%
c ^  3.90  8 19 16 33 5504 2 127885 12908 2.8 29 10 1 4 80% 204 4047 585 43%
c -  3.98  8 19 16 34 5977 3 130058 8711 2.8 29 10 1 4 80% 206 4047 585 43%
c -  4.16  8 19 16 35 6672 3 135888 10769 2.7 29 11 1 4 80% 206 4047 585 43%
c }  4.24  7 19 17 35 7029 3 138289 12897 2.7 29 11 1 4 80% 206 4047 585 43%
c [  4.24  7 19 17 35 7029 1 138289 12897 1.8 25 14 2 11 87% 206 4047 585 43%
c u  4.29  8 19 17 35 7030 1 139880 13745 1.8 25 14 2 11 87% 206 4047 585 43%
c v  4.33  8 19 17 35 7030 1 139880 12735 1.8 25 14 2 11 87% 206 4047 585 43%
c w  4.34  9 19 17 35 7030 1 139880 12623 1.8 25 14 2 11 87% 206 4047 585 43%
c t  4.35  9 19 17 35 7030 1 139880 12623 1.8 25 14 2 11 87% 205 4047 585 43%
c -  4.40  8 19 17 36 7031 1 141804 10052 1.8 25 14 2 11 87% 205 4047 585 43%
c O  4.43  8 19 17 36 7032 1 143287 11006 1.8 25 14 2 11 87% 205 4047 585 43%
c -  4.53  8 19 17 37 7035 1 147804 9825 1.8 25 14 2 11 85% 205 4047 585 43%
c -  4.64  8 19 17 38 7038 1 153886 10246 1.8 25 14 2 11 84% 205 4047 585 43%
c -  4.76  8 18 17 39 7042 1 160051 11207 1.9 25 13 2 11 82% 205 4047 585 43%
c ]  4.85  8 18 18 39 7043 1 165251 15757 1.9 25 13 2 11 81% 205 4047 585 43%
c {  4.85  8 19 18 39 7043 3 165251 15757 2.7 29 11 1 4 80% 205 4047 585 43%
c -  4.89  8 19 18 40 7076 3 166295 12023 2.7 29 11 1 4 80% 205 4047 585 43%
c -  5.09  8 18 18 41 7076 2 172620 13744 2.8 29 11 1 4 81% 205 4047 585 43%
c
c seconds   switched    rate          size/glue  tier1   binary      remaining
c        MB   reductions  conflicts         size   tier2   irredundant
c         level    restarts      redundant     glue   trail      variables
c
c u  5.27  8 18 18 41 7076 2 177646 17910 2.8 29 10 1 4 82% 205 4047 585 43%
c v  5.29  9 18 18 41 7076 2 177646 17626 2.8 29 10 1 4 82% 205 4047 585 43%
c w  5.31 10 18 18 41 7076 2 177646 17531 2.8 29 10 1 4 82% 205 4047 585 43%
c x  5.32  8 18 18 41 7076 2 177646 17531 2.8 29 10 1 4 82% 207 4013 585 43%
c t  5.43  8 18 18 41 7076 2 177646 17531 2.8 29 10 1 4 82% 205 4013 585 43%
c o  5.43  8 18 18 41 7076 2 177646 17531 2.8 29 10 1 4 82% 205 4013 585 43%
c -  5.49  9 18 18 42 7140 2 179024 15184 2.8 29 10 1 4 81% 205 4013 585 43%
c -  5.76  9 18 18 43 7598 2 185505 16582 2.9 30 10 1 4 82% 206 4013 585 43%
c }  5.86  9 17 19 43 7598 2 187597 18600 3.0 30 10 1 4 82% 206 4013 585 43%
c [  5.86  9 18 19 43 7598 1 187597 18600 1.9 25 13 2 11 81% 206 4013 585 43%
c B  5.86  9 18 19 43 7598 1 187597 18600 1.9 25 13 2 11 81% 206 4013 585 43%
c -  6.00  9 18 19 44 7601 1 192062 15262 1.9 25 13 2 10 81% 206 4013 585 43%
c -  6.21  9 18 19 45 7604 1 198695 12443 1.9 26 13 2 10 82% 206 4013 585 43%
c -  6.45  7 18 19 46 7609 1 205403 9777 1.9 26 14 2 10 83% 206 4013 585 43%
c s  6.63  7 18 19 46 7611 1 210879 13013 1.9 25 14 2 10 84% 207 4010 585 43%
c e  6.63  7 18 19 46 7611 1 210879 13013 1.9 25 14 2 10 84% 148 4546 509 37%
c s  6.63  7 18 19 46 7611 1 210879 13013 1.9 25 14 2 10 84% 148 4366 509 37%
c e  6.63  7 18 19 46 7611 1 210879 13013 1.9 25 14 2 10 84% 141 4409 504 37%
c ^  6.63  7 18 19 46 7611 1 210879 13013 1.9 25 14 2 10 84% 141 4409 504 37%
c -  6.67  6 18 19 47 7611 1 212185 4731 1.9 25 14 2 9 84% 141 4409 504 37%
c
c seconds   switched    rate         size/glue  tier1   binary      remaining
c        MB   reductions  conflicts        size   tier2   irredundant
c         level    restarts     redundant     glue   trail      variables
c
c ]  6.72  7 18 20 47 7612 1 214364 6006 1.9 25 14 2 9 84% 141 4409 504 37%
c {  6.72  7 17 20 47 7612 2 214364 6006 3.0 30 10 1 4 82% 141 4409 504 37%
c -  6.91  7 17 20 48 7650 2 219040 7589 3.0 30 10 1 4 83% 141 4409 504 37%
c u  6.96  7 17 20 48 7826 2 220452 8244 3.0 30 10 1 4 83% 142 4409 504 37%
c v  6.98  7 17 20 48 7826 2 220452 7160 3.0 30 10 1 4 83% 143 4409 504 37%
c w  7.02  7 17 20 48 7826 2 220452 5569 3.0 30 10 1 4 83% 143 4409 504 37%
c x  7.02  7 17 20 48 7826 2 220452 5566 3.0 30 10 1 4 83% 144 4207 504 37%
c t  7.02  7 17 20 48 7826 2 220452 5566 3.0 30 10 1 4 83% 142 4207 504 37%
c -  7.20  7 17 20 49 8863 2 225968 7293 2.9 30 10 1 4 83% 142 4207 504 37%
c -  7.45  7 18 20 50 10391 2 232969 8600 2.8 30 11 1 4 83% 142 4207 504 37%
c o  7.61  7 18 20 50 10821 2 237703 12840 2.8 30 11 1 4 84% 142 4207 504 37%
c -  7.68  8 18 20 51 10972 2 240042 10547 2.8 30 11 1 4 83% 142 4207 504 37%
c }  7.71  7 18 21 51 11028 2 241104 11547 2.8 30 11 1 4 84% 142 4207 504 37%
c [  7.71  7 18 21 51 11028 1 241104 11547 1.9 25 14 2 9 84% 142 4207 504 37%
c W  7.72  7 18 21 51 11028 1 241104 11547 1.9 25 14 2 9 84% 142 4207 504 37%
c -  7.87  8 18 21 52 11032 1 247183 11220 1.9 25 13 2 9 85% 142 4207 504 37%
c -  8.04  8 17 21 53 11035 1 254394 9735 1.9 25 13 2 9 85% 142 4207 504 37%
c -  8.23  8 17 21 54 11041 1 261674 8486 1.9 25 13 2 8 86% 142 4207 504 37%
c u  8.44  8 17 21 54 11042 1 268150 11625 1.9 25 13 2 8 86% 142 4207 504 37%
c v  8.47  8 17 21 54 11042 1 268150 10642 1.9 25 13 2 8 86% 142 4207 504 37%
c
c seconds   switched     rate         size/glue  tier1   binary      remaining
c        MB   reductions   conflicts        size   tier2   irredundant
c         level    restarts      redundant     glue   trail      variables
c
c w  8.48  9 17 21 54 11042 1 268150 9296 1.9 25 13 2 8 86% 142 4207 504 37%
c x  8.49  9 17 21 54 11042 1 268150 9294 1.9 25 13 2 8 86% 142 4185 504 37%
c -  8.52  6 17 21 55 11042 1 269024 6286 1.9 25 13 2 8 86% 142 4185 504 37%
c ]  8.66  7 17 22 55 11043 1 274456 9843 1.8 24 13 2 8 86% 142 4185 504 37%
c {  8.66  7 18 22 55 11043 2 274456 9843 2.8 30 11 1 4 84% 142 4185 504 37%
c -  8.68  7 18 22 56 11081 2 276440 7393 2.8 30 11 1 4 84% 142 4185 504 37%
c -  8.79  7 18 22 57 11216 2 283923 9233 2.7 29 11 1 4 83% 142 4185 504 37%
c -  8.90  7 18 22 58 11479 2 291473 10960 2.6 28 11 1 4 82% 142 4185 504 37%
c -  9.04  8 19 22 59 11880 2 299088 12566 2.6 27 11 1 4 83% 142 4185 504 37%
c }  9.19  7 19 23 59 12900 2 305972 18106 2.5 27 11 1 4 82% 142 4185 504 37%
c [  9.19  7 17 23 59 12900 1 305972 18106 1.8 24 13 2 8 86% 142 4185 504 37%
c I  9.19  7 17 23 59 12900 1 305972 18106 1.8 24 13 2 8 86% 142 4185 504 37%
c -  9.20  8 17 23 60 12900 1 306769 12484 1.8 24 13 2 8 86% 142 4185 504 37%
c -  9.36  8 17 23 61 12906 1 314514 10689 1.8 24 13 2 8 87% 142 4185 504 37%
c s  9.46  7 17 23 61 12908 1 319555 14646 1.8 24 13 2 8 86% 142 4184 504 37%
c e  9.46  8 17 23 61 12908 1 319555 14646 1.8 24 13 2 8 86%  90 5183 423 31%
c s  9.47  8 17 23 61 12908 1 319555 14646 1.8 24 13 2 8 86%  90 4927 423 31%
c e  9.47  8 17 23 61 12908 1 319555 14646 1.8 24 13 2 8 86%  84 4999 418 31%
c !  9.47  8 17 23 61 12908 1 319555 14646 1.8 24 13 2 8 86%  84 4999 418 31%
c o  9.47  8 17 23 61 12908 1 319555 7302 1.8 24 13 2 8 86%  84 4999 418 31%
c
c seconds   switched     rate         size/glue  tier1   binary      remaining
c        MB   reductions   conflicts        size   tier2   irredundant
c         level    restarts      redundant     glue   trail      variables
c
c u  9.51  7 17 23 61 12909 1 321056 7672 1.8 24 13 2 8 87%  85 4999 418 31%
c v  9.53  7 17 23 61 12909 1 321056 6688 1.8 24 13 2 8 87%  85 4999 418 31%
c w  9.57  8 17 23 61 12909 1 321056 5000 1.8 24 13 2 8 87%  85 4999 418 31%
c t  9.57  8 17 23 61 12909 1 321056 5000 1.8 24 13 2 8 87%  84 4999 418 31%
c f  9.57  7 17 23 61 12909 1 321056 5000 1.8 24 13 2 8 87%  85 4972 419 31%
c u  9.58  7 17 23 61 12909 1 321056 4940 1.8 24 13 2 8 87%  85 4972 419 31%
c v  9.59  7 17 23 61 12909 1 321056 4680 1.8 24 13 2 8 87%  85 4972 419 31%
c w  9.61  7 17 23 61 12909 1 321056 4265 1.8 24 13 2 8 87%  85 4972 419 31%
c x  9.62  7 17 23 61 12909 1 321056 4249 1.8 24 13 2 8 87%  85 4784 419 31%
c -  9.65  6 17 23 62 12909 1 322324 3102 1.8 24 13 2 8 87%  85 4784 419 31%
c -  9.87  6 17 23 63 12913 1 330199 4227 1.8 24 13 2 8 87%  85 4784 419 31%
c ]  9.88  6 17 24 63 12914 1 330942 4616 1.8 24 13 2 8 87%  85 4784 419 31%
c {  9.88  6 19 24 63 12914 2 330942 4616 2.5 27 11 1 4 82%  85 4784 419 31%
c - 10.07  7 19 24 64 13577 2 338137 7523 2.5 27 11 1 4 82%  85 4784 419 31%
c - 10.34  7 18 24 65 13577 2 346137 10419 2.4 26 11 1 4 80%  85 4784 419 31%
c - 10.59  7 18 24 66 13588 2 354200 11879 2.4 25 10 1 4 79%  85 4784 419 31%
c - 10.88  8 18 24 67 15274 2 362326 12487 2.3 25 11 1 4 80%  85 4784 419 31%
c } 11.07  8 18 25 67 16024 2 367619 17060 2.3 25 11 1 4 80%  85 4784 419 31%
c [ 11.07  8 17 25 67 16024 1 367619 17060 1.8 24 13 2 8 87%  85 4784 419 31%
c B 11.07  8 17 25 67 16024 1 367619 17060 1.8 24 13 2 8 87%  85 4784 419 31%
c
c seconds   switched     rate          size/glue  tier1   binary      remaining
c        MB   reductions   conflicts         size   tier2   irredundant
c         level    restarts       redundant     glue   trail      variables
c
c - 11.14  8 17 25 68 16026 1 370513 11885 1.8 24 14 2 8 87%  85 4784 419 31%
c u 11.36  8 17 25 68 16030 1 378192 16130 1.8 24 14 2 8 87%  85 4784 419 31%
c v 11.40  9 17 25 68 16030 1 378192 15430 1.8 24 14 2 8 87%  85 4784 419 31%
c w 11.42 10 17 25 68 16030 1 378192 14101 1.8 24 14 2 8 87%  85 4784 419 31%
c x 11.43 10 17 25 68 16030 1 378192 14093 1.8 24 14 2 8 87%  85 4745 419 31%
c - 11.65  8 17 25 69 16030 1 378759 9358 1.8 24 14 2 8 87%  85 4745 419 31%
c - 11.86  8 17 25 70 16036 1 387066 8168 1.8 24 13 2 8 88%  85 4745 419 31%
c - 12.07  8 17 25 71 16038 1 395432 8129 1.8 24 13 2 8 88%  85 4745 419 31%
c - 12.29  8 17 25 72 16041 1 403858 8244 1.8 24 13 2 8 88%  85 4745 419 31%
c W 12.48  7 17 25 72 16045 1 411332 12274 1.8 23 13 2 8 88%  85 4745 419 31%
c o 12.48  7 17 25 72 16045 1 411332 12274 1.8 23 13 2 8 88%  85 4745 419 31%
c - 12.51  7 17 25 73 16045 1 412343 8197 1.8 23 13 2 8 88%  85 4745 419 31%
c ] 12.60  8 17 26 73 16048 1 415741 10209 1.7 23 13 2 8 88%  85 4745 419 31%
c { 12.60  8 18 26 73 16048 2 415741 10209 2.3 25 11 1 4 80%  85 4745 419 31%
c - 12.76  8 18 26 74 16768 2 420887 10044 2.4 26 11 1 4 81%  85 4745 419 31%
c - 13.01  8 18 26 75 16803 2 429489 13530 2.5 27 11 1 4 81%  85 4745 419 31%
c - 13.29  9 18 26 76 16824 2 438150 16192 2.6 27 11 1 4 82%  85 4745 419 31%
c u 13.39  9 18 26 76 17082 2 440681 17650 2.6 27 11 1 4 82%  85 4745 419 31%
c v 13.42 10 18 26 76 17082 2 440681 16870 2.6 27 11 1 4 82%  85 4745 419 31%
c w 13.44 10 18 26 76 17082 2 440681 16805 2.6 27 11 1 4 82%  85 4745 419 31%
c
c seconds   switched     rate          size/glue  tier1   binary      remaining
c        MB   reductions   conflicts         size   tier2   irredundant
c         level    restarts       redundant     glue   trail      variables
c
c x 13.45 10 18 26 76 17082 2 440681 16804 2.6 27 11 1 4 82%  85 4739 419 31%
c - 13.69  9 18 26 77 18254 2 446867 15059 2.5 27 11 1 4 82%  85 4739 419 31%
c e 13.97  8 18 26 77 18816 2 454495 21804 2.5 27 11 1 4 82%  81 4803 414 30%
c s 13.97  8 18 26 77 18816 2 454495 21804 2.5 27 11 1 4 82%  81 4783 414 30%
c - 14.02  9 18 26 78 19056 2 455643 13403 2.5 27 11 1 4 82%  81 4783 414 30%
c } 14.09  9 18 27 78 19509 2 457960 15363 2.5 27 11 1 4 82%  81 4783 414 30%
c [ 14.09  9 17 27 78 19509 1 457960 15363 1.7 23 13 2 8 88%  81 4783 414 30%
c O 14.14  9 17 27 78 19510 1 459495 16839 1.7 23 13 2 8 88%  81 4783 414 30%
c - 14.32  8 17 27 79 19514 1 464475 13111 1.7 23 13 1 7 88%  81 4783 414 30%
c - 14.58  8 17 27 80 19518 1 473364 11791 1.7 23 13 1 7 88%  81 4783 414 30%
c - 14.87  8 17 27 81 19522 1 482309 10258 1.7 23 13 1 7 88%  81 4783 414 30%
c - 15.14  8 17 27 82 19524 1 491310 9680 1.7 23 13 1 7 88%  81 4783 414 30%
c - 15.42  8 17 27 83 19530 1 500365 9569 1.7 23 13 1 7 89%  81 4783 414 30%
c ] 15.42  8 17 28 83 19530 1 500429 9601 1.7 23 13 1 7 89%  81 4783 414 30%
c { 15.42  8 18 28 83 19530 2 500429 9601 2.5 27 11 1 4 82%  81 4783 414 30%
c o 15.46  8 18 28 83 19700 2 501404 10348 2.4 27 11 1 4 82%  81 4783 414 30%
c u 15.70  8 19 28 83 20715 2 508557 15441 2.4 27 11 1 4 82%  81 4783 414 30%
c v 15.74  9 19 28 83 20715 2 508557 13577 2.4 27 11 1 4 82%  81 4783 414 30%
c w 15.82  9 19 28 83 20715 2 508557 13003 2.4 27 11 1 4 82%  81 4783 414 30%
c - 15.85  8 19 28 84 20804 2 509475 9351 2.4 27 11 1 4 82%  81 4783 414 30%
c
c seconds   switched     rate          size/glue  tier1   binary      remaining
c        MB   reductions   conflicts         size   tier2   irredundant
c         level    restarts       redundant     glue   trail      variables
c
c - 16.15  8 19 28 85 21440 2 518641 11621 2.4 27 11 1 4 82%  81 4783 414 30%
c - 16.48  8 19 28 86 22895 2 527860 12636 2.4 27 12 1 4 82%  81 4783 414 30%
c - 16.86  9 19 28 87 23299 2 537133 14392 2.4 27 11 1 4 82%  81 4783 414 30%
c - 17.26  8 19 28 88 24418 2 546460 15600 2.4 27 12 1 4 83%  82 4782 414 30%
c } 17.33  9 18 29 88 24424 2 548567 17198 2.4 27 12 1 4 83%  82 4782 414 30%
c [ 17.33  9 17 29 88 24424 1 548567 17198 1.7 23 13 1 7 89%  82 4782 414 30%
c B 17.33  9 17 29 88 24424 1 548567 17198 1.7 23 13 1 7 89%  82 4782 414 30%
c - 17.57  9 17 29 89 24429 1 555840 14428 1.7 23 13 1 7 89%  82 4782 414 30%
c - 17.89  8 17 29 90 24434 1 565273 12067 1.8 23 13 1 7 89%  82 4782 414 30%
c - 18.21  8 17 29 91 24438 1 574759 10494 1.8 24 13 1 6 89%  82 4782 414 30%
c u 18.43  8 17 29 91 24439 1 581782 13277 1.8 23 13 1 6 90%  82 4782 414 30%
c v 18.48  8 17 29 91 24439 1 581782 11564 1.8 23 13 1 6 90%  82 4782 414 30%
c w 18.51  9 17 29 91 24439 1 581782 10577 1.8 23 13 1 6 90%  82 4782 414 30%
c x 18.52  9 17 29 91 24439 1 581782 10572 1.8 23 13 1 6 90%  82 4761 414 30%
c - 18.60  8 17 29 92 24441 1 584299 8013 1.8 23 13 1 6 90%  82 4761 414 30%
c - 18.84  8 17 29 93 24446 1 593890 9421 1.8 24 13 1 6 90%  82 4761 414 30%
c - 19.09  8 17 29 94 24452 1 603533 9620 1.8 24 13 1 6 90%  82 4761 414 30%
c W 19.17  7 17 29 94 24453 1 606151 11460 1.8 24 13 1 6 90%  82 4761 414 30%
c o 19.17  7 17 29 94 24453 1 606151 11460 1.8 24 13 1 6 90%  82 4761 414 30%
c ] 19.19  7 17 30 94 24453 1 607005 11945 1.8 24 13 1 6 90%  82 4761 414 30%
c
c seconds   switched     rate          size/glue  tier1   binary      remaining
c        MB   reductions   conflicts         size   tier2   irredundant
c         level    restarts       redundant     glue   trail      variables
c
c { 19.19  7 18 30 94 24453 2 607005 11945 2.4 27 12 1 4 83%  82 4761 414 30%
c - 19.38  8 19 30 95 25512 2 613230 11078 2.3 27 12 1 4 83%  82 4761 414 30%
c s 19.58  8 19 30 95 25905 2 620655 17829 2.3 27 12 1 4 82%  82 4760 414 30%
c e 19.58  7 19 30 95 25905 2 620655 17829 2.3 27 12 1 4 82%  80 4778 413 30%
c s 19.58  7 19 30 95 25905 2 620655 17829 2.3 27 12 1 4 82%  80 4774 413 30%
c - 19.66  8 19 30 96 26316 2 622977 13370 2.3 27 12 1 4 82%  80 4774 413 30%
c - 19.94  9 19 30 97 26494 2 632776 14077 2.3 27 12 1 4 82%  80 4774 413 30%
c - 20.35  8 18 30 98 26758 2 642625 14044 2.3 27 12 1 4 83%  80 4774 413 30%
c - 20.71  9 18 30 99 27774 2 652524 15655 2.4 28 12 1 4 83%  80 4774 413 30%
c u 21.04  8 18 30 99 29177 2 660594 21132 2.3 28 12 1 4 84%  80 4774 413 30%
c v 21.12 10 18 30 99 29177 2 660594 19569 2.3 28 12 1 4 84%  80 4774 413 30%
c w 21.15 11 18 30 99 29177 2 660594 19461 2.3 28 12 1 4 84%  80 4774 413 30%
c } 21.19 10 18 31 99 29356 2 661439 20170 2.3 28 12 1 4 84%  80 4774 413 30%
c [ 21.19 10 17 31 99 29356 1 661439 20170 1.8 24 13 1 6 90%  80 4774 413 30%
c - 21.22  8 17 31 100 29357 1 662473 13626 1.8 24 13 1 6 90%  80 4774 413 30%
c I 21.38  9 17 31 100 29361 1 668701 18962 1.8 24 13 1 6 90%  80 4774 413 30%
c - 21.45  9 17 31 101 29362 1 672474 13331 1.8 24 13 1 6 90%  80 4774 413 30%
c - 21.61  9 17 31 102 29369 1 682525 11891 1.8 24 13 1 6 90%  80 4774 413 30%
c - 21.81  9 17 31 103 29370 1 692625 10697 1.8 24 14 1 6 89%  80 4774 413 30%
c - 22.03  9 17 31 104 29377 1 702773 10281 1.7 24 14 1 6 89%  80 4774 413 30%
c
c seconds   switched      rate          size/glue  tier1   binary      remaining
c        MB   reductions    conflicts         size   tier2   irredundant
c         level     restarts       redundant     glue   trail      variables
c
c - 22.24  9 17 31 105 29383 1 712971 10077 1.7 24 14 1 6 89%  80 4774 413 30%
c - 22.48  9 17 31 106 29385 1 723217 9896 1.7 23 14 1 6 89%  80 4774 413 30%
c - 22.71  9 17 31 107 29386 1 733513 10094 1.7 23 14 1 6 89%  80 4774 413 30%
c B 22.77  9 17 31 107 29386 1 736384 12585 1.7 23 14 1 6 89%  80 4774 413 30%
c o 22.77  9 17 31 107 29386 1 736384 12585 1.7 23 14 1 6 89%  80 4774 413 30%
c - 22.97  9 17 31 108 29387 1 743858 10906 1.7 24 14 1 6 89%  80 4774 413 30%
c u 23.02  9 17 31 108 29388 1 744979 10918 1.7 24 14 1 6 89%  80 4774 413 30%
c v 23.06  9 17 31 108 29388 1 744979 9309 1.7 24 14 1 6 89%  80 4774 413 30%
c w 23.08  9 17 31 108 29388 1 744979 8647 1.7 24 14 1 6 89%  80 4774 413 30%
c ] 23.14  9 17 32 108 29389 1 747241 10000 1.7 24 14 1 6 89%  80 4774 413 30%
c { 23.14  9 18 32 108 29389 2 747241 10000 2.3 28 12 1 4 84%  80 4774 413 30%
c - 23.36  8 19 32 109 29809 2 754251 10367 2.4 28 12 1 4 84%  80 4774 413 30%
c - 23.73 10 18 32 110 30321 2 764691 12625 2.5 29 12 1 4 85%  80 4774 413 30%
c - 24.05 10 18 32 111 30723 2 775179 14303 2.5 29 12 1 4 85%  80 4774 413 30%
c - 24.37 10 18 32 112 31122 2 785714 14571 2.5 29 12 1 4 86%  80 4774 413 30%
c - 24.68  9 18 32 113 31529 2 796297 14146 2.5 29 12 1 4 86%  80 4774 413 30%
c - 25.10 10 18 32 114 33006 2 806927 15301 2.5 29 12 1 4 86%  80 4774 413 30%
c } 25.14  9 18 33 114 33143 2 808345 16631 2.5 29 12 1 4 86%  80 4774 413 30%
c [ 25.14  9 17 33 114 33143 1 808345 16631 1.7 24 14 1 6 89%  80 4774 413 30%
c W 25.19  8 17 33 114 33143 1 809360 17274 1.7 24 14 1 6 89%  80 4774 413 30%
c
c seconds   switched      rate          size/glue  tier1   binary      remaining
c        MB   reductions    conflicts         size   tier2   irredundant
c         level     restarts       redundant     glue   trail      variables
c
c - 25.50  9 17 33 115 33149 1 817604 15042 1.7 24 14 1 6 90%  80 4774 413 30%
c - 25.84  7 17 33 116 33155 1 828328 12856 1.8 24 14 1 6 90%  80 4774 413 30%
c u 26.08  8 17 33 116 33157 1 835031 15593 1.8 24 14 1 6 90%  81 4774 413 30%
c v 26.14  8 17 33 116 33157 1 835031 14005 1.8 24 14 1 6 90%  81 4774 413 30%
c w 26.16  8 17 33 116 33157 1 835031 12333 1.8 24 14 1 6 90%  81 4774 413 30%
c x 26.18  8 17 33 116 33157 1 835031 12331 1.8 24 14 1 6 90%  83 4755 413 30%
c t 26.19  8 17 33 116 33157 1 835031 12331 1.8 24 14 1 6 90%  82 4755 413 30%
c - 26.30  7 17 33 117 33157 1 839099 9440 1.8 24 14 1 6 90%  82 4755 413 30%
c - 26.57  8 17 33 118 33164 1 849916 9988 1.8 24 13 1 6 90%  82 4755 413 30%
c - 26.87  8 17 33 119 33170 1 860778 10220 1.8 24 13 1 6 91%  82 4755 413 30%
c - 27.14  8 16 33 120 33172 1 871686 10587 1.8 23 13 1 6 90%  82 4755 413 30%
c ] 27.21  8 16 34 120 33173 1 874607 12586 1.8 23 13 1 6 90%  82 4755 413 30%
c { 27.21  8 18 34 120 33173 2 874607 12586 2.5 29 12 1 4 86%  82 4755 413 30%
c o 27.24  8 18 34 120 33182 2 876000 13523 2.5 29 12 1 4 86%  82 4755 413 30%
c - 27.42  8 18 34 121 33283 2 882640 13548 2.5 29 12 1 4 84%  82 4755 413 30%
c - 27.85  9 18 34 122 33460 2 893641 16896 2.5 28 11 1 4 84%  84 4754 413 30%
c - 28.42  9 17 34 123 33460 1 904687 18741 2.6 29 11 1 4 85%  84 4754 413 30%
c - 28.95 12 16 34 124 33460 1 915777 20073 2.8 30 11 1 3 86%  84 4754 413 30%
c - 29.47 12 15 34 125 33460 1 926912 22401 3.1 31 10 1 3 87%  84 4754 413 30%
c u 29.68 12 15 34 125 33912 1 930868 24293 3.0 31 10 1 3 87%  85 4754 413 30%
c
c seconds   switched      rate          size/glue  tier1   binary      remaining
c        MB   reductions    conflicts         size   tier2   irredundant
c         level     restarts       redundant     glue   trail      variables
c
c v 29.79 13 15 34 125 33912 1 930868 22432 3.0 31 10 1 3 87%  85 4754 413 30%
c w 29.86 13 15 34 125 33912 1 930868 21767 3.0 31 10 1 3 87%  85 4754 413 30%
c - 30.17 12 15 34 126 34273 1 938092 19570 3.0 31 10 1 3 87%  85 4754 413 30%
c } 30.39 11 15 35 126 34572 1 942753 23673 3.1 31 10 1 3 87%  85 4754 413 30%
c [ 30.39 11 16 35 126 34572 1 942753 23673 1.8 23 13 1 6 90%  85 4754 413 30%
c O 30.39 11 16 35 126 34572 1 942753 23673 1.8 23 13 1 6 90%  85 4754 413 30%
c - 30.53 12 16 35 127 34577 1 949317 17956 1.8 23 13 1 6 89%  85 4754 413 30%
c - 30.76 12 16 35 128 34583 1 960588 15825 1.8 23 13 1 6 86%  85 4754 413 30%
c - 30.96  9 16 35 129 34586 1 971902 12553 1.7 23 13 1 6 84%  85 4754 413 30%
c - 31.24  9 16 35 130 34592 1 983261 11877 1.7 23 13 1 6 82%  85 4754 413 30%
c - 31.61 10 16 35 131 34599 1 994663 11648 1.7 23 13 1 6 83%  85 4754 413 30%
c - 32.01 10 16 35 132 34601 1 1006109 11332 1.7 22 13 1 6 84%  85 4754 413 30%
c - 32.45 10 16 35 133 34602 1 1017598 11232 1.7 22 13 1 6 85%  85 4754 413 30%
c B 32.71 10 16 35 133 34604 1 1026791 16558 1.7 22 13 1 6 86%  85 4754 413 30%
c o 32.71 10 16 35 133 34604 1 1026791 16558 1.7 22 13 1 6 86%  85 4754 413 30%
c - 32.79 10 16 35 134 34606 1 1029130 11668 1.7 22 13 1 6 86%  85 4754 413 30%
c u 32.91 10 16 35 134 34608 1 1032501 12843 1.7 22 13 1 6 86%  85 4754 413 30%
c v 32.95 10 16 35 134 34608 1 1032501 11862 1.7 22 13 1 6 86%  85 4754 413 30%
c w 33.01 10 16 35 134 34608 1 1032501 10489 1.7 22 13 1 6 86%  85 4754 413 30%
c - 33.25 10 16 35 135 34612 1 1040705 9924 1.7 22 13 1 6 86%  85 4754 413 30%
c
c seconds   switched      rate           size/glue  tier1   binary      remaining
c        MB   reductions     conflicts         size   tier2   irredundant
c         level     restarts        redundant     glue   trail      variables
c
c ] 33.54 10 16 36 135 34617 1 1050686 15117 1.7 22 13 1 6 87%  85 4754 413 30%
c { 33.54 10 15 36 135 34617 1 1050686 15117 3.1 31 10 1 3 87%  85 4754 413 30%
c s 33.56 10 15 36 135 34752 1 1051291 15601 3.1 31 10 1 3 87%  85 4751 413 30%
c e 33.56  9 15 36 135 34752 1 1051291 15601 3.1 31 10 1 3 87%  83 4766 412 30%
c s 33.56  9 15 36 135 34752 1 1051291 15601 3.1 31 10 1 3 87%  83 4765 412 30%
c - 33.61  9 15 36 136 34985 1 1052324 10822 3.0 31 10 1 3 87%  83 4765 412 30%
c - 34.04  9 16 36 137 37559 2 1063987 13225 2.9 31 11 1 3 87%  83 4765 412 30%
c - 34.47 10 16 36 138 39443 2 1075692 14480 2.8 31 11 1 3 88%  83 4765 412 30%
c - 34.89 11 16 36 139 39721 2 1087440 16375 2.9 32 11 1 3 88%  83 4765 412 30%
c - 35.39 11 17 36 140 41385 2 1099231 17084 2.8 32 11 1 3 88%  83 4765 412 30%
c - 35.87 11 17 36 141 43268 2 1111063 17711 2.7 31 12 1 3 88%  83 4765 412 30%
c - 36.36 11 17 36 142 43717 2 1122937 18866 2.7 31 11 1 3 88%  83 4765 412 30%
c } 36.48 11 17 37 142 43717 2 1126243 21866 2.7 31 11 1 3 88%  83 4765 412 30%
c [ 36.48 11 16 37 142 43717 1 1126243 21866 1.7 22 13 1 6 87%  83 4765 412 30%
c W 36.49  9 16 37 142 43717 1 1126243 21866 1.7 22 13 1 6 87%  83 4765 412 30%
c - 36.83  9 16 37 143 43723 1 1134853 17827 1.7 22 13 1 6 87%  83 4765 412 30%
c u 37.03  9 16 37 143 43725 1 1140000 19666 1.7 22 13 1 6 88%  83 4765 412 30%
c v 37.10 12 16 37 143 43725 1 1140000 17943 1.7 22 13 1 6 88%  83 4765 412 30%
c w 37.21 12 16 37 143 43725 1 1140000 16863 1.7 22 13 1 6 88%  83 4765 412 30%
c - 37.43  9 16 37 144 43730 1 1146811 12641 1.7 22 13 1 6 88%  83 4765 412 30%
c
c seconds   switched      rate           size/glue  tier1   binary      remaining
c        MB   reductions     conflicts         size   tier2   irredundant
c         level     restarts        redundant     glue   trail      variables
c
c - 37.79  9 16 37 145 43731 1 1158812 12015 1.7 22 13 1 6 89%  83 4765 412 30%
c - 38.18 10 16 37 146 43738 1 1170853 11930 1.7 22 13 1 6 89%  83 4765 412 30%
c - 38.52 10 16 37 147 43745 1 1182936 12287 1.7 22 13 1 6 89%  83 4765 412 30%
c - 38.87 10 15 37 148 43747 1 1195062 12051 1.7 22 13 1 6 90%  83 4765 412 30%
c - 39.16 10 15 37 149 43747 1 1207227 12874 1.7 22 13 1 6 90%  83 4765 412 30%
c - 39.47  9 15 37 150 43754 1 1219434 13349 1.8 22 13 1 6 90%  83 4765 412 30%
c I 39.54  8 15 37 150 43756 1 1221957 14974 1.8 22 13 1 6 90%  83 4765 412 30%
c o 39.54  8 15 37 150 43756 1 1221957 14974 1.8 22 13 1 6 90%  83 4765 412 30%
c ] 39.59  9 15 38 150 43758 1 1225657 17820 1.8 22 13 1 6 90%  83 4765 412 30%
c { 39.59  9 17 38 150 43758 2 1225657 17820 2.7 31 11 1 3 88%  83 4765 412 30%
c - 39.70  9 17 38 151 44414 2 1231681 14275 2.7 30 11 1 3 88%  83 4765 412 30%
c - 39.90  9 17 38 152 44950 2 1243971 15132 2.6 29 11 1 3 88%  83 4765 412 30%
c u 40.10 10 18 38 152 45458 2 1253398 22490 2.5 28 11 1 3 88%  83 4765 412 30%
c v 40.14 11 18 38 152 45458 2 1253398 21602 2.5 28 11 1 3 88%  83 4765 412 30%
c w 40.17 11 18 38 152 45458 2 1253398 21084 2.5 28 11 1 3 88%  83 4765 412 30%
c x 40.19 11 18 38 152 45458 2 1253398 21078 2.5 28 11 1 3 88%  83 4747 412 30%
c - 40.25  9 18 38 153 45507 2 1256299 14468 2.5 28 11 1 3 88%  83 4747 412 30%
c - 40.49  9 18 38 154 46967 2 1268668 14919 2.4 27 12 1 3 88%  83 4747 412 30%
c - 40.73 10 17 38 155 47438 2 1281078 15872 2.3 26 11 1 3 88%  83 4747 412 30%
c - 40.98 10 18 38 156 48113 2 1293527 17265 2.3 26 11 1 4 87%  83 4747 412 30%
c
c seconds   switched      rate           size/glue  tier1   binary      remaining
c        MB   reductions     conflicts         size   tier2   irredundant
c         level     restarts        redundant     glue   trail      variables
c
c - 41.25 10 18 38 157 48732 2 1306016 17919 2.2 25 11 1 4 87%  83 4747 412 30%
c } 41.30 10 18 39 157 48883 2 1308990 20589 2.2 25 11 1 4 87%  83 4747 412 30%
c [ 41.30 10 15 39 157 48883 1 1308990 20589 1.8 22 13 1 6 90%  83 4747 412 30%
c - 41.53 11 15 39 158 48889 1 1318545 18140 1.7 22 13 1 6 90%  83 4747 412 30%
c s 41.55 10 15 39 158 48889 1 1319171 18610 1.7 22 13 1 6 90%  83 4743 412 30%
c B 41.67 10 16 39 158 48892 1 1323735 20910 1.7 22 13 1 6 90%  83 4743 412 30%
c - 41.93 10 16 39 159 48896 1 1331115 16772 1.7 22 13 1 6 90%  83 4743 412 30%
c - 42.39  9 16 39 160 48899 1 1343724 14325 1.7 22 13 1 5 91%  83 4743 412 30%
c ] 42.82 10 16 40 160 48905 1 1355137 20277 1.7 22 13 1 5 90%  83 4743 412 30%
c { 42.82 10 18 40 160 48905 2 1355137 20277 2.2 25 11 1 4 87%  83 4743 412 30%
c - 42.87  9 18 40 161 49174 2 1356375 14342 2.2 25 12 1 4 87%  83 4743 412 30%
c - 43.34 10 18 40 162 49880 2 1369064 18112 2.2 25 11 1 4 85%  83 4743 412 30%
c u 43.57  9 18 40 162 49978 2 1372862 20341 2.3 26 11 1 4 86%  83 4743 412 30%
c v 43.67  9 18 40 162 49978 2 1372862 17929 2.3 26 11 1 4 86%  83 4743 412 30%
c w 43.71 11 18 40 162 49978 2 1372862 17227 2.3 26 11 1 4 86%  83 4743 412 30%
c o 43.72 11 18 40 162 49978 2 1372862 17227 2.3 26 11 1 4 86%  83 4743 412 30%
c - 44.03 11 18 40 163 50308 2 1381791 16556 2.3 26 11 1 4 85%  83 4743 412 30%
c - 44.53 11 18 40 164 50952 2 1394558 17604 2.4 27 11 1 4 86%  83 4743 412 30%
c - 45.07 11 17 40 165 50952 1 1407364 17709 2.6 29 11 1 3 87%  83 4743 412 30%
c - 45.67 11 18 40 166 52606 2 1420209 17576 2.6 29 11 1 3 88%  83 4743 412 30%
c
c seconds   switched      rate           size/glue  tier1   binary      remaining
c        MB   reductions     conflicts         size   tier2   irredundant
c         level     restarts        redundant     glue   trail      variables
c
c - 46.19 12 17 40 167 53494 2 1433094 19201 2.6 29 11 1 3 88%  84 4743 412 30%
c - 46.59 12 17 40 168 54312 2 1446017 20417 2.6 29 11 1 3 85%  85 4743 412 30%
c } 46.61 11 17 41 168 54312 2 1446610 20920 2.6 29 11 1 3 86%  85 4743 412 30%
c [ 46.61 11 16 41 168 54312 1 1446610 20920 1.7 22 13 1 5 90%  85 4743 412 30%
c W 46.63 10 16 41 168 54312 1 1446610 20920 1.7 22 13 1 5 90%  85 4743 412 30%
c - 47.14 10 16 41 169 54319 1 1458979 19041 1.7 22 13 1 5 90%  85 4743 412 30%
c - 47.64  8 16 41 170 54326 1 1471979 16331 1.7 23 13 1 5 90%  85 4743 412 30%
c - 48.16  8 16 41 171 54331 1 1485018 14982 1.7 23 13 1 5 90%  85 4743 412 30%
c - 48.63  8 16 41 172 54339 1 1498094 14761 1.7 22 13 1 5 90%  85 4743 412 30%
c u 48.68  8 16 41 172 54339 1 1498375 13580 1.7 22 13 1 5 90%  85 4743 412 30%
c v 48.73  8 16 41 172 54339 1 1498375 12038 1.7 22 13 1 5 90%  85 4743 412 30%
c w 48.75  8 16 41 172 54339 1 1498375 11562 1.7 22 13 1 5 90%  85 4743 412 30%
c t 48.75  8 16 41 172 54339 1 1498375 11562 1.7 22 13 1 5 90%  83 4743 412 30%
c - 49.12  8 16 41 173 54341 1 1511209 12133 1.7 22 13 1 5 90%  83 4743 412 30%
c - 49.43  8 16 41 174 54342 1 1524361 12818 1.7 23 13 1 5 90%  83 4743 412 30%
c - 49.75  8 16 41 175 54349 1 1537551 12927 1.8 23 13 1 5 90%  83 4743 412 30%
c - 50.10  8 15 41 176 54356 1 1550783 13498 1.8 23 13 1 5 91%  83 4743 412 30%
c ] 50.29  8 15 42 176 54357 1 1558022 18075 1.8 23 13 1 5 91%  83 4743 412 30%
c { 50.29  8 17 42 176 54357 2 1558022 18075 2.6 29 11 1 3 86%  83 4743 412 30%
c o 50.34  8 17 42 176 54520 2 1559544 19129 2.6 29 11 1 3 86%  83 4743 412 30%
c
c seconds   switched      rate           size/glue  tier1   binary      remaining
c        MB   reductions     conflicts         size   tier2   irredundant
c         level     restarts        redundant     glue   trail      variables
c
c - 50.51  8 17 42 177 55401 2 1564049 15055 2.5 29 11 1 3 86%  83 4743 412 30%
c - 50.97  9 17 42 178 55772 2 1577354 17493 2.6 29 11 1 3 86%  83 4743 412 30%
c - 51.53 11 17 42 179 57933 2 1590696 18476 2.5 29 12 1 3 86%  83 4743 412 30%
c - 52.04 12 18 42 180 59419 2 1604076 19684 2.5 29 12 1 3 86%  83 4743 412 30%
c - 52.65 11 18 42 181 60270 2 1617492 21052 2.5 29 12 1 3 86%  83 4743 412 30%
c u 53.30 12 18 42 181 60845 2 1629985 30596 2.5 29 12 1 3 86%  83 4743 412 30%
c v 53.41 13 18 42 181 60845 2 1629985 28635 2.5 29 12 1 3 86%  83 4743 412 30%
c w 53.47 14 18 42 181 60845 2 1629985 28365 2.5 29 12 1 3 86%  83 4743 412 30%
c = 53.95 15 18 42 181 60845 2 1629985 28365 2.5 29 12 1 3 86%  83 4743 411 30%
c u 54.02 16 18 42 181 60845 2 1629985 27852 2.5 29 12 1 3 86%  83 4733 411 30%
c v 54.11 16 18 42 181 60845 2 1629985 27185 2.5 29 12 1 3 86%  83 4733 411 30%
c w 54.20 16 18 42 181 60845 2 1629985 26685 2.5 29 12 1 3 86%  83 4733 411 30%
c - 54.24 13 18 42 182 61025 2 1630945 17584 2.5 29 12 1 3 86%  81 4733 411 30%
c - 54.77 13 18 42 183 62488 2 1644437 19217 2.5 29 12 1 3 86%  81 4733 411 30%
c - 55.33 13 19 42 184 63351 2 1657964 20376 2.4 29 12 1 3 85%  81 4733 411 30%
c } 55.33 12 19 43 184 63351 2 1657997 20408 2.4 29 12 1 3 85%  81 4733 411 30%
c [ 55.33 12 15 43 184 63351 1 1657997 20408 1.8 23 13 1 5 91%  81 4733 411 30%
c O 55.33 12 15 43 184 63351 1 1657997 20408 1.8 23 13 1 5 91%  81 4733 411 30%
c - 55.91 13 15 43 185 63359 1 1671530 19105 1.8 23 13 1 5 91%  81 4733 411 30%
c - 56.58 11 15 43 186 63365 1 1685133 16790 1.8 23 13 1 5 91%  81 4733 411 30%
c
c seconds   switched      rate           size/glue  tier1   binary      remaining
c        MB   reductions     conflicts         size   tier2   irredundant
c         level     restarts        redundant     glue   trail      variables
c
c - 57.16 11 15 43 187 63371 1 1698771 15799 1.9 24 13 1 5 91%  81 4733 411 30%
c - 57.76 11 15 43 188 63379 1 1712445 15546 1.9 24 13 1 5 91%  81 4733 411 30%
c - 58.35 11 15 43 189 63381 1 1726157 15250 1.8 23 13 1 5 92%  81 4733 411 30%
c - 58.95 11 15 43 190 63381 1 1739905 15641 1.9 24 12 1 5 92%  81 4733 411 30%
c ] 59.08 11 15 44 190 63384 1 1742879 17205 1.9 24 12 1 5 92%  81 4733 411 30%
c { 59.08 11 19 44 190 63384 2 1742879 17205 2.4 29 12 1 3 85%  81 4733 411 30%
c o 59.09 11 19 44 190 63432 2 1743159 17373 2.4 29 12 1 3 85%  81 4733 411 30%
c - 59.48 13 19 44 191 64650 2 1753690 17970 2.4 29 12 1 3 86%  81 4733 411 30%
c - 60.03 13 19 44 192 65722 2 1767510 19658 2.4 29 12 1 3 86%  81 4733 411 30%
c u 60.10 13 19 44 192 65722 2 1767804 18518 2.4 29 12 1 3 86%  81 4733 411 30%
c v 60.18 13 19 44 192 65722 2 1767804 16943 2.4 29 12 1 3 86%  81 4733 411 30%
c w 60.29 13 19 44 192 65722 2 1767804 16080 2.4 29 12 1 3 86%  81 4733 411 30%
c x 60.30 13 19 44 192 65722 2 1767804 16078 2.4 29 12 1 3 86%  81 4724 411 30%
c - 60.87 13 19 44 193 66148 2 1781367 17910 2.4 28 12 1 3 86%  81 4724 411 30%
c - 61.39 13 18 44 194 66148 2 1795259 19782 2.5 29 12 1 3 87%  81 4724 411 30%
c - 62.00 14 17 44 195 66455 2 1809187 19856 2.5 29 11 1 3 87%  81 4724 411 30%
c - 62.58 13 17 44 196 67797 2 1823153 19945 2.5 28 11 1 3 88%  81 4724 411 30%
c - 63.20 14 18 44 197 70071 2 1837154 21133 2.4 28 12 1 3 87%  81 4724 411 30%
c - 63.79 14 18 44 198 70898 2 1851190 22220 2.4 29 12 1 3 88%  81 4724 411 30%
c } 63.80 13 18 45 198 70898 2 1851710 22729 2.4 29 12 1 3 88%  81 4724 411 30%
c
c seconds   switched      rate           size/glue  tier1   binary      remaining
c        MB   reductions     conflicts         size   tier2   irredundant
c         level     restarts        redundant     glue   trail      variables
c
c [ 63.80 13 15 45 198 70898 1 1851710 22729 1.9 24 12 1 5 92%  81 4724 411 30%
c B 63.80 13 15 45 198 70898 1 1851710 22729 1.9 24 12 1 5 92%  81 4724 411 30%
c - 64.34 14 15 45 199 70906 1 1865261 20138 1.8 23 13 1 5 92%  81 4724 411 30%
c - 64.91 14 15 45 200 70912 1 1879367 17397 1.8 23 13 1 5 92%  81 4724 411 30%
c - 65.45 11 15 45 201 70919 1 1893510 17297 1.8 23 13 1 5 92%  81 4724 411 30%
c - 65.98 13 15 45 202 70926 1 1907688 17761 1.8 23 13 1 5 92%  81 4724 411 30%
c u 66.17 13 15 45 202 70927 1 1911840 19498 1.8 23 13 1 5 92%  81 4724 411 30%
c v 66.25 13 15 45 202 70927 1 1911840 17533 1.8 23 13 1 5 92%  81 4724 411 30%
c w 66.35 13 15 45 202 70927 1 1911840 15592 1.8 23 13 1 5 92%  81 4724 411 30%
c - 66.65 11 16 45 203 70928 1 1921901 14371 1.8 23 13 1 5 91%  81 4724 411 30%
c - 67.13 11 16 45 204 70931 1 1936149 15525 1.8 23 13 1 5 91%  81 4724 411 30%
c - 67.63 11 16 45 205 70939 1 1950431 15988 1.8 23 13 1 5 90%  81 4724 411 30%
c o 67.76 11 16 45 205 70942 1 1954487 19015 1.8 23 13 1 5 90%  81 4724 411 30%
c - 68.10 11 16 45 206 70943 1 1964749 15965 1.8 23 13 1 5 90%  81 4724 411 30%
c e 68.23 10 16 45 206 70945 1 1968299 18308 1.8 23 13 1 5 90%  81 4746 409 30%
c s 68.23 10 16 45 206 70945 1 1968299 18308 1.8 23 13 1 5 90%  81 4740 409 30%
c ] 68.29 11 16 46 206 70946 1 1970159 19277 1.8 23 13 1 5 90%  81 4740 409 30%
c { 68.29 11 18 46 206 70946 2 1970159 19277 2.4 29 12 1 3 88%  81 4740 409 30%
c - 68.72 13 18 46 207 71100 2 1979101 18200 2.5 29 12 1 3 88%  81 4740 409 30%
c - 69.37 14 17 46 208 71135 2 1993488 20747 2.6 30 11 1 3 89%  81 4740 409 30%
c
c seconds   switched      rate           size/glue  tier1   binary      remaining
c        MB   reductions     conflicts         size   tier2   irredundant
c         level     restarts        redundant     glue   trail      variables
c
c - 70.02 14 17 46 209 72557 2 2007910 22218 2.6 30 12 1 3 89%  81 4740 409 30%
c - 70.59 14 17 46 210 73425 2 2022366 22062 2.6 30 12 1 3 89%  81 4740 409 30%
c - 71.10 14 16 46 211 73428 1 2036858 20812 2.6 29 11 1 3 90%  81 4740 409 30%
c - 71.59 13 16 46 212 73431 1 2051384 19810 2.6 29 11 1 3 90%  81 4740 409 30%
c u 72.02 15 15 46 212 73431 1 2062144 27725 2.7 29 11 1 3 90%  81 4740 409 30%
c v 72.15 15 15 46 212 73431 1 2062144 25672 2.7 29 11 1 3 90%  81 4740 409 30%
c w 72.26 16 15 46 212 73431 1 2062144 22009 2.7 29 11 1 3 90%  81 4740 409 30%
c = 72.90 16 15 46 212 73431 1 2062144 22009 2.7 29 11 1 3 90%  83 4728 408 30%
c d 72.90 16 15 46 212 73431 1 2062144 21819 2.7 29 11 1 3 90%  80 4728 408 30%
c u 72.96 16 15 46 212 73431 1 2062144 21634 2.7 29 11 1 3 90%  80 4728 408 30%
c v 73.05 16 15 46 212 73431 1 2062144 20987 2.7 29 11 1 3 90%  80 4728 408 30%
c w 73.20 16 15 46 212 73431 1 2062144 16773 2.7 29 11 1 3 90%  80 4728 408 30%
c - 73.34 11 16 46 213 73919 1 2065946 14721 2.7 29 11 1 3 90%  80 4728 408 30%
c - 73.90 12 16 46 214 75651 2 2080540 18178 2.5 28 11 1 3 89%  80 4728 408 30%
c } 74.17 12 16 47 214 76168 2 2088204 24799 2.5 28 11 1 3 88%  80 4728 408 30%
c [ 74.17 12 16 47 214 76168 1 2088204 24799 1.8 23 13 1 5 90%  80 4728 408 30%
c W 74.18 11 16 47 214 76168 1 2088204 24799 1.8 23 13 1 5 90%  80 4728 408 30%
c - 74.44 11 16 47 215 76173 1 2095169 19207 1.7 23 13 1 5 90%  80 4728 408 30%
c - 74.90 11 16 47 216 76181 1 2109831 18210 1.7 23 13 1 5 90%  80 4728 408 30%
c - 75.40  9 15 47 217 76185 1 2124527 15927 1.7 22 13 1 5 90%  80 4728 408 30%
c
c seconds   switched      rate           size/glue  tier1   binary      remaining
c        MB   reductions     conflicts         size   tier2   irredundant
c         level     restarts        redundant     glue   trail      variables
c
c - 75.81  9 15 47 218 76194 1 2139258 15441 1.7 22 13 1 5 90%  80 4728 408 30%
c - 76.26  9 15 47 219 76198 1 2154025 15300 1.7 22 13 1 5 91%  80 4728 408 30%
c - 76.65  9 15 47 220 76198 1 2168825 15645 1.7 22 13 1 5 90%  80 4728 408 30%
c - 77.07  9 15 47 221 76207 1 2183657 16100 1.7 22 13 1 5 90%  80 4728 408 30%
c - 77.53  9 15 47 222 76213 1 2198527 15845 1.7 22 13 1 5 90%  80 4728 408 30%
c - 78.00  9 15 47 223 76220 1 2213427 15664 1.7 21 13 1 5 90%  80 4728 408 30%
c u 78.20 10 15 47 223 76223 1 2218731 18470 1.7 21 13 1 5 90%  80 4728 408 30%
c v 78.27 10 15 47 223 76223 1 2218731 17369 1.7 21 13 1 5 90%  80 4728 408 30%
c w 78.35 10 15 47 223 76223 1 2218731 15005 1.7 21 13 1 5 90%  80 4728 408 30%
c o 78.40 10 15 47 223 76223 1 2218731 15005 1.7 21 13 1 5 90%  80 4728 408 30%
c I 78.51 10 15 47 223 76226 1 2222445 17202 1.7 21 13 1 5 90%  80 4728 408 30%
c - 78.60 10 15 47 224 76228 1 2228360 14326 1.7 21 13 1 5 90%  80 4728 408 30%
c - 78.90 10 15 47 225 76229 1 2243327 14829 1.7 21 13 1 5 90%  80 4728 408 30%
c ] 78.99 10 15 48 225 76229 1 2247949 18167 1.7 21 13 1 5 89%  80 4728 408 30%
c { 78.99 10 16 48 225 76229 2 2247949 18167 2.5 28 11 1 3 88%  80 4728 408 30%
c - 79.38 11 16 48 226 77463 2 2258328 17054 2.5 28 11 1 3 88%  80 4728 408 30%
c - 79.97 12 16 48 227 79170 2 2273362 19176 2.5 28 12 1 3 89%  80 4728 408 30%
c - 80.53 12 17 48 228 81056 2 2288430 20570 2.4 28 12 1 3 88%  80 4728 408 30%
c - 81.21 12 17 48 229 81436 2 2303529 22561 2.4 28 12 1 3 88%  80 4728 408 30%
c - 81.93 12 18 48 230 84239 2 2318661 23560 2.3 28 12 1 3 87%  80 4728 408 30%
c
c seconds   switched      rate           size/glue  tier1   binary      remaining
c        MB   reductions     conflicts         size   tier2   irredundant
c         level     restarts        redundant     glue   trail      variables
c
c - 82.55 12 18 48 231 85169 2 2333826 24007 2.4 29 12 1 3 88%  80 4728 408 30%
c - 83.24 12 18 48 232 86236 2 2349024 24265 2.4 29 12 1 3 88%  80 4728 408 30%
c - 84.09 13 18 48 233 86328 2 2364255 26115 2.6 30 12 1 3 88%  80 4728 408 30%
c } 84.69 13 17 49 233 86329 2 2375559 36322 2.6 30 12 1 3 88%  80 4728 408 30%
c [ 84.69 13 15 49 233 86329 1 2375559 36322 1.7 21 13 1 5 89%  80 4728 408 30%
c B 84.69 13 15 49 233 86329 1 2375559 36322 1.7 21 13 1 5 89%  80 4728 408 30%
c - 84.83 13 15 49 234 86331 1 2379519 26326 1.7 21 13 1 5 89%  80 4728 408 30%
c u 85.00 13 15 49 234 86333 1 2381650 25846 1.7 21 13 1 5 89%  80 4728 408 30%
c v 85.15 13 15 49 234 86333 1 2381650 23112 1.7 21 13 1 5 89%  80 4728 408 30%
c w 85.28 13 15 49 234 86333 1 2381650 22259 1.7 21 13 1 5 89%  80 4728 408 30%
c - 85.71 13 15 49 235 86341 1 2394818 19334 1.7 22 13 1 5 90%  80 4728 408 30%
c - 86.18 10 15 49 236 86345 1 2410148 17085 1.7 21 13 1 5 90%  80 4728 408 30%
c - 86.66 10 15 49 237 86354 1 2425512 16663 1.7 22 13 1 5 90%  80 4728 408 30%
c - 87.09 10 15 49 238 86358 1 2440906 16732 1.7 21 13 1 5 90%  80 4728 408 30%
c - 87.46 10 15 49 239 86359 1 2456334 17004 1.7 21 12 1 5 89%  80 4728 408 30%
c - 87.94 11 15 49 240 86368 1 2471793 17212 1.7 21 12 1 5 89%  80 4728 408 30%
c - 88.49 10 15 49 241 86374 1 2487284 16827 1.7 21 13 1 5 89%  80 4728 408 30%
c o 88.62 10 15 49 241 86376 1 2491551 19517 1.7 21 12 1 5 89%  80 4728 408 30%
c - 88.94 10 15 49 242 86381 1 2502808 17133 1.7 21 12 1 5 89%  80 4728 408 30%
c - 89.47 10 15 49 243 86389 1 2518364 17038 1.7 21 12 1 5 90%  80 4728 408 30%
c
c seconds   switched      rate           size/glue  tier1   binary      remaining
c        MB   reductions     conflicts         size   tier2   irredundant
c         level     restarts        redundant     glue   trail      variables
c
c W 89.65 10 15 49 243 86390 1 2523749 20364 1.7 21 12 1 5 90%  80 4728 408 30%
c - 89.99 11 15 49 244 86390 1 2533952 17633 1.7 21 12 1 5 89%  80 4728 408 30%
c - 90.51 11 15 49 245 86391 1 2549573 17904 1.7 21 12 1 5 90%  80 4728 408 30%
c u 90.64 11 15 49 245 86391 1 2550933 17720 1.7 21 12 1 5 90%  80 4728 408 30%
c v 90.71 11 15 49 245 86391 1 2550933 16464 1.7 21 12 1 5 90%  80 4728 408 30%
c w 90.75 11 15 49 245 86391 1 2550933 15567 1.7 21 12 1 5 90%  80 4728 408 30%
c x 90.77 11 15 49 245 86391 1 2550933 15567 1.7 21 12 1 5 90%  80 4725 408 30%
c ] 90.91 11 15 50 245 86391 1 2555413 18469 1.7 21 12 1 5 90%  80 4725 408 30%
c { 90.91 11 17 50 245 86391 2 2555413 18469 2.6 30 12 1 3 88%  80 4725 408 30%
c - 91.24 10 17 50 246 86391 2 2565225 15759 2.5 29 11 1 3 89%  80 4725 408 30%
c - 91.90 11 17 50 247 86797 1 2580909 19069 2.5 28 11 1 3 88%  80 4725 408 30%
c - 92.62 12 16 50 248 87292 1 2596625 22457 2.5 28 11 1 3 86%  80 4725 408 30%
c - 93.42 12 16 50 249 89059 1 2612373 23184 2.5 28 11 1 3 86%  80 4725 408 30%
c - 94.21 12 16 50 250 89833 1 2628152 23958 2.5 27 11 1 3 86%  81 4725 408 30%
c - 95.05 12 16 50 251 91426 1 2643964 24578 2.5 28 11 1 3 86%  81 4725 408 30%
c - 95.82 12 16 50 252 91458 1 2659806 25085 2.6 28 11 1 3 87%  81 4725 408 30%
c - 96.68 13 16 50 253 92772 1 2675680 25465 2.7 29 11 1 3 88%  82 4725 408 30%
c - 97.57 13 16 50 254 94663 1 2691586 26395 2.6 28 11 1 3 88%  83 4725 408 30%
c } 97.64 13 16 51 254 94782 1 2692938 27491 2.6 28 11 1 3 87%  83 4725 408 30%
c [ 97.64 13 15 51 254 94782 1 2692938 27491 1.7 21 12 1 5 90%  83 4725 408 30%
c
c seconds   switched      rate           size/glue  tier1   binary      remaining
c        MB   reductions     conflicts         size   tier2   irredundant
c         level     restarts        redundant     glue   trail      variables
c
c O 97.64 13 15 51 254 94782 1 2692938 27491 1.7 21 12 1 5 90%  83 4725 408 30%
c - 98.26 13 15 51 255 94791 1 2707523 25484 1.8 22 12 1 5 90%  83 4725 408 30%
c - 98.86 13 15 51 256 94796 1 2723491 23256 1.8 23 12 1 5 90%  83 4725 408 30%
c u 99.06 13 15 51 256 94797 1 2726665 23698 1.8 23 12 1 5 90%  85 4725 408 30%
c v 99.36 13 15 51 256 94797 1 2726665 21158 1.8 23 12 1 5 90%  85 4725 408 30%
c w 99.53 13 15 51 256 94797 1 2726665 19667 1.8 23 12 1 5 90%  85 4725 408 30%
c o 100.95 22 15 51 256 94797 1 2726665 19667 1.8 23 12 1 5 90%  85 4725 408 30%
c - 101.56 20 15 51 257 94805 1 2739491 17337 1.8 22 13 1 5 90%  85 4725 408 30%
c - 102.20 21 15 51 258 94811 1 2755523 17896 1.8 23 13 1 5 90%  85 4725 408 30%
c - 102.71 21 15 51 259 94812 1 2771586 17600 1.8 23 13 1 5 91%  85 4725 408 30%
c s 102.91 21 15 51 259 94815 1 2778235 22339 1.9 23 13 1 5 91%  85 4722 408 30%
c e 102.91 21 15 51 259 94815 1 2778235 22339 1.9 23 13 1 5 91%  79 4744 407 30%
c s 102.91 21 15 51 259 94815 1 2778235 22339 1.9 23 13 1 5 91%  79 4737 407 30%
c - 103.21 21 15 51 260 94820 1 2787680 17631 1.9 23 12 1 5 91%  79 4737 407 30%
c - 103.73 21 15 51 261 94827 1 2803804 18003 1.9 23 12 1 5 91%  79 4737 407 30%
c - 104.24 21 15 51 262 94834 1 2819961 18534 1.9 23 12 1 5 91%  79 4737 407 30%
c - 104.74 21 15 51 263 94842 1 2836147 18673 1.9 23 12 1 5 91%  79 4737 407 30%
c - 105.25 21 15 51 264 94843 1 2852365 18352 1.9 23 12 1 5 91%  79 4737 407 30%
c B 105.34 21 15 51 264 94843 1 2855603 20386 1.9 23 12 1 5 91%  79 4737 407 30%
c - 105.85 21 15 51 265 94844 1 2868613 18906 1.9 23 12 1 5 91%  79 4737 407 30%
c
c seconds    switched      rate           size/glue  tier1   binary      remaining
c         MB   reductions     conflicts         size   tier2   irredundant
c          level     restarts        redundant     glue   trail      variables
c
c - 106.52 22 15 51 266 94844 1 2884891 18916 1.9 23 12 1 5 91%  79 4737 407 30%
c - 107.14 22 15 51 267 94851 1 2901200 19129 2.0 24 12 1 5 91%  79 4737 407 30%
c u 107.46 22 15 51 267 94857 1 2908830 23381 2.0 24 12 1 5 91%  79 4737 407 30%
c v 107.57 22 15 51 267 94857 1 2908830 21959 2.0 24 12 1 5 91%  79 4737 407 30%
c w 107.74 22 15 51 267 94857 1 2908830 19391 2.0 24 12 1 5 91%  79 4737 407 30%
c ] 107.84 22 15 52 267 94858 1 2912033 21495 2.0 24 12 1 5 91%  79 4737 407 30%
c { 107.84 22 16 52 267 94858 1 2912033 21495 2.6 28 11 1 3 87%  79 4737 407 30%
c - 108.09 22 16 52 268 96074 1 2917541 17804 2.6 28 11 1 3 88%  79 4737 407 30%
c - 108.87 22 17 52 269 98400 2 2933912 20998 2.4 28 11 1 3 87%  79 4737 407 30%
c - 109.58 22 16 52 270 99230 1 2950313 23848 2.5 28 11 1 3 87%  79 4737 407 30%
c o 110.25 22 16 52 270 99233 1 2965550 38437 2.6 28 11 1 3 88%  79 4737 407 30%
c - 110.34 22 16 52 271 99504 1 2966744 25525 2.6 28 11 1 3 88%  79 4737 407 30%
c - 111.16 22 17 52 272 101972 2 2983206 25810 2.5 28 11 1 3 88%  79 4737 407 30%
c - 112.05 22 17 52 273 102916 2 2999698 26626 2.5 29 11 1 3 88%  79 4737 407 30%
c - 113.07 23 17 52 274 103825 2 3016220 27555 2.5 29 11 1 3 88%  79 4737 407 30%
c - 114.02 23 18 52 275 105681 2 3032773 27526 2.5 29 12 1 3 88%  79 4737 407 30%
c - 114.96 21 18 52 276 106935 2 3049356 28090 2.5 30 12 1 3 88%  79 4737 407 30%
c } 115.42 22 18 53 276 107734 2 3059823 37259 2.4 29 12 1 3 87%  79 4737 407 30%
c [ 115.42 22 15 53 276 107734 1 3059823 37259 2.0 24 12 1 5 91%  79 4737 407 30%
c W 115.45 22 15 53 276 107734 1 3059823 37259 2.0 24 12 1 5 91%  79 4737 407 30%
c
c seconds    switched       rate           size/glue  tier1   binary      remaining
c         MB   reductions      conflicts         size   tier2   irredundant
c          level      restarts        redundant     glue   trail      variables
c
c - 115.66 22 15 53 277 107738 1 3065971 27823 2.0 24 12 1 5 91%  79 4737 407 30%
c - 116.23 22 15 53 278 107747 1 3082614 25446 2.0 24 12 1 5 91%  79 4737 407 30%
c u 116.97 22 15 53 278 107752 1 3097486 33247 2.0 24 12 1 5 91%  79 4737 407 30%
c v 117.20 22 15 53 278 107752 1 3097486 30356 2.0 24 12 1 5 91%  79 4737 407 30%
c w 117.32 22 15 53 278 107752 1 3097486 26179 2.0 24 12 1 5 91%  79 4737 407 30%
c - 117.38 22 15 53 279 107754 1 3099287 17858 2.0 24 12 1 5 91%  79 4737 407 30%
c - 117.89 22 15 53 280 107762 1 3115990 18485 2.0 24 12 1 5 91%  79 4737 407 30%
c - 118.36 22 15 53 281 107764 1 3132725 18619 1.9 24 12 1 5 91%  79 4737 407 30%
c - 118.84 22 15 53 282 107770 1 3149491 18518 1.9 23 12 1 5 91%  79 4737 407 30%
c - 119.40 22 15 53 283 107778 1 3166283 18496 1.9 23 12 1 5 91%  79 4737 407 30%
c - 119.94 22 15 53 284 107786 1 3183105 18689 1.9 23 12 1 5 90%  79 4737 407 30%
c - 120.48 22 15 53 285 107794 1 3199958 18678 1.8 22 12 1 5 90%  79 4737 407 30%
c - 120.98 22 15 53 286 107795 1 3216839 19183 1.8 22 12 1 5 89%  79 4737 407 30%
c - 121.49 22 15 53 287 107796 1 3233750 19063 1.8 22 12 1 5 90%  79 4737 407 30%
c I 121.60 22 14 53 287 107796 1 3237475 21408 1.8 22 12 1 5 90%  79 4737 407 30%
c o 121.61 22 14 53 287 107796 1 3237475 21408 1.8 22 12 1 5 90%  79 4737 407 30%
c - 121.88 22 15 53 288 107796 1 3250691 19176 1.8 22 12 1 5 90%  79 4737 407 30%
c - 122.30 22 15 53 289 107803 1 3267662 19633 1.8 22 12 1 5 89%  79 4737 407 30%
c - 122.74 22 15 53 290 107811 1 3284664 19710 1.8 22 12 1 5 88%  79 4737 407 30%
c u 123.02 22 15 53 290 107814 1 3292671 24950 1.8 22 13 1 5 88%  79 4737 407 30%
c
c seconds    switched       rate           size/glue  tier1   binary      remaining
c         MB   reductions      conflicts         size   tier2   irredundant
c          level      restarts        redundant     glue   trail      variables
c
c v 123.11 22 15 53 290 107814 1 3292671 23481 1.8 22 13 1 5 88%  79 4737 407 30%
c w 123.26 22 15 53 290 107814 1 3292671 21271 1.8 22 13 1 5 88%  79 4737 407 30%
c ] 123.30 22 15 54 290 107816 1 3294781 22832 1.8 22 13 1 5 88%  79 4737 407 30%
c { 123.30 22 18 54 290 107816 2 3294781 22832 2.4 29 12 1 3 87%  79 4737 407 30%
c - 123.45 22 18 54 291 108230 2 3301694 17652 2.4 29 12 1 3 87%  79 4737 407 30%
c - 123.81 22 18 54 292 108905 2 3318752 19039 2.3 27 12 1 3 86%  79 4737 407 30%
c - 124.19 22 18 54 293 109703 2 3335840 20305 2.2 26 12 1 3 84%  79 4737 407 30%
c - 124.58 22 17 54 294 110124 2 3352957 20790 2.1 25 12 1 3 82%  79 4737 407 30%
c - 124.98 22 17 54 295 110948 2 3370103 21344 2.0 24 12 1 3 82%  79 4737 407 30%
c - 125.36 22 17 54 296 111094 1 3387279 21806 2.0 24 12 1 3 82%  79 4737 407 30%
c - 125.75 22 16 54 297 111632 1 3404483 21392 1.9 23 12 1 3 83%  79 4737 407 30%
c - 126.13 22 16 54 298 112383 1 3421716 21237 1.9 22 12 1 3 83%  79 4737 407 30%
c - 126.49 22 16 54 299 113121 1 3438978 21768 1.8 22 12 1 3 83%  79 4737 407 30%
c } 126.82 22 16 55 299 114132 1 3453176 32844 1.8 22 12 1 3 83%  79 4737 407 30%
c [ 126.82 22 15 55 299 114132 1 3453176 32844 1.8 22 13 1 5 88%  79 4737 407 30%
c B 126.82 22 15 55 299 114132 1 3453176 32844 1.8 22 13 1 5 88%  79 4737 407 30%
c - 126.94 22 16 55 300 114134 1 3456270 22642 1.8 22 13 1 5 88%  79 4737 407 30%
c - 127.73 22 16 55 301 114144 1 3473590 22692 1.8 22 13 1 5 88%  79 4737 407 30%
c - 128.50 22 15 55 302 114150 1 3490939 21735 1.7 22 13 1 5 88%  79 4737 407 30%
c u 128.77 22 15 55 302 114153 1 3494446 22765 1.7 22 13 1 5 88%  79 4737 407 30%
c
c seconds    switched       rate           size/glue  tier1   binary      remaining
c         MB   reductions      conflicts         size   tier2   irredundant
c          level      restarts        redundant     glue   trail      variables
c
c v 128.88 22 15 55 302 114153 1 3494446 20605 1.7 22 13 1 5 88%  79 4737 407 30%
c w 128.98 22 15 55 302 114153 1 3494446 19183 1.7 22 13 1 5 88%  79 4737 407 30%
c o 129.67 23 15 55 302 114153 1 3494446 19183 1.7 22 13 1 5 88%  79 4737 407 30%
c - 130.26 23 15 55 303 114160 1 3508318 18401 1.7 22 13 1 5 88%  79 4737 407 30%
c - 130.91 23 15 55 304 114162 1 3525724 18818 1.8 22 13 1 5 89%  79 4737 407 30%
c ] 131.20 23 15 56 304 114162 1 3534808 25062 1.8 22 12 1 5 89%  79 4737 407 30%
c { 131.20 23 16 56 304 114162 1 3534808 25062 1.8 22 12 1 3 83%  79 4737 407 30%
c - 131.59 23 16 56 305 114405 1 3543159 21043 1.8 21 12 1 3 83%  79 4737 407 30%
c - 132.31 23 16 56 306 114487 1 3560624 24036 2.0 23 11 1 3 84%  79 4737 407 30%
c - 133.06 23 16 56 307 116543 1 3578116 25661 2.0 24 12 1 3 85%  79 4737 407 30%
c - 133.70 21 16 56 308 117134 1 3595638 25790 2.1 25 12 1 3 85%  79 4737 407 30%
c - 134.38 23 16 56 309 117834 1 3613189 25733 2.2 26 12 1 3 86%  79 4737 407 30%
c - 135.17 21 16 56 310 118833 1 3630768 26640 2.3 27 12 1 3 87%  79 4737 407 30%
c - 135.91 21 17 56 311 120352 2 3648374 27856 2.3 28 12 1 3 87%  79 4737 407 30%
c - 136.65 21 17 56 312 121368 2 3666009 29084 2.4 29 12 1 3 88%  79 4737 407 30%
c - 137.52 21 17 56 313 122066 2 3683672 30141 2.5 29 12 1 3 88%  79 4737 407 30%
c - 138.37 21 17 56 314 124158 2 3701364 30081 2.4 28 12 1 3 88%  79 4737 407 30%
c u 138.56 21 17 56 314 124353 2 3702816 29631 2.3 28 12 1 3 88%  79 4737 407 30%
c v 138.73 21 17 56 314 124353 2 3702816 26828 2.3 28 12 1 3 88%  79 4737 407 30%
c w 138.93 21 17 56 314 124353 2 3702816 26115 2.3 28 12 1 3 88%  79 4737 407 30%
c
c seconds    switched       rate           size/glue  tier1   binary      remaining
c         MB   reductions      conflicts         size   tier2   irredundant
c          level      restarts        redundant     glue   trail      variables
c
c } 138.98 21 17 57 314 124583 2 3704151 27107 2.3 28 12 1 3 88%  79 4737 407 30%
c [ 138.98 21 15 57 314 124583 1 3704151 27107 1.8 22 12 1 5 89%  79 4737 407 30%
c W 139.02 21 15 57 314 124583 1 3704151 27107 1.8 22 12 1 5 89%  79 4737 407 30%
c - 139.51 23 15 57 315 124592 1 3719084 24486 1.8 22 12 1 5 89%  79 4737 407 30%
c - 140.10 23 15 57 316 124597 1 3736833 22602 1.7 22 12 1 5 89%  79 4737 407 30%
c - 140.63 23 15 57 317 124609 1 3754609 21962 1.8 22 12 1 5 89%  79 4737 407 30%
c o 140.77 23 15 57 317 124611 1 3759558 25582 1.8 22 12 1 5 89%  79 4737 407 30%
c - 141.22 23 15 57 318 124613 1 3772414 21472 1.8 21 12 1 5 89%  79 4737 407 30%
c - 141.84 23 15 57 319 124616 1 3790247 21111 1.8 21 12 1 5 89%  79 4737 407 30%
c - 142.44 23 15 57 320 124627 1 3808107 20918 1.7 21 12 1 5 89%  79 4737 407 30%
c - 142.99 23 15 57 321 124634 1 3825997 21457 1.8 21 12 1 5 88%  79 4737 407 30%
c - 143.57 23 15 57 322 124643 1 3843913 20954 1.8 21 12 1 5 88%  79 4737 407 30%
c - 144.15 23 15 57 323 124644 1 3861857 21026 1.8 21 12 1 5 88%  79 4737 407 30%
c - 144.77 23 14 57 324 124645 1 3879829 21057 1.8 21 12 1 5 89%  79 4737 407 30%
c - 145.38 23 14 57 325 124645 1 3897830 21346 1.8 21 12 1 5 89%  79 4737 407 30%
c O 145.59 23 14 57 325 124649 1 3905219 26529 1.8 21 12 1 5 89%  79 4737 407 30%
c ] 145.98 23 14 58 325 124655 1 3915527 32709 1.8 21 12 1 5 89%  79 4737 407 30%
c { 145.98 23 17 58 325 124655 2 3915527 32709 2.3 28 12 1 3 88%  79 4737 407 30%
c - 146.00 23 17 58 326 124711 2 3915857 22049 2.3 28 12 1 3 88%  79 4737 407 30%
c u 146.16 23 17 58 326 124897 2 3917842 22745 2.3 28 12 1 3 88%  79 4737 407 30%
c
c seconds    switched       rate           size/glue  tier1   binary      remaining
c         MB   reductions      conflicts         size   tier2   irredundant
c          level      restarts        redundant     glue   trail      variables
c
c v 146.25 23 17 58 326 124897 2 3917842 21270 2.3 28 12 1 3 88%  79 4737 407 30%
c w 146.36 23 17 58 326 124897 2 3917842 20161 2.3 28 12 1 3 88%  79 4737 407 30%
c x 146.37 23 17 58 326 124897 2 3917842 20153 2.3 28 12 1 3 88%  81 4713 407 30%
c - 146.98 21 17 58 327 125248 2 3933912 22335 2.5 30 12 1 3 89%  81 4713 407 30%
c - 147.83 23 17 58 328 126136 2 3951996 25208 2.5 29 12 1 3 88%  81 4713 407 30%
c - 148.74 23 18 58 329 127909 2 3970106 26864 2.4 29 12 1 3 87%  81 4713 407 30%
c - 149.56 21 17 58 330 128183 2 3988245 28084 2.5 30 12 1 3 88%  81 4713 407 30%
c - 150.35 21 17 58 331 128484 2 4006410 28232 2.6 30 12 1 3 88%  81 4713 407 30%
c o 151.09 23 17 58 331 129470 2 4019565 39210 2.6 30 12 1 3 88%  81 4713 407 30%
c - 151.33 21 17 58 332 129728 2 4024605 29938 2.6 30 12 1 3 89%  81 4713 407 30%
c - 152.33 21 17 58 333 129752 1 4042826 30612 2.7 31 11 1 3 90%  81 4713 407 30%
c - 153.23 21 17 58 334 131512 2 4061074 30167 2.6 31 12 1 3 90%  81 4713 407 30%
c - 154.05 21 17 58 335 132432 2 4079350 30543 2.7 31 12 1 3 89%  81 4713 407 30%
c } 154.75 23 17 59 335 133704 2 4096157 44808 2.6 30 12 1 3 88%  81 4713 407 30%
c [ 154.75 23 14 59 335 133704 1 4096157 44808 1.8 21 12 1 5 89%  81 4713 407 30%
c - 154.83 21 15 59 336 133705 1 4097654 30881 1.8 21 12 1 5 89%  81 4713 407 30%
c B 155.43 23 15 59 336 133715 1 4114336 42360 1.8 22 12 1 5 89%  81 4713 407 30%
c - 155.50 23 15 59 337 133716 1 4115984 28803 1.8 22 12 1 4 89%  81 4713 407 30%
c - 156.11 23 15 59 338 133723 1 4134341 24971 1.8 22 12 1 4 89%  81 4713 407 30%
c u 156.42 23 15 59 338 133725 1 4139718 26717 1.8 22 12 1 4 89%  81 4713 407 30%
c
c seconds    switched       rate           size/glue  tier1   binary      remaining
c         MB   reductions      conflicts         size   tier2   irredundant
c          level      restarts        redundant     glue   trail      variables
c
c v 156.54 23 15 59 338 133725 1 4139718 23988 1.8 22 12 1 4 89%  81 4713 407 30%
c w 156.66 23 15 59 338 133725 1 4139718 22186 1.8 22 12 1 4 89%  81 4713 407 30%
c - 157.04 23 15 59 339 133732 1 4152725 20117 1.8 22 12 1 4 89%  81 4713 407 30%
c - 157.58 23 15 59 340 133734 1 4171138 20307 1.8 22 12 1 4 89%  81 4713 407 30%
c - 158.14 23 15 59 341 133741 1 4189577 20025 1.8 22 12 1 4 89%  81 4713 407 30%
c - 158.71 23 15 59 342 133749 1 4208044 20175 1.8 22 12 1 4 90%  81 4713 407 30%
c - 159.29 23 15 59 343 133759 1 4226537 20734 1.8 22 12 1 4 90%  81 4713 407 30%
c - 159.92 23 15 59 344 133765 1 4245057 20209 1.8 21 12 1 4 90%  81 4713 407 30%
c - 160.50 23 14 59 345 133766 1 4263604 20263 1.7 21 12 1 4 89%  81 4713 407 30%
c - 161.19 23 14 59 346 133766 1 4282178 20654 1.7 21 12 1 4 89%  81 4713 407 30%
c - 161.91 23 14 59 347 133772 1 4300780 20995 1.8 21 12 1 4 90%  81 4713 407 30%
c o 162.52 23 14 59 347 133781 1 4317719 29991 1.7 20 12 1 4 90%  81 4713 407 30%
c - 162.57 23 14 59 348 133781 1 4319409 20908 1.7 20 12 1 4 90%  81 4713 407 30%
c W 163.02 23 14 59 348 133786 1 4331619 28990 1.8 21 12 1 4 90%  81 4713 407 30%
c ] 163.06 23 14 60 348 133787 1 4332593 29702 1.8 21 12 1 4 90%  81 4713 407 30%
c { 163.06 23 17 60 348 133787 2 4332593 29702 2.6 30 12 1 3 88%  81 4713 407 30%
c - 163.30 23 17 60 349 134312 2 4338063 23240 2.6 30 12 1 3 88%  81 4713 407 30%
c - 164.25 23 18 60 350 136153 2 4356744 25715 2.5 30 12 1 3 88%  81 4713 407 30%
c u 164.88 23 18 60 350 136553 2 4368323 35230 2.5 31 12 1 3 88%  81 4713 407 30%
c v 165.01 23 18 60 350 136553 2 4368323 33531 2.5 31 12 1 3 88%  81 4713 407 30%
c
c seconds    switched       rate           size/glue  tier1   binary      remaining
c         MB   reductions      conflicts         size   tier2   irredundant
c          level      restarts        redundant     glue   trail      variables
c
c w 165.26 23 18 60 350 136553 2 4368323 32831 2.5 31 12 1 3 88%  81 4713 407 30%
c - 165.63 21 18 60 351 137193 2 4375453 24399 2.5 30 12 1 3 88%  81 4713 407 30%
c - 166.41 23 18 60 352 138668 2 4394188 24787 2.4 30 12 1 3 88%  82 4713 407 30%
c - 167.14 23 17 60 353 139270 2 4412952 25552 2.5 30 12 1 3 89%  82 4713 407 30%
c - 167.87 23 17 60 354 139847 2 4431740 26086 2.5 30 12 1 3 89%  82 4713 407 30%
c - 168.87 21 17 60 355 141124 2 4450555 27985 2.5 30 12 1 3 88%  82 4713 407 30%
c - 169.84 21 17 60 356 141132 1 4469398 29234 2.7 31 11 1 3 89%  82 4713 407 30%
c - 170.80 21 17 60 357 142225 1 4488265 29651 2.7 31 11 1 3 89%  82 4713 407 30%
c - 171.82 21 18 60 358 143491 2 4507161 30512 2.7 31 12 1 3 88%  82 4713 407 30%
c } 172.74 23 16 61 358 143491 1 4524845 46160 2.7 31 11 1 3 89%  82 4713 407 30%
c [ 172.74 23 14 61 358 143491 1 4524845 46160 1.8 21 12 1 4 90%  82 4713 407 30%
c - 172.81 21 14 61 359 143492 1 4526082 30443 1.8 21 12 1 4 90%  82 4713 407 30%
c - 173.83 21 14 61 360 143503 1 4545029 27816 1.9 22 11 1 4 91%  82 4713 407 30%
c I 174.48 22 14 61 360 143505 1 4557185 33856 1.9 21 11 1 4 90%  82 4713 407 30%
c - 174.61 23 14 61 361 143511 1 4564003 26429 1.9 21 12 1 4 90%  82 4713 407 30%
c - 175.10 23 14 61 362 143520 1 4583003 25860 1.8 22 12 1 4 89%  82 4713 407 30%
c - 175.64 23 15 61 363 143521 1 4602030 23909 1.8 22 12 1 4 89%  82 4713 407 30%
c u 175.79 23 15 61 363 143521 1 4603689 23455 1.8 22 12 1 4 89%  85 4713 407 30%
c v 175.90 23 15 61 363 143521 1 4603689 21261 1.8 22 12 1 4 89%  85 4713 407 30%
c w 175.94 23 15 61 363 143521 1 4603689 20721 1.8 22 12 1 4 89%  85 4713 407 30%
c
c seconds    switched       rate           size/glue  tier1   binary      remaining
c         MB   reductions      conflicts         size   tier2   irredundant
c          level      restarts        redundant     glue   trail      variables
c
c t 177.19 27 15 61 363 143521 1 4603689 20721 1.8 22 12 1 4 89%  84 4713 407 30%
c o 177.19 27 15 61 363 143521 1 4603689 20721 1.8 22 12 1 4 89%  84 4713 407 30%
c - 177.61 27 15 61 364 143530 1 4621082 20409 1.8 22 12 1 4 89%  84 4713 407 30%
c - 178.04 27 15 61 365 143537 1 4640163 20441 1.8 22 12 1 4 88%  84 4713 407 30%
c - 178.52 27 15 61 366 143549 1 4659270 20402 1.8 22 12 1 4 89%  84 4713 407 30%
c - 179.04 27 15 61 367 143552 1 4678401 20198 1.7 21 12 1 4 89%  84 4713 407 30%
c - 179.53 27 15 61 368 143553 1 4697558 20441 1.7 21 12 1 4 89%  84 4713 407 30%
c - 180.07 27 15 61 369 143553 1 4716741 20497 1.7 21 12 1 4 89%  84 4713 407 30%
c - 180.54 27 14 61 370 143562 1 4735950 20686 1.7 21 12 1 4 90%  84 4713 407 30%
c - 181.07 27 15 61 371 143569 1 4755186 21077 1.7 21 12 1 4 90%  84 4713 407 30%
c - 181.61 27 15 61 372 143581 1 4774447 21052 1.7 20 12 1 4 89%  84 4713 407 30%
c B 182.05 27 15 61 372 143584 1 4791151 32359 1.7 20 12 1 4 89%  84 4713 407 30%
c - 182.15 27 15 61 373 143584 1 4793734 21686 1.7 20 12 1 4 89%  84 4713 407 30%
c - 182.75 27 14 61 374 143591 1 4813047 21973 1.7 20 12 1 4 89%  84 4713 407 30%
c - 183.32 27 14 61 375 143599 1 4832387 22160 1.7 21 12 1 4 89%  84 4713 407 30%
c ] 183.64 27 15 62 375 143605 1 4843636 30322 1.7 21 12 1 4 89%  84 4713 407 30%
c { 183.65 27 16 62 375 143605 1 4843636 30322 2.7 31 11 1 3 89%  84 4713 407 30%
c u 183.83 27 17 62 375 143736 1 4845825 31639 2.7 30 11 1 3 89%  84 4713 407 30%
c v 183.93 27 17 62 375 143736 1 4845825 30461 2.7 30 11 1 3 89%  84 4713 407 30%
c w 183.99 27 17 62 375 143736 1 4845825 26848 2.7 30 11 1 3 89%  84 4713 407 30%
c
c seconds    switched       rate           size/glue  tier1   binary      remaining
c         MB   reductions      conflicts         size   tier2   irredundant
c          level      restarts        redundant     glue   trail      variables
c
c x 184.01 27 17 62 375 143736 1 4845825 26846 2.7 30 11 1 3 89%  85 4694 407 30%
c t 184.01 27 17 62 375 143736 1 4845825 26846 2.7 30 11 1 3 89%  83 4694 407 30%
c - 184.28 27 17 62 376 144689 1 4851751 21949 2.7 30 11 1 3 89%  83 4694 407 30%
c - 185.03 27 17 62 377 145890 2 4871141 24542 2.6 30 12 1 3 89%  83 4694 407 30%
c - 186.00 25 17 62 378 146881 2 4890557 27008 2.6 30 12 1 3 88%  83 4694 407 30%
c o 186.15 25 17 62 378 147310 2 4894071 29541 2.5 29 12 1 3 88%  83 4694 407 30%
c - 186.96 25 17 62 379 148112 2 4910000 28768 2.5 29 12 1 3 88%  83 4694 407 30%
c s 187.27 26 17 62 379 148275 1 4922919 38383 2.5 28 11 1 3 83%  83 4691 407 30%
c e 187.27 26 17 62 379 148275 1 4922919 38383 2.5 28 11 1 3 83%  79 4721 405 30%
c s 187.27 26 17 62 379 148275 1 4922919 38383 2.5 28 11 1 3 83%  79 4710 405 30%
c - 187.64 27 17 62 380 148277 1 4929467 29193 2.5 29 11 1 3 84%  79 4710 405 30%
c - 188.67 25 17 62 381 149944 2 4948960 29992 2.5 29 11 1 3 85%  79 4710 405 30%
c - 189.76 25 17 62 382 151213 2 4968479 30716 2.6 30 11 1 3 86%  79 4710 405 30%
c - 190.84 25 17 62 383 151848 1 4988023 31954 2.6 29 11 1 3 86%  79 4710 405 30%
c - 191.99 25 17 62 384 153596 2 5007594 32734 2.5 29 11 1 3 86%  79 4710 405 30%
c - 193.11 28 17 62 385 155063 2 5027189 33710 2.5 29 12 1 3 86%  79 4710 405 30%
c - 194.36 28 17 62 386 155660 2 5046811 33981 2.6 30 11 1 3 87%  79 4710 405 30%
c } 194.42 28 17 63 386 155660 2 5047845 35001 2.6 30 11 1 3 87%  79 4710 405 30%
c [ 194.42 28 15 63 386 155660 1 5047845 35001 1.7 21 12 1 4 89%  79 4710 405 30%
c W 194.45 10 15 63 386 155660 1 5047845 35001 1.7 21 12 1 4 89%  79 4710 405 30%
c
c seconds    switched       rate           size/glue  tier1   binary      remaining
c         MB   reductions      conflicts         size   tier2   irredundant
c          level      restarts        redundant     glue   trail      variables
c
c - 195.22 10 14 63 387 155672 1 5066458 31881 1.7 21 12 1 4 89%  79 4710 405 30%
c - 195.90 12 15 63 388 155679 1 5086131 28322 1.7 21 12 1 4 89%  79 4710 405 30%
c u 196.39 13 15 63 388 155683 1 5094950 31565 1.7 21 12 1 4 89%  79 4710 405 30%
c v 196.58 13 15 63 388 155683 1 5094950 28319 1.7 21 12 1 4 89%  79 4710 405 30%
c w 196.79 13 15 63 388 155683 1 5094950 25455 1.7 21 12 1 4 89%  79 4710 405 30%
c - 197.17 13 14 63 389 155689 1 5105828 21466 1.8 21 12 1 4 89%  79 4710 405 30%
c - 197.84 13 14 63 390 155690 1 5125553 21890 1.8 21 12 1 4 89%  79 4710 405 30%
c - 198.51 13 14 63 391 155700 1 5145301 22507 1.8 20 12 1 4 88%  79 4710 405 30%
c - 199.22 13 14 63 392 155708 1 5165075 22324 1.8 20 11 1 4 89%  79 4710 405 30%
c - 199.87 13 14 63 393 155719 1 5184874 22943 1.8 20 11 1 4 89%  79 4710 405 30%
c - 200.57 13 14 63 394 155721 1 5204698 23140 1.8 20 11 1 4 89%  79 4710 405 30%
c - 201.30 13 14 63 395 155722 1 5224547 22748 1.8 20 11 1 4 89%  79 4710 405 30%
c - 202.02 13 14 63 396 155722 1 5244422 22831 1.8 20 11 1 4 89%  79 4710 405 30%
c - 202.81 13 14 63 397 155735 1 5264321 22870 1.8 20 11 1 4 90%  79 4710 405 30%
c - 203.53 13 14 63 398 155743 1 5284245 22582 1.8 20 11 1 4 90%  79 4710 405 30%
c O 204.02 13 13 63 398 155751 1 5298956 31035 1.8 20 11 1 4 90%  79 4710 405 30%
c o 204.02 13 13 63 398 155751 1 5298956 31035 1.8 20 11 1 4 90%  79 4710 405 30%
c - 204.19 13 14 63 399 155752 1 5304194 23086 1.8 20 11 1 4 90%  79 4710 405 30%
c - 204.89 13 14 63 400 155753 1 5324170 23701 1.8 20 11 1 4 90%  79 4710 405 30%
c - 205.65 13 13 63 401 155764 1 5344170 22911 1.8 20 11 1 4 90%  79 4710 405 30%
c
c seconds    switched       rate           size/glue  tier1   binary      remaining
c         MB   reductions      conflicts         size   tier2   irredundant
c          level      restarts        redundant     glue   trail      variables
c
c ] 205.80 13 13 64 401 155767 1 5348484 25299 1.8 20 11 1 4 90%  79 4710 405 30%
c { 205.80 13 17 64 401 155767 2 5348484 25299 2.6 30 11 1 3 87%  79 4710 405 30%
c u 206.01 13 17 64 401 155767 2 5350839 25699 2.6 30 11 1 3 87%  79 4710 405 30%
c v 206.11 13 17 64 401 155767 2 5350839 24201 2.6 30 11 1 3 87%  79 4710 405 30%
c w 206.22 13 17 64 401 155767 2 5350839 21868 2.6 30 11 1 3 87%  79 4710 405 30%
c - 207.02 13 17 64 402 156265 2 5364195 23823 2.6 29 11 1 3 85%  79 4710 405 30%
c - 208.02 13 17 64 403 158403 2 5384245 27084 2.5 29 12 1 3 85%  79 4710 405 30%
c - 209.07 12 17 64 404 159905 2 5404320 28213 2.4 29 12 1 3 85%  79 4710 405 30%
c - 210.00 12 17 64 405 160783 2 5424419 29048 2.5 29 12 1 3 86%  79 4710 405 30%
c - 210.96 12 17 64 406 162444 2 5444544 29606 2.4 29 12 1 3 87%  79 4710 405 30%
c - 211.83 12 17 64 407 162866 2 5464694 30843 2.6 30 12 1 3 88%  79 4710 405 30%
c - 212.61 12 17 64 408 163222 2 5484869 30512 2.6 30 11 1 3 88%  79 4710 405 30%
c - 213.39 13 16 64 409 163258 1 5505068 29297 2.6 28 11 1 3 89%  79 4710 405 30%
c - 214.25 12 16 64 410 164692 1 5525292 31049 2.6 29 11 1 3 89%  79 4710 405 30%
c - 215.26 12 17 64 411 166607 2 5545542 31850 2.5 29 11 1 3 89%  79 4710 405 30%
c } 216.25 14 17 65 411 168425 2 5564983 48987 2.5 29 12 1 3 89%  79 4710 405 30%
c [ 216.25 14 13 65 411 168425 1 5564983 48987 1.8 20 11 1 4 90%  79 4710 405 30%
c B 216.25 14 13 65 411 168425 1 5564983 48987 1.8 20 11 1 4 90%  79 4710 405 30%
c - 216.29 12 13 65 412 168425 1 5565816 32852 1.8 20 11 1 4 90%  79 4710 405 30%
c - 217.04 13 14 65 413 168438 1 5586113 31049 1.8 20 11 1 4 90%  79 4710 405 30%
c
c seconds    switched       rate           size/glue  tier1   binary      remaining
c         MB   reductions      conflicts         size   tier2   irredundant
c          level      restarts        redundant     glue   trail      variables
c
c - 217.80 13 14 65 414 168446 1 5606435 27029 1.8 20 12 1 4 90%  79 4710 405 30%
c u 218.20 13 14 65 414 168449 1 5613623 30720 1.8 21 12 1 4 90%  79 4710 405 30%
c v 218.35 13 14 65 414 168449 1 5613623 28008 1.8 21 12 1 4 90%  79 4710 405 30%
c w 218.62 13 14 65 414 168449 1 5613623 25722 1.8 21 12 1 4 90%  79 4710 405 30%
c o 218.62 13 14 65 414 168449 1 5613623 25722 1.8 21 12 1 4 90%  79 4710 405 30%
c - 219.10 13 14 65 415 168454 1 5626781 21992 1.8 21 12 1 4 90%  79 4710 405 30%
c - 219.95 13 14 65 416 168456 1 5647154 22321 1.7 20 12 1 4 90%  79 4710 405 30%
c - 220.77 13 14 65 417 168469 1 5667551 22924 1.7 20 12 1 4 90%  79 4710 405 30%
c - 221.45 13 14 65 418 168476 1 5687971 22892 1.7 20 12 1 4 90%  79 4710 405 30%
c - 222.10 13 14 65 419 168485 1 5708420 22967 1.7 20 12 1 4 89%  79 4710 405 30%
c - 222.86 13 14 65 420 168486 1 5728889 23388 1.8 21 12 1 4 90%  79 4710 405 30%
c - 223.64 13 14 65 421 168487 1 5749382 23153 1.8 21 12 1 4 90%  79 4710 405 30%
c - 224.40 13 14 65 422 168493 1 5769901 23202 1.8 21 12 1 4 90%  79 4710 405 30%
c - 225.06 13 14 65 423 168502 1 5790443 23030 1.8 21 11 1 4 90%  79 4710 405 30%
c - 225.71 13 14 65 424 168512 1 5811009 23390 1.8 21 11 1 4 90%  79 4710 405 30%
c - 226.37 13 14 65 425 168518 1 5831600 23439 1.9 21 11 1 4 90%  79 4710 405 30%
c W 226.47 13 14 65 425 168518 1 5833685 24745 1.8 21 11 1 4 90%  79 4710 405 30%
c ] 226.97 13 14 66 425 168524 1 5851575 35733 1.8 21 11 1 4 90%  79 4710 405 30%
c { 226.97 13 17 66 425 168524 2 5851575 35733 2.5 29 12 1 3 89%  79 4710 405 30%
c - 227.00 13 17 66 426 168527 2 5852215 23266 2.5 29 12 1 3 89%  79 4710 405 30%
c
c seconds    switched       rate           size/glue  tier1   binary      remaining
c         MB   reductions      conflicts         size   tier2   irredundant
c          level      restarts        redundant     glue   trail      variables
c
c - 228.02 12 16 66 427 168608 1 5872854 27251 2.7 30 11 1 3 90%  79 4710 405 30%
c u 228.76 13 16 66 427 168612 1 5883332 35424 2.7 30 11 1 3 88%  79 4710 405 30%
c v 228.94 13 16 66 427 168612 1 5883332 33694 2.7 30 11 1 3 88%  79 4710 405 30%
c w 229.20 16 16 66 427 168612 1 5883332 33178 2.7 30 11 1 3 88%  79 4710 405 30%
c - 229.69 17 16 66 428 168696 1 5893518 25901 2.6 29 11 1 3 89%  79 4710 405 30%
c - 230.39 17 15 66 429 168700 1 5914207 25317 2.5 27 11 1 3 88%  79 4710 405 30%
c - 231.52 17 15 66 430 168905 1 5934920 26975 2.5 26 11 1 3 87%  79 4710 405 30%
c o 231.62 17 15 66 430 168917 1 5936809 28657 2.5 26 11 1 3 87%  79 4710 405 30%
c - 232.32 17 14 66 431 168941 1 5955656 26975 2.3 24 10 1 3 87%  79 4710 405 30%
c - 233.30 17 14 66 432 169319 1 5976417 27653 2.3 23 10 1 3 87%  79 4710 405 30%
c - 234.49 17 14 66 433 170079 1 5997202 29389 2.3 24 10 1 3 87%  79 4710 405 30%
c - 235.44 17 14 66 434 170895 1 6018011 29526 2.3 24 10 1 3 88%  79 4710 405 30%
c - 236.40 17 14 66 435 171543 1 6038844 29325 2.3 23 10 1 3 88%  79 4710 405 30%
c - 237.63 15 13 66 436 172526 1 6059700 31149 2.4 23 10 1 3 88%  79 4710 405 30%
c - 238.58 16 13 66 437 173189 1 6080582 30796 2.3 22 10 1 3 88%  80 4710 405 30%
c } 238.59 16 13 67 437 173208 1 6080690 30885 2.3 22 10 1 3 88%  80 4710 405 30%
c [ 238.59 16 14 67 437 173208 1 6080690 30885 1.8 21 11 1 4 90%  80 4710 405 30%
c - 239.35 17 14 67 438 173221 1 6101486 29435 1.8 21 11 1 4 90%  80 4710 405 30%
c I 239.68 17 14 67 438 173222 1 6111348 35313 1.8 20 11 1 4 90%  80 4710 405 30%
c - 239.98 17 14 67 439 173229 1 6122414 26340 1.8 21 12 1 4 90%  80 4710 405 30%
c
c seconds    switched       rate           size/glue  tier1   binary      remaining
c         MB   reductions      conflicts         size   tier2   irredundant
c          level      restarts        redundant     glue   trail      variables
c
c - 240.59 17 15 67 440 173237 1 6143366 25906 1.7 21 12 1 4 90%  80 4710 405 30%
c u 241.23 17 15 67 440 173238 1 6160001 36584 1.7 22 13 1 4 89%  80 4710 405 30%
c v 241.40 17 15 67 440 173238 1 6160001 34182 1.7 22 13 1 4 89%  80 4710 405 30%
c w 241.56 17 15 67 440 173238 1 6160001 28753 1.7 22 13 1 4 89%  80 4710 405 30%
c x 241.58 17 15 67 440 173238 1 6160001 28749 1.7 22 13 1 4 89%  80 4687 405 30%
c = 242.98 37 15 67 440 173238 1 6160001 28749 1.7 22 13 1 4 89%  82 4675 404 30%
c d 242.98 37 15 67 440 173238 1 6160001 28363 1.7 22 13 1 4 89%  79 4675 404 30%
c u 243.12 13 15 67 440 173238 1 6160001 28109 1.7 22 13 1 4 89%  79 4675 404 30%
c v 243.24 13 15 67 440 173238 1 6160001 27523 1.7 22 13 1 4 89%  79 4675 404 30%
c w 243.57 14 15 67 440 173238 1 6160001 25721 1.7 22 13 1 4 89%  79 4675 404 30%
c - 243.68 14 15 67 441 173240 1 6164343 19683 1.7 22 13 1 4 89%  79 4675 404 30%
c - 244.16 14 15 67 442 173252 1 6185347 21196 1.7 22 13 1 4 89%  79 4675 404 30%
c - 244.77 14 15 67 443 173260 1 6206371 21452 1.7 22 13 1 4 89%  79 4675 404 30%
c - 245.54 14 16 67 444 173268 1 6227419 21789 1.7 22 13 1 4 89%  79 4675 404 30%
c - 246.25 14 16 67 445 173270 1 6248491 22554 1.7 22 13 1 4 89%  79 4675 404 30%
c - 247.02 14 16 67 446 173270 1 6269586 22385 1.7 22 13 1 4 89%  79 4675 404 30%
c s 247.29 14 16 67 446 173271 1 6278058 27953 1.7 22 13 1 4 89%  79 4674 404 30%
c o 247.29 14 16 67 446 173271 1 6278058 27953 1.7 22 13 1 4 89%  79 4674 404 30%
c - 247.80 14 16 67 447 173278 1 6290704 22596 1.7 22 13 1 4 89%  79 4674 404 30%
c - 248.53 14 15 67 448 173287 1 6311846 22681 1.7 21 13 1 4 89%  79 4674 404 30%
c
c seconds    switched       rate           size/glue  tier1   binary      remaining
c         MB   reductions      conflicts         size   tier2   irredundant
c          level      restarts        redundant     glue   trail      variables
c
c - 249.22 14 15 67 449 173299 1 6333012 22686 1.7 21 13 1 4 89%  79 4674 404 30%
c - 249.87 14 15 67 450 173301 1 6354202 22635 1.6 21 13 1 4 89%  79 4674 404 30%
c - 250.53 14 15 67 451 173311 1 6375415 22981 1.6 21 13 1 4 89%  79 4674 404 30%
c - 251.27 14 15 67 452 173320 1 6396651 22961 1.6 21 13 1 4 89%  79 4674 404 30%
c B 251.32 14 15 67 452 173321 1 6398081 23749 1.6 21 13 1 4 89%  79 4674 404 30%
c - 252.00 14 15 67 453 173331 1 6417911 23100 1.6 20 12 1 4 89%  79 4674 404 30%
c - 252.64 14 15 67 454 173332 1 6439194 23401 1.7 20 12 1 4 89%  79 4674 404 30%
c u 252.90 14 15 67 454 173333 1 6443956 25877 1.7 20 12 1 4 89%  79 4674 404 30%
c v 252.98 14 15 67 454 173333 1 6443956 24484 1.7 20 12 1 4 89%  79 4674 404 30%
c w 253.10 14 15 67 454 173333 1 6443956 22535 1.7 20 12 1 4 89%  79 4674 404 30%
c ] 253.20 14 15 68 454 173333 1 6448238 25553 1.7 20 12 1 4 88%  79 4674 404 30%
c { 253.20 14 13 68 454 173333 1 6448238 25553 2.3 22 10 1 3 88%  79 4674 404 30%
c - 253.82 14 14 68 455 175471 1 6460501 23576 2.2 23 10 1 3 88%  79 4674 404 30%
c - 254.65 14 14 68 456 177339 1 6481832 25751 2.1 23 11 1 3 87%  79 4674 404 30%
c - 255.64 12 16 68 457 179817 2 6503188 27973 2.1 24 11 1 3 87%  79 4674 404 30%
c - 256.76 12 16 68 458 180373 2 6524566 30418 2.3 26 11 1 3 88%  79 4674 404 30%
c - 257.77 12 16 68 459 181867 2 6545967 31429 2.3 26 11 1 3 87%  79 4674 404 30%
c - 258.91 15 16 68 460 182833 2 6567391 32098 2.5 27 11 1 3 88%  79 4674 404 30%
c - 260.02 15 16 68 461 184533 2 6588839 33018 2.4 27 11 1 3 88%  79 4674 404 30%
c - 260.99 15 16 68 462 184539 1 6610310 34027 2.6 28 11 1 3 88%  79 4674 404 30%
c
c seconds    switched       rate           size/glue  tier1   binary      remaining
c         MB   reductions      conflicts         size   tier2   irredundant
c          level      restarts        redundant     glue   trail      variables
c
c o 261.57 15 16 68 462 184543 1 6622598 45238 2.6 28 11 1 3 89%  79 4674 404 30%
c - 262.11 15 16 68 463 185711 2 6631804 34136 2.5 28 11 1 3 89%  79 4674 404 30%
c - 263.21 15 16 68 464 187311 2 6653321 34787 2.5 28 11 1 3 89%  79 4674 404 30%
c - 264.50 15 16 68 465 189479 2 6674862 35238 2.4 28 11 1 3 89%  79 4674 404 30%
c } 265.42 15 16 69 465 190663 2 6690298 47927 2.4 28 12 1 3 89%  79 4674 404 30%
c [ 265.42 15 15 69 465 190663 1 6690298 47927 1.7 20 12 1 4 88%  79 4674 404 30%
c W 265.65 15 15 69 465 190665 1 6693991 51284 1.7 20 12 1 4 89%  79 4674 404 30%
c - 265.76 15 15 69 466 190667 1 6696425 35830 1.7 21 12 1 4 89%  79 4674 404 30%
c - 266.60 12 15 69 467 190677 1 6718013 34363 1.8 21 12 1 4 89%  79 4674 404 30%
c u 267.49 14 15 69 467 190684 1 6734952 43701 1.8 22 12 1 4 89%  79 4674 404 30%
c v 267.82 15 15 69 467 190684 1 6734952 39749 1.8 22 12 1 4 89%  79 4674 404 30%
c w 268.06 15 15 69 467 190684 1 6734952 34519 1.8 22 12 1 4 89%  79 4674 404 30%
c - 269.64 38 14 69 468 190688 1 6739623 24386 1.8 22 12 1 4 89%  79 4674 404 30%
c - 270.35 11 14 69 469 190693 1 6761257 24656 1.8 22 12 1 4 89%  79 4674 404 30%
c - 271.12 11 14 69 470 190700 1 6782914 24639 1.8 21 12 1 4 90%  79 4674 404 30%
c - 271.92 11 14 69 471 190708 1 6804593 24555 1.8 21 12 1 4 90%  79 4674 404 30%
c - 272.55 11 14 69 472 190722 1 6826296 24717 1.8 20 11 1 4 89%  79 4674 404 30%
c - 273.24 11 14 69 473 190724 1 6848021 24476 1.8 20 11 1 4 89%  79 4674 404 30%
c - 273.94 11 14 69 474 190725 1 6869770 25316 1.8 21 12 1 4 89%  79 4674 404 30%
c - 274.56 11 14 69 475 190729 1 6891541 24694 1.8 21 12 1 4 89%  79 4674 404 30%
c
c seconds    switched       rate           size/glue  tier1   binary      remaining
c         MB   reductions      conflicts         size   tier2   irredundant
c          level      restarts        redundant     glue   trail      variables
c
c - 275.23 11 14 69 476 190740 1 6913335 24727 1.8 21 12 1 4 89%  79 4674 404 30%
c - 275.97 11 14 69 477 190750 1 6935152 24695 1.8 21 12 1 4 89%  79 4674 404 30%
c - 276.69 11 14 69 478 190756 1 6956992 25128 1.8 22 12 1 4 88%  79 4674 404 30%
c - 277.44 11 14 69 479 190763 1 6978856 25133 1.9 22 12 1 4 88%  79 4674 404 30%
c O 278.11 11 14 69 479 190771 1 6999186 39960 1.9 22 12 1 4 88%  79 4674 404 30%
c o 278.11 11 14 69 479 190771 1 6999186 39960 1.9 22 12 1 4 88%  79 4674 404 30%
c - 278.18 11 14 69 480 190771 1 7000742 25504 1.9 22 12 1 4 88%  79 4674 404 30%
c - 279.09 11 14 69 481 190785 1 7022650 25641 1.9 22 12 1 4 88%  79 4674 404 30%
c u 279.68 13 14 69 481 190786 1 7032982 30560 1.8 21 11 1 4 88%  79 4674 404 30%
c v 279.83 13 14 69 481 190786 1 7032982 28578 1.8 21 11 1 4 88%  79 4674 404 30%
c w 279.98 13 14 69 481 190786 1 7032982 24708 1.8 21 11 1 4 88%  79 4674 404 30%
c ] 280.06 13 14 70 481 190787 1 7035147 26314 1.8 21 12 1 4 88%  79 4674 404 30%
c { 280.06 13 16 70 481 190787 2 7035147 26314 2.4 28 12 1 3 89%  79 4674 404 30%
c - 280.26 13 16 70 482 190944 2 7044581 22880 2.3 27 12 1 3 89%  79 4674 404 30%
c - 280.82 13 16 70 483 193077 2 7066535 25389 2.2 25 12 1 3 87%  79 4674 404 30%
c - 281.38 13 16 70 484 194855 2 7088512 26072 2.1 24 12 1 3 84%  79 4674 404 30%
c - 281.92 13 16 70 485 194904 1 7110512 26692 2.0 23 12 1 3 80%  79 4674 404 30%
c - 282.46 13 16 70 486 195981 1 7132534 26739 1.9 22 12 1 3 80%  79 4674 404 30%
c - 282.98 13 15 70 487 197010 1 7154579 26137 1.8 21 12 1 3 81%  79 4674 404 30%
c - 283.52 13 15 70 488 197469 1 7176647 25846 1.8 21 12 1 3 82%  79 4674 404 30%
c
c seconds    switched       rate           size/glue  tier1   binary      remaining
c         MB   reductions      conflicts         size   tier2   irredundant
c          level      restarts        redundant     glue   trail      variables
c
c - 284.31 13 15 70 489 198411 1 7198738 28439 1.9 22 11 1 3 83%  79 4674 404 30%
c - 285.45 12 15 70 490 198725 1 7220851 30717 2.1 23 11 1 3 85%  79 4674 404 30%
c - 286.07 13 15 70 491 201672 1 7242986 29878 2.0 23 11 1 3 85%  79 4674 404 30%
c - 286.61 13 15 70 492 203014 1 7265145 28230 1.9 22 12 1 3 84%  79 4674 404 30%
c - 287.17 13 15 70 493 204645 1 7287327 28300 1.8 21 12 1 3 84%  79 4674 404 30%
c } 287.25 13 15 71 493 204645 1 7290476 30641 1.8 21 12 1 3 84%  79 4674 404 30%
c [ 287.25 13 14 71 493 204645 1 7290476 30641 1.8 21 12 1 4 88%  79 4674 404 30%
c - 287.85 13 14 71 494 204657 1 7309530 28165 1.8 21 11 1 4 88%  79 4674 404 30%
c B 287.96 13 14 71 494 204658 1 7313769 31188 1.8 21 11 1 4 88%  79 4674 404 30%
c - 288.52 13 14 71 495 204666 1 7331757 28129 1.8 21 12 1 4 88%  79 4674 404 30%
c u 288.90 13 14 71 495 204669 1 7338078 31463 1.8 21 12 1 4 88%  79 4674 404 30%
c v 289.06 13 14 71 495 204669 1 7338078 28744 1.8 21 12 1 4 88%  79 4674 404 30%
c w 289.27 14 14 71 495 204669 1 7338078 26497 1.8 21 12 1 4 88%  79 4674 404 30%
c - 289.73 14 15 71 496 204674 1 7354005 23423 1.8 21 12 1 4 88%  79 4674 404 30%
c - 290.34 14 15 71 497 204678 1 7376276 23776 1.8 22 12 1 4 89%  79 4674 404 30%
c - 290.98 14 15 71 498 204690 1 7398569 22604 1.7 21 12 1 4 89%  79 4674 404 30%
c - 291.51 14 15 71 499 204700 1 7420884 23209 1.7 21 12 1 4 89%  79 4674 404 30%
c - 292.09 14 15 71 500 204706 1 7443223 22820 1.7 20 12 1 4 89%  79 4674 404 30%
c - 292.70 14 15 71 501 204707 1 7465584 22823 1.6 20 12 1 4 89%  79 4674 404 30%
c - 293.33 14 15 71 502 204708 1 7487968 23077 1.6 20 12 1 4 88%  79 4674 404 30%
c
c seconds    switched       rate           size/glue  tier1   binary      remaining
c         MB   reductions      conflicts         size   tier2   irredundant
c          level      restarts        redundant     glue   trail      variables
c
c - 293.99 14 15 71 503 204721 1 7510373 23031 1.6 20 12 1 4 88%  79 4674 404 30%
c - 294.64 14 14 71 504 204730 1 7532802 22915 1.6 20 12 1 4 88%  79 4674 404 30%
c ] 295.27 14 14 72 504 204737 1 7552172 34079 1.6 19 12 1 4 89%  79 4674 404 30%
c { 295.27 14 15 72 504 204737 1 7552172 34079 1.8 21 12 1 3 84%  79 4674 404 30%
c - 295.37 14 15 72 505 204756 1 7555252 22633 1.8 21 12 1 3 84%  79 4674 404 30%
c o 295.46 14 15 72 505 204833 1 7558689 24988 1.8 21 12 1 3 84%  79 4674 404 30%
c - 296.28 14 16 72 506 206495 1 7577724 26644 1.9 22 12 1 3 85%  79 4674 404 30%
c - 297.29 12 16 72 507 207746 1 7600218 28615 2.0 23 12 1 3 86%  79 4674 404 30%
c - 298.41 12 16 72 508 208271 1 7622735 31017 2.0 24 12 1 3 85%  79 4674 404 30%
c - 299.35 12 16 72 509 209588 1 7645274 31387 2.0 24 12 1 3 86%  79 4674 404 30%
c u 299.75 12 16 72 509 210067 1 7650273 34591 2.0 24 12 1 3 85%  79 4674 404 30%
c v 299.90 12 16 72 509 210067 1 7650273 32429 2.0 24 12 1 3 85%  79 4674 404 30%
c w 299.99 12 16 72 509 210067 1 7650273 31947 2.0 24 12 1 3 85%  79 4674 404 30%
c x 300.01 12 16 72 509 210067 1 7650273 31947 2.0 24 12 1 3 85%  79 4663 404 30%
c - 300.81 12 16 72 510 210827 1 7667835 29176 2.1 24 12 1 3 86%  79 4663 404 30%
c - 301.90 12 16 72 511 211632 1 7690418 30270 2.1 24 11 1 3 87%  79 4663 404 30%
c - 302.99 12 16 72 512 212456 1 7713023 30571 2.1 24 11 1 3 87%  79 4663 404 30%
c - 304.16 12 16 72 513 213824 1 7735651 32324 2.1 24 11 1 3 87%  79 4663 404 30%
c - 305.27 12 16 72 514 215082 1 7758301 32638 2.1 24 11 1 3 87%  79 4663 404 30%
c - 306.27 12 15 72 515 215934 1 7780972 32548 2.1 24 11 1 3 87%  79 4663 404 30%
c
c seconds    switched       rate           size/glue  tier1   binary      remaining
c         MB   reductions      conflicts         size   tier2   irredundant
c          level      restarts        redundant     glue   trail      variables
c
c - 307.34 12 16 72 516 217793 1 7803666 34147 2.2 25 11 1 3 88%  79 4663 404 30%
c } 308.34 14 16 73 516 218632 1 7821090 50006 2.3 26 11 1 3 88%  79 4663 404 30%
c [ 308.34 14 14 73 516 218632 1 7821090 50006 1.6 19 12 1 4 89%  79 4663 404 30%
c W 308.40 14 14 73 516 218632 1 7821090 50006 1.6 19 12 1 4 89%  79 4663 404 30%
c - 308.61 15 14 73 517 218636 1 7826382 35138 1.6 19 12 1 4 88%  79 4663 404 30%
c - 309.51 12 15 73 518 218646 1 7849120 33261 1.6 20 12 1 4 87%  79 4663 404 30%
c - 310.42 12 15 73 519 218658 1 7871879 28494 1.6 20 12 1 4 87%  79 4663 404 30%
c - 311.23 14 15 73 520 218662 1 7894662 27658 1.7 21 12 1 4 88%  79 4663 404 30%
c - 312.12 14 15 73 521 218671 1 7917465 26451 1.6 20 12 1 4 89%  79 4663 404 30%
c - 312.84 14 15 73 522 218681 1 7940291 27401 1.7 21 12 1 4 88%  79 4663 404 30%
c - 313.70 14 15 73 523 218692 1 7963140 27024 1.7 21 12 1 4 89%  79 4663 404 30%
c u 314.23 14 15 73 523 218693 1 7969717 29724 1.7 21 12 1 4 89%  79 4663 404 30%
c v 314.42 14 15 73 523 218693 1 7969717 27548 1.7 21 12 1 4 89%  79 4663 404 30%
c w 314.70 14 15 73 523 218693 1 7969717 25537 1.7 21 12 1 4 89%  79 4663 404 30%
c o 316.63 38 15 73 523 218693 1 7969717 25537 1.7 21 12 1 4 89%  79 4663 404 30%
c - 317.18 38 15 73 524 218694 1 7986009 23301 1.7 21 12 1 4 89%  79 4663 404 30%
c - 317.95 38 15 73 525 218694 1 8008901 23897 1.7 21 12 1 4 88%  79 4663 404 30%
c - 318.70 38 14 73 526 218703 1 8031813 24400 1.7 20 12 1 4 88%  79 4663 404 30%
c - 319.73 38 14 73 527 218712 1 8054747 24763 1.7 20 12 1 4 87%  79 4663 404 30%
c - 320.74 38 14 73 528 218724 1 8077705 24497 1.7 20 12 1 4 87%  79 4663 404 30%
c
c seconds    switched       rate           size/glue  tier1   binary      remaining
c         MB   reductions      conflicts         size   tier2   irredundant
c          level      restarts        redundant     glue   trail      variables
c
c - 321.71 38 14 73 529 218726 1 8100684 24411 1.7 20 12 1 4 88%  79 4663 404 30%
c - 322.72 38 14 73 530 218739 1 8123684 24650 1.7 20 12 1 4 88%  79 4663 404 30%
c - 323.53 38 14 73 531 218749 1 8146706 24726 1.7 19 11 1 4 87%  79 4663 404 30%
c I 323.83 38 14 73 531 218754 1 8154763 29356 1.7 19 11 1 4 86%  79 4663 404 30%
c - 324.29 38 14 73 532 218756 1 8169751 25246 1.7 19 12 1 4 87%  79 4663 404 30%
c ] 324.64 38 14 74 532 218756 1 8181479 32705 1.7 20 12 1 4 87%  79 4663 404 30%
c { 324.64 38 16 74 532 218756 1 8181479 32705 2.3 26 11 1 3 88%  79 4663 404 30%
c - 325.04 38 16 74 533 218960 1 8192816 26330 2.2 25 11 1 3 88%  79 4663 404 30%
c - 325.95 38 15 74 534 219890 1 8215903 27819 2.1 24 11 1 3 88%  79 4663 404 30%
c - 327.06 36 15 74 535 220510 1 8239011 30308 2.3 25 11 1 3 89%  79 4663 404 30%
c - 328.35 36 16 74 536 222299 1 8262142 32318 2.3 25 11 1 3 89%  79 4663 404 30%
c - 329.60 39 15 74 537 222893 1 8285293 34046 2.4 26 11 1 3 89%  79 4663 404 30%
c u 330.34 39 15 74 537 222897 1 8296295 43197 2.6 27 10 1 3 90%  79 4663 404 30%
c v 330.58 39 15 74 537 222897 1 8296295 40390 2.6 27 10 1 3 90%  79 4663 404 30%
c w 330.85 39 15 74 537 222897 1 8296295 38811 2.6 27 10 1 3 90%  79 4663 404 30%
c - 331.33 36 14 74 538 223274 1 8308466 30320 2.5 26 10 1 3 90%  79 4663 404 30%
c - 332.59 36 14 74 539 224802 1 8331661 30825 2.4 25 10 1 3 90%  79 4663 404 30%
c o 333.57 38 15 74 539 226419 1 8350662 45192 2.3 25 11 1 3 89%  79 4663 404 30%
c - 333.93 36 15 74 540 226863 1 8354877 32011 2.3 25 11 1 3 89%  79 4663 404 30%
c - 335.13 36 15 74 541 229426 2 8378114 32515 2.2 25 11 1 3 89%  79 4663 404 30%
c
c seconds    switched       rate           size/glue  tier1   binary      remaining
c         MB   reductions      conflicts         size   tier2   irredundant
c          level      restarts        redundant     glue   trail      variables
c
c - 336.31 36 16 74 542 230346 2 8401374 32994 2.3 26 11 1 3 90%  79 4663 404 30%
c - 337.70 36 15 74 543 231725 2 8424655 32180 2.2 25 11 1 3 89%  79 4663 404 30%
c - 338.94 36 15 74 544 232816 2 8447957 33602 2.2 25 11 1 3 89%  79 4663 404 30%
c } 339.90 38 15 75 544 233286 1 8464304 47099 2.3 25 11 1 3 90%  79 4663 404 30%
c [ 339.90 38 14 75 544 233286 1 8464304 47099 1.7 20 12 1 4 87%  79 4663 404 30%
c - 340.38 39 14 75 545 233291 1 8471280 34798 1.7 20 12 1 4 87%  79 4663 404 30%
c - 341.51 36 14 75 546 233300 1 8494626 33148 1.7 21 12 1 4 88%  79 4663 404 30%
c B 341.63 37 14 75 546 233301 1 8498134 35268 1.7 21 12 1 4 88%  79 4663 404 30%
c - 343.14 36 14 75 547 233314 1 8517992 30449 1.7 20 12 1 4 88%  79 4663 404 30%
c - 344.27 38 14 75 548 233316 1 8541380 29077 1.7 20 12 1 4 89%  79 4663 404 30%
c - 345.59 38 14 75 549 233329 1 8564789 27984 1.7 20 12 1 4 89%  79 4663 404 30%
c - 346.79 38 14 75 550 233338 1 8588220 27702 1.7 20 11 1 4 89%  79 4663 404 30%
c - 348.14 38 13 75 551 233346 1 8611672 27490 1.7 19 11 1 4 89%  79 4663 404 30%
c u 349.53 38 13 75 551 233348 1 8630074 36725 1.7 19 11 1 4 89%  84 4663 404 30%
c v 349.73 38 13 75 551 233348 1 8630074 34230 1.7 19 11 1 4 89%  84 4663 404 30%
c w 350.38 38 13 75 551 233348 1 8630074 29716 1.7 19 11 1 4 89%  84 4663 404 30%
c - 350.64 38 13 75 552 233348 1 8635145 23193 1.7 19 11 1 4 89%  84 4663 404 30%
c - 351.71 38 13 75 553 233348 1 8658641 23631 1.8 19 11 1 4 90%  84 4663 404 30%
c - 352.82 38 12 75 554 233362 1 8682156 23612 1.7 18 11 1 4 90%  84 4663 404 30%
c s 353.16 38 12 75 554 233363 1 8691589 29627 1.8 18 10 1 4 90%  84 4655 404 30%
c
c seconds    switched       rate           size/glue  tier1   binary      remaining
c         MB   reductions      conflicts         size   tier2   irredundant
c          level      restarts        redundant     glue   trail      variables
c
c - 353.73 38 12 75 555 233370 1 8705694 24827 1.8 18 10 1 4 90%  84 4655 404 30%
c - 354.72 38 12 75 556 233379 1 8729253 24825 1.8 18 10 1 4 90%  84 4655 404 30%
c - 355.59 38 12 75 557 233386 1 8752832 24732 1.8 18 10 1 4 89%  84 4655 404 30%
c - 356.55 38 12 75 558 233395 1 8776433 24984 1.8 17 10 1 4 89%  84 4655 404 30%
c ] 356.60 38 12 76 558 233397 1 8778083 25965 1.8 17 10 1 4 89%  84 4655 404 30%
c { 356.60 38 15 76 558 233397 1 8778083 25965 2.3 25 11 1 3 90%  84 4655 404 30%
c o 356.72 38 15 76 558 233445 1 8782066 28166 2.2 24 11 1 3 90%  85 4655 404 30%
c - 357.43 38 14 76 559 233767 1 8800058 27047 2.2 24 11 1 3 89%  86 4655 404 30%
c - 358.37 38 14 76 560 234775 1 8823701 29348 2.2 23 11 1 3 89%  88 4655 404 30%
c - 359.34 38 14 76 561 236505 1 8847367 30427 2.1 23 11 1 3 89%  88 4655 404 30%
c - 360.51 36 14 76 562 237028 1 8871053 32776 2.3 24 10 1 3 89%  89 4655 404 30%
c - 361.51 36 14 76 563 238179 1 8894760 32854 2.3 24 10 1 3 89%  89 4655 404 30%
c - 363.17 36 15 76 564 241333 2 8918487 33320 2.1 24 11 1 3 89%  90 4655 404 30%
c - 365.28 36 15 76 565 243920 2 8942236 33513 2.1 24 12 1 3 89%  90 4655 404 30%
c - 366.53 39 15 76 566 244207 2 8966006 34773 2.2 24 11 1 3 89%  90 4655 404 30%
c u 366.91 39 15 76 566 244208 2 8970996 37740 2.2 25 11 1 3 89% 101 4655 404 30%
c v 367.14 39 15 76 566 244208 2 8970996 34177 2.2 25 11 1 3 89%  96 4655 404 30%
c w 367.52 39 15 76 566 244208 2 8970996 29418 2.2 25 11 1 3 89%  96 4655 404 30%
c t 367.52 39 15 76 566 244208 2 8970996 29418 2.2 25 11 1 3 89%  95 4655 404 30%
c - 368.17 36 15 76 567 244467 1 8989797 28006 2.2 24 11 1 3 89%  95 4655 404 30%
c
c seconds    switched       rate           size/glue  tier1   binary      remaining
c         MB   reductions      conflicts         size   tier2   irredundant
c          level      restarts        redundant     glue   trail      variables
c
c - 369.10 38 14 76 568 244786 1 9013609 29297 2.2 23 10 1 3 89%  95 4655 404 30%
c - 370.46 36 15 76 569 247187 1 9037442 32042 2.2 24 11 1 3 89%  95 4655 404 30%
c - 371.64 36 15 76 570 249400 2 9061295 32803 2.2 24 11 1 3 89%  95 4655 404 30%
c } 372.08 37 15 77 570 249474 2 9075134 40968 2.1 23 11 1 3 89%  95 4655 404 30%
c [ 372.08 37 12 77 570 249474 1 9075134 40968 1.8 17 10 1 4 89%  95 4655 404 30%
c W 372.13 37 12 77 570 249474 1 9075134 40968 1.8 17 10 1 4 89%  95 4655 404 30%
c - 372.55 38 12 77 571 249480 1 9085169 31694 1.8 17 10 1 4 89%  95 4655 404 30%
c - 373.75 38 12 77 572 249490 1 9109064 29234 1.7 18 10 1 4 89%  95 4655 404 30%
c - 374.80 38 13 77 573 249503 1 9132982 28400 1.7 18 11 1 4 88%  95 4655 404 30%
c - 375.91 38 13 77 574 249504 1 9156919 27674 1.7 19 11 1 4 88%  95 4655 404 30%
c - 376.92 38 13 77 575 249518 1 9180879 27747 1.7 19 11 1 4 87%  95 4655 404 30%
c - 377.89 38 13 77 576 249529 1 9204858 27837 1.8 19 11 1 4 87%  95 4655 404 30%
c - 378.81 38 13 77 577 249535 1 9228858 27709 1.8 20 11 1 4 87%  95 4655 404 30%
c - 379.73 36 13 77 578 249536 1 9252880 27960 1.8 20 11 1 4 87%  95 4655 404 30%
c - 380.73 38 13 77 579 249540 1 9276921 27521 1.9 21 11 1 4 88%  95 4655 404 30%
c - 381.73 38 13 77 580 249551 1 9300983 27690 1.9 21 11 1 4 88%  95 4655 404 30%
c u 382.52 38 13 77 580 249561 1 9319115 39353 1.9 21 11 1 4 88%  97 4655 404 30%
c v 382.70 38 13 77 580 249561 1 9319115 36582 1.9 21 11 1 4 88%  97 4655 404 30%
c w 383.17 38 13 77 580 249561 1 9319115 29595 1.9 21 11 1 4 88%  97 4655 404 30%
c o 383.17 38 13 77 580 249561 1 9319115 29595 1.9 21 11 1 4 88%  97 4655 404 30%
c
c seconds    switched       rate           size/glue  tier1   binary      remaining
c         MB   reductions      conflicts         size   tier2   irredundant
c          level      restarts        redundant     glue   trail      variables
c
c - 383.39 38 13 77 581 249564 1 9325066 23136 1.9 21 11 1 4 88%  97 4655 404 30%
c - 384.21 38 13 77 582 249567 1 9349170 24464 1.9 21 11 1 4 87%  97 4655 404 30%
c - 385.10 38 13 77 583 249580 1 9373294 24560 1.9 20 11 1 4 87%  97 4655 404 30%
c ] 385.17 38 13 78 583 249581 1 9375405 25712 1.9 20 11 1 4 87%  97 4655 404 30%
c { 385.17 38 15 78 583 249581 2 9375405 25712 2.1 23 11 1 3 89%  97 4655 404 30%
c - 386.13 36 15 78 584 250231 1 9397439 29035 2.3 25 11 1 3 89%  97 4655 404 30%
c - 387.30 39 15 78 585 250251 1 9421606 32013 2.5 26 10 1 3 90%  97 4655 404 30%
c - 388.33 39 15 78 586 251716 1 9445792 31713 2.4 25 10 1 3 90%  97 4655 404 30%
c - 389.17 36 14 78 587 251784 1 9469999 30518 2.3 23 10 1 3 89%  97 4655 404 30%
c - 390.26 36 14 78 588 254576 1 9494228 32510 2.2 23 11 1 3 88%  98 4655 404 30%
c - 391.20 36 14 78 589 255246 1 9518477 32604 2.1 22 10 1 3 89%  98 4655 404 30%
c - 392.52 36 14 78 590 257378 1 9542747 33037 2.1 22 11 1 3 89%  98 4655 404 30%
c - 393.71 39 15 78 591 258505 1 9567036 34765 2.1 23 11 1 3 88%  98 4655 404 30%
c - 395.12 39 14 78 592 259318 1 9591347 37444 2.3 24 10 1 3 88%  99 4655 404 30%
c s 395.60 39 15 78 592 260088 1 9601413 46138 2.3 24 10 1 3 88%  99 4585 404 30%
c e 395.60 39 15 78 592 260088 1 9601413 46138 2.3 24 10 1 3 88%  98 4600 403 29%
c s 395.60 39 15 78 592 260088 1 9601413 46138 2.3 24 10 1 3 88%  98 4577 403 29%
c - 396.43 39 15 78 593 261690 2 9615679 37790 2.3 24 11 1 3 88%  98 4577 403 29%
c - 398.25 39 15 78 594 263409 2 9640030 37832 2.3 25 11 1 3 88%  98 4577 403 29%
c - 399.69 40 14 78 595 263493 1 9664403 38260 2.4 25 10 1 3 88%  98 4577 403 29%
c
c seconds    switched       rate           size/glue  tier1   binary      remaining
c         MB   reductions      conflicts         size   tier2   irredundant
c          level      restarts        redundant     glue   trail      variables
c
c u 400.33 40 14 78 595 263664 1 9674443 43173 2.5 25 10 1 3 88% 103 4577 403 29%
c v 400.72 40 14 78 595 263664 1 9674443 38193 2.5 25 10 1 3 88% 105 4577 403 29%
c w 401.03 40 14 78 595 263664 1 9674443 32465 2.5 25 10 1 3 88% 105 4577 403 29%
c t 402.76 43 14 78 595 263664 1 9674443 32465 2.5 25 10 1 3 88% 103 4577 403 29%
c } 403.38 43 15 79 595 265574 2 9686995 42595 2.4 25 11 1 3 88% 103 4577 403 29%
c [ 403.38 43 13 79 595 265574 1 9686995 42595 1.9 20 11 1 4 87% 103 4577 403 29%
c O 403.38 43 13 79 595 265574 1 9686995 42595 1.9 20 11 1 4 87% 103 4577 403 29%
c - 403.52 40 13 79 596 265575 1 9688795 30708 1.9 20 11 1 4 87% 103 4577 403 29%
c - 404.58 42 13 79 597 265588 1 9713209 30495 1.9 20 11 1 4 88% 103 4577 403 29%
c - 405.56 42 13 79 598 265600 1 9737642 27279 1.8 19 11 1 4 89% 103 4577 403 29%
c - 406.48 42 12 79 599 265604 1 9762097 26832 1.8 19 10 1 4 89% 103 4577 403 29%
c - 407.47 42 12 79 600 265616 1 9786572 26849 1.8 19 10 1 4 89% 103 4577 403 29%
c - 408.43 42 12 79 601 265626 1 9811066 26262 1.8 18 10 1 4 89% 103 4577 403 29%
c - 409.42 42 12 79 602 265635 1 9835581 27066 1.8 18 10 1 4 90% 104 4577 403 29%
c - 410.39 42 12 79 603 265636 1 9860117 28479 1.9 18 10 1 4 89% 104 4577 403 29%
c - 411.40 42 12 79 604 265637 1 9884674 26971 1.9 18 10 1 4 89% 104 4577 403 29%
c - 412.40 42 11 79 605 265651 1 9909251 27906 2.0 19 9 1 4 89% 104 4577 403 29%
c - 413.50 42 11 79 606 265662 1 9933848 27303 2.0 19 9 1 4 90% 104 4577 403 29%
c - 414.46 42 11 79 607 265667 1 9958465 26988 1.9 18 9 1 4 89% 105 4577 403 29%
c - 415.46 42 11 79 608 265678 1 9983103 27877 1.9 17 9 1 4 89% 105 4577 403 29%
c
c seconds    switched       rate            size/glue tier1   binary      remaining
c         MB   reductions      conflicts          size  tier2   irredundant
c          level      restarts         redundant    glue   trail      variables
c
c - 416.39 42 11 79 609 265689 1 10007760 26792 1.9 17 9 1 4 89% 105 4577 403 29%
c - 417.30 42 11 79 610 265698 1 10032437 27148 1.8 17 9 1 4 89% 106 4577 403 29%
c b 417.45 42 11 79 610 265698 1 10037937 30652 1.8 17 9 1 4 89% 106 4577 402 29%
c u 417.63 42 11 79 610 265698 1 10037937 28540 1.8 17 9 1 4 89% 130 4577 402 29%
c v 417.79 42 11 79 610 265698 1 10037937 25836 1.8 17 9 1 4 89% 133 4577 402 29%
c w 417.88 42 11 79 610 265698 1 10037937 22879 1.8 17 9 1 4 89% 133 4577 402 29%
c x 417.90 42 11 79 610 265698 1 10037937 22855 1.8 17 9 1 4 89% 139 4423 402 29%
c d 417.90 42 11 79 610 265698 1 10037937 22854 1.8 17 9 1 4 89% 137 4423 401 29%
c t 417.90 42 11 79 610 265698 1 10037937 22854 1.8 17 9 1 4 89% 132 4423 401 29%
c u 418.06 42 11 79 610 265698 1 10037937 22163 1.8 17 9 1 4 89% 133 4423 401 29%
c v 418.16 42 11 79 610 265698 1 10037937 21244 1.8 17 9 1 4 89% 133 4423 401 29%
c w 418.24 42 11 79 610 265698 1 10037937 20780 1.8 17 9 1 4 89% 133 4423 401 29%
c o 418.24 42 11 79 610 265698 1 10037937 20780 1.8 17 9 1 4 89% 133 4423 401 29%
c ] 418.30 42 11 80 610 265698 1 10039378 21645 1.8 17 9 1 4 89% 133 4423 401 29%
c { 418.30 42 15 80 610 265698 2 10039378 21645 2.4 25 11 1 3 88% 133 4423 401 29%
c - 418.96 42 14 80 611 266170 1 10057137 22585 2.3 24 10 1 3 88% 129 4423 401 29%
c - 419.99 42 13 80 612 266170 1 10081856 24386 2.2 21 10 1 3 88% 129 4423 401 29%
c i 420.43 42 13 80 612 266170 1 10097226 33650 2.1 20 9 1 3 85% 144 4423 400 29%
c - 420.82 42 13 80 613 267269 1 10106594 20174 2.1 20 10 1 3 86% 124 4423 400 29%
c - 422.04 42 14 80 614 269953 2 10131352 25241 2.0 21 10 1 3 86% 125 4422 400 29%
c
c seconds    switched       rate            size/glue  tier1   binary      remaining
c         MB   reductions      conflicts          size   tier2   irredundant
c          level      restarts         redundant     glue   trail      variables
c
c - 423.27 40 14 80 615 272651 2 10156132 28021 2.0 22 11 1 3 86% 126 4422 400 29%
c - 424.33 40 15 80 616 274078 2 10180931 28832 2.0 21 11 1 3 87% 126 4422 400 29%
c - 425.26 40 14 80 617 275001 2 10205751 28830 2.0 22 11 1 3 87% 126 4422 400 29%
c - 426.36 40 15 80 618 277431 2 10230592 29879 2.0 22 11 1 3 87% 126 4422 400 29%
c - 427.42 40 14 80 619 278432 2 10255451 31026 2.1 22 11 1 3 88% 127 4421 400 29%
c - 428.96 40 15 80 620 280272 2 10280330 31467 2.0 22 11 1 3 88% 127 4421 400 29%
c - 430.31 40 14 80 621 281212 2 10305229 33135 2.1 22 11 1 3 88% 127 4421 400 29%
c - 431.63 43 14 80 622 281385 1 10330148 36078 2.3 24 10 1 3 87% 127 4421 400 29%
c - 433.03 43 14 80 623 282933 1 10355088 36285 2.3 24 10 1 3 88% 127 4421 400 29%
c } 433.61 43 14 81 623 283746 1 10365822 44005 2.3 24 10 1 3 88% 128 4421 400 29%
c [ 433.61 43 11 81 623 283746 1 10365822 44005 1.8 17 9 1 4 89% 128 4421 400 29%
c B 433.61 43 11 81 623 283746 1 10365822 44005 1.8 17 9 1 4 89% 128 4421 400 29%
c - 434.17 43 11 81 624 283754 1 10380047 35340 1.8 17 9 1 4 89% 128 4421 400 29%
c - 435.06 40 12 81 625 283766 1 10405028 33215 1.9 18 10 1 4 89% 128 4421 400 29%
c u 435.47 40 12 81 625 283767 1 10410321 34511 1.9 19 10 1 4 89% 171 4284 400 29%
c v 435.81 40 12 81 625 283767 1 10410321 30758 1.9 19 10 1 4 89% 173 4284 400 29%
c w 436.07 40 12 81 625 283767 1 10410321 28078 1.9 19 10 1 4 89% 173 4284 400 29%
c t 436.07 40 12 81 625 283767 1 10410321 28078 1.9 19 10 1 4 89% 163 4284 400 29%
c - 436.79 40 12 81 626 283775 1 10430029 24718 1.9 19 10 1 4 89% 163 4284 400 29%
c - 437.71 42 12 81 627 283782 1 10455049 25420 1.9 19 10 1 4 89% 163 4284 400 29%
c
c seconds    switched       rate            size/glue  tier1   binary      remaining
c         MB   reductions      conflicts          size   tier2   irredundant
c          level      restarts         redundant     glue   trail      variables
c
c - 438.62 42 13 81 628 283791 1 10480089 25126 1.8 20 11 1 4 89% 163 4284 400 29%
c - 439.38 42 13 81 629 283805 1 10505148 24786 1.8 19 11 1 4 87% 163 4284 400 29%
c - 440.23 42 13 81 630 283808 1 10530229 24840 1.8 19 11 1 4 86% 163 4284 400 29%
c - 441.11 42 13 81 631 283808 1 10555329 25295 1.8 19 11 1 4 87% 163 4284 400 29%
c s 441.51 42 13 81 631 283812 1 10567453 33879 1.8 19 11 1 4 86% 163 4170 400 29%
c e 441.51 10 13 81 631 283812 1 10567453 33879 1.8 19 11 1 4 86% 127 4419 377 28%
c 2 441.51 10 13 81 631 283812 1 10567453 33879 1.8 19 11 1 4 86% 126 4419 377 28%
c s 441.51 10 13 81 631 283812 1 10567453 33879 1.8 19 11 1 4 86% 127 4354 377 28%
c o 441.52 10 13 81 631 283812 1 10567453 28330 1.8 19 11 1 4 86% 127 4354 377 28%
c - 441.92 11 13 81 632 283820 1 10580450 22398 1.7 19 11 1 4 87% 127 4353 377 28%
c - 442.61 12 13 81 633 283830 1 10605591 22898 1.7 19 11 1 4 87% 127 4353 377 28%
c - 443.49 12 13 81 634 283839 1 10630752 22720 1.8 19 11 1 4 87% 127 4353 377 28%
c - 444.45 12 13 81 635 283846 1 10655932 23475 1.8 19 11 1 4 87% 127 4353 377 28%
c - 445.43 12 13 81 636 283857 1 10681131 23736 1.8 19 11 1 4 88% 127 4353 377 28%
c - 446.54 12 13 81 637 283869 1 10706351 23330 1.8 19 11 1 4 88% 127 4353 377 28%
c - 447.62 12 13 81 638 283871 1 10731589 24061 1.9 20 11 1 4 88% 127 4353 377 28%
c ] 448.34 12 13 82 638 283871 1 10748203 35140 1.9 20 10 1 4 88% 127 4353 377 28%
c { 448.34 12 14 82 638 283871 1 10748203 35140 2.3 24 10 1 3 88% 127 4353 377 28%
c - 448.79 12 14 82 639 283969 1 10756847 24338 2.3 23 10 1 3 88% 127 4353 377 28%
c - 450.14 10 13 82 640 284351 1 10782126 28269 2.4 24 10 1 3 89% 127 4353 377 28%
c
c seconds    switched       rate            size/glue  tier1   binary      remaining
c         MB   reductions      conflicts          size   tier2   irredundant
c          level      restarts         redundant     glue   trail      variables
c
c u 450.89 11 13 82 640 284354 1 10791507 35095 2.5 24 10 1 3 89% 129 4353 377 28%
c v 451.19 11 13 82 640 284354 1 10791507 31853 2.5 24 10 1 3 89% 129 4353 377 28%
c w 451.76 12 13 82 640 284354 1 10791507 26743 2.5 24 10 1 3 89% 129 4353 377 28%
c f 451.76 12 13 82 640 284354 1 10791507 26743 2.5 24 10 1 3 89% 132 4333 378 28%
c u 451.92 12 13 82 640 284354 1 10791507 26288 2.5 24 10 1 3 89% 132 4333 378 28%
c v 452.11 12 13 82 640 284354 1 10791507 25013 2.5 24 10 1 3 89% 132 4333 378 28%
c w 452.47 12 13 82 640 284354 1 10791507 22724 2.5 24 10 1 3 89% 133 4333 378 28%
c x 452.49 12 13 82 640 284354 1 10791507 22710 2.5 24 10 1 3 89% 134 4228 378 28%
c t 452.49 12 13 82 640 284354 1 10791507 22710 2.5 24 10 1 3 89% 133 4228 378 28%
c - 453.17 11 13 82 641 284467 1 10807424 22809 2.5 24 9 1 3 89% 133 4228 378 28%
c - 454.93 13 12 82 642 285235 1 10832741 25202 2.5 23 9 1 3 90% 133 4228 378 28%
c - 456.64 11 12 82 643 285693 1 10858078 28590 2.5 23 9 1 3 88% 134 4228 378 28%
c - 457.94 11 12 82 644 286060 1 10883435 30982 2.6 23 9 1 3 88% 135 4228 378 28%
c - 459.35 14 12 82 645 286376 1 10908812 32150 2.6 22 9 1 3 87% 136 4228 378 28%
c - 460.60 11 11 82 646 286703 1 10934208 31509 2.5 21 8 1 3 88% 136 4228 378 28%
c - 461.84 11 11 82 647 287753 1 10959626 31018 2.4 20 8 1 3 88% 137 4228 378 28%
c - 463.05 11 11 82 648 288703 1 10985062 30870 2.4 20 8 1 3 88% 139 4228 378 28%
c - 463.98 13 11 82 649 288781 1 11010517 29875 2.3 19 8 1 3 88% 139 4228 378 28%
c o 464.27 13 11 82 649 288782 1 11019230 34789 2.2 18 8 1 3 88% 140 4228 378 28%
c - 465.07 13 11 82 650 290082 1 11035992 30438 2.2 18 8 1 3 88% 142 4228 378 28%
c
c seconds    switched       rate            size/glue tier1   binary      remaining
c         MB   reductions      conflicts          size  tier2   irredundant
c          level      restarts         redundant    glue   trail      variables
c
c - 466.22 13 11 82 651 291520 1 11061488 31742 2.1 17 8 1 3 88% 143 4228 378 28%
c i 466.40 13 11 82 651 291758 1 11064465 33949 2.1 18 8 1 3 88% 144 4228 377 28%
c - 467.53 11 10 82 652 292513 1 11087004 32798 2.3 18 8 1 3 88% 138 4228 377 28%
c } 467.63 11 10 83 652 292513 1 11089809 35115 2.3 18 8 1 3 88% 138 4228 377 28%
c [ 467.63 11 13 83 652 292513 1 11089809 35115 1.9 20 10 1 4 88% 138 4228 377 28%
c W 467.69 11 13 83 652 292513 1 11089809 35115 1.9 20 10 1 4 88% 138 4217 377 28%
c - 468.57 11 13 83 653 292526 1 11112538 32873 1.9 20 11 1 4 88% 138 4217 377 28%
c - 469.59 11 13 83 654 292537 1 11138092 28467 1.9 20 11 1 4 88% 138 4217 377 28%
c - 470.52 13 13 83 655 292543 1 11163665 26982 1.8 19 10 1 4 87% 138 4217 377 28%
c u 471.52 13 12 83 655 292550 1 11181340 35097 1.8 19 10 1 4 87% 185 4215 376 28%
c v 471.83 13 12 83 655 292550 1 11181340 31443 1.8 19 10 1 4 87% 175 4215 375 27%
c w 472.01 13 12 83 655 292550 1 11181340 23889 1.8 19 10 1 4 87% 175 4215 375 27%
c t 474.09 39 12 83 655 292550 1 11181340 23888 1.8 19 10 1 4 87% 165 4204 375 27%
c u 474.23 39 12 83 655 292550 1 11181340 22765 1.8 19 10 1 4 87% 169 4204 375 27%
c v 474.39 39 12 83 655 292550 1 11181340 20671 1.8 19 10 1 4 87% 170 4204 375 27%
c w 474.51 39 12 83 655 292550 1 11181340 19445 1.8 19 10 1 4 87% 170 4204 375 27%
c x 474.54 39 12 83 655 292550 1 11181340 19417 1.8 19 10 1 4 87% 179 4036 375 27%
c d 474.54 39 12 83 655 292550 1 11181340 19413 1.8 19 10 1 4 87% 177 4036 374 27%
c t 474.54 39 12 83 655 292550 1 11181340 19413 1.8 19 10 1 4 87% 169 4036 374 27%
c i 474.54 39 12 83 655 292550 1 11181340 19413 1.8 19 10 1 4 87% 169 4036 374 27%
c
c seconds    switched       rate            size/glue  tier1   binary      remaining
c         MB   reductions      conflicts          size   tier2   irredundant
c          level      restarts         redundant     glue   trail      variables
c
c - 474.78 36 12 83 656 292555 1 11189258 17596 1.8 19 10 1 4 87% 157 4036 374 27%
c - 475.69 38 12 83 657 292565 1 11214871 20107 1.8 18 10 1 4 88% 157 4036 374 27%
c - 476.59 38 12 83 658 292574 1 11240505 21877 1.8 17 10 1 4 87% 158 4036 374 27%
c - 477.44 38 11 83 659 292575 1 11266157 22409 1.8 16 9 1 4 87% 160 4036 374 27%
c i 477.71 38 11 83 659 292575 1 11274992 26938 1.7 16 9 1 4 87% 173 4036 368 27%
c - 478.30 39 11 83 660 292580 1 11291828 18426 1.8 16 9 1 4 87% 136 4036 368 27%
c - 479.28 39 11 83 661 292590 1 11317519 22006 1.9 16 9 1 4 88% 138 4036 368 27%
c - 480.15 39 10 83 662 292604 1 11343228 22992 1.9 16 9 1 4 88% 139 4036 368 27%
c - 481.20 39 11 83 663 292607 1 11368958 23161 1.8 16 9 1 4 88% 140 4036 368 27%
c - 482.13 39 10 83 664 292621 1 11394707 23376 1.8 15 8 1 4 86% 143 4036 368 27%
c i 482.20 39 10 83 664 292621 1 11397025 24541 1.8 15 8 1 4 85% 154 4036 358 26%
c - 482.97 39 10 83 665 292634 1 11420476 20332 1.8 15 8 1 4 86% 130 4036 358 26%
c - 483.76 39 10 83 666 292637 1 11446264 22306 1.8 14 8 1 4 86% 133 4036 358 26%
c i 484.07 39 10 83 666 292638 1 11456921 28381 1.8 14 8 1 4 86% 148 4036 357 26%
c - 484.57 39 10 83 667 292638 1 11472070 20118 1.8 14 8 1 4 86% 133 4036 357 26%
c I 484.92 39 10 83 667 292638 1 11483173 25891 1.8 14 8 1 4 86% 135 4036 357 26%
c o 484.92 39 10 83 667 292638 1 11483173 25891 1.8 14 8 1 4 86% 135 4036 357 26%
c - 485.39 39 10 83 668 292639 1 11497898 22507 1.8 14 8 1 4 87% 136 4036 357 26%
c i 485.80 39 9 83 668 292639 1 11508510 28253 1.8 14 8 1 4 87% 148 4036 341 25%
c i 485.91 39 9 83 668 292639 1 11511761 30160 1.8 13 8 1 4 87% 160 4036 340 25%
c
c seconds   switched       rate            size/glue tier1   binary      remaining
c         MB  reductions      conflicts          size  tier2   irredundant
c          level     restarts         redundant    glue   trail      variables
c
c i 485.98 39 9 83 668 292639 1 11513711 30949 1.8 13 8 1 4 87% 172 4036 310 23%
c i 485.99 39 9 83 668 292639 1 11513973 31059 1.8 13 8 1 4 87% 178 4036 299 22%
c i 486.00 39 9 83 668 292639 1 11514124 31105 1.8 13 8 1 4 87% 184 4036 226 17%
c i 486.00 39 9 83 668 292639 1 11514174 31115 1.8 13 8 1 4 87% 188 4036 214 16%
c i 486.00 39 9 83 668 292639 1 11514182 31121 1.8 13 8 1 4 87% 188 4036 213 16%
c i 486.00 39 9 83 668 292639 1 11514236 31151 1.8 13 8 1 4 87% 193 4036 211 15%
c i 486.00 39 9 83 668 292639 1 11514276 31171 1.8 13 8 1 4 87% 198 4036 210 15%
c i 486.00 39 9 83 668 292639 1 11514286 31173 1.8 13 8 1 4 87% 201 4036 208 15%
c i 486.00 39 9 83 668 292639 1 11514293 31173 1.8 13 8 1 4 87% 204 4036 180 13%
c i 486.00 39 9 83 668 292639 1 11514295 31173 1.8 13 8 1 4 87% 205 4036 178 13%
c ] 486.00 39 9 83 668 292639 1 11514298 31172 1.8 13 8 1 4 87% 206 4036 101 7%
c 0 486.00 39 10 83 668 292639 1 11514298 31172 2.3 18 8 1 3 88% 206 4036 101 7%
c
c ---- [ result ] ------------------------------------------------------------
c
s UNSATISFIABLE
c
c ---- [ profiling ] ---------------------------------------------------------
c
c         447.27   92.03 %  search
c         226.65   46.64 %  focused
c         220.62   45.40 %  stable
c          38.71    7.97 %  simplify
c          38.21    7.86 %  probe
c          24.51    5.04 %  vivify
c          13.45    2.77 %  sweep
c           1.69    0.35 %  reduce
c           0.43    0.09 %  walking
c           0.17    0.04 %  substitute
c           0.08    0.02 %  eliminate
c           0.06    0.01 %  factor
c           0.02    0.00 %  preprocess
c           0.01    0.00 %  subsume
c           0.01    0.00 %  congruence
c           0.01    0.00 %  transitive
c           0.00    0.00 %  backbone
c           0.00    0.00 %  lucky
c           0.00    0.00 %  parse
c =============================================
c         486.00  100.00 %  total
c
c ---- [ statistics ] --------------------------------------------------------
c
c conflicts:                         11514298            23691.68 per second
c congruent:                               53                4 %  variables
c decisions:                         14463721                1.26 per conflict
c eliminated:                             959               70 %  variables
c factored:                                61                4 %  variables
c iterations:                              18                1 %  variables
c propagations:                    1349294468          2776292    per second
c reductions:                             668            17237    interval
c reordered:                               45           255873    interval
c rephased:                                63           182767    interval
c restarts:                            292639               39    interval
c strengthened:                          1414                0 %  checks
c substituted:                             86                6 %  variables
c subsumed:                              1003                0 %  checks
c switched:                                83           138726    interval
c vivified:                            560359               36 %  checks
c walks:                                   21           548300    interval
c
c ---- [ glue usage ] --------------------------------------------------------
c
c focused glue 1 used 96678622 clauses 76.80% accumulated 76.80% tier1
c focused glue 2 used 14947139 clauses 11.87% accumulated 88.68%
c focused glue 3 used  4337197 clauses  3.45% accumulated 92.12% tier2
c
c stable glue 1 used 104597000 clauses 71.90% accumulated 71.90% tier1
c stable glue 2 used  17750234 clauses 12.20% accumulated 84.11%
c stable glue 3 used   6243177 clauses  4.29% accumulated 88.40%
c stable glue 4 used   3693765 clauses  2.54% accumulated 90.94% tier2
c
c ---- [ resources ] ---------------------------------------------------------
c
c maximum-resident-set-size:        424259584 bytes        405 MB
c process-time:                          8m 6s             486.00 seconds
c
c ---- [ shutting down ] -----------------------------------------------------
c
c exit 20
