c ---- [ banner ] ------------------------------------------------------------
c
c Kissat SAT Solver
c 
c Copyright (c) 2021-2024 Armin Biere University of Freiburg
c Copyright (c) 2019-2021 Armin Biere Johannes Kepler University Linz
c 
c Version 4.0.4 8af8e56f174b778aef3aa45af9f739b2a5f492c2
c gcc (GCC) 15.2.1 20260123 (Red Hat 15.2.1-7) -W -Wall -O3 -DNDEBUG
c Thu Apr 23 06:47:51 PM IST 2026 Linux krishnendu-LN 6.19.12-200.fc43.x86_64 x86_64
c
c ---- [ parsing ] -----------------------------------------------------------
c
c opened and reading DIMACS file:
c
c   /home/krishnendu/Research/fv-invariant-mining/data/circuits/cnf/miter_mult_11bit.cnf
c
c parsed 'p cnf 1368 5184' header
c closing input after reading 82324 bytes (80 KB)
c finished parsing after 0.00 seconds
c
c ---- [ options ] -----------------------------------------------------------
c
c --decay=130                      (different from default '50')
c --eliminateeffort=400            (different from default '100')
c
c ---- [ solving ] -----------------------------------------------------------
c
c seconds switched rate     size/glue tier1  binary       remaining
c        MB reductions conflicts size  tier2   irredundant
c         level restarts redundant glue  trail       variables
c
c *  0.00  3 0 0 0  0 0   0   0 0.0 0 0 0 0 0% 1797 3385 1365 100%
c (  0.00  3 0 0 0  0 0   0   0 0.0 0 0 0 0 0% 1797 3385 1365 100%
c .  0.00  3 0 0 0  0 0   0   0 0.0 0 0 0 0 0% 1793 3385 1365 100%
c c  0.00  4 0 0 0  0 0   0   0 0.0 0 0 0 0 0% 1876 3383 1312 96%
c d  0.00  4 0 0 0  0 0   0   0 0.0 0 0 0 0 0% 1688 3383 1312 96%
c =  0.02  4 0 0 0  0 0   0   0 0.0 0 0 0 0 0% 1698 3373 1306 96%
c d  0.02  4 0 0 0  0 0   0   0 0.0 0 0 0 0 0% 1684 3373 1306 96%
c f  0.02  4 0 0 0  0 0   0   0 0.0 0 0 0 0 0% 1653 3352 1334 98%
c )  0.02  4 0 0 0  0 0   0   0 0.0 0 0 0 0 0% 1653 3352 1334 98%
c {  0.02  4 0 0 0  0 0   0   0 0.0 0 0 2 6 0% 1653 3352 1334 98%
c -  0.05  4 20 0 1 127 3 1000 593 3.1 30 10 3 12 80% 1674 3352 1334 98%
c }  0.05  4 20 1 1 127 3 1000 593 3.1 30 10 3 12 80% 1674 3352 1334 98%
c [  0.05  4 0 1 1 127 0 1000 593 0.0 0 0 2 6 0% 1674 3352 1334 98%
c B  0.05  4 44 1 1 127 10 1003 596 1.9 10 5 2 6 45% 1674 3352 1334 98%
c -  0.08  5 27 1 2 127 1 2001 1267 4.0 35 9 3 9 89% 1676 3352 1334 98%
c W  0.08  4 27 1 2 127 1 2004 1270 4.0 35 9 3 9 89% 1676 3352 1334 98%
c ]  0.09  4 26 2 2 128 1 2305 1486 3.1 33 10 3 9 89% 1676 3352 1334 98%
c {  0.09  4 20 2 2 128 3 2305 1486 3.1 30 10 3 12 80% 1676 3352 1334 98%
c u  0.13  5 20 2 2 291 3 3262 2232 3.4 35 10 2 11 81% 1693 3352 1334 98%
c v  0.13  5 20 2 2 291 3 3262 2170 3.4 35 10 2 11 81% 1693 3352 1334 98%
c
c seconds  switched  rate       size/glue  tier1     binary       remaining
c        MB reductions conflicts      size   tier2     irredundant
c         level restarts   redundant     glue    trail       variables
c
c w  0.14  5 20 2 2 291 3 3262 2168 3.4 35 10 2 11 81% 1693 3352 1334 98%
c x  0.14  5 20 2 2 291 3 3262 2168 3.4 35 10 2 11 81% 1709 3285 1334 98%
c =  0.15  5 20 2 2 291 3 3262 2168 3.4 35 10 2 11 81% 1735 3280 1321 97%
c d  0.16  5 20 2 2 291 3 3262 2168 3.4 35 10 2 11 81% 1696 3280 1321 97%
c t  0.16  5 20 2 2 291 3 3262 2168 3.4 35 10 2 11 81% 1681 3280 1321 97%
c f  0.16  5 20 2 2 291 3 3262 2168 3.4 35 10 2 11 81% 1680 3280 1322 97%
c u  0.16  5 20 2 2 291 3 3262 2144 3.4 35 10 2 11 81% 1680 3280 1322 97%
c v  0.16  5 20 2 2 291 3 3262 2084 3.4 35 10 2 11 81% 1680 3280 1322 97%
c w  0.16  5 20 2 2 291 3 3262 2074 3.4 35 10 2 11 81% 1680 3280 1322 97%
c x  0.17  5 20 2 2 291 3 3262 2074 3.4 35 10 2 11 81% 1682 3270 1322 97%
c =  0.18  5 20 2 2 291 3 3262 2074 3.4 35 10 2 11 81% 1702 3270 1312 96%
c d  0.18  5 20 2 2 291 3 3262 2074 3.4 35 10 2 11 81% 1672 3270 1312 96%
c }  0.19  5 20 3 2 291 3 3306 2114 3.4 35 10 2 11 81% 1673 3270 1312 96%
c [  0.19  5 26 3 2 291 1 3306 2114 3.1 33 10 3 9 89% 1673 3270 1312 96%
c -  0.19  5 25 3 3 291 1 3415 1685 3.1 32 10 3 10 89% 1673 3270 1312 96%
c ]  0.22  5 21 4 3 291 1 4219 2321 2.8 29 11 3 10 83% 1675 3270 1312 96%
c {  0.22  5 20 4 3 291 3 4219 2321 3.4 35 10 2 11 81% 1675 3270 1312 96%
c -  0.26  6 20 4 4 381 3 5150 2220 3.1 32 10 2 10 79% 1681 3270 1312 96%
c }  0.31  6 21 5 4 514 3 6572 3551 3.0 32 11 2 10 81% 1684 3270 1312 96%
c [  0.31  6 21 5 4 514 1 6572 3551 2.8 29 11 3 10 83% 1684 3270 1312 96%
c
c seconds  switched  rate       size/glue  tier1     binary       remaining
c        MB reductions conflicts      size   tier2     irredundant
c         level restarts   redundant     glue    trail       variables
c
c I  0.31  6 21 5 4 514 1 6572 3551 2.8 29 11 3 10 83% 1684 3270 1312 96%
c -  0.33  6 22 5 5 514 1 7153 2971 2.5 29 12 3 11 86% 1684 3270 1312 96%
c -  0.38  6 21 5 6 516 1 9390 3485 2.2 28 13 3 13 87% 1685 3270 1312 96%
c u  0.39  5 21 5 6 516 1 10057 3844 2.1 27 13 3 13 88% 1696 3270 1312 96%
c v  0.40  5 21 5 6 516 1 10057 3792 2.1 27 13 3 13 88% 1696 3270 1312 96%
c w  0.41  5 21 5 6 516 1 10057 3764 2.1 27 13 3 13 88% 1696 3270 1312 96%
c t  0.43  5 21 5 6 516 1 10057 3764 2.1 27 13 3 13 88% 1694 3270 1312 96%
c o  0.43  5 21 5 6 516 1 10057 3764 2.1 27 13 3 13 88% 1694 3270 1312 96%
c B  0.43  5 20 5 6 516 1 10344 4021 2.2 27 13 3 13 88% 1694 3270 1312 96%
c ]  0.44  5 20 6 6 517 1 11029 4640 2.1 27 13 3 13 89% 1696 3270 1312 96%
c {  0.44  5 21 6 6 517 3 11029 4640 3.0 32 11 2 10 81% 1696 3270 1312 96%
c -  0.46  5 22 6 7 542 3 11840 3794 2.9 29 10 2 10 81% 1697 3270 1312 96%
c i  0.48  5 22 6 7 594 3 13755 5517 2.8 27 10 2 10 79% 1709 3270 1310 96%
c -  0.50  5 22 6 8 730 3 14486 4680 2.7 26 10 2 11 79% 1702 3270 1310 96%
c }  0.51  5 21 7 8 812 3 15098 5173 2.6 26 10 2 11 79% 1703 3270 1310 96%
c [  0.51  5 20 7 8 812 1 15098 5173 2.1 27 13 3 13 89% 1703 3270 1310 96%
c W  0.53  5 20 7 8 812 1 15874 5879 2.1 27 13 3 13 89% 1704 3264 1310 96%
c s  0.53  5 20 7 8 813 1 16300 6270 2.0 27 13 3 13 88% 1708 3255 1310 96%
c e  0.54  6 20 7 8 813 1 16300 6270 2.0 27 13 3 13 88% 506 3961 804 59%
c 2  0.54  6 20 7 8 813 1 16300 6270 2.0 27 13 3 13 88% 504 3961 804 59%
c
c seconds  switched  rate        size/glue  tier1    binary      remaining
c        MB reductions conflicts       size   tier2    irredundant
c         level restarts    redundant     glue    trail      variables
c
c s  0.54  6 20 7 8 813 1 16300 6270 2.0 27 13 3 13 88% 511 3853 804 59%
c e  0.54  6 20 7 8 813 1 16300 6270 2.0 27 13 3 13 88% 486 3873 791 58%
c ^  0.54  6 20 7 8 813 1 16300 6270 2.0 27 13 3 13 88% 486 3873 791 58%
c -  0.55  5 20 7 9 814 1 17316 1774 2.0 26 13 3 15 85% 486 3873 791 58%
c ]  0.59  5 20 8 9 814 1 18952 3240 2.0 26 13 3 15 85% 486 3873 791 58%
c {  0.59  5 21 8 9 814 3 18952 3240 2.6 26 10 2 11 79% 486 3873 791 58%
c -  0.63  5 21 8 10 1137 3 20317 3569 2.5 27 11 2 11 81% 486 3873 791 58%
c u  0.64  5 21 8 10 1137 3 20601 3647 2.6 27 11 2 11 81% 486 3873 791 58%
c v  0.65  5 21 8 10 1137 3 20601 3561 2.6 27 11 2 11 81% 486 3873 791 58%
c w  0.65  5 21 8 10 1137 3 20601 3548 2.6 27 11 2 11 81% 486 3873 791 58%
c x  0.65  5 21 8 10 1137 3 20601 3548 2.6 27 11 2 11 81% 487 3765 791 58%
c t  0.65  5 21 8 10 1137 3 20601 3548 2.6 27 11 2 11 81% 479 3765 791 58%
c f  0.66  5 21 8 10 1137 3 20601 3548 2.6 27 11 2 11 81% 526 3670 814 60%
c u  0.66  5 21 8 10 1137 3 20601 3515 2.6 27 11 2 11 81% 526 3670 814 60%
c v  0.67  5 21 8 10 1137 3 20601 3382 2.6 27 11 2 11 81% 526 3670 814 60%
c w  0.67  5 21 8 10 1137 3 20601 3369 2.6 27 11 2 11 81% 526 3670 814 60%
c x  0.67  5 21 8 10 1137 3 20601 3369 2.6 27 11 2 11 81% 529 3621 814 60%
c t  0.68  5 21 8 10 1137 3 20601 3369 2.6 27 11 2 11 81% 528 3621 814 60%
c o  0.68  5 21 8 10 1137 3 20601 3369 2.6 27 11 2 11 81% 528 3621 814 60%
c -  0.78  6 20 8 11 1427 2 23480 5097 2.7 29 11 2 10 83% 531 3621 814 60%
c
c seconds  switched    rate        size/glue  tier1    binary      remaining
c        MB  reductions  conflicts       size   tier2    irredundant
c         level   restarts    redundant     glue    trail      variables
c
c }  0.84  6 19 9 11 1430 2 25112 6691 2.9 29 10 2 10 85% 531 3621 814 60%
c [  0.84  6 20 9 11 1430 1 25112 6691 2.0 26 13 3 15 85% 531 3621 814 60%
c O  0.84  6 20 9 11 1430 1 25112 6691 2.0 26 13 3 15 85% 531 3621 814 60%
c -  0.90  7 20 9 12 1431 1 26797 6675 2.1 27 13 3 14 84% 533 3621 814 60%
c -  1.02  7 20 9 13 1434 1 30262 6314 2.0 27 13 2 13 85% 533 3621 814 60%
c ]  1.07  7 19 10 13 1435 1 31847 7470 2.0 26 13 2 13 85% 533 3621 814 60%
c {  1.07  7 19 10 13 1435 2 31847 7470 2.9 29 10 2 10 85% 533 3621 814 60%
c s  1.10  7 19 10 13 1609 2 32960 8389 2.9 29 10 2 10 83% 533 3620 814 60%
c e  1.10  7 19 10 13 1609 2 32960 8389 2.9 29 10 2 10 83% 425 3803 719 53%
c s  1.10  7 19 10 13 1609 2 32960 8389 2.9 29 10 2 10 83% 427 3772 719 53%
c e  1.10  7 19 10 13 1609 2 32960 8389 2.9 29 10 2 10 83% 410 3792 712 52%
c ^  1.10  7 19 10 13 1609 2 32960 8389 2.9 29 10 2 10 83% 410 3792 712 52%
c -  1.13  6 20 10 14 1776 2 33868 3413 2.8 29 10 1 8 83% 414 3792 712 52%
c u  1.19  6 19 10 14 1869 2 35546 4783 2.8 29 10 1 8 83% 417 3792 712 52%
c v  1.21  6 19 10 14 1869 2 35546 4080 2.8 29 10 1 8 83% 417 3792 712 52%
c w  1.21  6 19 10 14 1869 2 35546 4056 2.8 29 10 1 8 83% 417 3792 712 52%
c x  1.22  6 19 10 14 1869 2 35546 4055 2.8 29 10 1 8 83% 419 3746 712 52%
c t  1.22  6 19 10 14 1869 2 35546 4055 2.8 29 10 1 8 83% 417 3746 712 52%
c f  1.22  6 19 10 14 1869 2 35546 4055 2.8 29 10 1 8 83% 419 3738 714 52%
c u  1.22  6 19 10 14 1869 2 35546 4032 2.8 29 10 1 8 83% 419 3738 714 52%
c
c seconds   switched    rate        size/glue  tier1   binary      remaining
c        MB   reductions  conflicts       size   tier2   irredundant
c         level    restarts    redundant     glue   trail      variables
c
c v  1.24  6 19 10 14 1869 2 35546 3625 2.8 29 10 1 8 83% 419 3738 714 52%
c w  1.25  6 19 10 14 1869 2 35546 3578 2.8 29 10 1 8 83% 419 3738 714 52%
c x  1.25  6 19 10 14 1869 2 35546 3578 2.8 29 10 1 8 83% 419 3732 714 52%
c -  1.30  6 20 10 15 1983 2 37610 4808 2.8 29 10 1 8 82% 420 3731 714 52%
c }  1.40  7 20 11 15 2305 2 40475 7468 2.9 30 10 1 8 82% 422 3731 714 52%
c [  1.40  7 19 11 15 2305 1 40475 7468 2.0 26 13 2 13 85% 422 3731 714 52%
c B  1.40  7 19 11 15 2305 1 40475 7468 2.0 26 13 2 13 85% 422 3731 714 52%
c -  1.42  7 19 11 16 2305 1 41483 6633 2.0 26 13 2 12 85% 422 3731 714 52%
c -  1.52  7 19 11 17 2308 1 45483 6788 1.9 26 14 2 13 86% 423 3731 714 52%
c -  1.64  7 19 11 18 2311 1 49607 6221 1.9 25 14 2 13 86% 423 3731 714 52%
c ]  1.69  7 19 12 18 2311 1 51513 7669 1.8 25 14 2 13 86% 423 3731 714 52%
c {  1.69  7 20 12 18 2311 2 51513 7669 2.9 30 10 1 8 82% 423 3731 714 52%
c o  1.69  7 20 12 18 2315 2 51528 7682 2.9 30 10 1 8 82% 423 3731 714 52%
c -  1.77  7 20 12 19 2648 2 53850 7380 2.8 30 11 1 7 81% 425 3731 714 52%
c u  1.82  7 20 12 19 2869 2 54788 7832 2.8 30 11 1 7 82% 428 3731 714 52%
c v  1.84  7 20 12 19 2869 2 54788 7521 2.8 30 11 1 7 82% 429 3731 714 52%
c w  1.85  7 20 12 19 2869 2 54788 7356 2.8 30 11 1 7 82% 429 3731 714 52%
c t  1.92  7 20 12 19 2869 2 54788 7356 2.8 30 11 1 7 82% 425 3731 714 52%
c -  2.03  7 20 12 20 2881 2 58209 8882 2.8 30 10 1 6 81% 426 3731 714 52%
c -  2.20  7 20 12 21 3188 2 62682 10709 2.9 30 10 1 5 80% 428 3731 714 52%
c
c seconds   switched    rate         size/glue  tier1   binary      remaining
c        MB   reductions  conflicts        size   tier2   irredundant
c         level    restarts     redundant     glue   trail      variables
c
c }  2.21  7 20 13 21 3215 2 62992 10993 2.9 30 10 1 5 81% 428 3731 714 52%
c [  2.21  7 19 13 21 3215 1 62992 10993 1.8 25 14 2 13 86% 428 3731 714 52%
c W  2.21  6 19 13 21 3215 1 62992 10993 1.8 25 14 2 13 86% 428 3731 714 52%
c -  2.33  7 19 13 22 3218 1 67268 10019 1.8 25 14 2 12 86% 429 3731 714 52%
c e  2.38  7 19 13 22 3220 1 69289 11707 1.8 25 14 2 12 86% 336 3933 652 48%
c s  2.38  7 19 13 22 3220 1 69289 11707 1.8 25 14 2 12 86% 338 3906 652 48%
c e  2.38  7 19 13 22 3220 1 69289 11707 1.8 25 14 2 12 86% 329 3917 647 47%
c ^  2.38  7 19 13 22 3220 1 69289 11707 1.8 25 14 2 12 86% 329 3917 647 47%
c -  2.46  6 19 13 23 3221 1 71958 5141 1.8 25 14 2 11 86% 329 3917 647 47%
c -  2.58  7 19 13 24 3223 1 76754 5556 1.8 25 14 2 11 87% 329 3917 647 47%
c I  2.60  7 18 13 24 3224 1 77899 6444 1.8 25 14 2 11 87% 329 3917 647 47%
c u  2.61  7 18 13 24 3224 1 78458 6537 1.8 25 14 2 11 87% 329 3917 647 47%
c v  2.63  7 18 13 24 3224 1 78458 5734 1.8 25 14 2 11 87% 329 3917 647 47%
c w  2.64  7 18 13 24 3224 1 78458 5434 1.8 25 14 2 11 87% 329 3917 647 47%
c x  2.64  6 18 13 24 3224 1 78458 5433 1.8 25 14 2 11 87% 330 3875 647 47%
c t  2.64  6 18 13 24 3224 1 78458 5433 1.8 25 14 2 11 87% 326 3875 647 47%
c ]  2.72  7 18 14 24 3226 1 81191 7506 1.8 25 14 2 11 86% 327 3875 647 47%
c {  2.72  7 20 14 24 3226 2 81191 7506 2.9 30 10 1 5 81% 327 3875 647 47%
c o  2.74  7 20 14 24 3304 2 81539 7832 2.9 30 10 1 5 81% 327 3875 647 47%
c -  2.74  7 20 14 25 3332 2 81653 5370 2.8 30 10 1 5 81% 327 3875 647 47%
c
c seconds   switched    rate        size/glue  tier1   binary      remaining
c        MB   reductions  conflicts       size   tier2   irredundant
c         level    restarts    redundant     glue   trail      variables
c
c -  2.91  7 20 14 26 4184 2 86653 7278 2.8 30 11 1 5 82% 328 3875 647 47%
c -  3.09  7 20 14 27 4619 2 91752 9050 2.7 30 11 1 5 81% 329 3875 647 47%
c }  3.28  7 20 15 27 4983 2 95906 12876 2.7 30 11 1 5 81% 329 3875 647 47%
c [  3.28  7 18 15 27 4983 1 95906 12876 1.8 25 14 2 11 86% 329 3875 647 47%
c B  3.28  7 18 15 27 4983 1 95906 12876 1.8 25 14 2 11 86% 329 3875 647 47%
c -  3.30  8 18 15 28 4984 1 96949 10357 1.8 25 14 2 11 87% 329 3875 647 47%
c -  3.39  7 18 15 29 4988 1 102241 10592 1.8 24 13 2 11 87% 330 3874 647 47%
c u  3.48  8 18 15 29 4989 1 106679 14091 1.8 24 13 2 11 87% 330 3874 647 47%
c v  3.49  8 18 15 29 4989 1 106679 13711 1.8 24 13 2 11 87% 330 3874 647 47%
c w  3.51  9 18 15 29 4989 1 106679 13683 1.8 24 13 2 11 87% 330 3874 647 47%
c x  3.51  9 18 15 29 4989 1 106679 13683 1.8 24 13 2 11 87% 330 3870 647 47%
c -  3.54  7 18 15 30 4989 1 107626 8734 1.8 24 13 2 11 87% 330 3870 647 47%
c -  3.67  7 18 15 31 4993 1 113104 7721 1.8 24 14 2 11 87% 330 3870 647 47%
c W  3.76  7 18 15 31 4996 1 116817 10621 1.8 24 13 2 11 87% 330 3870 647 47%
c -  3.80  7 18 15 32 4996 1 118671 7232 1.8 24 14 2 11 87% 330 3870 647 47%
c ]  3.87  7 18 16 32 4997 1 121826 9824 1.8 24 14 2 11 87% 330 3870 647 47%
c {  3.87  7 20 16 32 4997 2 121826 9824 2.7 30 11 1 5 81% 330 3870 647 47%
c o  3.87  7 20 16 32 5005 2 121965 9928 2.7 30 11 1 5 81% 330 3870 647 47%
c -  3.95  8 20 16 33 5249 2 124329 8895 2.7 30 11 1 5 81% 330 3870 647 47%
c s  3.99  8 19 16 33 5249 2 127709 11258 2.6 29 11 1 5 77% 330 3869 647 47%
c
c seconds   switched    rate          size/glue  tier1   binary      remaining
c        MB   reductions  conflicts         size   tier2   irredundant
c         level    restarts      redundant     glue   trail      variables
c
c e  3.99  8 19 16 33 5249 2 127709 11258 2.6 29 11 1 5 77% 217 4177 588 43%
c s  3.99  8 19 16 33 5249 2 127709 11258 2.6 29 11 1 5 77% 219 4117 588 43%
c e  3.99  8 19 16 33 5249 2 127709 11258 2.6 29 11 1 5 77% 215 4129 586 43%
c ^  3.99  8 19 16 33 5249 2 127709 11258 2.6 29 11 1 5 77% 215 4129 586 43%
c -  4.06  7 20 16 34 5259 2 130074 6929 2.6 28 11 1 5 76% 215 4129 586 43%
c -  4.25  8 20 16 35 5493 2 135904 10280 2.6 27 11 1 5 74% 215 4129 586 43%
c u  4.39  8 20 16 35 5603 2 139661 13182 2.6 28 11 1 5 75% 216 4129 586 43%
c v  4.42  8 20 16 35 5603 2 139661 12700 2.6 28 11 1 5 75% 216 4129 586 43%
c w  4.43  8 20 16 35 5603 2 139661 12652 2.6 28 11 1 5 75% 216 4129 586 43%
c f  4.43  7 20 16 35 5603 2 139661 12652 2.6 28 11 1 5 75% 218 4117 587 43%
c u  4.44  8 20 16 35 5603 2 139661 12600 2.6 28 11 1 5 75% 218 4117 587 43%
c v  4.46  8 20 16 35 5603 2 139661 12472 2.6 28 11 1 5 75% 218 4117 587 43%
c w  4.47  8 20 16 35 5603 2 139661 12433 2.6 28 11 1 5 75% 218 4117 587 43%
c x  4.48  8 20 16 35 5603 2 139661 12433 2.6 28 11 1 5 75% 220 4073 587 43%
c t  4.57  8 20 16 35 5603 2 139661 12433 2.6 28 11 1 5 75% 218 4073 587 43%
c }  4.58  7 20 17 35 5608 2 140163 12923 2.6 28 11 1 5 75% 218 4073 587 43%
c [  4.58  7 18 17 35 5608 1 140163 12923 1.8 24 14 2 11 87% 218 4073 587 43%
c O  4.61  8 18 17 35 5608 1 141042 13782 1.8 24 13 2 11 87% 218 4073 587 43%
c -  4.63  8 18 17 36 5609 1 141821 11543 1.8 24 13 2 11 87% 218 4073 587 43%
c -  4.83  8 18 17 37 5613 1 147822 10578 1.8 24 13 2 10 86% 218 4073 587 43%
c
c seconds   switched    rate          size/glue  tier1    binary      remaining
c        MB   reductions  conflicts         size   tier2    irredundant
c         level    restarts      redundant     glue    trail      variables
c
c ]  5.01  8 18 18 37 5614 1 152220 14375 1.8 24 13 2 10 85% 218 4073 587 43%
c {  5.01  8 20 18 37 5614 2 152220 14375 2.6 28 11 1 5 75% 218 4073 587 43%
c -  5.09  8 20 18 38 5704 2 153905 9673 2.6 28 11 1 5 75% 218 4073 587 43%
c -  5.34  8 20 18 39 5939 2 160070 11741 2.7 28 11 1 5 77% 219 4073 587 43%
c -  5.59  8 19 18 40 6031 2 166314 13167 2.7 28 10 1 4 78% 219 4073 587 43%
c -  5.83  8 18 18 41 6041 2 172639 13217 2.7 27 10 1 4 79% 219 4073 587 43%
c }  5.89  8 18 19 41 6041 2 174567 14476 2.7 27 10 1 4 79% 219 4073 587 43%
c [  5.89  8 18 19 41 6041 1 174567 14476 1.8 24 13 2 10 85% 219 4073 587 43%
c B  5.89  8 18 19 41 6041 1 174567 14476 1.8 24 13 2 10 85% 219 4073 587 43%
c o  5.89  8 18 19 41 6041 1 174567 14476 1.8 24 13 2 10 85% 219 4073 587 43%
c u  5.95  9 18 19 41 6043 1 177373 16198 1.8 24 13 2 10 86% 219 4073 587 43%
c v  5.97  9 18 19 41 6043 1 177373 15241 1.8 24 13 2 10 86% 219 4073 587 43%
c w  5.99 10 18 19 41 6043 1 177373 14784 1.8 24 13 2 10 86% 219 4073 587 43%
c x  6.00 10 18 19 41 6043 1 177373 14780 1.8 24 13 2 10 86% 219 4039 587 43%
c -  6.04  8 18 19 42 6044 1 179042 10720 1.8 24 13 2 10 86% 219 4039 587 43%
c -  6.18  8 18 19 43 6047 1 185523 8676 1.8 24 14 2 10 86% 219 4039 587 43%
c -  6.33  8 18 19 44 6052 1 192080 7454 1.8 24 14 2 10 86% 219 4039 587 43%
c -  6.49  8 18 19 45 6054 1 198713 7393 1.7 24 14 2 10 87% 219 4039 587 43%
c -  6.64  8 18 19 46 6055 1 205423 7665 1.7 24 14 2 10 87% 219 4039 587 43%
c W  6.66  7 18 19 46 6055 1 206017 8132 1.7 24 14 2 10 87% 219 4039 587 43%
c
c seconds   switched    rate          size/glue  tier1    binary      remaining
c        MB   reductions  conflicts         size   tier2    irredundant
c         level    restarts      redundant     glue    trail      variables
c
c e  6.76  7 18 19 46 6058 1 210417 11424 1.7 24 14 2 10 87% 166 4592 506 37%
c s  6.76  7 18 19 46 6058 1 210417 11424 1.7 24 14 2 10 87% 168 4400 506 37%
c e  6.76  7 18 19 46 6058 1 210417 11424 1.7 24 14 2 10 87% 155 4479 495 36%
c ^  6.76  7 18 19 46 6058 1 210417 11424 1.7 24 14 2 10 87% 155 4479 495 36%
c -  6.79  6 18 19 47 6059 1 212205 4157 1.7 24 14 2 10 87% 155 4479 495 36%
c -  6.92  6 18 19 48 6062 1 219060 5493 1.7 24 14 2 10 88% 155 4479 495 36%
c u  6.94  6 18 19 48 6063 1 220115 6116 1.7 24 14 2 10 88% 155 4479 495 36%
c v  6.95  7 18 19 48 6063 1 220115 5466 1.7 24 14 2 10 88% 155 4479 495 36%
c w  6.97  7 18 19 48 6063 1 220115 4782 1.7 24 14 2 10 88% 155 4479 495 36%
c x  6.98  6 18 19 48 6063 1 220115 4778 1.7 24 14 2 10 88% 157 4306 495 36%
c t  6.98  6 18 19 48 6063 1 220115 4778 1.7 24 14 2 10 88% 156 4306 495 36%
c ]  6.98  6 18 20 48 6063 1 220298 4954 1.7 24 14 2 10 88% 156 4306 495 36%
c {  6.98  6 18 20 48 6063 2 220298 4954 2.7 27 10 1 4 79% 156 4306 495 36%
c -  7.15  8 18 20 49 6437 2 225988 8164 2.8 28 10 1 4 80% 156 4306 495 36%
c -  7.39  8 18 20 50 6830 2 232988 12610 2.9 30 10 1 4 82% 156 4306 495 36%
c o  7.46  8 18 20 50 7087 2 234732 14103 2.9 30 10 1 4 82% 156 4306 495 36%
c -  7.67  9 18 20 51 8434 2 240059 12645 2.8 30 11 1 4 82% 156 4306 495 36%
c }  7.90  9 18 21 51 9049 2 247037 18901 2.8 30 11 1 4 82% 156 4306 495 36%
c [  7.90  9 18 21 51 9049 1 247037 18901 1.7 24 14 2 10 88% 156 4306 495 36%
c I  7.90  9 18 21 51 9049 1 247037 18901 1.7 24 14 2 10 88% 156 4306 495 36%
c
c seconds   switched    rate          size/glue  tier1    binary      remaining
c        MB   reductions  conflicts         size   tier2    irredundant
c         level    restarts      redundant     glue    trail      variables
c
c -  7.91  9 18 21 52 9049 1 247200 12244 1.7 24 14 2 10 88% 156 4306 495 36%
c -  8.01  9 18 21 53 9054 1 254411 12116 1.7 23 14 2 10 88% 156 4306 495 36%
c -  8.14  7 17 21 54 9058 1 261691 9369 1.7 23 14 2 10 88% 156 4306 495 36%
c u  8.25  8 17 21 54 9061 1 267618 13399 1.7 23 13 2 10 88% 157 4306 495 36%
c v  8.28  8 17 21 54 9061 1 267618 12745 1.7 23 13 2 10 88% 157 4306 495 36%
c w  8.30  9 17 21 54 9061 1 267618 12229 1.7 23 13 2 10 88% 157 4306 495 36%
c x  8.30  9 17 21 54 9061 1 267618 12226 1.7 23 13 2 10 88% 157 4279 495 36%
c t  8.30  9 17 21 54 9061 1 267618 12226 1.7 23 13 2 10 88% 156 4279 495 36%
c -  8.33  7 17 21 55 9062 1 269039 8137 1.7 23 13 2 10 88% 156 4279 495 36%
c -  8.45  8 17 21 56 9063 1 276455 8860 1.7 23 13 2 10 87% 156 4279 495 36%
c -  8.57  8 17 21 57 9066 1 283940 8519 1.7 22 13 2 10 87% 156 4279 495 36%
c B  8.63  7 17 21 57 9069 1 286477 10411 1.7 22 13 2 10 87% 156 4279 495 36%
c -  8.75  8 17 21 58 9070 1 291490 8767 1.7 22 13 2 10 87% 156 4279 495 36%
c ]  8.91  7 17 22 58 9075 1 298191 13231 1.7 22 13 2 10 88% 156 4279 495 36%
c {  8.91  7 18 22 58 9075 2 298191 13231 2.8 30 11 1 4 82% 156 4279 495 36%
c -  8.92  8 18 22 59 9094 2 299105 8924 2.8 30 11 1 4 82% 156 4279 495 36%
c o  9.03  8 18 22 59 9978 2 305942 14783 2.7 29 11 1 4 82% 156 4279 495 36%
c -  9.05  8 18 22 60 10056 2 306787 10858 2.6 29 11 1 4 82% 156 4279 495 36%
c -  9.16  8 18 22 61 10313 2 314532 12563 2.5 28 11 1 5 83% 156 4279 495 36%
c s  9.24  7 18 22 61 10710 2 318780 15942 2.5 27 11 1 5 83% 156 4276 495 36%
c
c seconds   switched     rate          size/glue  tier1   binary      remaining
c        MB   reductions   conflicts         size   tier2   irredundant
c         level    restarts       redundant     glue   trail      variables
c
c e  9.25  7 18 22 61 10710 2 318780 15942 2.5 27 11 1 5 83%  90 5255 421 31%
c s  9.25  7 18 22 61 10710 2 318780 15942 2.5 27 11 1 5 83%  90 4982 421 31%
c e  9.25  7 18 22 61 10710 2 318780 15942 2.5 27 11 1 5 83%  84 5034 415 30%
c !  9.25  7 18 22 61 10710 2 318780 15942 2.5 27 11 1 5 83%  84 5034 415 30%
c u  9.28  8 18 22 61 10910 2 320317 8945 2.5 27 11 1 5 83%  84 5034 415 30%
c v  9.30  8 18 22 61 10910 2 320317 7859 2.5 27 11 1 5 83%  84 5034 415 30%
c w  9.32  8 18 22 61 10910 2 320317 7409 2.5 27 11 1 5 83%  84 5034 415 30%
c x  9.33  8 18 22 61 10910 2 320317 7399 2.5 27 11 1 5 83%  84 4820 415 30%
c f  9.33  7 18 22 61 10910 2 320317 7399 2.5 27 11 1 5 83%  84 4790 416 30%
c u  9.33  7 18 22 61 10910 2 320317 7365 2.5 27 11 1 5 83%  84 4790 416 30%
c v  9.35  8 18 22 61 10910 2 320317 7133 2.5 27 11 1 5 83%  84 4790 416 30%
c w  9.37  8 18 22 61 10910 2 320317 6551 2.5 27 11 1 5 83%  84 4790 416 30%
c x  9.38  7 18 22 61 10910 2 320317 6550 2.5 27 11 1 5 83%  86 4750 416 30%
c -  9.51  8 18 22 62 11039 2 322344 5989 2.4 27 11 1 5 83%  86 4750 416 30%
c }  9.62  8 18 23 62 11482 2 329707 12275 2.4 26 11 1 5 83%  86 4750 416 30%
c [  9.62  8 17 23 62 11482 1 329707 12275 1.7 22 13 2 10 88%  86 4750 416 30%
c W  9.63  7 17 23 62 11482 1 330188 12614 1.7 22 13 2 10 88%  86 4750 416 30%
c -  9.63  7 17 23 63 11482 1 330220 9224 1.7 22 13 2 10 88%  86 4750 416 30%
c -  9.83  7 17 23 64 11488 1 338157 9436 1.6 22 14 2 10 88%  86 4750 416 30%
c - 10.05  7 17 23 65 11491 1 346157 7579 1.6 22 14 2 10 88%  86 4750 416 30%
c
c seconds   switched     rate         size/glue  tier1    binary      remaining
c        MB   reductions   conflicts        size   tier2    irredundant
c         level    restarts      redundant     glue    trail      variables
c
c ] 10.12  7 17 24 65 11494 1 349370 9602 1.6 22 14 2 10 88%  86 4750 416 30%
c { 10.12  7 18 24 65 11494 2 349370 9602 2.4 26 11 1 5 83%  86 4750 416 30%
c - 10.29  7 18 24 66 11818 2 354220 10096 2.4 26 11 1 5 84%  86 4750 416 30%
c - 10.58  7 18 24 67 12075 2 362345 14699 2.5 27 11 1 5 84%  86 4750 416 30%
c - 10.88  8 18 24 68 12979 2 370530 16442 2.5 27 11 1 5 84%  86 4750 416 30%
c u 11.14  9 18 24 68 13990 2 377513 21567 2.4 27 11 1 5 84%  86 4750 416 30%
c v 11.21 11 18 24 68 13990 2 377513 20758 2.4 27 11 1 5 84%  86 4750 416 30%
c w 11.23 12 18 24 68 13990 2 377513 20667 2.4 27 11 1 5 84%  86 4750 416 30%
c - 11.30 10 18 24 69 14058 2 378777 14251 2.4 27 11 1 5 84%  86 4750 416 30%
c } 11.60 10 18 25 69 14058 2 386047 20417 2.5 28 11 1 5 84%  86 4750 416 30%
c [ 11.60 10 17 25 69 14058 1 386047 20417 1.6 22 14 2 10 88%  86 4750 416 30%
c O 11.60 10 17 25 69 14058 1 386047 20417 1.6 22 14 2 10 88%  86 4750 416 30%
c o 11.60 10 17 25 69 14058 1 386047 20417 1.6 22 14 2 10 88%  86 4750 416 30%
c - 11.64 10 17 25 70 14059 1 387084 15997 1.6 22 14 2 10 88%  86 4750 416 30%
c - 11.91 10 17 25 71 14064 1 395450 13675 1.7 22 14 2 9 88%  86 4750 416 30%
c - 12.17  8 17 25 72 14069 1 403877 10246 1.7 23 14 2 9 88%  86 4750 416 30%
c - 12.41  9 17 25 73 14072 1 412362 9590 1.7 23 14 2 9 88%  86 4750 416 30%
c - 12.64  9 17 25 74 14074 1 420907 9757 1.7 23 13 2 9 89%  86 4750 416 30%
c - 12.90  9 17 25 75 14079 1 429510 10143 1.8 24 13 2 9 89%  86 4750 416 30%
c ] 12.92  9 17 26 75 14079 1 430319 10792 1.8 24 13 2 9 89%  86 4750 416 30%
c
c seconds   switched     rate          size/glue  tier1   binary      remaining
c        MB   reductions   conflicts         size   tier2   irredundant
c         level    restarts       redundant     glue   trail      variables
c
c { 12.92  9 18 26 75 14079 2 430319 10792 2.5 28 11 1 5 84%  86 4750 416 30%
c - 13.19  9 17 26 76 14541 2 438170 13825 2.6 28 11 1 4 85%  86 4750 416 30%
c u 13.29  9 17 26 76 14541 2 439986 14761 2.6 28 11 1 4 85%  86 4750 416 30%
c v 13.33 10 17 26 76 14541 2 439986 13449 2.6 28 11 1 4 85%  86 4750 416 30%
c w 13.35 10 17 26 76 14541 2 439986 13411 2.6 28 11 1 4 85%  86 4750 416 30%
c x 13.36 10 17 26 76 14541 2 439986 13410 2.6 28 11 1 4 85%  86 4739 416 30%
c - 13.62  9 18 26 77 15598 2 446887 14743 2.6 28 11 1 4 85%  86 4739 416 30%
c s 13.89 10 17 26 77 15913 2 453577 20713 2.6 29 11 1 4 85%  86 4737 416 30%
c e 13.89  9 17 26 77 15913 2 453577 20713 2.6 29 11 1 4 85%  73 4838 409 30%
c s 13.90  9 17 26 77 15913 2 453577 20713 2.6 29 11 1 4 85%  73 4813 409 30%
c - 13.99 10 18 26 78 16095 2 455662 15117 2.6 28 11 1 4 85%  73 4813 409 30%
c - 14.36 10 18 26 79 17669 2 464493 15120 2.5 28 11 1 4 85%  73 4813 409 30%
c } 14.58 10 18 27 79 18767 2 472537 21261 2.4 28 11 1 4 83%  74 4813 409 30%
c [ 14.58 10 17 27 79 18767 1 472537 21261 1.8 24 13 2 9 89%  74 4813 409 30%
c B 14.58 10 17 27 79 18767 1 472537 21261 1.8 24 13 2 9 89%  74 4813 409 30%
c - 14.62 10 17 27 80 18767 1 473381 14688 1.8 24 13 2 9 89%  74 4813 409 30%
c - 14.85  8 17 27 81 18773 1 482326 13260 1.8 24 14 2 8 89%  74 4813 409 30%
c - 15.05  9 17 27 82 18779 1 491328 10059 1.7 24 14 2 8 89%  74 4813 409 30%
c - 15.29  9 17 27 83 18781 1 500384 9015 1.7 23 14 2 8 90%  74 4813 409 30%
c u 15.51  9 17 27 83 18784 1 507860 13109 1.7 23 14 2 8 89%  74 4813 409 30%
c
c seconds   switched     rate          size/glue  tier1   binary      remaining
c        MB   reductions   conflicts         size   tier2   irredundant
c         level    restarts       redundant     glue   trail      variables
c
c v 15.55  9 17 27 83 18784 1 507860 11478 1.7 23 14 2 8 89%  74 4813 409 30%
c w 15.62 10 17 27 83 18784 1 507860 9454 1.7 23 14 2 8 89%  74 4813 409 30%
c f 15.63  8 17 27 83 18784 1 507860 9454 1.7 23 14 2 8 89%  78 4792 410 30%
c u 15.64  8 17 27 83 18784 1 507860 9315 1.7 23 14 2 8 89%  78 4792 410 30%
c v 15.66  8 17 27 83 18784 1 507860 8892 1.7 23 14 2 8 89%  78 4792 410 30%
c w 15.75  8 17 27 83 18784 1 507860 7652 1.7 23 14 2 8 89%  78 4792 410 30%
c o 15.75  8 17 27 83 18784 1 507860 7652 1.7 23 14 2 8 89%  78 4792 410 30%
c - 15.77  7 17 27 84 18784 1 509494 5967 1.7 23 14 2 8 90%  78 4792 410 30%
c - 15.91  7 17 27 85 18789 1 518660 7400 1.7 23 14 2 8 89%  78 4792 410 30%
c - 16.08  8 17 27 86 18795 1 527879 7611 1.7 23 14 2 8 90%  78 4792 410 30%
c W 16.14  8 17 27 86 18796 1 530121 9311 1.7 23 14 2 8 90%  78 4792 410 30%
c - 16.34  8 17 27 87 18796 1 537153 8056 1.6 22 14 2 8 89%  78 4792 410 30%
c - 16.55  8 17 27 88 18797 1 546480 7962 1.6 22 14 2 8 90%  78 4792 410 30%
c ] 16.57  8 17 28 88 18797 1 547769 8871 1.6 22 14 2 8 90%  78 4792 410 30%
c { 16.57  8 18 28 88 18797 2 547769 8871 2.4 28 11 1 4 83%  78 4792 410 30%
c - 16.80  8 18 28 89 18977 2 555860 10517 2.4 28 11 1 4 84%  78 4792 410 30%
c - 17.13  8 18 28 90 20208 2 565294 13010 2.4 28 12 1 4 84%  78 4792 410 30%
c - 17.52  8 18 28 91 20665 2 574780 14870 2.4 28 11 1 4 84%  78 4792 410 30%
c u 17.76  8 18 28 91 21563 2 581071 18634 2.4 28 12 1 4 84%  78 4792 410 30%
c v 17.82  8 18 28 91 21563 2 581071 17891 2.4 28 12 1 4 84%  78 4792 410 30%
c
c seconds   switched     rate          size/glue  tier1   binary      remaining
c        MB   reductions   conflicts         size   tier2   irredundant
c         level    restarts       redundant     glue   trail      variables
c
c w 17.86 11 18 28 91 21563 2 581071 17852 2.4 28 12 1 4 84%  78 4792 410 30%
c x 17.88 11 18 28 91 21563 2 581071 17850 2.4 28 12 1 4 84%  78 4753 410 30%
c - 17.99 10 18 28 92 21630 2 584321 14389 2.3 27 12 1 4 83%  78 4753 410 30%
c - 18.18 10 18 28 93 22218 2 593912 16410 2.3 27 11 1 4 80%  78 4753 410 30%
c } 18.20  9 18 29 93 22218 2 595908 17972 2.3 26 11 1 4 79%  78 4753 410 30%
c [ 18.20  9 17 29 93 22218 1 595908 17972 1.6 22 14 2 8 90%  78 4753 410 30%
c I 18.20  9 17 29 93 22218 1 595908 17972 1.6 22 14 2 8 90%  78 4753 410 30%
c - 18.36 10 17 29 94 22223 1 603555 16784 1.6 22 14 2 8 89%  78 4753 410 30%
c - 18.56  9 17 29 95 22228 1 613253 13153 1.6 22 14 2 8 88%  78 4753 410 30%
c e 18.68  8 17 29 95 22231 1 619620 17820 1.6 22 14 2 8 88%  77 4769 409 30%
c s 18.68  8 17 29 95 22231 1 619620 17820 1.6 22 14 2 8 88%  77 4766 409 30%
c o 18.68  8 17 29 95 22231 1 619620 17680 1.6 22 14 2 8 88%  77 4766 409 30%
c - 18.74  9 17 29 96 22232 1 623000 11095 1.6 22 14 2 8 88%  77 4766 409 30%
c - 18.93  9 17 29 97 22235 1 632798 11016 1.6 22 14 2 9 88%  77 4766 409 30%
c - 19.14  9 17 29 98 22241 1 642647 10475 1.6 22 13 2 9 88%  77 4766 409 30%
c - 19.37  9 17 29 99 22246 1 652549 10728 1.6 22 13 2 9 88%  77 4766 409 30%
c u 19.55  9 17 29 99 22247 1 659913 15252 1.6 22 13 2 9 89%  77 4766 409 30%
c v 19.59  9 17 29 99 22247 1 659913 13866 1.6 22 13 2 9 89%  77 4766 409 30%
c w 19.63 10 17 29 99 22247 1 659913 11111 1.6 22 13 2 9 89%  77 4766 409 30%
c - 19.81  9 17 29 100 22248 1 662498 9073 1.6 22 13 2 9 88%  77 4766 409 30%
c
c seconds   switched      rate         size/glue  tier1   binary      remaining
c        MB   reductions    conflicts        size   tier2   irredundant
c         level     restarts      redundant     glue   trail      variables
c
c B 19.84  9 17 29 100 22248 1 663591 9772 1.6 22 14 2 9 88%  77 4766 409 30%
c ] 20.05  9 17 30 100 22248 1 671322 14423 1.6 22 14 2 9 88%  77 4766 409 30%
c { 20.05  9 18 30 100 22248 2 671322 14423 2.3 26 11 1 4 79%  77 4766 409 30%
c - 20.10  9 18 30 101 22484 2 672499 10586 2.3 26 11 1 4 79%  77 4766 409 30%
c - 20.40  9 18 30 102 23151 2 682549 14315 2.3 26 11 1 4 78%  77 4766 409 30%
c - 20.65  9 17 30 103 23151 2 692648 18861 2.3 25 11 1 4 74%  77 4766 409 30%
c - 20.94 10 17 30 104 23151 2 702797 22061 2.3 24 11 1 4 71%  77 4766 409 30%
c - 21.30 11 16 30 105 23151 2 712995 25185 2.3 24 10 1 4 71%  77 4766 409 30%
c - 21.78 11 16 30 106 24359 2 723242 25278 2.3 25 11 1 4 71%  77 4766 409 30%
c } 21.91 10 16 31 106 24930 2 725756 27315 2.3 25 11 1 4 72%  77 4766 409 30%
c [ 21.91 10 17 31 106 24930 1 725756 27315 1.6 22 14 2 9 88%  77 4766 409 30%
c - 22.20 11 17 31 107 24935 1 733537 20451 1.6 22 14 2 8 89%  77 4766 409 30%
c W 22.31  9 17 31 107 24936 1 736568 22365 1.6 22 14 2 8 89%  77 4766 409 30%
c o 22.31  9 17 31 107 24936 1 736568 22365 1.6 22 14 2 8 89%  77 4766 409 30%
c - 22.52  7 17 31 108 24941 1 743881 15817 1.6 22 14 2 8 89%  77 4766 409 30%
c u 22.55  7 17 31 108 24942 1 744328 14744 1.6 22 14 2 8 89%  77 4766 409 30%
c v 22.65  7 17 31 108 24942 1 744328 11856 1.6 22 14 2 8 89%  77 4766 409 30%
c w 22.67  7 17 31 108 24942 1 744328 11554 1.6 22 14 2 8 89%  77 4766 409 30%
c - 22.91  7 17 31 109 24944 1 754276 10108 1.6 22 14 2 8 89%  77 4766 409 30%
c - 23.14  8 17 31 110 24949 1 764716 9783 1.6 22 14 2 8 89%  77 4766 409 30%
c
c seconds   switched      rate         size/glue  tier1   binary      remaining
c        MB   reductions    conflicts        size   tier2   irredundant
c         level     restarts      redundant     glue   trail      variables
c
c - 23.37  8 17 31 111 24955 1 775205 9936 1.6 22 14 2 8 89%  77 4766 409 30%
c - 23.61  8 16 31 112 24959 1 785740 9810 1.6 21 13 2 8 89%  77 4766 409 30%
c - 23.81  8 16 31 113 24960 1 796323 10455 1.6 21 13 2 8 89%  77 4766 409 30%
c ] 23.95  8 16 32 113 24960 1 803668 14936 1.6 21 13 2 8 90%  77 4766 409 30%
c { 23.95  8 16 32 113 24960 2 803668 14936 2.3 25 11 1 4 72%  77 4766 409 30%
c - 24.07  8 17 32 114 25580 2 806954 11770 2.3 25 11 1 4 72%  77 4766 409 30%
c - 24.45  7 17 32 115 27554 2 817632 13965 2.2 25 11 1 4 74%  77 4766 409 30%
c - 24.85  9 17 32 116 29689 2 828356 15368 2.2 25 12 1 4 75%  77 4766 409 30%
c u 25.09  9 18 32 116 30124 2 834414 20133 2.2 25 12 1 4 75%  77 4766 409 30%
c v 25.16  9 18 32 116 30124 2 834414 18343 2.2 25 12 1 4 75%  77 4766 409 30%
c w 25.20 11 18 32 116 30124 2 834414 17956 2.2 25 12 1 4 75%  77 4766 409 30%
c - 25.37 10 18 32 117 30670 2 839127 15125 2.1 25 12 1 4 75%  77 4766 409 30%
c - 25.69 10 18 32 118 31093 2 849943 17014 2.2 25 12 1 4 77%  77 4766 409 30%
c o 25.95 10 18 32 118 31869 2 857017 22828 2.2 26 12 1 4 77%  77 4766 409 30%
c - 26.12 11 18 32 119 32657 2 860805 17691 2.2 26 12 1 4 78%  77 4766 409 30%
c } 26.26 10 18 33 119 33040 2 864772 21082 2.2 26 12 1 4 78%  77 4766 409 30%
c [ 26.26 10 16 33 119 33040 1 864772 21082 1.6 21 13 2 8 90%  77 4766 409 30%
c O 26.26 10 16 33 119 33040 1 864772 21082 1.6 21 13 2 8 90%  77 4766 409 30%
c - 26.50 10 16 33 120 33045 1 871714 17598 1.6 21 13 2 8 89%  77 4766 409 30%
c - 26.81 11 16 33 121 33051 1 882668 15606 1.6 22 13 2 8 89%  77 4766 409 30%
c
c seconds   switched      rate          size/glue  tier1   binary      remaining
c        MB   reductions    conflicts         size   tier2   irredundant
c         level     restarts       redundant     glue   trail      variables
c
c - 27.11  9 16 33 122 33054 1 893669 13559 1.7 23 13 2 8 89%  77 4766 409 30%
c - 27.43  9 16 33 123 33060 1 904714 13829 1.8 23 13 2 8 89%  77 4766 409 30%
c - 27.78  9 16 33 124 33066 1 915804 13589 1.8 24 13 2 8 90%  77 4766 409 30%
c - 28.09  9 16 33 125 33069 1 926940 12712 1.8 24 13 2 8 90%  77 4766 409 30%
c u 28.22  9 16 33 125 33069 1 930233 13620 1.8 24 13 2 8 90%  77 4766 409 30%
c v 28.27  9 16 33 125 33069 1 930233 11977 1.8 24 13 2 8 90%  77 4766 409 30%
c w 28.31  9 16 33 125 33069 1 930233 11064 1.8 24 13 2 8 90%  77 4766 409 30%
c x 28.32  8 16 33 125 33069 1 930233 11063 1.8 24 13 2 8 90%  78 4758 409 30%
c ] 28.55  9 16 34 125 33070 1 937356 14427 1.8 24 13 2 8 90%  78 4758 409 30%
c { 28.55  9 18 34 125 33070 2 937356 14427 2.2 26 12 1 4 78%  78 4758 409 30%
c - 28.59  9 18 34 126 33174 2 938120 10419 2.2 26 12 1 4 78%  78 4758 409 30%
c - 28.94 10 17 34 127 33280 2 949345 14273 2.2 26 12 1 4 80%  78 4758 409 30%
c - 29.31 10 17 34 128 33364 2 960615 17547 2.3 26 11 1 4 81%  78 4758 409 30%
c - 29.65 11 16 34 129 33378 2 971930 17614 2.3 26 11 1 4 82%  78 4758 409 30%
c - 30.12 11 16 34 130 34199 2 983287 17710 2.3 26 11 1 4 83%  78 4758 409 30%
c o 30.26 11 16 34 130 34541 2 987060 20823 2.3 26 11 1 4 83%  78 4758 409 30%
c - 30.62 11 16 34 131 35097 2 994689 18569 2.4 27 11 1 4 83%  78 4758 409 30%
c } 31.19 11 15 35 131 35097 2 1005504 26726 2.4 27 11 1 4 85%  78 4758 409 30%
c [ 31.19 11 16 35 131 35097 1 1005504 26726 1.8 24 13 2 8 90%  78 4758 409 30%
c B 31.19 11 16 35 131 35097 1 1005504 26726 1.8 24 13 2 8 90%  78 4758 409 30%
c
c seconds   switched      rate           size/glue  tier1   binary      remaining
c        MB   reductions     conflicts         size   tier2   irredundant
c         level     restarts        redundant     glue   trail      variables
c
c - 31.22 11 16 35 132 35097 1 1006134 19190 1.8 24 13 2 8 90%  78 4758 409 30%
c - 31.62 11 16 35 133 35103 1 1017624 17473 1.8 24 13 2 8 90%  78 4758 409 30%
c - 32.00  9 16 35 134 35110 1 1029156 14340 1.8 24 13 2 8 90%  78 4758 409 30%
c u 32.14  9 16 35 134 35111 1 1031875 15544 1.8 24 13 2 8 90%  78 4758 409 30%
c v 32.23  9 16 35 134 35111 1 1031875 13664 1.8 24 13 2 8 90%  78 4758 409 30%
c w 32.33  9 16 35 134 35111 1 1031875 12665 1.8 24 13 2 8 90%  78 4758 409 30%
c - 32.60  9 16 35 135 35114 1 1040732 11387 1.8 24 13 1 8 91%  78 4758 409 30%
c - 32.91  9 17 35 136 35120 1 1052351 12120 1.8 24 14 1 8 91%  78 4758 409 30%
c - 33.22  9 17 35 137 35126 1 1064012 11398 1.8 24 14 1 8 91%  78 4758 409 30%
c - 33.58  9 16 35 138 35127 1 1075716 10710 1.8 24 13 1 7 91%  78 4758 409 30%
c - 33.92  9 16 35 139 35127 1 1087464 11391 1.7 23 13 1 7 90%  78 4758 409 30%
c W 34.14  8 16 35 139 35133 1 1095304 17136 1.7 23 14 1 7 90%  78 4758 409 30%
c ] 34.19  8 16 36 139 35134 1 1097117 18509 1.7 23 13 1 7 90%  78 4758 409 30%
c { 34.19  8 15 36 139 35134 2 1097117 18509 2.4 27 11 1 4 85%  78 4758 409 30%
c - 34.28  7 16 36 140 35593 2 1099254 12366 2.4 27 11 1 4 85%  78 4758 409 30%
c - 34.72  8 16 36 141 37034 2 1111086 15586 2.4 27 11 1 4 85%  78 4758 409 30%
c - 35.25  9 16 36 142 38689 2 1122961 17703 2.4 27 12 1 4 85%  78 4758 409 30%
c o 35.51  9 16 36 142 38708 2 1128188 22853 2.5 28 11 1 4 86%  78 4758 409 30%
c - 35.79 11 17 36 143 39591 2 1134877 18799 2.4 28 12 1 4 86%  78 4758 409 30%
c u 36.04  9 17 36 143 40027 2 1139384 21415 2.4 28 12 1 4 86%  78 4758 409 30%
c
c seconds   switched      rate           size/glue  tier1   binary      remaining
c        MB   reductions     conflicts         size   tier2   irredundant
c         level     restarts        redundant     glue   trail      variables
c
c v 36.13 12 17 36 143 40027 2 1139384 19555 2.4 28 12 1 4 86%  78 4758 409 30%
c w 36.21 12 17 36 143 40027 2 1139384 19061 2.4 28 12 1 4 86%  78 4758 409 30%
c - 36.59 11 17 36 144 41227 2 1146835 16136 2.4 28 12 1 4 86%  78 4758 409 30%
c - 37.06 11 17 36 145 42561 2 1158835 17350 2.4 28 12 1 4 86%  78 4758 409 30%
c - 37.45 11 17 36 146 43383 2 1170877 17885 2.3 28 12 1 4 86%  78 4758 409 30%
c } 37.53 11 17 37 146 43582 2 1172674 19480 2.3 28 12 1 4 86%  79 4758 409 30%
c [ 37.53 11 16 37 146 43582 1 1172674 19480 1.7 23 13 1 7 90%  79 4758 409 30%
c - 37.80 11 16 37 147 43588 1 1182960 17223 1.7 23 14 1 7 90%  79 4758 409 30%
c I 37.99 11 16 37 147 43593 1 1191019 22767 1.7 23 14 1 7 90%  79 4758 409 30%
c - 38.08  9 16 37 148 43595 1 1195085 14998 1.7 23 14 1 7 90%  79 4758 409 30%
c - 38.36  9 17 37 149 43598 1 1207250 13996 1.7 23 14 1 7 90%  79 4758 409 30%
c - 38.64  9 17 37 150 43605 1 1219456 13265 1.7 23 14 1 7 90%  79 4758 409 30%
c - 39.01  9 17 37 151 43611 1 1231703 13039 1.7 23 14 1 7 91%  79 4758 409 30%
c - 39.32  9 16 37 152 43612 1 1243991 13447 1.7 23 13 1 7 91%  79 4758 409 30%
c u 39.60 10 16 37 152 43612 1 1252827 18796 1.7 23 13 1 7 91%  79 4758 409 30%
c v 39.66 10 16 37 152 43612 1 1252827 17283 1.7 23 13 1 7 91%  79 4758 409 30%
c w 39.75 11 16 37 152 43612 1 1252827 14969 1.7 23 13 1 7 91%  79 4758 409 30%
c - 39.83  9 16 37 153 43614 1 1256319 11794 1.7 23 13 1 7 91%  79 4758 409 30%
c - 40.18  9 16 37 154 43621 1 1268689 12921 1.7 23 13 1 7 90%  79 4758 409 30%
c - 40.53  8 16 37 155 43627 1 1281099 12713 1.7 23 13 1 7 91%  79 4758 409 30%
c
c seconds   switched      rate           size/glue  tier1   binary      remaining
c        MB   reductions     conflicts         size   tier2   irredundant
c         level     restarts        redundant     glue   trail      variables
c
c ] 40.81 10 16 38 155 43630 1 1290940 19484 1.7 23 13 1 7 91%  79 4758 409 30%
c { 40.81 10 17 38 155 43630 2 1290940 19484 2.3 28 12 1 4 86%  79 4758 409 30%
c o 40.83  9 17 38 155 43638 2 1291799 20203 2.3 28 12 1 4 86%  79 4758 409 30%
c - 40.86  9 17 38 156 43812 2 1293550 13639 2.3 28 12 1 4 86%  79 4758 409 30%
c - 41.13  9 17 38 157 44339 2 1306039 15264 2.2 27 12 1 4 86%  80 4758 409 30%
c - 41.42  9 17 38 158 45579 2 1318570 15401 2.1 26 12 1 4 86%  80 4758 409 30%
c - 41.71  9 17 38 159 46235 2 1331139 15785 2.0 25 12 1 4 86%  80 4758 409 30%
c - 41.95 10 17 38 160 46689 2 1343748 16634 2.0 25 12 1 4 86%  80 4758 409 30%
c - 42.24 10 17 38 161 47055 2 1356397 17103 2.0 24 12 1 4 87%  80 4758 409 30%
c - 42.53 10 17 38 162 47660 1 1369085 17559 1.9 24 12 1 4 86%  80 4758 409 30%
c u 42.64 10 17 38 162 48108 1 1372265 19165 1.9 23 12 1 4 86%  80 4758 409 30%
c v 42.72 10 17 38 162 48108 1 1372265 17083 1.9 23 12 1 4 86%  80 4758 409 30%
c w 42.75 11 17 38 162 48108 1 1372265 16120 1.9 23 12 1 4 86%  80 4758 409 30%
c t 43.05 11 17 38 162 48108 1 1372265 16120 1.9 23 12 1 4 86%  79 4758 409 30%
c } 43.09 10 17 39 162 48309 1 1374273 17689 1.9 23 12 1 4 86%  79 4758 409 30%
c [ 43.09 10 16 39 162 48309 1 1374273 17689 1.7 23 13 1 7 91%  79 4758 409 30%
c B 43.09 10 16 39 162 48309 1 1374273 17689 1.7 23 13 1 7 91%  79 4758 409 30%
c - 43.32  9 16 39 163 48314 1 1381812 15010 1.7 23 13 1 7 91%  79 4758 409 30%
c - 43.73  9 16 39 164 48321 1 1394579 14462 1.7 23 13 1 7 91%  79 4758 409 30%
c - 44.12  9 16 39 165 48324 1 1407385 13493 1.7 23 13 1 7 90%  79 4758 409 30%
c
c seconds   switched      rate           size/glue  tier1   binary      remaining
c        MB   reductions     conflicts         size   tier2   irredundant
c         level     restarts        redundant     glue   trail      variables
c
c - 44.51  9 16 39 166 48331 1 1420231 13764 1.7 23 13 1 7 90%  79 4758 409 30%
c - 44.90  8 16 39 167 48338 1 1433115 13868 1.7 23 13 1 7 90%  79 4758 409 30%
c ] 44.92  8 16 40 167 48338 1 1433547 14129 1.7 23 13 1 7 90%  79 4758 409 30%
c { 44.92  8 17 40 167 48338 1 1433547 14129 1.9 23 12 1 4 86%  79 4758 409 30%
c - 45.32 10 17 40 168 48691 1 1446038 16708 2.0 24 12 1 4 87%  79 4758 409 30%
c o 45.53 10 17 40 168 49267 2 1452814 22614 2.0 24 12 1 4 86%  79 4758 409 30%
c - 45.75 11 17 40 169 49625 2 1458999 19387 2.0 24 12 1 4 86%  79 4758 409 30%
c - 46.20 11 17 40 170 50275 2 1471999 21054 2.1 25 12 1 4 86%  79 4758 409 30%
c - 46.72 12 17 40 171 50553 1 1485037 21754 2.2 26 12 1 4 87%  79 4758 409 30%
c u 47.37 12 17 40 171 51289 1 1497732 31945 2.3 27 12 1 4 87%  79 4758 409 30%
c v 47.44 13 17 40 171 51289 1 1497732 31021 2.3 27 12 1 4 87%  79 4758 409 30%
c w 47.49 14 17 40 171 51289 1 1497732 30563 2.3 27 12 1 4 87%  79 4758 409 30%
c x 47.51 14 17 40 171 51289 1 1497732 30561 2.3 27 12 1 4 87%  79 4747 409 30%
c - 47.53 12 17 40 172 51291 1 1498113 20626 2.3 27 12 1 4 87%  79 4747 409 30%
c - 48.13 12 17 40 173 51835 1 1511227 23065 2.3 27 12 1 4 86%  79 4747 409 30%
c - 48.69 12 17 40 174 52406 1 1524380 24102 2.4 28 12 1 4 87%  79 4747 409 30%
c } 48.71 11 17 41 174 52546 1 1525019 24649 2.4 28 12 1 4 87%  79 4747 409 30%
c [ 48.71 11 16 41 174 52546 1 1525019 24649 1.7 23 13 1 7 90%  79 4747 409 30%
c W 48.73 10 16 41 174 52546 1 1525019 24649 1.7 23 13 1 7 90%  79 4747 409 30%
c - 49.11 10 16 41 175 52553 1 1537570 20850 1.7 22 13 1 7 90%  79 4747 409 30%
c
c seconds   switched      rate           size/glue  tier1   binary      remaining
c        MB   reductions     conflicts         size   tier2   irredundant
c         level     restarts        redundant     glue   trail      variables
c
c - 49.52  8 16 41 176 52560 1 1550799 16027 1.7 22 13 1 7 90%  79 4747 409 30%
c - 49.90  8 16 41 177 52566 1 1564066 14962 1.7 22 13 1 7 90%  79 4747 409 30%
c - 50.38  8 16 41 178 52573 1 1577370 14722 1.6 21 13 1 7 90%  79 4747 409 30%
c - 50.80  8 16 41 179 52576 1 1590711 14842 1.6 21 13 1 7 90%  79 4747 409 30%
c - 51.22  8 16 41 180 52576 1 1604091 15126 1.6 21 13 1 7 90%  79 4747 409 30%
c - 51.67  8 15 41 181 52583 1 1617508 15915 1.6 21 13 1 7 90%  79 4747 409 30%
c s 51.86  8 15 41 181 52586 1 1623502 20532 1.6 21 13 1 7 90%  79 4746 409 30%
c o 51.86  8 15 41 181 52586 1 1623502 20532 1.6 21 13 1 7 90%  79 4746 409 30%
c u 52.10 11 15 41 181 52590 1 1629342 22937 1.7 21 13 1 7 90%  79 4746 409 30%
c v 52.18 11 15 41 181 52590 1 1629342 20864 1.7 21 13 1 7 90%  79 4746 409 30%
c w 52.32 12 15 41 181 52590 1 1629342 18549 1.7 21 13 1 7 90%  79 4746 409 30%
c - 52.37  9 15 41 182 52590 1 1630961 13607 1.7 21 13 1 7 90%  79 4746 409 30%
c O 52.65 10 15 41 182 52591 1 1639358 18537 1.7 21 13 1 7 90%  79 4746 409 30%
c ] 52.73 10 15 42 182 52593 1 1641721 19981 1.6 21 13 1 7 90%  79 4746 409 30%
c { 52.73 10 17 42 182 52593 1 1641721 19981 2.4 28 12 1 4 87%  79 4746 409 30%
c - 52.86 11 17 42 183 52968 1 1644452 15160 2.4 28 12 1 4 87%  79 4746 409 30%
c - 53.50 12 17 42 184 53817 2 1657980 18496 2.5 29 12 1 4 87%  79 4746 409 30%
c - 54.10 11 18 42 185 55739 2 1671544 19995 2.4 29 12 1 4 87%  79 4746 409 30%
c - 54.74 12 18 42 186 56585 2 1685146 21194 2.4 29 12 1 4 87%  79 4746 409 30%
c - 55.43 12 17 42 187 56585 2 1698785 22160 2.4 28 12 1 4 87%  79 4746 409 30%
c
c seconds   switched      rate           size/glue  tier1   binary      remaining
c        MB   reductions     conflicts         size   tier2   irredundant
c         level     restarts        redundant     glue   trail      variables
c
c - 55.96 12 16 42 188 56626 1 1712459 21315 2.3 26 11 1 4 87%  79 4746 409 30%
c - 56.51 12 16 42 189 57974 2 1726170 22308 2.2 25 11 1 4 87%  79 4746 409 30%
c - 57.02 12 15 42 190 57974 1 1739918 20330 2.2 24 11 1 4 88%  79 4746 409 30%
c } 57.08 11 15 43 190 57974 1 1741695 21049 2.1 24 11 1 4 88%  79 4746 409 30%
c [ 57.08 11 15 43 190 57974 1 1741695 21049 1.6 21 13 1 7 90%  79 4746 409 30%
c - 57.57 12 16 43 191 57980 1 1753705 19195 1.6 21 13 1 7 91%  79 4746 409 30%
c B 57.77 11 16 43 191 57986 1 1760192 23453 1.6 21 13 1 7 91%  79 4746 409 30%
c u 58.11 12 16 43 191 57988 1 1767121 25516 1.6 21 13 1 7 91%  79 4746 409 30%
c v 58.22 12 16 43 191 57988 1 1767121 22890 1.6 21 13 1 7 91%  79 4746 409 30%
c w 58.37 13 16 43 191 57988 1 1767121 20387 1.6 21 13 1 7 91%  79 4746 409 30%
c - 58.39  9 16 43 192 57988 1 1767526 14336 1.6 21 13 1 7 91%  79 4746 409 30%
c - 58.87  9 16 43 193 57994 1 1781384 14642 1.6 22 13 1 7 91%  79 4746 409 30%
c - 59.33  9 16 43 194 58002 1 1795276 13678 1.7 22 13 1 7 91%  79 4746 409 30%
c - 59.76  9 16 43 195 58004 1 1809206 13684 1.7 22 13 1 7 91%  79 4746 409 30%
c - 60.22  9 16 43 196 58004 1 1823173 14095 1.7 22 13 1 7 91%  79 4746 409 30%
c - 60.70  9 16 43 197 58013 1 1837174 14424 1.7 22 13 1 7 91%  79 4746 409 30%
c - 61.14  9 16 43 198 58019 1 1851211 15028 1.7 22 13 1 7 91%  79 4746 409 30%
c o 61.55 11 16 43 198 58026 1 1864795 23143 1.7 22 13 1 7 91%  79 4746 409 30%
c - 61.57  9 16 43 199 58026 1 1865282 14757 1.7 22 13 1 7 91%  79 4746 409 30%
c ] 61.72  9 16 44 199 58027 1 1869127 16729 1.7 22 13 1 7 91%  79 4746 409 30%
c
c seconds   switched      rate           size/glue  tier1   binary      remaining
c        MB   reductions     conflicts         size   tier2   irredundant
c         level     restarts        redundant     glue   trail      variables
c
c { 61.72  9 15 44 199 58027 1 1869127 16729 2.1 24 11 1 4 88%  79 4746 409 30%
c - 62.15 12 16 44 200 58502 1 1879388 18792 2.3 25 11 1 4 88%  79 4746 409 30%
c - 62.75 13 16 44 201 60473 2 1893530 21484 2.3 26 11 1 4 88%  79 4746 409 30%
c - 63.34 12 16 44 202 62026 2 1907707 22369 2.3 26 11 1 4 87%  79 4746 409 30%
c u 63.52 12 16 44 202 62029 2 1911065 24634 2.3 26 11 1 4 87%  79 4746 409 30%
c v 63.64 13 16 44 202 62029 2 1911065 22534 2.3 26 11 1 4 87%  79 4746 409 30%
c w 63.76 13 16 44 202 62029 2 1911065 21934 2.3 26 11 1 4 87%  79 4746 409 30%
c - 64.21 12 16 44 203 62946 2 1921919 20837 2.4 27 11 1 4 88%  79 4746 409 30%
c - 64.75 13 16 44 204 62977 2 1936166 21837 2.4 27 11 1 4 89%  79 4746 409 30%
c - 65.36 12 16 44 205 64749 2 1950448 21979 2.4 28 11 1 4 89%  79 4746 409 30%
c - 66.04 12 17 44 206 66383 2 1964766 23116 2.4 28 12 1 4 89%  79 4746 409 30%
c } 66.56 13 17 45 206 66466 2 1977958 35837 2.6 29 11 1 4 89%  79 4746 409 30%
c [ 66.56 13 16 45 206 66466 1 1977958 35837 1.7 22 13 1 7 91%  79 4746 409 30%
c W 66.56 10 16 45 206 66466 1 1977958 35837 1.7 22 13 1 7 91%  79 4746 409 30%
c - 66.61 11 16 45 207 66467 1 1979119 25819 1.7 22 13 1 7 91%  79 4746 409 30%
c - 67.10 11 16 45 208 66475 1 1993506 22927 1.7 22 13 1 7 91%  79 4746 409 30%
c - 67.61 11 16 45 209 66480 1 2007928 18318 1.7 22 13 1 7 91%  79 4746 409 30%
c - 68.07 11 16 45 210 66487 1 2022384 17419 1.7 22 13 1 7 91%  79 4746 409 30%
c - 68.48 11 16 45 211 66495 1 2036876 17155 1.7 22 13 1 7 91%  79 4746 409 30%
c - 68.93 11 15 45 212 66496 1 2051402 16565 1.7 22 13 1 7 91%  79 4746 409 30%
c
c seconds   switched      rate           size/glue  tier1   binary      remaining
c        MB   reductions     conflicts         size   tier2   irredundant
c         level     restarts        redundant     glue   trail      variables
c
c u 69.28 11 15 45 212 66498 1 2061272 21615 1.7 22 13 1 7 91%  79 4746 409 30%
c v 69.36 11 15 45 212 66498 1 2061272 19916 1.7 22 13 1 7 91%  79 4746 409 30%
c w 69.53 11 15 45 212 66498 1 2061272 16594 1.7 22 13 1 7 91%  79 4746 409 30%
c o 69.53 11 15 45 212 66498 1 2061272 16594 1.7 22 13 1 7 91%  79 4746 409 30%
c - 69.66  9 15 45 213 66501 1 2065962 13724 1.7 22 13 1 7 91%  79 4746 409 30%
c - 70.13  9 15 45 214 66510 1 2080557 14369 1.7 22 13 1 7 91%  79 4746 409 30%
c - 70.59  9 16 45 215 66514 1 2095185 14899 1.7 22 13 1 7 91%  79 4746 409 30%
c - 71.10  9 16 45 216 66522 1 2109848 15151 1.7 22 13 1 7 91%  79 4746 409 30%
c I 71.18  9 16 45 216 66524 1 2112198 16560 1.7 22 13 1 7 91%  79 4746 409 30%
c ] 71.39 10 16 46 216 66526 1 2122657 23981 1.7 22 13 1 7 91%  79 4746 409 30%
c { 71.39 10 17 46 216 66526 2 2122657 23981 2.6 29 11 1 4 89%  79 4746 409 30%
c - 71.46 10 17 46 217 66807 2 2124544 16177 2.6 29 11 1 4 89%  79 4746 409 30%
c - 72.19 10 17 46 218 68627 2 2139275 19812 2.5 29 12 1 4 89%  79 4746 409 30%
c - 72.88 11 17 46 219 69544 2 2154040 22555 2.5 29 12 1 4 89%  79 4746 409 30%
c - 73.47 11 17 46 220 69544 2 2168839 23354 2.6 29 11 1 4 89%  79 4746 409 30%
c - 74.06 11 17 46 221 70547 2 2183672 24471 2.6 29 11 1 4 89%  79 4746 409 30%
c - 74.83 12 17 46 222 72093 2 2198538 25625 2.6 30 12 1 4 89%  79 4746 409 30%
c - 75.47 10 17 46 223 73151 2 2213438 25760 2.6 30 12 1 4 89%  79 4746 409 30%
c u 75.81 10 17 46 223 73322 2 2217773 28598 2.6 30 12 1 4 89%  79 4746 409 30%
c v 75.98 10 17 46 223 73322 2 2217773 25700 2.6 30 12 1 4 89%  79 4746 409 30%
c
c seconds   switched      rate           size/glue  tier1   binary      remaining
c        MB   reductions     conflicts         size   tier2   irredundant
c         level     restarts        redundant     glue   trail      variables
c
c w 76.08 11 17 46 223 73322 2 2217773 25304 2.6 30 12 1 4 89%  79 4746 409 30%
c - 76.60 12 17 46 224 75354 2 2228373 21670 2.5 30 12 1 4 89%  79 4746 409 30%
c } 77.12 12 18 47 224 76918 2 2240701 32666 2.5 30 12 1 4 88%  79 4746 409 30%
c [ 77.12 12 16 47 224 76918 1 2240701 32666 1.7 22 13 1 7 91%  79 4746 409 30%
c - 77.21 12 16 47 225 76920 1 2243340 22759 1.7 22 13 1 7 91%  79 4746 409 30%
c B 77.47 12 16 47 225 76925 1 2253346 30631 1.7 22 13 1 7 91%  79 4746 409 30%
c - 77.66 12 16 47 226 76929 1 2258340 21489 1.7 23 13 1 7 91%  79 4746 409 30%
c - 78.16 12 16 47 227 76932 1 2273373 18834 1.7 22 13 1 7 90%  79 4746 409 30%
c - 78.77 12 16 47 228 76942 1 2288439 17798 1.7 22 13 1 7 90%  79 4746 409 30%
c - 79.30 12 16 47 229 76947 1 2303540 17970 1.7 22 13 1 7 90%  79 4746 409 30%
c - 79.79 12 16 47 230 76948 1 2318672 18532 1.7 22 13 1 7 90%  79 4746 409 30%
c - 80.29 12 15 47 231 76955 1 2333840 17953 1.7 22 13 1 6 91%  79 4746 409 30%
c - 80.81 12 15 47 232 76963 1 2349038 17935 1.7 22 13 1 6 91%  79 4746 409 30%
c o 80.89 12 15 47 232 76963 1 2351477 19353 1.8 22 13 1 6 91%  79 4746 409 30%
c - 81.31 12 15 47 233 76970 1 2364270 18059 1.7 22 13 1 6 91%  79 4746 409 30%
c - 81.78 12 15 47 234 76977 1 2379535 17783 1.7 22 13 1 6 91%  79 4746 409 30%
c u 81.88 12 15 47 234 76978 1 2380603 17674 1.7 22 13 1 6 91%  79 4746 409 30%
c v 81.96 12 15 47 234 76978 1 2380603 15600 1.7 22 13 1 6 91%  79 4746 409 30%
c w 82.00 12 15 47 234 76978 1 2380603 14925 1.7 22 13 1 6 91%  79 4746 409 30%
c x 82.02 12 15 47 234 76978 1 2380603 14923 1.7 22 13 1 6 91%  79 4734 409 30%
c
c seconds   switched      rate           size/glue  tier1   binary      remaining
c        MB   reductions     conflicts         size   tier2   irredundant
c         level     restarts        redundant     glue   trail      variables
c
c - 82.45  9 15 47 235 76979 1 2394832 15150 1.7 22 13 1 6 90%  79 4734 409 30%
c ] 82.64 10 15 48 235 76979 1 2400664 18933 1.7 22 13 1 6 90%  79 4734 409 30%
c { 82.64 10 18 48 235 76979 2 2400664 18933 2.5 30 12 1 4 88%  79 4734 409 30%
c - 83.05 11 18 48 236 77856 2 2410161 17808 2.5 30 12 1 4 89%  79 4734 409 30%
c - 83.64 12 17 48 237 77869 2 2425524 20137 2.6 31 12 1 4 90%  79 4734 409 30%
c - 84.41 12 18 48 238 80230 2 2440919 21388 2.5 30 12 1 4 89%  79 4734 409 30%
c - 85.01 12 18 48 239 80925 2 2456347 22893 2.4 29 12 1 4 86%  79 4734 409 30%
c - 85.68 12 18 48 240 81697 2 2471806 24349 2.5 30 12 1 4 86%  79 4734 409 30%
c - 86.47 12 18 48 241 84155 2 2487297 24314 2.4 30 12 1 3 87%  79 4734 409 30%
c - 87.22 12 18 48 242 85263 2 2502821 26090 2.5 30 12 1 3 87%  79 4734 409 30%
c - 87.91 12 18 48 243 85425 2 2518378 28064 2.6 31 12 1 3 87%  79 4734 409 30%
c } 88.36 12 18 49 243 86136 2 2528275 37147 2.6 31 12 1 3 87%  79 4734 409 30%
c [ 88.36 12 15 49 243 86136 1 2528275 37147 1.7 22 13 1 6 90%  79 4734 409 30%
c W 88.38 12 15 49 243 86136 1 2528275 37147 1.7 22 13 1 6 90%  79 4734 409 30%
c - 88.60 10 15 49 244 86140 1 2533967 27786 1.7 22 13 1 6 90%  79 4734 409 30%
c - 89.26 12 15 49 245 86149 1 2549587 24349 1.7 22 13 1 6 91%  79 4734 409 30%
c u 89.34 12 15 49 245 86149 1 2549859 23175 1.7 22 13 1 6 91%  79 4734 409 30%
c v 89.48 12 15 49 245 86149 1 2549859 20603 1.7 22 13 1 6 91%  79 4734 409 30%
c w 89.61 12 15 49 245 86149 1 2549859 19231 1.7 22 13 1 6 91%  79 4734 409 30%
c - 90.88 11 16 49 246 86154 1 2565240 16949 1.7 22 13 1 6 91%  79 4734 409 30%
c
c seconds   switched      rate           size/glue  tier1   binary      remaining
c        MB   reductions     conflicts         size   tier2   irredundant
c         level     restarts        redundant     glue   trail      variables
c
c - 91.38 11 16 49 247 86163 1 2580925 16453 1.7 22 13 1 6 90%  79 4734 409 30%
c - 91.87 11 16 49 248 86166 1 2596642 16692 1.7 22 13 1 6 90%  79 4734 409 30%
c - 92.40 11 15 49 249 86168 1 2612390 16812 1.7 22 13 1 6 90%  79 4734 409 30%
c - 92.90 11 15 49 250 86178 1 2628169 16584 1.7 21 13 1 6 90%  79 4734 409 30%
c - 93.38 12 15 49 251 86182 1 2643980 17038 1.7 21 13 1 6 90%  79 4734 409 30%
c - 93.92 13 15 49 252 86192 1 2659822 17849 1.7 21 13 1 6 90%  79 4734 409 30%
c - 94.54 13 15 49 253 86196 1 2675696 17167 1.7 21 13 1 6 90%  79 4734 409 30%
c O 94.80 13 15 49 253 86197 1 2683636 22310 1.7 21 13 1 6 91%  79 4734 409 30%
c o 94.80 13 15 49 253 86197 1 2683636 22310 1.7 21 13 1 6 91%  79 4734 409 30%
c - 95.06 13 15 49 254 86197 1 2691602 18361 1.7 22 13 1 6 90%  79 4734 409 30%
c ] 95.15 13 15 50 254 86198 1 2694405 20158 1.7 22 13 1 6 90%  79 4734 409 30%
c { 95.15 13 18 50 254 86198 2 2694405 20158 2.6 31 12 1 3 87%  79 4734 409 30%
c - 95.84 13 18 50 255 86525 2 2707540 21633 2.6 31 12 1 3 87%  80 4734 409 30%
c - 96.63 13 18 50 256 87075 2 2723509 24072 2.6 30 12 1 3 86%  80 4734 409 30%
c u 96.83 13 18 50 256 87075 1 2725545 24891 2.6 31 12 1 3 86%  80 4734 409 30%
c v 96.93 13 18 50 256 87075 1 2725545 23163 2.6 31 12 1 3 86%  80 4734 409 30%
c w 97.12 13 18 50 256 87075 1 2725545 22321 2.6 31 12 1 3 86%  80 4734 409 30%
c - 97.72 13 18 50 257 87708 1 2739509 22733 2.6 30 12 1 3 84%  80 4734 409 30%
c - 98.51 14 17 50 258 87993 1 2755541 24338 2.6 30 11 1 3 85%  80 4734 409 30%
c - 99.17 14 17 50 259 88137 1 2771603 23884 2.6 29 11 1 3 86%  80 4734 409 30%
c
c seconds   switched      rate           size/glue  tier1   binary      remaining
c        MB   reductions     conflicts         size   tier2   irredundant
c         level     restarts        redundant     glue   trail      variables
c
c s 99.38 14 16 50 259 88241 1 2777073 28135 2.6 29 11 1 3 86%  80 4730 409 30%
c - 99.98 14 16 50 260 89369 1 2787697 24782 2.6 29 11 1 3 86%  80 4730 409 30%
c - 100.85 14 16 50 261 90584 1 2803821 26832 2.6 28 11 1 3 85%  81 4730 409 30%
c - 101.92 14 16 50 262 90608 1 2819976 28689 2.7 29 11 1 3 86%  81 4730 409 30%
c } 102.56 14 16 51 262 91207 1 2831930 39296 2.8 29 11 1 3 87%  81 4730 409 30%
c [ 102.56 14 15 51 262 91207 1 2831930 39296 1.7 22 13 1 6 90%  81 4730 409 30%
c - 102.77 14 15 51 263 91210 1 2836162 29426 1.8 22 13 1 6 90%  81 4730 409 30%
c B 103.17 14 15 51 263 91216 1 2846300 36684 1.8 23 13 1 6 91%  81 4730 409 30%
c - 103.46 12 15 51 264 91219 1 2852380 26069 1.8 23 13 1 6 91%  81 4730 409 30%
c - 104.02 13 15 51 265 91224 1 2868629 22530 1.8 22 13 1 6 91%  81 4730 409 30%
c - 104.58 13 15 51 266 91234 1 2884910 20873 1.8 22 12 1 6 91%  81 4730 409 30%
c - 105.19 13 15 51 267 91237 1 2901219 20669 1.7 22 12 1 6 91%  81 4730 409 30%
c u 105.52 13 15 51 267 91237 1 2907688 22838 1.7 21 12 1 6 91%  81 4730 409 30%
c v 105.62 13 15 51 267 91237 1 2907688 21132 1.7 21 12 1 6 91%  81 4730 409 30%
c w 105.76 13 15 51 267 91237 1 2907688 18548 1.7 21 12 1 6 91%  81 4730 409 30%
c o 105.77 13 15 51 267 91237 1 2907688 18548 1.7 21 12 1 6 91%  81 4730 409 30%
c - 106.14 11 15 51 268 91240 1 2917559 16678 1.7 21 12 1 6 91%  81 4730 409 30%
c - 106.76 13 15 51 269 91250 1 2933929 17488 1.7 21 12 1 6 91%  81 4730 409 30%
c - 107.32 13 15 51 270 91255 1 2950331 17805 1.7 21 12 1 6 92%  81 4730 409 30%
c - 107.85 13 15 51 271 91265 1 2966762 18292 1.7 21 12 1 6 92%  81 4730 409 30%
c
c seconds    switched      rate           size/glue  tier1   binary      remaining
c         MB   reductions     conflicts         size   tier2   irredundant
c          level     restarts        redundant     glue   trail      variables
c
c - 108.39 13 15 51 272 91268 1 2983225 18871 1.8 21 12 1 6 91%  81 4730 409 30%
c - 108.94 13 15 51 273 91269 1 2999717 18541 1.8 22 12 1 6 91%  81 4730 409 30%
c - 109.55 13 15 51 274 91269 1 3016239 18815 1.8 22 12 1 6 91%  81 4730 409 30%
c W 109.58  7 15 51 274 91269 1 3016395 18904 1.8 22 12 1 6 91%  81 4730 409 30%
c - 110.23  9 14 51 275 91272 1 3032791 18610 1.8 21 12 1 6 92%  81 4730 409 30%
c ] 110.36  9 14 52 275 91275 1 3036686 20480 1.8 21 12 1 6 92%  81 4730 409 30%
c { 110.36  9 16 52 275 91275 1 3036686 20480 2.8 29 11 1 3 87%  81 4730 409 30%
c - 110.95  9 16 52 276 93642 1 3049375 21175 2.6 29 11 1 3 87%  81 4730 409 30%
c - 111.70 10 17 52 277 96879 2 3065989 23272 2.4 29 12 1 3 87%  81 4730 409 30%
c - 112.51 11 17 52 278 98570 2 3082632 25456 2.4 29 12 1 3 87%  81 4730 409 30%
c u 113.25 12 17 52 278 98594 2 3096376 37667 2.6 30 12 1 3 87%  81 4730 409 30%
c v 113.38 12 17 52 278 98594 2 3096376 35796 2.6 30 12 1 3 87%  81 4730 409 30%
c w 113.59 18 17 52 278 98594 2 3096376 33705 2.6 30 12 1 3 87%  81 4730 409 30%
c - 113.75 13 17 52 279 99133 2 3099305 24179 2.5 30 12 1 3 87%  81 4730 409 30%
c - 114.52 14 17 52 280 100831 2 3116009 25295 2.4 29 12 1 3 87%  81 4730 409 30%
c - 115.29 14 17 52 281 101506 2 3132744 25894 2.4 29 12 1 3 87%  81 4730 409 30%
c - 115.87 15 16 52 282 101506 2 3149507 26088 2.5 28 12 1 3 88%  81 4730 409 30%
c - 116.52 15 16 52 283 101506 1 3166299 24370 2.5 28 11 1 3 89%  81 4730 409 30%
c - 117.13 15 15 52 284 101506 1 3183121 25466 2.5 27 11 1 3 90%  81 4730 409 30%
c } 117.17 14 15 53 284 101506 1 3184474 26492 2.5 27 11 1 3 90%  81 4730 409 30%
c
c seconds    switched       rate           size/glue  tier1   binary      remaining
c         MB   reductions      conflicts         size   tier2   irredundant
c          level      restarts        redundant     glue   trail      variables
c
c [ 117.17 14 14 53 284 101506 1 3184474 26492 1.8 21 12 1 6 92%  81 4730 409 30%
c o 117.37 14 14 53 284 101511 1 3190631 31557 1.8 21 12 1 6 92%  81 4730 409 30%
c I 117.52 14 14 53 284 101512 1 3194048 33631 1.8 21 12 1 6 92%  81 4730 409 30%
c - 117.65 15 14 53 285 101515 1 3199973 26208 1.8 21 12 1 6 91%  81 4730 409 30%
c - 118.08 15 15 53 286 101520 1 3216855 24553 1.8 22 12 1 6 91%  81 4730 409 30%
c - 118.59 14 15 53 287 101531 1 3233766 20377 1.7 22 12 1 6 90%  81 4730 409 30%
c - 119.04 14 15 53 288 101536 1 3250708 19582 1.7 22 13 1 6 90%  81 4730 409 30%
c - 119.52 14 15 53 289 101538 1 3267679 19708 1.7 22 13 1 6 89%  81 4730 409 30%
c - 119.95 14 15 53 290 101548 1 3284680 19768 1.7 22 13 1 6 89%  81 4730 409 30%
c u 120.20 14 15 53 290 101551 1 3291592 24513 1.7 22 13 1 6 88%  81 4730 409 30%
c v 120.28 15 15 53 290 101551 1 3291592 22846 1.7 22 13 1 6 88%  81 4730 409 30%
c w 120.44 15 15 53 290 101551 1 3291592 19732 1.7 22 13 1 6 88%  81 4730 409 30%
c - 120.71 11 15 53 291 101554 1 3301710 16780 1.7 22 13 1 6 88%  81 4730 409 30%
c - 121.12 13 15 53 292 101564 1 3318769 17898 1.7 22 13 1 6 88%  81 4730 409 30%
c - 121.55 13 16 53 293 101567 1 3335859 19034 1.8 22 13 1 6 88%  81 4730 409 30%
c - 122.07 14 16 53 294 101568 1 3352976 19495 1.8 22 13 1 6 88%  81 4730 409 30%
c - 122.63 14 16 53 295 101568 1 3370123 19355 1.8 23 13 1 6 87%  81 4730 409 30%
c B 122.93 13 16 53 295 101568 1 3379384 26774 1.8 23 13 1 6 87%  81 4730 409 30%
c - 123.23 13 16 53 296 101573 1 3387299 20250 1.8 23 13 1 6 87%  81 4730 409 30%
c ] 123.87 13 16 54 296 101582 1 3404314 32824 1.8 23 13 1 6 87%  81 4730 409 30%
c
c seconds    switched       rate           size/glue  tier1   binary      remaining
c         MB   reductions      conflicts         size   tier2   irredundant
c          level      restarts        redundant     glue   trail      variables
c
c { 123.87 13 15 54 296 101582 1 3404314 32824 2.5 27 11 1 3 90%  81 4730 409 30%
c - 123.88 14 15 54 297 101607 1 3404503 21295 2.5 27 11 1 3 90%  81 4730 409 30%
c - 124.39 13 15 54 298 103492 1 3421736 22332 2.4 26 11 1 3 89%  81 4730 409 30%
c o 124.71 13 15 54 298 104936 1 3432611 30503 2.3 25 11 1 3 89%  81 4730 409 30%
c - 124.95 13 15 54 299 105818 1 3438998 21896 2.2 25 11 1 3 89%  81 4730 409 30%
c - 125.46 14 16 54 300 108188 2 3456289 21282 2.1 24 12 1 3 88%  81 4730 409 30%
c - 125.94 13 16 54 301 109144 1 3473609 22038 2.0 24 12 1 3 88%  81 4730 409 30%
c - 126.43 13 16 54 302 110327 1 3490959 23057 1.9 23 12 1 4 88%  81 4730 409 30%
c u 126.58 14 16 54 302 110619 1 3493401 24077 1.9 23 12 1 4 88%  81 4730 409 30%
c v 126.69 14 16 54 302 110619 1 3493401 21594 1.9 23 12 1 4 88%  81 4730 409 30%
c w 126.81 14 16 54 302 110619 1 3493401 20162 1.9 23 12 1 4 88%  81 4730 409 30%
c - 127.24 14 16 54 303 111816 1 3508338 20288 1.9 23 12 1 4 88%  81 4730 409 30%
c - 127.73 13 16 54 304 111822 1 3525746 20403 1.8 22 12 1 4 88%  81 4730 409 30%
c - 128.22 14 16 54 305 113184 1 3543181 20954 1.8 21 12 1 4 88%  81 4730 409 30%
c - 128.72 14 16 54 306 113645 1 3560646 22977 1.8 22 12 1 4 88%  81 4730 409 30%
c } 128.78 13 16 55 306 113645 1 3562708 24871 1.8 22 12 1 4 88%  81 4730 409 30%
c [ 128.78 13 16 55 306 113645 1 3562708 24871 1.8 23 13 1 6 87%  81 4730 409 30%
c W 129.21 12 16 55 306 113651 1 3572525 30790 1.8 23 13 1 6 87%  81 4730 409 30%
c - 129.48 12 16 55 307 113654 1 3578139 23223 1.8 23 13 1 6 88%  81 4730 409 30%
c - 130.18 12 16 55 308 113660 1 3595661 21852 1.8 23 13 1 6 88%  81 4730 409 30%
c
c seconds    switched       rate           size/glue  tier1   binary      remaining
c         MB   reductions      conflicts         size   tier2   irredundant
c          level      restarts        redundant     glue   trail      variables
c
c - 130.87 12 16 55 309 113671 1 3613211 20456 1.8 23 13 1 6 89%  81 4730 409 30%
c - 131.58 12 16 55 310 113675 1 3630789 20023 1.8 23 13 1 6 89%  81 4730 409 30%
c - 132.26 12 15 55 311 113678 1 3648397 19776 1.8 22 13 1 6 89%  81 4730 409 30%
c - 133.06 12 15 55 312 113689 1 3666032 19798 1.8 22 13 1 6 89%  81 4730 409 30%
c ] 133.23 12 15 56 312 113690 1 3671647 23332 1.8 22 13 1 6 89%  81 4730 409 30%
c { 133.23 12 16 56 312 113690 1 3671647 23332 1.8 22 12 1 4 88%  81 4730 409 30%
c - 133.82 12 16 56 313 114863 1 3683695 22539 1.9 22 12 1 4 88%  81 4730 409 30%
c - 134.72 13 15 56 314 114863 1 3701387 25248 2.1 23 11 1 4 89%  81 4730 409 30%
c u 134.83 13 15 56 314 114863 1 3701803 24840 2.1 23 11 1 4 89%  81 4730 409 30%
c v 134.94 13 15 56 314 114863 1 3701803 22858 2.1 23 11 1 4 89%  81 4730 409 30%
c w 135.04 13 15 56 314 114863 1 3701803 21244 2.1 23 11 1 4 89%  81 4730 409 30%
c x 135.05 13 15 56 314 114863 1 3701803 21238 2.1 23 11 1 4 89%  81 4717 409 30%
c o 135.05 13 15 56 314 114863 1 3701803 21238 2.1 23 11 1 4 89%  81 4717 409 30%
c - 135.85 12 15 56 315 115891 1 3719108 25187 2.2 25 11 1 4 89%  81 4717 409 30%
c - 136.61 14 15 56 316 115911 1 3736857 28908 2.4 26 11 1 4 89%  81 4717 409 30%
c - 137.55 14 16 56 317 118195 1 3754633 29600 2.3 27 11 1 4 89%  81 4717 409 30%
c e 137.82 14 16 56 317 118195 1 3758570 33118 2.4 27 11 1 4 89%  80 4730 408 30%
c s 137.82 14 16 56 317 118195 1 3758570 33118 2.4 27 11 1 4 89%  80 4728 408 30%
c - 138.58 12 16 56 318 118902 1 3772438 28754 2.4 28 11 1 4 90%  80 4728 408 30%
c - 139.54 14 16 56 319 121023 2 3790271 29239 2.4 28 12 1 4 90%  80 4728 408 30%
c
c seconds    switched       rate           size/glue  tier1   binary      remaining
c         MB   reductions      conflicts         size   tier2   irredundant
c          level      restarts        redundant     glue   trail      variables
c
c - 140.33 12 16 56 320 122236 2 3808133 28452 2.3 27 12 1 4 90%  80 4728 408 30%
c - 141.18 12 17 56 321 123565 2 3826022 29264 2.4 29 12 1 3 90%  80 4728 408 30%
c } 141.87 14 16 57 321 123573 1 3840989 43585 2.6 30 12 1 3 90%  80 4728 408 30%
c [ 141.87 14 15 57 321 123573 1 3840989 43585 1.8 22 13 1 6 89%  80 4728 408 30%
c O 141.87 14 15 57 321 123573 1 3840989 43585 1.8 22 13 1 6 89%  80 4728 408 30%
c - 142.02 15 15 57 322 123575 1 3843938 30271 1.8 22 13 1 6 90%  80 4728 408 30%
c - 142.80 12 15 57 323 123586 1 3861883 27567 1.8 23 13 1 6 90%  80 4728 408 30%
c - 143.54 14 15 57 324 123592 1 3879856 24212 1.9 23 12 1 6 90%  80 4728 408 30%
c - 144.27 14 15 57 325 123601 1 3897857 23754 1.9 23 12 1 6 90%  80 4728 408 30%
c - 144.96 14 15 57 326 123603 1 3915886 23188 1.9 23 12 1 6 90%  80 4728 408 30%
c u 145.10 14 15 57 326 123603 1 3916956 22427 1.9 23 12 1 6 90%  80 4728 408 30%
c v 145.20 14 15 57 326 123603 1 3916956 20312 1.9 23 12 1 6 90%  80 4728 408 30%
c w 145.29 14 15 57 326 123603 1 3916956 19413 1.9 23 12 1 6 90%  80 4728 408 30%
c - 145.88 14 15 57 327 123610 1 3933941 19104 1.8 23 12 1 6 90%  80 4728 408 30%
c - 146.50 14 15 57 328 123618 1 3952025 19811 1.9 23 12 1 6 91%  80 4728 408 30%
c - 147.15 14 15 57 329 123627 1 3970135 19569 1.9 23 12 1 6 91%  80 4728 408 30%
c - 147.83 14 15 57 330 123633 1 3988274 20140 1.8 23 12 1 6 90%  80 4728 408 30%
c o 147.84 14 15 57 330 123634 1 3988651 20338 1.8 22 12 1 6 90%  80 4728 408 30%
c - 148.50 14 15 57 331 123635 1 4006442 20370 1.8 22 12 1 6 90%  80 4728 408 30%
c - 149.14 14 15 57 332 123635 1 4024635 19809 1.8 22 13 1 6 91%  80 4728 408 30%
c
c seconds    switched       rate           size/glue  tier1   binary      remaining
c         MB   reductions      conflicts         size   tier2   irredundant
c          level      restarts        redundant     glue   trail      variables
c
c - 149.74 14 15 57 333 123639 1 4042856 20230 1.7 22 13 1 6 90%  80 4728 408 30%
c B 149.95 14 15 57 333 123642 1 4050105 25186 1.7 22 13 1 6 90%  80 4728 408 30%
c ] 150.28 14 15 58 333 123649 1 4059613 31657 1.8 22 13 1 6 90%  80 4728 408 30%
c { 150.28 14 16 58 333 123649 1 4059613 31657 2.6 30 12 1 3 90%  80 4728 408 30%
c - 150.35 14 16 58 334 123753 1 4061104 21584 2.5 30 12 1 3 90%  80 4728 408 30%
c - 151.21 14 17 58 335 125694 2 4079380 25187 2.4 29 12 1 3 90%  80 4728 408 30%
c - 152.00 14 17 58 336 126204 2 4097685 28355 2.5 29 12 1 3 89%  80 4728 408 30%
c - 152.86 14 17 58 337 127940 2 4116015 29622 2.4 29 12 1 3 88%  80 4728 408 30%
c - 153.72 15 17 58 338 128017 1 4134373 31029 2.6 30 12 1 3 89%  80 4728 408 30%
c u 154.06 15 17 58 338 128017 1 4138731 34033 2.7 31 12 1 3 89%  81 4728 408 30%
c v 154.21 15 17 58 338 128017 1 4138731 31662 2.7 31 12 1 3 89%  81 4728 408 30%
c w 154.45 15 17 58 338 128017 1 4138731 30534 2.7 31 12 1 3 89%  81 4728 408 30%
c - 155.10 12 17 58 339 128581 1 4152757 28806 2.7 30 11 1 3 88%  81 4728 408 30%
c - 155.97 12 17 58 340 130281 2 4171169 29790 2.5 30 12 1 3 88%  81 4728 408 30%
c - 156.77 14 17 58 341 131037 2 4189608 28692 2.4 28 12 1 3 88%  81 4728 408 30%
c - 157.69 12 17 58 342 132584 2 4208075 30327 2.4 29 12 1 3 88%  81 4728 408 30%
c - 158.56 12 17 58 343 133919 2 4226569 31265 2.4 28 12 1 3 88%  81 4728 408 30%
c } 159.22 13 18 59 343 135350 2 4240242 41795 2.3 28 12 1 3 88%  81 4728 408 30%
c [ 159.22 13 15 59 343 135350 1 4240242 41795 1.8 22 13 1 6 90%  81 4728 408 30%
c - 159.41 12 15 59 344 135353 1 4245089 31282 1.8 22 13 1 6 90%  81 4728 408 30%
c
c seconds    switched       rate           size/glue  tier1   binary      remaining
c         MB   reductions      conflicts         size   tier2   irredundant
c          level      restarts        redundant     glue   trail      variables
c
c - 160.25 12 15 59 345 135363 1 4263636 29498 1.8 23 13 1 6 90%  81 4728 408 30%
c W 160.43 12 16 59 345 135364 1 4267388 32331 1.8 23 13 1 6 90%  81 4728 408 30%
c o 160.43 12 16 59 345 135364 1 4267388 32331 1.8 23 13 1 6 90%  81 4728 408 30%
c - 160.81 14 16 59 346 135371 1 4282210 25485 1.8 23 13 1 6 90%  81 4728 408 30%
c - 161.36 14 16 59 347 135379 1 4300811 23418 1.8 23 13 1 6 90%  81 4728 408 30%
c s 161.85 14 16 59 347 135380 1 4316875 33652 1.7 22 13 1 6 90%  81 4727 408 30%
c - 161.93 14 15 59 348 135380 1 4319438 22064 1.7 22 13 1 6 91%  81 4727 408 30%
c - 162.43 14 15 59 349 135390 1 4338092 22208 1.7 22 13 1 6 90%  81 4727 408 30%
c - 162.99 14 15 59 350 135397 1 4356773 21765 1.7 21 12 1 6 90%  81 4727 408 30%
c u 163.40 14 15 59 350 135402 1 4367223 27018 1.7 21 12 1 6 90%  81 4727 408 30%
c v 163.49 14 15 59 350 135402 1 4367223 25480 1.7 21 12 1 6 90%  81 4727 408 30%
c w 163.65 14 15 59 350 135402 1 4367223 21565 1.7 21 12 1 6 90%  81 4727 408 30%
c = 164.56 20 15 59 350 135402 1 4367223 21565 1.7 21 12 1 6 90%  85 4695 405 30%
c d 164.56 20 15 59 350 135402 1 4367223 21075 1.7 21 12 1 6 90%  80 4695 405 30%
c u 164.65 20 15 59 350 135402 1 4367223 20774 1.7 21 12 1 6 90%  80 4695 405 30%
c v 164.71 20 15 59 350 135402 1 4367223 20387 1.7 21 12 1 6 90%  80 4695 405 30%
c w 164.84 20 15 59 350 135402 1 4367223 18860 1.7 21 12 1 6 90%  80 4695 405 30%
c - 165.10 17 15 59 351 135408 1 4375481 16649 1.7 21 12 1 6 90%  78 4695 405 30%
c - 165.62 19 15 59 352 135411 1 4394215 18541 1.7 20 12 1 6 89%  78 4695 405 30%
c - 166.15 19 14 59 353 135412 1 4412977 19052 1.6 20 12 1 6 89%  78 4695 405 30%
c
c seconds    switched       rate           size/glue  tier1   binary      remaining
c         MB   reductions      conflicts         size   tier2   irredundant
c          level      restarts        redundant     glue   trail      variables
c
c - 166.68 19 14 59 354 135412 1 4431765 19017 1.6 19 12 1 6 88%  78 4695 405 30%
c - 167.28 19 14 59 355 135421 1 4450581 19433 1.6 19 12 1 6 89%  78 4695 405 30%
c - 167.93 19 14 59 356 135427 1 4469422 19946 1.6 18 12 1 6 88%  78 4695 405 30%
c - 168.58 19 14 59 357 135439 1 4488290 21296 1.6 18 12 1 6 88%  78 4695 405 30%
c I 168.72 19 14 59 357 135441 1 4492954 24159 1.6 18 12 1 6 88%  78 4695 405 30%
c ] 169.12 19 14 60 357 135443 1 4504481 30574 1.6 18 12 1 6 88%  78 4695 405 30%
c { 169.12 19 18 60 357 135443 2 4504481 30574 2.3 28 12 1 3 88%  78 4695 405 30%
c - 169.25 19 18 60 358 135670 2 4507184 22319 2.3 28 12 1 3 88%  78 4695 405 30%
c - 170.12 20 18 60 359 137337 2 4526105 25084 2.2 27 12 1 3 87%  78 4695 405 30%
c - 170.82 20 17 60 360 137421 2 4545052 25419 2.1 26 12 1 3 87%  78 4695 405 30%
c o 171.38 20 16 60 360 137529 2 4562074 35986 2.1 24 12 1 3 86%  78 4695 405 30%
c - 171.45 20 16 60 361 137660 2 4564025 24886 2.1 24 12 1 3 86%  78 4695 405 30%
c - 172.12 20 16 60 362 137668 1 4583026 26630 2.1 24 11 1 3 86%  78 4695 405 30%
c - 172.97 20 16 60 363 138648 1 4602053 28746 2.2 25 11 1 3 86%  78 4695 405 30%
c u 173.11 20 16 60 363 138767 1 4602735 28552 2.2 25 11 1 3 86%  78 4695 405 30%
c v 173.21 20 16 60 363 138767 1 4602735 26583 2.2 25 11 1 3 86%  78 4695 405 30%
c w 173.44 20 16 60 363 138767 1 4602735 23231 2.2 25 11 1 3 86%  78 4695 405 30%
c - 174.35 20 16 60 364 139834 1 4621106 26880 2.2 25 11 1 3 86%  78 4695 405 30%
c - 175.46 20 17 60 365 142004 2 4640185 28884 2.1 25 12 1 3 86%  78 4695 405 30%
c - 176.62 18 17 60 366 143191 2 4659289 29642 2.2 26 12 1 3 87%  78 4695 405 30%
c
c seconds    switched       rate           size/glue  tier1   binary      remaining
c         MB   reductions      conflicts         size   tier2   irredundant
c          level      restarts        redundant     glue   trail      variables
c
c - 177.63 18 17 60 367 144408 2 4678420 30475 2.2 27 12 1 3 87%  78 4695 405 30%
c } 178.63 21 17 61 367 145587 2 4696733 46548 2.3 27 12 1 3 87%  78 4695 405 30%
c [ 178.63 21 14 61 367 145587 1 4696733 46548 1.6 18 12 1 6 88%  78 4695 405 30%
c - 178.66 21 14 61 368 145587 1 4697578 31934 1.6 19 12 1 6 88%  78 4695 405 30%
c - 179.34 18 14 61 369 145599 1 4716761 29645 1.6 19 12 1 6 88%  78 4695 405 30%
c B 179.66 19 14 61 369 145601 1 4726921 36214 1.6 19 12 1 6 88%  78 4695 405 30%
c - 180.03 20 14 61 370 145607 1 4735972 25453 1.6 20 12 1 6 88%  78 4695 405 30%
c - 180.77 20 15 61 371 145616 1 4755207 24501 1.7 20 12 1 6 89%  78 4695 405 30%
c - 181.49 20 14 61 372 145617 1 4774468 23922 1.7 20 12 1 6 89%  78 4695 405 30%
c - 182.13 20 15 61 373 145627 1 4793756 23961 1.7 21 12 1 6 89%  78 4695 405 30%
c - 182.82 20 15 61 374 145634 1 4813069 24056 1.7 21 12 1 6 89%  78 4695 405 30%
c - 183.57 20 14 61 375 145646 1 4832409 23385 1.7 21 12 1 6 89%  78 4695 405 30%
c u 184.14 20 15 61 375 145648 1 4845062 32060 1.8 21 12 1 6 89%  78 4695 405 30%
c v 184.25 20 15 61 375 145648 1 4845062 29861 1.8 21 12 1 6 89%  78 4695 405 30%
c w 184.65 20 15 61 375 145648 1 4845062 25512 1.8 21 12 1 6 89%  78 4695 405 30%
c - 184.85 20 15 61 376 145648 1 4851774 20416 1.8 21 12 1 6 89%  78 4695 405 30%
c - 185.47 20 14 61 377 145649 1 4871165 20765 1.8 21 12 1 6 89%  78 4695 405 30%
c - 186.10 20 14 61 378 145649 1 4890582 21657 1.8 21 12 1 6 89%  78 4695 405 30%
c - 186.77 20 14 61 379 145659 1 4910024 22711 1.8 21 12 1 6 89%  78 4695 405 30%
c e 187.18 20 14 61 379 145664 1 4921799 30477 1.8 21 12 1 6 89%  77 4741 401 29%
c
c seconds    switched       rate           size/glue  tier1   binary      remaining
c         MB   reductions      conflicts         size   tier2   irredundant
c          level      restarts        redundant     glue   trail      variables
c
c s 187.18 20 14 61 379 145664 1 4921799 30477 1.8 21 12 1 6 89%  77 4740 401 29%
c o 187.18 20 14 61 379 145664 1 4921799 30261 1.8 21 12 1 6 89%  77 4740 401 29%
c - 187.41 20 15 61 380 145667 1 4929491 23004 1.8 21 12 1 6 89%  77 4740 401 29%
c - 188.05 20 15 61 381 145678 1 4948986 22176 1.8 21 12 1 6 89%  77 4740 401 29%
c ] 188.40 20 15 62 381 145680 1 4960980 29992 1.7 21 12 1 6 88%  77 4740 401 29%
c { 188.40 20 17 62 381 145680 2 4960980 29992 2.3 27 12 1 3 87%  77 4740 401 29%
c - 188.77 20 17 62 382 146718 2 4968506 23704 2.2 27 12 1 3 87%  77 4740 401 29%
c - 189.73 20 17 62 383 147384 2 4988052 26153 2.2 26 12 1 3 88%  77 4740 401 29%
c - 190.53 20 17 62 384 147542 2 5007623 27763 2.2 26 12 1 3 88%  77 4740 401 29%
c - 191.48 18 17 62 385 148407 2 5027218 30465 2.3 27 12 1 3 88%  77 4740 401 29%
c - 192.41 21 17 62 386 149299 2 5046840 33475 2.4 27 12 1 3 88%  77 4740 401 29%
c - 193.25 22 17 62 387 149300 1 5066486 35673 2.6 29 11 1 3 88%  77 4740 401 29%
c - 194.51 22 17 62 388 151404 2 5086158 36595 2.5 28 11 1 3 88%  77 4740 401 29%
c u 195.13 22 17 62 388 151979 2 5094221 41952 2.4 28 12 1 3 87%  77 4740 401 29%
c v 195.36 22 17 62 388 151979 2 5094221 38825 2.4 28 12 1 3 87%  77 4740 401 29%
c w 195.55 22 17 62 388 151979 2 5094221 38302 2.4 28 12 1 3 87%  77 4740 401 29%
c - 196.05 22 17 62 389 152205 2 5105856 31778 2.5 28 11 1 3 88%  77 4740 401 29%
c - 197.08 22 17 62 390 153372 2 5125580 32316 2.5 28 11 1 3 88%  77 4740 401 29%
c - 198.35 22 17 62 391 154183 1 5145328 34689 2.5 29 11 1 3 88%  77 4740 401 29%
c - 199.49 22 17 62 392 155495 2 5165101 34969 2.5 29 12 1 3 88%  77 4740 401 29%
c
c seconds    switched       rate           size/glue  tier1   binary      remaining
c         MB   reductions      conflicts         size   tier2   irredundant
c          level      restarts        redundant     glue   trail      variables
c
c } 199.49 22 17 63 392 155495 2 5165189 35055 2.5 29 12 1 3 88%  77 4740 401 29%
c [ 199.49 22 15 63 392 155495 1 5165189 35055 1.7 21 12 1 6 88%  77 4740 401 29%
c W 199.53 22 15 63 392 155495 1 5165189 35055 1.7 21 12 1 6 88%  77 4740 401 29%
c - 200.25 18 15 63 393 155507 1 5184899 30943 1.7 21 12 1 6 88%  77 4740 401 29%
c - 200.99 20 14 63 394 155515 1 5204723 26464 1.7 21 12 1 6 88%  77 4740 401 29%
c - 201.69 20 14 63 395 155524 1 5224572 25379 1.7 21 12 1 6 88%  77 4740 401 29%
c - 202.45 20 14 63 396 155525 1 5244447 25223 1.7 20 12 1 6 88%  77 4740 401 29%
c - 203.24 20 14 63 397 155536 1 5264347 24440 1.7 20 12 1 6 88%  77 4740 401 29%
c o 203.96 20 14 63 397 155544 1 5284158 38041 1.8 20 11 1 6 87%  77 4740 401 29%
c - 203.97 20 14 63 398 155544 1 5284272 25861 1.8 20 11 1 6 87%  77 4740 401 29%
c - 204.77 20 14 63 399 155554 1 5304221 26096 1.7 20 12 1 6 87%  77 4740 401 29%
c - 205.52 20 14 63 400 155556 1 5324196 23952 1.7 20 12 1 6 88%  77 4740 401 29%
c - 206.29 20 14 63 401 155557 1 5344198 24040 1.7 20 12 1 6 88%  77 4740 401 29%
c u 206.61 20 14 63 401 155557 1 5349875 26693 1.7 20 12 1 6 88%  77 4740 401 29%
c v 206.72 20 14 63 401 155557 1 5349875 24825 1.7 20 12 1 6 88%  77 4740 401 29%
c w 206.89 20 14 63 401 155557 1 5349875 22426 1.7 20 12 1 6 88%  77 4740 401 29%
c x 206.91 20 14 63 401 155557 1 5349875 22422 1.7 20 12 1 6 88%  78 4726 401 29%
c t 207.97 27 14 63 401 155557 1 5349875 22422 1.7 20 12 1 6 88%  77 4726 401 29%
c - 208.51 27 14 63 402 155560 1 5364223 21282 1.7 20 12 1 6 88%  77 4726 401 29%
c - 209.26 27 14 63 403 155571 1 5384272 22958 1.7 20 12 1 6 88%  77 4726 401 29%
c
c seconds    switched       rate           size/glue  tier1   binary      remaining
c         MB   reductions      conflicts         size   tier2   irredundant
c          level      restarts        redundant     glue   trail      variables
c
c - 210.07 27 14 63 404 155579 1 5404347 24117 1.7 20 12 1 6 88%  77 4726 401 29%
c O 210.50 27 14 63 404 155586 1 5416299 32160 1.7 20 12 1 6 88%  77 4726 401 29%
c - 210.79 27 14 63 405 155587 1 5424446 24950 1.7 20 12 1 6 88%  77 4726 401 29%
c ] 211.00 27 14 64 405 155588 1 5430042 28947 1.7 21 12 1 6 88%  77 4726 401 29%
c { 211.00 27 17 64 405 155588 2 5430042 28947 2.5 29 12 1 3 88%  77 4726 401 29%
c - 211.67 27 17 64 406 157307 2 5444570 27613 2.4 29 12 1 3 88%  77 4726 401 29%
c - 212.66 28 17 64 407 157349 1 5464719 32046 2.7 30 11 1 3 89%  77 4726 401 29%
c - 213.58 28 16 64 408 157362 1 5484893 34918 2.8 30 11 1 3 89%  77 4726 401 29%
c - 214.72 28 16 64 409 159153 1 5505093 35386 2.7 30 11 1 3 89%  77 4726 401 29%
c - 215.65 28 15 64 410 159161 1 5525316 33478 2.8 30 11 1 3 90%  77 4726 401 29%
c - 216.66 28 14 64 411 159170 1 5545564 32641 2.9 29 10 1 3 90%  77 4726 401 29%
c - 217.80 28 15 64 412 162145 2 5565838 34595 2.6 29 11 1 3 90%  77 4726 401 29%
c s 218.29 28 16 64 412 163495 2 5574298 41461 2.5 28 11 1 3 90%  77 4724 401 29%
c - 218.92 28 16 64 413 163724 2 5586137 33941 2.5 28 11 1 3 89%  77 4724 401 29%
c o 219.33 28 16 64 413 164537 2 5596408 42313 2.4 27 11 1 3 89%  77 4724 401 29%
c - 219.94 28 16 64 414 164958 2 5606459 35129 2.4 28 11 1 3 88%  77 4724 401 29%
c u 220.44 28 16 64 414 165450 2 5612538 38846 2.4 28 11 1 3 89%  77 4724 401 29%
c v 220.69 28 16 64 414 165450 2 5612538 35698 2.4 28 11 1 3 89%  77 4724 401 29%
c w 221.00 28 16 64 414 165450 2 5612538 34254 2.4 28 11 1 3 89%  77 4724 401 29%
c - 221.95 28 16 64 415 166457 2 5626805 32137 2.4 28 12 1 3 88%  77 4724 401 29%
c
c seconds    switched       rate           size/glue  tier1   binary      remaining
c         MB   reductions      conflicts         size   tier2   irredundant
c          level      restarts        redundant     glue   trail      variables
c
c } 223.31 28 16 65 415 166457 1 5646540 50689 2.6 28 11 1 3 89%  77 4724 401 29%
c [ 223.31 28 14 65 415 166457 1 5646540 50689 1.7 21 12 1 6 88%  77 4724 401 29%
c - 223.36 28 14 65 416 166457 1 5647176 35459 1.8 21 12 1 6 88%  77 4724 401 29%
c - 224.21 28 14 65 417 166470 1 5667575 34934 1.9 21 11 1 6 88%  77 4724 401 29%
c B 224.55 28 14 65 417 166471 1 5676149 41775 1.9 22 12 1 6 88%  77 4724 401 29%
c - 224.92 25 14 65 418 166478 1 5687996 30125 1.9 22 12 1 6 88%  77 4724 401 29%
c - 225.60 25 15 65 419 166486 1 5708442 27336 1.8 22 12 1 6 88%  77 4724 401 29%
c - 226.31 27 15 65 420 166488 1 5728912 25992 1.8 22 12 1 6 88%  77 4724 401 29%
c - 227.05 27 15 65 421 166501 1 5749405 25911 1.8 22 12 1 6 88%  77 4724 401 29%
c - 227.80 27 15 65 422 166509 1 5769923 25202 1.8 22 12 1 6 88%  77 4724 401 29%
c - 228.59 27 15 65 423 166517 1 5790466 25348 1.8 21 12 1 6 88%  77 4724 401 29%
c - 229.38 27 15 65 424 166519 1 5811032 25616 1.7 21 12 1 6 88%  77 4724 401 29%
c - 230.15 27 14 65 425 166519 1 5831624 25803 1.7 21 12 1 6 88%  77 4724 401 29%
c - 231.06 27 14 65 426 166526 1 5852241 25131 1.7 20 12 1 6 88%  77 4724 401 29%
c - 231.99 27 14 65 427 166534 1 5872880 26203 1.7 20 12 1 6 88%  77 4724 401 29%
c u 232.58 27 14 65 427 166539 1 5882142 31193 1.7 20 12 1 6 88%  77 4724 401 29%
c v 232.73 27 14 65 427 166539 1 5882142 29263 1.7 20 12 1 6 88%  77 4724 401 29%
c w 233.07 27 14 65 427 166539 1 5882142 25361 1.7 20 12 1 6 88%  77 4724 401 29%
c - 233.45 27 14 65 428 166545 1 5893546 22946 1.7 20 12 1 6 87%  77 4724 401 29%
c - 234.17 27 14 65 429 166550 1 5914234 24040 1.7 20 12 1 6 87%  77 4724 401 29%
c
c seconds    switched       rate           size/glue  tier1   binary      remaining
c         MB   reductions      conflicts         size   tier2   irredundant
c          level      restarts        redundant     glue   trail      variables
c
c - 234.92 27 14 65 430 166557 1 5934948 24697 1.7 20 11 1 6 87%  77 4724 401 29%
c o 235.07 27 14 65 430 166559 1 5938813 27177 1.7 20 11 1 6 87%  77 4724 401 29%
c ] 235.25 27 14 66 430 166562 1 5943370 29676 1.7 20 11 1 6 87%  77 4724 401 29%
c { 235.25 27 16 66 430 166562 1 5943370 29676 2.6 28 11 1 3 89%  77 4724 401 29%
c - 235.89 27 16 66 431 166956 1 5955685 27542 2.5 28 11 1 3 88%  77 4724 401 29%
c - 237.02 25 15 66 432 167370 1 5976448 31112 2.6 28 11 1 3 88%  77 4724 401 29%
c - 238.05 28 15 66 433 167370 1 5997233 34749 2.9 30 10 1 3 89%  77 4724 401 29%
c - 239.12 29 14 66 434 167385 1 6018041 38044 3.1 30 10 1 3 90%  77 4724 401 29%
c - 240.58 29 14 66 435 169006 1 6038873 38481 3.0 30 10 1 3 90%  77 4724 401 29%
c - 242.05 29 14 66 436 170560 1 6059730 37635 2.9 29 10 1 3 90%  77 4724 401 29%
c - 243.39 29 14 66 437 172187 1 6080610 37591 2.9 29 10 1 3 89%  77 4724 401 29%
c - 244.87 29 14 66 438 172851 1 6101514 39406 2.9 29 10 1 3 90%  77 4724 401 29%
c - 246.18 29 14 66 439 174641 1 6122443 40351 2.8 28 10 1 3 88%  78 4724 401 29%
c - 247.29 29 14 66 440 176188 1 6143397 36640 2.6 26 10 1 3 88%  78 4724 401 29%
c u 248.16 29 14 66 440 176405 1 6158701 43702 2.5 25 10 1 3 89%  78 4724 401 29%
c v 248.60 29 14 66 440 176405 1 6158701 40122 2.5 25 10 1 3 89%  78 4724 401 29%
c w 248.80 29 14 66 440 176405 1 6158701 34849 2.5 25 10 1 3 89%  78 4724 401 29%
c - 249.14 25 14 66 441 176680 1 6164373 28998 2.5 25 10 1 3 88%  78 4724 401 29%
c } 249.57 26 14 67 441 177170 1 6172485 35277 2.5 25 10 1 3 88%  78 4724 401 29%
c [ 249.57 26 14 67 441 177170 1 6172485 35277 1.7 20 11 1 6 87%  78 4724 401 29%
c
c seconds    switched       rate           size/glue  tier1   binary      remaining
c         MB   reductions      conflicts         size   tier2   irredundant
c          level      restarts        redundant     glue   trail      variables
c
c W 249.64 26 14 67 441 177170 1 6172485 35277 1.7 20 11 1 6 87%  78 4724 401 29%
c - 250.09 27 14 67 442 177177 1 6185374 30932 1.7 20 11 1 6 87%  78 4724 401 29%
c - 250.82 27 14 67 443 177186 1 6206397 30075 1.7 19 11 1 6 87%  78 4724 401 29%
c - 251.51 27 13 67 444 177198 1 6227444 26749 1.7 19 11 1 6 87%  78 4724 401 29%
c - 252.22 27 13 67 445 177200 1 6248516 26223 1.7 19 11 1 6 87%  78 4724 401 29%
c - 252.88 27 13 67 446 177210 1 6269613 26356 1.7 19 11 1 6 86%  78 4724 401 29%
c o 253.11 27 13 67 446 177214 1 6276063 29786 1.7 18 11 1 6 86%  78 4724 401 29%
c - 253.69 27 13 67 447 177218 1 6290731 26271 1.7 19 11 1 6 87%  78 4724 401 29%
c - 254.61 27 13 67 448 177229 1 6311873 26416 1.7 19 11 1 6 87%  78 4724 401 29%
c - 255.45 27 13 67 449 177231 1 6333040 25340 1.6 19 11 1 6 88%  78 4724 401 29%
c - 256.11 27 13 67 450 177232 1 6354229 25723 1.6 18 11 1 6 88%  78 4724 401 29%
c - 256.86 27 13 67 451 177237 1 6375443 26087 1.6 18 11 1 6 87%  78 4724 401 29%
c - 257.62 27 13 67 452 177247 1 6396679 26718 1.6 18 11 1 6 87%  78 4724 401 29%
c - 258.39 27 13 67 453 177257 1 6417941 27064 1.6 18 11 1 6 86%  78 4724 401 29%
c - 259.28 27 13 67 454 177263 1 6439225 25748 1.6 18 11 1 6 87%  78 4724 401 29%
c u 259.54 27 13 67 454 177263 1 6442208 26065 1.6 18 11 1 6 87%  78 4724 401 29%
c v 259.64 27 13 67 454 177263 1 6442208 24551 1.6 18 11 1 6 87%  78 4724 401 29%
c w 259.71 27 13 67 454 177263 1 6442208 22882 1.6 18 11 1 6 87%  78 4724 401 29%
c I 259.93 27 13 67 454 177263 1 6450148 27855 1.6 18 11 1 6 87%  78 4724 401 29%
c - 260.30 27 13 67 455 177270 1 6460532 23965 1.6 17 11 1 6 87%  78 4724 401 29%
c
c seconds    switched       rate           size/glue  tier1   binary      remaining
c         MB   reductions      conflicts         size   tier2   irredundant
c          level      restarts        redundant     glue   trail      variables
c
c - 260.96 27 13 67 456 177278 1 6481862 26301 1.7 18 11 1 6 87%  78 4724 401 29%
c - 261.66 27 13 67 457 177291 1 6503216 25682 1.6 18 11 1 6 87%  78 4724 401 29%
c - 262.36 27 13 67 458 177294 1 6524594 24338 1.7 19 11 1 6 87%  78 4724 401 29%
c - 263.05 27 14 67 459 177295 1 6545996 24165 1.6 19 11 1 6 87%  78 4724 401 29%
c ] 263.62 27 13 68 459 177295 1 6563073 34051 1.6 19 11 1 6 87%  78 4724 401 29%
c { 263.62 27 14 68 459 177295 1 6563073 34051 2.5 25 10 1 3 88%  78 4724 401 29%
c - 263.81 27 14 68 460 178055 1 6567420 25119 2.4 25 10 1 3 88%  78 4724 401 29%
c - 264.83 25 15 68 461 181001 1 6588868 29322 2.3 26 11 1 3 88%  78 4724 401 29%
c - 266.04 28 16 68 462 182534 1 6610340 32170 2.3 26 11 1 3 88%  78 4724 401 29%
c o 266.46 28 16 68 462 182728 1 6618635 40145 2.4 27 11 1 3 89%  78 4724 401 29%
c - 267.17 28 16 68 463 183619 1 6631834 34216 2.4 27 11 1 3 89%  78 4724 401 29%
c - 268.20 28 16 68 464 185284 2 6653352 35112 2.4 27 11 1 3 88%  78 4724 401 29%
c - 269.27 28 16 68 465 186336 1 6674893 35218 2.3 26 11 1 3 88%  78 4724 401 29%
c - 270.08 28 15 68 466 186606 1 6696457 33835 2.2 25 11 1 3 88%  78 4724 401 29%
c - 271.26 28 16 68 467 188114 1 6718046 35495 2.3 26 11 1 3 88%  78 4724 401 29%
c u 272.29 28 16 68 467 188422 1 6732738 47567 2.4 26 11 1 3 89%  78 4724 401 29%
c v 272.54 28 16 68 467 188422 1 6732738 44398 2.4 26 11 1 3 89%  78 4724 401 29%
c w 272.81 28 16 68 467 188422 1 6732738 42825 2.4 26 11 1 3 89%  78 4724 401 29%
c - 273.17 28 16 68 468 189242 1 6739657 32805 2.3 26 11 1 3 89%  78 4724 401 29%
c - 274.25 28 16 68 469 190600 1 6761291 34707 2.3 26 11 1 3 88%  78 4724 401 29%
c
c seconds    switched       rate           size/glue  tier1   binary      remaining
c         MB   reductions      conflicts         size   tier2   irredundant
c          level      restarts        redundant     glue   trail      variables
c
c - 275.39 28 16 68 470 191157 1 6782950 35567 2.4 27 11 1 3 88%  78 4724 401 29%
c - 276.45 28 16 68 471 191965 1 6804630 36556 2.5 28 11 1 3 89%  78 4724 401 29%
c } 276.47 28 16 69 471 191965 1 6805132 36875 2.5 28 11 1 3 89%  78 4724 401 29%
c [ 276.47 28 13 69 471 191965 1 6805132 36875 1.6 19 11 1 6 87%  78 4724 401 29%
c B 276.47 28 13 69 471 191965 1 6805132 36875 1.6 19 11 1 6 87%  78 4724 401 29%
c - 277.23 28 14 69 472 191978 1 6826332 33116 1.7 19 12 1 6 87%  78 4724 401 29%
c - 278.06 25 14 69 473 191986 1 6848058 28395 1.7 19 12 1 6 87%  78 4724 401 29%
c - 278.89 27 14 69 474 191994 1 6869807 27722 1.7 20 12 1 6 87%  78 4724 401 29%
c - 279.79 27 14 69 475 191999 1 6891578 27387 1.8 20 12 1 6 87%  78 4724 401 29%
c - 280.60 27 14 69 476 192010 1 6913373 28085 1.8 20 11 1 6 87%  78 4724 401 29%
c - 281.42 27 14 69 477 192020 1 6935191 28460 1.8 20 11 1 6 87%  78 4724 401 29%
c - 282.32 27 14 69 478 192026 1 6957031 27367 1.7 20 11 1 6 87%  78 4724 401 29%
c - 283.17 27 14 69 479 192027 1 6978894 27443 1.7 20 11 1 6 87%  78 4724 401 29%
c - 284.06 27 13 69 480 192027 1 7000780 28363 1.8 20 11 1 6 87%  78 4724 401 29%
c - 284.94 27 14 69 481 192041 1 7022688 29067 1.7 20 11 1 6 87%  78 4724 401 29%
c o 285.12 27 14 69 481 192042 1 7027782 32061 1.7 20 11 1 6 87%  78 4724 401 29%
c u 285.40 27 14 69 481 192042 1 7030289 32240 1.7 20 12 1 6 87%  78 4724 401 29%
c v 285.53 27 14 69 481 192042 1 7030289 30202 1.7 20 12 1 6 87%  78 4724 401 29%
c w 285.77 27 14 69 481 192042 1 7030289 26619 1.7 20 12 1 6 87%  78 4724 401 29%
c - 287.94 31 14 69 482 192049 1 7044619 24300 1.7 20 12 1 6 88%  78 4724 401 29%
c
c seconds    switched       rate           size/glue  tier1   binary      remaining
c         MB   reductions      conflicts         size   tier2   irredundant
c          level      restarts        redundant     glue   trail      variables
c
c - 288.81 31 14 69 483 192057 1 7066573 25410 1.7 20 12 1 6 88%  78 4724 401 29%
c - 289.69 31 14 69 484 192062 1 7088550 25565 1.7 19 12 1 6 88%  78 4724 401 29%
c ] 290.00 31 14 70 484 192066 1 7096391 29916 1.6 19 12 1 6 88%  78 4724 401 29%
c { 290.00 31 16 70 484 192066 1 7096391 29916 2.5 28 11 1 3 89%  78 4724 401 29%
c - 290.46 31 15 70 485 193054 1 7110551 26865 2.4 27 11 1 3 88%  78 4724 401 29%
c - 291.15 31 15 70 486 194968 1 7132574 28476 2.2 25 11 1 3 88%  78 4724 401 29%
c - 291.97 31 15 70 487 196565 1 7154619 28193 2.1 24 11 1 3 87%  78 4724 401 29%
c - 292.70 31 15 70 488 197168 1 7176687 29882 2.0 23 11 1 3 86%  78 4724 401 29%
c - 293.43 31 15 70 489 198004 1 7198778 30099 1.9 22 11 1 3 86%  78 4724 401 29%
c - 294.23 31 15 70 490 198346 1 7220891 29761 1.9 22 11 1 3 86%  78 4724 401 29%
c - 295.15 29 15 70 491 199234 1 7243028 33350 2.0 22 11 1 3 86%  78 4724 401 29%
c - 296.00 31 14 70 492 200150 1 7265186 34330 1.9 21 11 1 3 86%  78 4724 401 29%
c - 296.81 29 14 70 493 201753 1 7287368 33254 1.9 21 11 1 3 86%  78 4724 401 29%
c - 297.65 31 14 70 494 202738 1 7309571 34490 2.0 22 11 1 3 87%  78 4724 401 29%
c - 298.50 29 14 70 495 204346 1 7331798 33115 1.9 22 11 1 3 87%  78 4724 401 29%
c u 298.78 29 14 70 495 204348 1 7334895 34260 1.9 22 11 1 3 87%  78 4724 401 29%
c v 298.94 29 14 70 495 204348 1 7334895 31375 1.9 22 11 1 3 87%  78 4724 401 29%
c w 299.19 29 14 70 495 204348 1 7334895 27945 1.9 22 11 1 3 87%  78 4724 401 29%
c } 299.74 30 14 71 495 204938 1 7351719 38417 1.9 21 11 1 3 87%  78 4724 401 29%
c [ 299.74 30 14 71 495 204938 1 7351719 38417 1.6 19 12 1 6 88%  78 4724 401 29%
c
c seconds    switched       rate           size/glue  tier1   binary      remaining
c         MB   reductions      conflicts         size   tier2   irredundant
c          level      restarts        redundant     glue   trail      variables
c
c W 299.77 30 14 71 495 204938 1 7351719 38417 1.6 19 12 1 6 88%  78 4724 401 29%
c - 299.86 31 14 71 496 204940 1 7354046 27653 1.6 19 12 1 6 88%  78 4724 401 29%
c - 300.72 31 14 71 497 204951 1 7376318 27965 1.7 20 12 1 6 87%  78 4724 401 29%
c - 301.59 31 14 71 498 204961 1 7398612 26908 1.7 20 12 1 6 88%  78 4724 401 29%
c - 302.39 31 14 71 499 204968 1 7420929 27338 1.6 20 12 1 6 87%  78 4724 401 29%
c - 303.33 31 14 71 500 204975 1 7443268 27484 1.7 20 12 1 6 88%  78 4724 401 29%
c o 303.82 31 14 71 500 204982 1 7454248 32951 1.7 19 12 1 6 88%  78 4724 401 29%
c - 304.23 31 14 71 501 204983 1 7465628 27137 1.7 20 12 1 6 88%  78 4724 401 29%
c - 304.99 31 14 71 502 204997 1 7488013 27426 1.7 20 12 1 6 88%  78 4724 401 29%
c - 305.75 31 14 71 503 204999 1 7510418 26454 1.7 20 12 1 6 87%  78 4724 401 29%
c - 306.57 31 14 71 504 205000 1 7532845 26240 1.7 19 12 1 6 87%  78 4724 401 29%
c - 307.40 31 14 71 505 205006 1 7555295 26870 1.7 19 12 1 6 87%  78 4724 401 29%
c - 308.33 31 14 71 506 205015 1 7577768 28062 1.7 20 12 1 6 88%  78 4724 401 29%
c ] 308.59 31 14 72 506 205018 1 7584019 31958 1.7 20 12 1 6 88%  78 4724 401 29%
c { 308.59 31 14 72 506 205018 1 7584019 31958 1.9 21 11 1 3 87%  78 4724 401 29%
c - 309.37 31 14 72 507 206099 1 7600264 30190 1.9 21 11 1 3 87%  78 4724 401 29%
c - 310.45 31 14 72 508 206974 1 7622781 32845 2.0 23 11 1 3 88%  78 4724 401 29%
c - 311.64 32 14 72 509 206974 1 7645319 34613 2.2 24 11 1 3 89%  78 4724 401 29%
c u 311.87 32 14 72 509 206974 1 7646589 34866 2.2 24 11 1 3 89%  78 4724 401 29%
c v 312.02 32 14 72 509 206974 1 7646589 32862 2.2 24 11 1 3 89%  78 4724 401 29%
c
c seconds    switched       rate           size/glue  tier1   binary      remaining
c         MB   reductions      conflicts         size   tier2   irredundant
c          level      restarts        redundant     glue   trail      variables
c
c w 312.43 32 14 72 509 206974 1 7646589 28805 2.2 24 11 1 3 89%  78 4724 401 29%
c - 313.64 32 14 72 510 208031 1 7667880 33734 2.3 25 11 1 3 89%  78 4724 401 29%
c - 314.76 32 15 72 511 210455 1 7690465 35223 2.2 24 11 1 3 88%  78 4724 401 29%
c - 316.14 32 15 72 512 211529 1 7713070 35840 2.3 25 11 1 3 89%  78 4724 401 29%
c - 317.32 32 15 72 513 212688 1 7735698 36844 2.3 25 11 1 3 89%  78 4724 401 29%
c - 318.39 32 15 72 514 214398 1 7758348 36857 2.2 25 11 1 3 88%  78 4724 401 29%
c - 319.57 32 15 72 515 216022 1 7781021 36524 2.2 25 11 1 3 88%  78 4724 401 29%
c - 320.55 32 15 72 516 216874 1 7803716 36596 2.1 24 11 1 3 88%  78 4724 401 29%
c - 321.66 32 15 72 517 217510 1 7826432 36781 2.1 23 11 1 3 87%  78 4724 401 29%
c o 321.99 32 15 72 517 217623 1 7834512 41553 2.1 23 11 1 3 87%  78 4724 401 29%
c - 322.90 32 15 72 518 218904 1 7849169 38087 2.1 23 11 1 3 87%  78 4724 401 29%
c } 323.06 32 15 73 518 219191 1 7852935 40725 2.1 23 11 1 3 87%  78 4724 401 29%
c [ 323.06 32 14 73 518 219191 1 7852935 40725 1.7 20 12 1 6 88%  78 4724 401 29%
c O 323.06 32 14 73 518 219191 1 7852935 40725 1.7 20 12 1 6 88%  78 4724 401 29%
c - 323.99 32 14 73 519 219203 1 7871928 37066 1.7 20 12 1 6 88%  78 4724 401 29%
c - 325.02 29 14 73 520 219212 1 7894710 32515 1.7 20 12 1 6 88%  78 4724 401 29%
c - 326.03 29 14 73 521 219220 1 7917516 30855 1.7 21 12 1 6 88%  78 4724 401 29%
c - 326.99 31 14 73 522 219226 1 7940342 30368 1.8 21 12 1 6 88%  78 4724 401 29%
c - 327.90 31 14 73 523 219236 1 7963189 30514 1.7 21 12 1 6 88%  78 4724 401 29%
c u 328.15 31 14 73 523 219236 1 7965404 30353 1.7 21 12 1 6 88%  79 4724 401 29%
c
c seconds    switched       rate           size/glue  tier1   binary      remaining
c         MB   reductions      conflicts         size   tier2   irredundant
c          level      restarts        redundant     glue   trail      variables
c
c v 328.31 31 14 73 523 219236 1 7965404 27799 1.7 21 12 1 6 88%  79 4724 401 29%
c w 328.44 31 14 73 523 219236 1 7965404 26283 1.7 21 12 1 6 88%  79 4724 401 29%
c x 328.46 31 14 73 523 219236 1 7965404 26278 1.7 21 12 1 6 88%  79 4709 401 29%
c s 328.47 31 14 73 523 219236 1 7965404 26278 1.7 21 12 1 6 88%  79 4708 401 29%
c - 329.32 31 14 73 524 219248 1 7986058 25950 1.8 21 12 1 6 89%  79 4708 401 29%
c - 330.35 31 14 73 525 219252 1 8008949 27085 1.8 21 12 1 6 89%  79 4708 401 29%
c - 331.32 31 14 73 526 219253 1 8031861 28516 1.8 21 11 1 6 89%  79 4708 401 29%
c - 332.40 31 13 73 527 219257 1 8054796 28439 1.8 20 11 1 6 89%  79 4708 401 29%
c - 333.34 31 13 73 528 219268 1 8077753 27564 1.8 20 11 1 6 89%  79 4708 401 29%
c - 334.29 31 13 73 529 219280 1 8100732 28912 1.8 20 11 1 6 89%  79 4708 401 29%
c - 335.31 31 13 73 530 219284 1 8123735 29122 1.8 20 11 1 6 89%  79 4708 401 29%
c - 336.22 31 13 73 531 219294 1 8146758 28934 1.8 19 11 1 6 89%  79 4708 401 29%
c ] 336.63 31 13 74 531 219299 1 8157707 35542 1.8 19 11 1 6 89%  79 4708 401 29%
c { 336.63 31 15 74 531 219299 1 8157707 35542 2.1 23 11 1 3 87%  79 4708 401 29%
c - 337.36 31 15 74 532 219506 1 8169802 32603 2.1 23 11 1 3 87%  79 4708 401 29%
c - 338.55 31 15 74 533 220759 1 8192867 37258 2.1 23 11 1 3 87%  79 4708 401 29%
c - 339.69 32 15 74 534 221806 1 8215954 38137 2.1 23 11 1 3 87%  79 4708 401 29%
c o 339.80 32 15 74 534 221933 1 8218647 39669 2.1 23 11 1 3 87%  79 4708 401 29%
c - 340.67 32 15 74 535 222517 1 8239063 36597 2.1 23 11 1 3 87%  79 4708 401 29%
c - 341.75 32 15 74 536 223632 1 8262193 37989 2.1 23 11 1 3 87%  79 4708 401 29%
c
c seconds    switched       rate           size/glue  tier1   binary      remaining
c         MB   reductions      conflicts         size   tier2   irredundant
c          level      restarts        redundant     glue   trail      variables
c
c - 342.86 32 15 74 537 224552 1 8285344 40319 2.2 24 11 1 3 87%  79 4708 401 29%
c u 343.45 32 15 74 537 224772 1 8291487 44246 2.3 24 11 1 3 87%  79 4708 401 29%
c v 343.73 32 15 74 537 224772 1 8291487 40867 2.3 24 11 1 3 87%  79 4708 401 29%
c w 344.13 32 15 74 537 224772 1 8291487 39211 2.3 24 11 1 3 87%  79 4708 401 29%
c - 345.05 32 15 74 538 226904 1 8308517 36163 2.2 25 11 1 3 87%  79 4708 401 29%
c - 346.12 32 15 74 539 228264 1 8331711 36703 2.1 24 11 1 3 87%  79 4708 401 29%
c - 347.27 32 15 74 540 229018 1 8354927 37480 2.1 24 11 1 3 87%  79 4708 401 29%
c - 348.30 32 15 74 541 230300 1 8378164 37397 2.1 23 11 1 3 87%  79 4708 401 29%
c - 349.62 32 15 74 542 231185 1 8401423 39358 2.1 24 11 1 3 87%  79 4708 401 29%
c - 350.82 32 16 74 543 232746 1 8424704 40927 2.1 24 11 1 3 87%  79 4708 401 29%
c } 351.60 32 15 75 543 232810 1 8440532 53776 2.2 24 11 1 3 88%  79 4708 401 29%
c [ 351.60 32 13 75 543 232810 1 8440532 53776 1.8 19 11 1 6 89%  79 4708 401 29%
c B 351.60 32 13 75 543 232810 1 8440532 53776 1.8 19 11 1 6 89%  79 4708 401 29%
c - 351.95 32 13 75 544 232815 1 8448006 40095 1.8 19 11 1 6 89%  79 4708 401 29%
c - 353.15 32 14 75 545 232824 1 8471329 35922 1.7 19 11 1 6 88%  79 4708 401 29%
c - 354.28 29 14 75 546 232838 1 8494674 33317 1.7 19 12 1 6 88%  79 4708 401 29%
c - 355.31 29 14 75 547 232840 1 8518040 32576 1.7 20 12 1 6 87%  79 4708 401 29%
c - 356.29 31 14 75 548 232853 1 8541428 32627 1.7 20 12 1 6 87%  79 4708 401 29%
c - 357.26 31 14 75 549 232862 1 8564838 32898 1.7 20 12 1 6 86%  79 4708 401 29%
c - 358.23 31 14 75 550 232870 1 8588268 33903 1.7 20 12 1 6 85%  79 4708 401 29%
c
c seconds    switched       rate           size/glue  tier1   binary      remaining
c         MB   reductions      conflicts         size   tier2   irredundant
c          level      restarts        redundant     glue   trail      variables
c
c - 359.16 31 14 75 551 232872 1 8611720 33856 1.7 19 12 1 6 83%  79 4708 401 29%
c u 359.92 31 14 75 551 232872 1 8624770 40183 1.7 19 12 1 6 83%  79 4708 401 29%
c v 360.15 31 14 75 551 232872 1 8624770 37332 1.7 19 12 1 6 83%  79 4708 401 29%
c w 360.59 31 14 75 551 232872 1 8624770 32731 1.7 19 12 1 6 83%  79 4708 401 29%
c o 360.59 31 14 75 551 232872 1 8624770 32731 1.7 19 12 1 6 83%  79 4708 401 29%
c - 361.06 29 14 75 552 232872 1 8635193 28545 1.6 19 12 1 6 84%  79 4708 401 29%
c - 362.18 31 14 75 553 232886 1 8658688 28413 1.7 20 12 1 5 85%  79 4708 401 29%
c - 363.20 31 14 75 554 232894 1 8682204 27356 1.7 20 12 1 5 85%  79 4708 401 29%
c - 364.23 31 14 75 555 232903 1 8705742 27355 1.7 20 12 1 5 86%  79 4708 401 29%
c - 365.23 31 14 75 556 232910 1 8729301 27328 1.7 20 12 1 5 86%  79 4708 401 29%
c ] 366.07 31 14 76 556 232918 1 8748687 39034 1.7 20 12 1 5 86%  79 4708 401 29%
c { 366.07 31 15 76 556 232918 1 8748687 39034 2.2 24 11 1 3 88%  79 4708 401 29%
c - 366.28 31 15 76 557 232983 1 8752881 28086 2.2 24 11 1 3 87%  79 4708 401 29%
c - 367.30 31 15 76 558 233704 1 8776482 31665 2.1 23 11 1 3 87%  79 4708 401 29%
c - 368.40 29 15 76 559 235147 1 8800105 33677 2.1 23 11 1 3 87%  79 4708 401 29%
c - 369.67 31 15 76 560 236132 1 8823749 35421 2.2 24 11 1 3 87%  79 4708 401 29%
c - 370.91 32 15 76 561 237091 1 8847414 36511 2.2 24 11 1 3 87%  79 4708 401 29%
c - 372.29 32 14 76 562 237299 1 8871100 38357 2.2 23 10 1 3 87%  79 4708 401 29%
c - 373.68 32 14 76 563 239125 1 8894806 40175 2.1 23 11 1 3 87%  80 4708 401 29%
c - 375.11 32 15 76 564 242042 1 8918533 40341 2.1 23 11 1 3 86%  80 4708 401 29%
c
c seconds    switched       rate           size/glue  tier1   binary      remaining
c         MB   reductions      conflicts         size   tier2   irredundant
c          level      restarts        redundant     glue   trail      variables
c
c - 376.42 32 15 76 565 242571 1 8942281 40837 2.2 23 11 1 3 87%  80 4708 401 29%
c u 377.94 32 14 76 565 243885 1 8965243 56319 2.2 23 11 1 3 88%  81 4707 401 29%
c v 378.36 32 14 76 565 243885 1 8965243 51984 2.2 23 11 1 3 88%  81 4707 401 29%
c w 378.67 32 14 76 565 243885 1 8965243 50050 2.2 23 11 1 3 88%  81 4707 401 29%
c - 378.76 32 14 76 566 243890 1 8966052 36349 2.2 23 11 1 3 87%  81 4707 401 29%
c - 380.07 32 15 76 567 245537 1 8989843 38918 2.2 23 11 1 3 87%  81 4707 401 29%
c - 381.08 32 14 76 568 246031 1 9013655 36415 2.1 22 11 1 3 87%  81 4707 401 29%
c o 381.75 32 14 76 568 246820 1 9026423 45848 2.1 22 11 1 3 87%  81 4707 401 29%
c - 382.23 32 14 76 569 246961 1 9037487 36058 2.1 22 11 1 3 88%  81 4707 401 29%
c } 382.58 32 14 77 569 246983 1 9045739 41234 2.0 22 11 1 3 88%  81 4707 401 29%
c [ 382.58 32 14 77 569 246983 1 9045739 41234 1.7 20 12 1 5 86%  81 4707 401 29%
c W 382.61 32 14 77 569 246983 1 9045739 41234 1.7 20 12 1 5 86%  81 4707 401 29%
c - 383.27 29 14 77 570 246992 1 9061341 35257 1.7 20 12 1 5 86%  81 4707 401 29%
c - 384.24 29 14 77 571 247003 1 9085215 32358 1.7 20 12 1 5 87%  81 4707 401 29%
c - 385.28 31 14 77 572 247012 1 9109111 30139 1.7 20 12 1 5 87%  81 4707 401 29%
c - 386.15 31 14 77 573 247018 1 9133028 30116 1.7 20 12 1 5 87%  81 4707 401 29%
c - 387.03 31 14 77 574 247028 1 9156965 30406 1.7 20 12 1 5 86%  81 4707 401 29%
c - 387.88 31 14 77 575 247041 1 9180923 29598 1.7 20 12 1 5 86%  81 4707 401 29%
c - 388.73 31 14 77 576 247044 1 9204904 29737 1.7 20 12 1 5 85%  81 4707 401 29%
c - 389.79 31 14 77 577 247045 1 9228906 29340 1.7 19 12 1 5 86%  81 4707 401 29%
c
c seconds    switched       rate           size/glue  tier1   binary      remaining
c         MB   reductions      conflicts         size   tier2   irredundant
c          level      restarts        redundant     glue   trail      variables
c
c - 390.71 31 14 77 578 247052 1 9252926 30126 1.7 19 11 1 5 85%  81 4707 401 29%
c - 391.53 31 13 77 579 247062 1 9276968 30603 1.7 18 11 1 5 85%  81 4707 401 29%
c - 392.49 31 13 77 580 247075 1 9301031 30505 1.7 18 11 1 5 86%  81 4707 401 29%
c u 393.15 31 13 77 580 247076 1 9312928 36449 1.6 17 11 1 5 85%  81 4707 401 29%
c v 393.35 31 13 77 580 247076 1 9312928 34258 1.6 17 11 1 5 85%  81 4707 401 29%
c w 393.55 31 13 77 580 247076 1 9312928 28860 1.6 17 11 1 5 85%  81 4707 401 29%
c - 395.60 33 13 77 581 247077 1 9325115 26146 1.6 17 10 1 5 85%  81 4707 401 29%
c - 396.45 33 12 77 582 247090 1 9349220 28596 1.6 17 10 1 5 86%  81 4707 401 29%
c - 397.33 31 13 77 583 247101 1 9373346 30330 1.7 18 11 1 5 86%  82 4706 401 29%
c I 397.55 31 13 77 583 247105 1 9379411 35379 1.7 19 11 1 5 86%  82 4706 401 29%
c - 398.16 31 13 77 584 247107 1 9397493 29566 1.7 19 11 1 5 86%  82 4706 401 29%
c - 398.99 32 13 77 585 247108 1 9421660 28335 1.7 18 11 1 5 86%  82 4706 401 29%
c - 399.89 32 13 77 586 247109 1 9445846 27981 1.7 18 11 1 5 86%  82 4706 401 29%
c ] 399.91 32 13 78 586 247109 1 9446415 28299 1.7 18 11 1 5 86%  82 4706 401 29%
c { 399.91 32 14 78 586 247109 1 9446415 28299 2.0 22 11 1 3 88%  82 4706 401 29%
c o 400.13 32 14 78 586 247251 1 9452288 32239 2.0 21 10 1 3 88%  82 4706 401 29%
c - 400.93 32 14 78 587 248834 1 9470053 30996 2.0 21 11 1 3 87%  82 4706 401 29%
c - 402.03 33 14 78 588 250052 1 9494282 34601 2.1 22 11 1 3 88%  82 4706 401 29%
c - 403.31 33 14 78 589 250753 1 9518530 37210 2.2 23 10 1 3 88%  82 4706 401 29%
c - 404.72 34 14 78 590 252019 1 9542800 38553 2.3 24 10 1 3 88%  82 4706 401 29%
c
c seconds    switched       rate           size/glue  tier1   binary      remaining
c         MB   reductions      conflicts         size   tier2   irredundant
c          level      restarts        redundant     glue   trail      variables
c
c - 405.92 34 14 78 591 254224 1 9567090 37305 2.2 23 11 1 3 89%  82 4706 401 29%
c - 407.25 34 14 78 592 255585 1 9591400 37048 2.1 22 11 1 3 88%  82 4706 401 29%
c - 408.52 34 14 78 593 257895 1 9615732 38499 2.1 23 11 1 3 88%  82 4706 401 29%
c - 409.62 34 14 78 594 259177 1 9640083 38288 2.1 23 11 1 3 88%  82 4706 401 29%
c - 410.79 34 14 78 595 260151 1 9664456 37507 2.0 22 11 1 3 88%  82 4706 401 29%
c u 411.16 34 14 78 595 260156 1 9667835 37862 2.0 22 11 1 3 88%  82 4706 401 29%
c v 411.43 34 14 78 595 260156 1 9667835 34258 2.0 22 11 1 3 88%  82 4706 401 29%
c w 411.65 34 14 78 595 260156 1 9667835 31028 2.0 22 11 1 3 88%  82 4706 401 29%
c - 412.56 31 14 78 596 261311 1 9688849 32545 2.0 21 11 1 3 88%  82 4706 401 29%
c - 413.64 33 14 78 597 262259 1 9713262 36013 2.0 22 11 1 3 86%  82 4706 401 29%
c s 414.39 33 14 78 597 263253 1 9729059 48031 2.0 22 11 1 3 86%  82 4695 401 29%
c - 415.01 33 14 78 598 264193 1 9737695 37333 2.1 22 11 1 3 86%  82 4695 401 29%
c } 416.18 33 14 79 598 264466 1 9758006 54824 2.2 23 11 1 3 87%  82 4695 401 29%
c [ 416.18 33 13 79 598 264466 1 9758006 54824 1.7 18 11 1 5 86%  82 4695 401 29%
c B 416.18 33 13 79 598 264466 1 9758006 54824 1.7 18 11 1 5 86%  82 4695 401 29%
c - 416.43 34 13 79 599 264469 1 9762150 38423 1.7 18 11 1 5 86%  82 4695 401 29%
c - 417.66 34 13 79 600 264480 1 9786624 35818 1.7 18 11 1 5 87%  82 4695 401 29%
c - 418.79 31 13 79 601 264493 1 9811118 32946 1.7 18 11 1 5 87%  82 4695 401 29%
c - 419.96 33 13 79 602 264496 1 9835633 31801 1.7 18 11 1 5 87%  82 4695 401 29%
c - 421.00 33 13 79 603 264509 1 9860169 31171 1.7 18 11 1 5 87%  82 4695 401 29%
c
c seconds    switched       rate           size/glue  tier1   binary      remaining
c         MB   reductions      conflicts         size   tier2   irredundant
c          level      restarts        redundant     glue   trail      variables
c
c - 422.02 33 13 79 604 264518 1 9884725 31898 1.7 18 10 1 5 87%  82 4695 401 29%
c - 423.10 33 12 79 605 264527 1 9909301 32717 1.7 18 10 1 5 87%  82 4695 401 29%
c o 423.65 33 13 79 605 264528 1 9922027 41222 1.7 18 10 1 5 86%  82 4695 401 29%
c - 424.12 33 13 79 606 264528 1 9933899 32930 1.7 18 10 1 5 86%  82 4695 401 29%
c - 425.25 33 13 79 607 264531 1 9958516 31900 1.7 17 10 1 5 87%  82 4695 401 29%
c - 426.38 33 12 79 608 264543 1 9983154 31474 1.7 17 10 1 5 87%  82 4695 401 29%
c - 427.59 33 12 79 609 264556 1 10007811 32349 1.7 17 10 1 5 87%  82 4695 401 29%
c u 428.91 33 12 79 609 264559 1 10030031 43366 1.7 17 10 1 5 87%  83 4695 401 29%
c v 429.14 33 12 79 609 264559 1 10030031 40416 1.7 17 10 1 5 87%  83 4695 401 29%
c w 429.42 33 12 79 609 264559 1 10030031 30023 1.7 17 10 1 5 87%  83 4695 401 29%
c - 429.52 33 12 79 610 264559 1 10032488 25949 1.7 17 10 1 5 87%  83 4695 401 29%
c - 430.55 33 12 79 611 264572 1 10057187 28646 1.8 17 10 1 5 87%  83 4695 401 29%
c - 431.52 33 12 79 612 264581 1 10081906 29169 1.7 17 10 1 5 86%  83 4695 401 29%
c ] 431.80 33 12 80 612 264587 1 10090018 33983 1.7 17 10 1 5 86%  83 4695 401 29%
c { 431.80 33 14 80 612 264587 1 10090018 33983 2.2 23 11 1 3 87%  83 4695 401 29%
c - 432.54 33 15 80 613 266469 1 10106644 31692 2.1 23 11 1 3 87%  84 4695 401 29%
c - 433.78 31 14 80 614 267081 1 10131404 33552 2.2 23 11 1 3 87%  84 4695 401 29%
c - 434.86 32 13 80 615 267081 1 10156184 33066 2.1 21 10 1 3 87%  85 4695 401 29%
c i 435.38 32 13 80 615 267081 1 10167881 39474 2.1 20 10 1 3 87%  95 4695 400 29%
c - 435.89 32 13 80 616 267623 1 10180984 29491 2.0 20 10 1 3 86%  85 4695 400 29%
c
c seconds    switched       rate            size/glue  tier1   binary      remaining
c         MB   reductions      conflicts          size   tier2   irredundant
c          level      restarts         redundant     glue   trail      variables
c
c - 437.27 33 13 80 617 269280 1 10205804 34028 2.1 20 10 1 3 86%  89 4695 400 29%
c i 438.19 33 12 80 617 269697 1 10228513 47397 2.0 19 9 1 3 86%  91 4695 399 29%
c - 438.32 31 12 80 618 269987 1 10230644 30287 2.0 19 9 1 3 86% 100 4695 399 29%
c - 439.61 31 13 80 619 271626 1 10255504 32743 2.1 20 9 1 3 87% 100 4695 399 29%
c - 440.83 33 13 80 620 273372 1 10280385 34333 2.0 19 10 1 3 87% 102 4695 399 29%
c i 440.91 33 13 80 620 273476 1 10282235 35612 2.0 19 10 1 3 87% 102 4695 398 29%
c - 442.05 33 13 80 621 274745 1 10305284 35334 2.0 19 10 1 3 87% 101 4695 398 29%
c i 443.09 33 12 80 621 274751 1 10329799 48071 1.9 17 9 1 3 87% 117 4695 397 29%
c - 443.13 31 12 80 622 274782 1 10330204 27379 1.9 17 9 1 3 87% 114 4695 397 29%
c o 444.53 33 12 80 622 277302 1 10353467 46095 2.0 19 9 1 3 88% 114 4695 397 29%
c - 444.63 33 12 80 623 277384 1 10355144 31752 2.0 19 9 1 3 88% 114 4695 397 29%
c - 445.97 33 12 80 624 277988 1 10380103 35929 2.0 19 9 1 3 88% 115 4695 397 29%
c i 446.29 33 12 80 624 277988 1 10386873 39273 2.0 18 9 1 3 88% 131 4695 396 29%
c u 447.28 33 12 80 624 279813 1 10399635 39996 2.0 19 9 1 3 88% 232 4042 396 29%
c v 447.56 33 12 80 624 279813 1 10399635 36678 2.0 19 9 1 3 88% 236 4042 396 29%
c w 448.22 33 12 80 624 279813 1 10399635 34556 2.0 19 9 1 3 88% 236 4042 396 29%
c d 448.22 33 12 80 624 279813 1 10399635 34554 2.0 19 9 1 3 88% 222 4028 389 28%
c t 448.22 33 12 80 624 279813 1 10399635 34554 2.0 19 9 1 3 88% 184 4028 389 28%
c u 448.40 33 12 80 624 279813 1 10399635 33029 2.0 19 9 1 3 88% 189 4028 389 28%
c v 448.60 33 12 80 624 279813 1 10399635 31107 2.0 19 9 1 3 88% 189 4028 389 28%
c
c seconds    switched       rate            size/glue tier1   binary      remaining
c         MB   reductions      conflicts          size  tier2   irredundant
c          level      restarts         redundant    glue   trail      variables
c
c w 449.38 33 12 80 624 279813 1 10399635 27118 2.0 19 9 1 3 88% 189 4028 389 28%
c t 449.38 33 12 80 624 279813 1 10399635 27118 2.0 19 9 1 3 88% 186 4028 389 28%
c - 449.63 31 12 80 625 279932 1 10405082 22971 2.0 19 9 1 3 88% 166 4028 389 28%
c } 450.13 31 13 81 625 281148 1 10416462 31764 2.0 19 9 1 3 88% 166 4028 389 28%
c [ 450.13 31 12 81 625 281148 1 10416462 31764 1.7 17 10 1 5 86% 166 4028 389 28%
c W 450.22 31 12 81 625 281148 1 10416462 31764 1.7 17 10 1 5 86% 166 4028 389 28%
c - 450.89 32 12 81 626 281156 1 10430082 25787 1.7 17 10 1 5 86% 166 4028 389 28%
c - 451.88 32 12 81 627 281167 1 10455102 26703 1.7 17 10 1 5 87% 166 4028 389 28%
c - 452.93 32 11 81 628 281177 1 10480142 26537 1.7 16 9 1 5 87% 167 4028 389 28%
c - 453.98 32 11 81 629 281184 1 10505202 27002 1.8 16 9 1 5 88% 167 4028 389 28%
c - 454.96 32 11 81 630 281193 1 10530281 26432 1.7 16 9 1 5 87% 169 4028 389 28%
c i 455.43 32 11 81 630 281200 1 10543023 32908 1.7 15 9 1 5 87% 179 4028 376 28%
c - 455.93 32 11 81 631 281207 1 10555380 19132 1.7 15 9 1 5 87% 264 3430 376 28%
c - 456.88 32 11 81 632 281209 1 10580499 24206 1.8 15 9 1 5 87% 267 3430 376 28%
c i 457.02 32 10 81 632 281210 1 10585215 26660 1.8 15 9 1 5 87% 278 3430 371 27%
c - 457.89 32 10 81 633 281210 1 10605639 21912 1.8 15 8 1 5 88% 276 3430 371 27%
c i 457.93 32 10 81 633 281210 1 10606552 22204 1.8 15 8 1 5 88% 283 3430 361 26%
c i 458.39 32 10 81 633 281215 1 10618768 29849 1.8 15 8 1 5 88% 297 3430 344 25%
c i 458.64 32 10 81 633 281217 1 10625216 33195 1.8 15 8 1 5 88% 311 3429 327 24%
c i 458.69 32 10 81 633 281219 1 10626740 34000 1.8 15 8 1 5 88% 319 3429 325 24%
c
c seconds    switched       rate            size/glue tier1   binary      remaining
c         MB   reductions      conflicts          size  tier2   irredundant
c          level      restarts         redundant    glue   trail      variables
c
c i 458.73 32 10 81 633 281220 1 10627966 34618 1.8 15 8 1 5 88% 326 3429 323 24%
c i 458.76 32 10 81 633 281220 1 10628851 35095 1.8 15 8 1 5 88% 332 3429 322 24%
c i 458.79 32 10 81 633 281220 1 10629761 35546 1.8 14 8 1 5 88% 340 3429 321 23%
c i 458.80 32 10 81 633 281221 1 10629822 35572 1.8 14 8 1 5 88% 345 3429 315 23%
c i 458.80 32 10 81 633 281221 1 10629882 35608 1.8 14 8 1 5 88% 351 3429 314 23%
c i 458.80 32 10 81 633 281221 1 10629915 35623 1.8 14 8 1 5 88% 356 3429 310 23%
c i 458.80 32 10 81 633 281221 1 10629920 35623 1.8 14 8 1 5 88% 359 3429 309 23%
c i 458.80 32 10 81 633 281221 1 10629925 35623 1.8 14 8 1 5 88% 362 3429 296 22%
c ] 458.80 32 10 81 633 281221 1 10629927 35623 1.8 14 8 1 5 88% 362 3429 241 18%
c 0 458.80 32 13 81 633 281221 1 10629927 35623 2.0 19 9 1 3 88% 362 3429 241 18%
c
c ---- [ result ] ------------------------------------------------------------
c
s UNSATISFIABLE
c
c ---- [ profiling ] ---------------------------------------------------------
c
c         428.14   93.32 %  search
c         219.42   47.82 %  focused
c         208.72   45.49 %  stable
c          30.64    6.68 %  simplify
c          30.14    6.57 %  probe
c          23.29    5.08 %  vivify
c           6.61    1.44 %  sweep
c           1.77    0.39 %  reduce
c           0.43    0.09 %  walking
c           0.17    0.04 %  substitute
c           0.08    0.02 %  eliminate
c           0.05    0.01 %  factor
c           0.02    0.00 %  preprocess
c           0.01    0.00 %  subsume
c           0.01    0.00 %  congruence
c           0.01    0.00 %  transitive
c           0.00    0.00 %  backbone
c           0.00    0.00 %  lucky
c           0.00    0.00 %  parse
c =============================================
c         458.80  100.00 %  total
c
c ---- [ statistics ] --------------------------------------------------------
c
c conflicts:                         10629927            23169.01 per second
c congruent:                               53                4 %  variables
c decisions:                         13336832                1.25 per conflict
c eliminated:                             934               68 %  variables
c factored:                                57                4 %  variables
c iterations:                              21                2 %  variables
c propagations:                    1244249817          2711970    per second
c reductions:                             633            16793    interval
c reordered:                               44           241589    interval
c rephased:                                59           180168    interval
c restarts:                            281221               38    interval
c strengthened:                          1146                0 %  checks
c substituted:                             90                7 %  variables
c subsumed:                               740                0 %  checks
c switched:                                81           131234    interval
c vivified:                            529587               38 %  checks
c walks:                                   20           531496    interval
c
c ---- [ glue usage ] --------------------------------------------------------
c
c focused glue 1 used 86377083 clauses 74.90% accumulated 74.90% tier1
c focused glue 2 used 14233497 clauses 12.34% accumulated 87.25%
c focused glue 3 used  4338317 clauses  3.76% accumulated 91.01% tier2
c
c stable glue 1 used 89256302 clauses 67.86% accumulated 67.86% tier1
c stable glue 2 used 15915916 clauses 12.10% accumulated 79.96%
c stable glue 3 used  6181366 clauses  4.70% accumulated 84.66%
c stable glue 4 used  4243527 clauses  3.23% accumulated 87.88%
c stable glue 5 used  3437379 clauses  2.61% accumulated 90.50% tier2
c
c ---- [ resources ] ---------------------------------------------------------
c
c maximum-resident-set-size:        424259584 bytes        405 MB
c process-time:                         7m 39s             458.80 seconds
c
c ---- [ shutting down ] -----------------------------------------------------
c
c exit 20
