c ---- [ banner ] ------------------------------------------------------------
c
c Kissat SAT Solver
c 
c Copyright (c) 2021-2024 Armin Biere University of Freiburg
c Copyright (c) 2019-2021 Armin Biere Johannes Kepler University Linz
c 
c Version 4.0.4 8af8e56f174b778aef3aa45af9f739b2a5f492c2
c gcc (GCC) 15.2.1 20260123 (Red Hat 15.2.1-7) -W -Wall -O3 -DNDEBUG
c Thu Apr 23 06:47:51 PM IST 2026 Linux krishnendu-LN 6.19.12-200.fc43.x86_64 x86_64
c
c ---- [ parsing ] -----------------------------------------------------------
c
c opened and reading DIMACS file:
c
c   /home/krishnendu/Research/fv-invariant-mining/data/circuits/cnf/miter_mult_11bit.cnf
c
c parsed 'p cnf 1368 5184' header
c closing input after reading 82324 bytes (80 KB)
c finished parsing after 0.00 seconds
c
c ---- [ options ] -----------------------------------------------------------
c
c --decay=160                      (different from default '50')
c --eliminateeffort=1900           (different from default '100')
c
c ---- [ solving ] -----------------------------------------------------------
c
c seconds switched rate     size/glue tier1  binary       remaining
c        MB reductions conflicts size  tier2   irredundant
c         level restarts redundant glue  trail       variables
c
c *  0.00  3 0 0 0  0 0   0   0 0.0 0 0 0 0 0% 1797 3385 1365 100%
c (  0.00  3 0 0 0  0 0   0   0 0.0 0 0 0 0 0% 1797 3385 1365 100%
c .  0.00  3 0 0 0  0 0   0   0 0.0 0 0 0 0 0% 1793 3385 1365 100%
c c  0.00  4 0 0 0  0 0   0   0 0.0 0 0 0 0 0% 1876 3383 1312 96%
c d  0.00  4 0 0 0  0 0   0   0 0.0 0 0 0 0 0% 1688 3383 1312 96%
c =  0.02  4 0 0 0  0 0   0   0 0.0 0 0 0 0 0% 1698 3373 1306 96%
c d  0.02  4 0 0 0  0 0   0   0 0.0 0 0 0 0 0% 1684 3373 1306 96%
c f  0.02  4 0 0 0  0 0   0   0 0.0 0 0 0 0 0% 1653 3352 1334 98%
c )  0.02  4 0 0 0  0 0   0   0 0.0 0 0 0 0 0% 1653 3352 1334 98%
c {  0.02  4 0 0 0  0 0   0   0 0.0 0 0 2 6 0% 1653 3352 1334 98%
c -  0.05  4 20 0 1 127 3 1000 593 3.1 30 10 3 12 80% 1674 3352 1334 98%
c }  0.05  4 20 1 1 127 3 1000 593 3.1 30 10 3 12 80% 1674 3352 1334 98%
c [  0.05  4 0 1 1 127 0 1000 593 0.0 0 0 2 6 0% 1674 3352 1334 98%
c B  0.05  4 44 1 1 127 10 1003 596 1.9 10 5 2 6 45% 1674 3352 1334 98%
c -  0.08  5 26 1 2 127 1 2000 1275 4.0 34 8 3 9 88% 1675 3352 1334 98%
c W  0.08  4 26 1 2 127 1 2004 1278 4.0 34 8 3 9 88% 1675 3352 1334 98%
c ]  0.09  4 24 2 2 128 1 2462 1683 3.4 34 10 3 9 89% 1675 3352 1334 98%
c {  0.09  4 20 2 2 128 3 2462 1683 3.1 30 10 3 12 80% 1675 3352 1334 98%
c u  0.12  5 18 2 2 241 3 3261 2200 2.7 25 9 2 11 69% 1684 3352 1334 98%
c v  0.12  5 18 2 2 241 3 3261 2121 2.7 25 9 2 11 69% 1684 3352 1334 98%
c
c seconds  switched  rate       size/glue tier1     binary       remaining
c        MB reductions conflicts      size  tier2     irredundant
c         level restarts   redundant    glue    trail       variables
c
c w  0.13  5 18 2 2 241 3 3261 2120 2.7 25 9 2 11 69% 1684 3352 1334 98%
c x  0.13  5 18 2 2 241 3 3261 2120 2.7 25 9 2 11 69% 1700 3293 1334 98%
c =  0.14  5 18 2 2 241 3 3261 2120 2.7 25 9 2 11 69% 1724 3288 1322 97%
c d  0.15  5 18 2 2 241 3 3261 2120 2.7 25 9 2 11 69% 1688 3288 1322 97%
c t  0.15  5 18 2 2 241 3 3261 2120 2.7 25 9 2 11 69% 1674 3288 1322 97%
c f  0.15  5 18 2 2 241 3 3261 2120 2.7 25 9 2 11 69% 1672 3288 1324 97%
c u  0.15  5 18 2 2 241 3 3261 2098 2.7 25 9 2 11 69% 1672 3288 1324 97%
c v  0.15  5 18 2 2 241 3 3261 2042 2.7 25 9 2 11 69% 1672 3288 1324 97%
c w  0.15  5 18 2 2 241 3 3261 2033 2.7 25 9 2 11 69% 1672 3288 1324 97%
c x  0.16  5 18 2 2 241 3 3261 2033 2.7 25 9 2 11 69% 1672 3283 1324 97%
c =  0.17  5 18 2 2 241 3 3261 2033 2.7 25 9 2 11 69% 1696 3283 1312 96%
c d  0.17  5 18 2 2 241 3 3261 2033 2.7 25 9 2 11 69% 1660 3283 1312 96%
c -  0.18  5 18 2 3 241 3 3416 1616 2.9 27 9 2 11 71% 1661 3283 1312 96%
c }  0.18  5 18 3 3 241 3 3465 1663 3.0 28 9 2 11 71% 1661 3283 1312 96%
c [  0.18  5 24 3 3 241 1 3465 1663 3.4 34 10 3 9 89% 1661 3283 1312 96%
c I  0.21  5 22 3 3 241 1 4264 2440 4.1 40 10 3 10 89% 1662 3283 1312 96%
c ]  0.21  5 21 4 3 242 1 4910 2997 3.5 36 10 3 10 90% 1663 3283 1312 96%
c {  0.22  5 18 4 3 242 3 4910 2997 3.0 28 9 2 11 71% 1663 3283 1312 96%
c -  0.22  5 18 4 4 265 3 5148 2381 2.9 27 9 2 11 72% 1663 3283 1312 96%
c -  0.28  6 20 4 5 368 3 7149 3340 3.1 28 9 2 9 74% 1675 3283 1312 96%
c
c seconds  switched  rate       size/glue tier1    binary       remaining
c        MB reductions conflicts      size  tier2    irredundant
c         level restarts   redundant    glue   trail       variables
c
c }  0.28  6 20 5 5 368 3 7264 3449 3.1 28 9 2 9 75% 1676 3283 1312 96%
c [  0.28  6 21 5 5 368 1 7264 3449 3.5 36 10 3 10 90% 1676 3283 1312 96%
c B  0.31  6 20 5 5 368 1 8037 4197 3.4 34 10 3 11 89% 1677 3283 1312 96%
c -  0.33  6 20 5 6 370 1 9385 4154 2.9 32 11 2 12 89% 1677 3283 1312 96%
c u  0.35  5 20 5 6 370 1 10056 4463 2.8 32 11 2 12 89% 1686 3283 1312 96%
c v  0.36  5 20 5 6 370 1 10056 4410 2.8 32 11 2 12 89% 1686 3283 1312 96%
c w  0.36  5 20 5 6 370 1 10056 4404 2.8 32 11 2 12 89% 1686 3283 1312 96%
c t  0.38  5 20 5 6 370 1 10056 4404 2.8 32 11 2 12 89% 1684 3283 1312 96%
c o  0.38  5 20 5 6 370 1 10056 4404 2.8 32 11 2 12 89% 1684 3283 1312 96%
c ]  0.39  5 20 6 6 370 1 10787 5088 2.7 31 12 2 12 90% 1684 3283 1312 96%
c {  0.39  5 20 6 6 370 3 10787 5088 3.1 28 9 2 9 75% 1684 3283 1312 96%
c i  0.40  5 20 6 6 412 3 11156 5351 3.0 27 9 2 9 75% 1691 3283 1310 96%
c -  0.41  5 21 6 7 577 3 11834 3853 2.8 26 9 2 10 76% 1686 3283 1310 96%
c -  0.46  6 20 6 8 838 3 14479 4807 2.5 23 9 2 10 70% 1701 3283 1310 96%
c }  0.46  6 19 7 8 838 3 14856 5157 2.5 23 9 2 10 69% 1703 3283 1310 96%
c [  0.46  6 20 7 8 838 1 14856 5157 2.7 31 12 2 12 90% 1703 3283 1310 96%
c W  0.46  6 20 7 8 838 1 14856 5157 2.7 31 12 2 12 90% 1703 3277 1310 96%
c s  0.49  6 20 7 8 839 1 16300 6434 2.5 30 12 2 12 90% 1709 3269 1310 96%
c e  0.50  6 20 7 8 839 1 16300 6434 2.5 30 12 2 12 90% 494 3978 802 59%
c 2  0.50  6 20 7 8 839 1 16300 6434 2.5 30 12 2 12 90% 493 3978 802 59%
c
c seconds  switched  rate        size/glue  tier1    binary      remaining
c        MB reductions conflicts       size   tier2    irredundant
c         level restarts    redundant     glue    trail      variables
c
c s  0.50  6 20 7 8 839 1 16300 6434 2.5 30 12 2 12 90% 496 3856 802 59%
c e  0.50  6 20 7 8 839 1 16300 6434 2.5 30 12 2 12 90% 479 3869 792 58%
c ^  0.50  6 20 7 8 839 1 16300 6434 2.5 30 12 2 12 90% 479 3869 792 58%
c -  0.51  6 20 7 9 840 1 17309 1853 2.4 29 12 3 14 90% 480 3869 792 58%
c ]  0.55  6 19 8 9 842 1 20122 4206 2.2 28 13 3 14 89% 481 3869 792 58%
c {  0.56  6 19 8 9 842 3 20122 4206 2.5 23 9 2 10 69% 481 3869 792 58%
c o  0.56  6 19 8 9 859 3 20176 4245 2.5 23 9 2 10 69% 481 3869 792 58%
c -  0.56  6 19 8 10 895 3 20311 3351 2.4 23 9 2 10 69% 481 3869 792 58%
c u  0.57  6 20 8 10 984 3 20599 3455 2.4 23 9 2 10 69% 481 3869 792 58%
c v  0.58  6 20 8 10 984 3 20599 3357 2.4 23 9 2 10 69% 481 3869 792 58%
c w  0.58  6 20 8 10 984 3 20599 3222 2.4 23 9 2 10 69% 481 3869 792 58%
c x  0.58  6 20 8 10 984 3 20599 3220 2.4 23 9 2 10 69% 483 3771 792 58%
c t  0.58  6 20 8 10 984 3 20599 3220 2.4 23 9 2 10 69% 477 3771 792 58%
c f  0.58  6 20 8 10 984 3 20599 3220 2.4 23 9 2 10 69% 531 3647 823 60%
c u  0.58  6 20 8 10 984 3 20599 3199 2.4 23 9 2 10 69% 531 3647 823 60%
c v  0.59  6 20 8 10 984 3 20599 3075 2.4 23 9 2 10 69% 531 3647 823 60%
c w  0.59  6 20 8 10 984 3 20599 3063 2.4 23 9 2 10 69% 531 3647 823 60%
c x  0.60  6 20 8 10 984 3 20599 3063 2.4 23 9 2 10 69% 534 3592 823 60%
c -  0.71  6 20 8 11 1359 3 23473 4746 2.5 25 10 2 9 72% 538 3591 823 60%
c }  0.80  7 20 9 11 1736 3 26282 7338 2.5 25 10 2 9 74% 541 3591 823 60%
c
c seconds  switched    rate        size/glue  tier1    binary      remaining
c        MB  reductions  conflicts       size   tier2    irredundant
c         level   restarts    redundant     glue    trail      variables
c
c [  0.80  7 19 9 11 1736 1 26282 7338 2.2 28 13 3 14 89% 541 3591 823 60%
c O  0.80  7 19 9 11 1736 1 26282 7338 2.2 28 13 3 14 89% 541 3591 823 60%
c -  0.82  7 19 9 12 1736 1 26791 6149 2.2 28 13 3 14 89% 541 3591 823 60%
c -  0.93  7 19 9 13 1738 1 30255 5753 2.1 28 13 2 12 87% 542 3591 823 60%
c s  1.01  7 19 9 13 1741 1 32966 7914 2.1 28 13 2 12 87% 542 3588 823 60%
c e  1.02  7 19 9 13 1741 1 32966 7914 2.1 28 13 2 12 87% 421 3793 716 52%
c s  1.02  7 19 9 13 1741 1 32966 7914 2.1 28 13 2 12 87% 425 3761 716 52%
c e  1.02  7 19 9 13 1741 1 32966 7914 2.1 28 13 2 12 87% 421 3766 714 52%
c ^  1.02  7 19 9 13 1741 1 32966 7914 2.1 28 13 2 12 87% 421 3766 714 52%
c ]  1.02  7 19 10 13 1741 1 33252 3724 2.1 28 13 2 12 87% 421 3766 714 52%
c {  1.02  7 20 10 13 1741 3 33252 3724 2.5 25 10 2 9 74% 421 3766 714 52%
c -  1.05  7 20 10 14 1877 3 33861 2921 2.4 25 10 2 8 74% 421 3766 714 52%
c u  1.10  6 20 10 14 1918 3 35558 4103 2.7 28 10 2 8 76% 421 3766 714 52%
c v  1.11  6 20 10 14 1918 3 35558 3865 2.7 28 10 2 8 76% 421 3766 714 52%
c w  1.12  6 20 10 14 1918 3 35558 3791 2.7 28 10 2 8 76% 421 3766 714 52%
c x  1.12  6 20 10 14 1918 3 35558 3791 2.7 28 10 2 8 76% 425 3723 714 52%
c t  1.12  6 20 10 14 1918 3 35558 3791 2.7 28 10 2 8 76% 421 3723 714 52%
c f  1.13  6 20 10 14 1918 3 35558 3791 2.7 28 10 2 8 76% 428 3704 718 53%
c u  1.13  6 20 10 14 1918 3 35558 3746 2.7 28 10 2 8 76% 428 3704 718 53%
c v  1.15  6 20 10 14 1918 3 35558 3464 2.7 28 10 2 8 76% 428 3704 718 53%
c
c seconds   switched    rate        size/glue  tier1   binary      remaining
c        MB   reductions  conflicts       size   tier2   irredundant
c         level    restarts    redundant     glue   trail      variables
c
c w  1.15  6 20 10 14 1918 3 35558 3398 2.7 28 10 2 8 76% 428 3704 718 53%
c x  1.16  6 20 10 14 1918 3 35558 3398 2.7 28 10 2 8 76% 428 3697 718 53%
c -  1.20  6 20 10 15 2052 3 37602 4455 2.7 27 10 2 8 74% 433 3697 718 53%
c o  1.28  6 20 10 15 2540 3 40197 6796 2.6 27 10 2 8 75% 434 3697 718 53%
c -  1.32  7 21 10 16 2760 3 41474 6317 2.6 28 11 2 8 75% 434 3697 718 53%
c }  1.34  7 21 11 16 2865 3 41879 6658 2.6 28 11 2 8 75% 434 3697 718 53%
c [  1.34  7 19 11 16 2865 1 41879 6658 2.1 28 13 2 12 87% 434 3697 718 53%
c B  1.34  7 19 11 16 2865 1 41879 6658 2.1 28 13 2 12 87% 434 3697 718 53%
c -  1.45  7 19 11 17 2867 1 45474 6037 2.0 27 13 2 10 86% 434 3697 718 53%
c -  1.58  7 19 11 18 2870 1 49598 5479 2.0 26 13 2 9 86% 435 3697 718 53%
c ]  1.58  7 19 12 18 2870 1 49700 5555 2.0 26 13 2 9 86% 435 3697 718 53%
c {  1.58  7 21 12 18 2870 3 49700 5555 2.6 28 11 2 8 75% 435 3697 718 53%
c -  1.72  7 20 12 19 3274 3 53840 6902 2.6 28 11 1 6 76% 435 3697 718 53%
c u  1.76  7 20 12 19 3274 3 54819 7346 2.7 28 11 1 6 77% 435 3697 718 53%
c v  1.79  7 20 12 19 3274 3 54819 6789 2.7 28 11 1 6 77% 435 3697 718 53%
c w  1.79  7 20 12 19 3274 3 54819 6639 2.7 28 11 1 6 77% 435 3697 718 53%
c -  1.95  7 20 12 20 3303 3 58198 7863 2.7 28 10 1 6 75% 439 3697 718 53%
c }  2.06  7 20 13 20 3691 3 61180 10611 2.6 28 11 1 6 75% 440 3697 718 53%
c [  2.06  7 19 13 20 3691 1 61180 10611 2.0 26 13 2 9 86% 440 3697 718 53%
c W  2.07  6 19 13 20 3691 1 61180 10611 2.0 26 13 2 9 86% 440 3697 718 53%
c
c seconds   switched    rate        size/glue  tier1   binary      remaining
c        MB   reductions  conflicts       size   tier2   irredundant
c         level    restarts    redundant     glue   trail      variables
c
c -  2.12  7 19 13 21 3692 1 62671 8682 2.0 26 13 2 9 86% 440 3697 718 53%
c -  2.26  7 19 13 22 3695 1 67253 7877 1.9 26 13 2 8 85% 441 3697 718 53%
c e  2.33  7 19 13 22 3696 1 69316 9487 1.9 26 14 2 8 85% 323 3934 651 48%
c s  2.33  7 19 13 22 3696 1 69316 9487 1.9 26 14 2 8 85% 324 3898 651 48%
c e  2.33  7 19 13 22 3696 1 69316 9487 1.9 26 14 2 8 85% 321 3904 649 47%
c ^  2.33  7 19 13 22 3696 1 69316 9487 1.9 26 14 2 8 85% 321 3904 649 47%
c -  2.40  7 19 13 23 3697 1 71943 5437 1.9 26 14 2 8 85% 321 3904 649 47%
c o  2.45  7 19 13 23 3698 1 73526 6723 1.9 26 14 2 8 85% 321 3904 649 47%
c ]  2.48  7 19 14 23 3699 1 74594 7468 1.9 26 14 2 8 85% 321 3904 649 47%
c {  2.48  7 20 14 23 3699 3 74594 7468 2.6 28 11 1 6 75% 321 3904 649 47%
c -  2.56  7 20 14 24 3806 3 76739 6875 2.7 28 10 1 5 75% 321 3904 649 47%
c u  2.63  7 20 14 24 3806 2 78511 7933 2.7 28 10 1 5 76% 321 3904 649 47%
c v  2.65  7 20 14 24 3806 2 78511 7425 2.7 28 10 1 5 76% 321 3904 649 47%
c w  2.66  8 20 14 24 3806 2 78511 6843 2.7 28 10 1 5 76% 321 3904 649 47%
c x  2.67  7 20 14 24 3806 2 78511 6842 2.7 28 10 1 5 76% 322 3852 649 47%
c t  2.67  7 20 14 24 3806 2 78511 6842 2.7 28 10 1 5 76% 318 3852 649 47%
c -  2.84  7 20 14 25 4146 2 81637 7568 2.7 28 10 1 5 76% 318 3852 649 47%
c -  3.09  7 20 14 26 4847 2 86637 8854 2.6 27 11 1 4 76% 320 3852 649 47%
c }  3.17  7 20 15 26 4908 2 89310 11406 2.6 27 11 1 4 76% 320 3852 649 47%
c [  3.17  7 19 15 26 4908 1 89310 11406 1.9 26 14 2 8 85% 320 3852 649 47%
c
c seconds   switched    rate         size/glue  tier1   binary      remaining
c        MB   reductions  conflicts        size   tier2   irredundant
c         level    restarts     redundant     glue   trail      variables
c
c I  3.17  7 19 15 26 4908 1 89310 11406 1.9 26 14 2 8 85% 320 3852 649 47%
c -  3.21  8 19 15 27 4910 1 91736 9439 1.9 26 14 2 8 85% 320 3852 649 47%
c -  3.31  7 19 15 28 4913 1 96933 8201 1.9 25 14 2 9 86% 320 3852 649 47%
c -  3.41  7 18 15 29 4915 1 102225 6637 1.8 25 14 2 9 86% 320 3852 649 47%
c u  3.50  6 18 15 29 4918 1 106765 9541 1.8 24 14 2 9 86% 321 3852 649 47%
c v  3.52  6 18 15 29 4918 1 106765 8949 1.8 24 14 2 9 86% 321 3852 649 47%
c w  3.52  8 18 15 29 4918 1 106765 8122 1.8 24 14 2 9 86% 321 3852 649 47%
c x  3.53  8 18 15 29 4918 1 106765 8122 1.8 24 14 2 9 86% 321 3849 649 47%
c t  3.53  8 18 15 29 4918 1 106765 8122 1.8 24 14 2 9 86% 319 3849 649 47%
c B  3.54  7 18 15 29 4919 1 107112 8395 1.8 24 14 2 9 86% 319 3849 649 47%
c -  3.56  7 18 15 30 4919 1 107610 5730 1.8 24 14 2 10 86% 319 3849 649 47%
c -  3.71  7 18 15 31 4921 1 113088 6521 1.8 25 14 2 9 86% 320 3849 649 47%
c ]  3.74  7 18 16 31 4921 1 113943 7074 1.8 25 14 2 9 87% 320 3849 649 47%
c {  3.74  7 20 16 31 4921 2 113943 7074 2.6 27 11 1 4 76% 320 3849 649 47%
c o  3.75  7 20 16 31 4950 2 114091 7181 2.6 27 11 1 4 76% 320 3849 649 47%
c -  3.90  8 20 16 32 5430 2 118656 8473 2.6 28 11 1 4 76% 321 3849 649 47%
c -  4.08  7 20 16 33 5662 2 124314 11302 2.6 27 10 1 4 74% 324 3849 649 47%
c e  4.23  7 20 16 33 6018 2 127780 14518 2.6 27 11 1 4 74% 221 4155 589 43%
c s  4.23  7 20 16 33 6018 2 127780 14518 2.6 27 11 1 4 74% 222 4094 589 43%
c e  4.23  7 20 16 33 6018 2 127780 14518 2.6 27 11 1 4 74% 215 4106 586 43%
c
c seconds   switched    rate          size/glue  tier1   binary      remaining
c        MB   reductions  conflicts         size   tier2   irredundant
c         level    restarts      redundant     glue   trail      variables
c
c ^  4.23  7 20 16 33 6018 2 127780 14518 2.6 27 11 1 4 74% 215 4106 586 43%
c -  4.33  8 20 16 34 6495 2 130059 8984 2.5 27 11 1 4 74% 215 4106 586 43%
c }  4.42  8 20 17 34 6986 2 132280 10662 2.5 27 11 1 4 75% 215 4106 586 43%
c [  4.42  8 18 17 34 6986 1 132280 10662 1.8 25 14 2 9 87% 215 4106 586 43%
c W  4.42  7 18 17 34 6986 1 132280 10662 1.8 25 14 2 9 87% 215 4106 586 43%
c -  4.57  7 18 17 35 6988 1 135889 9298 1.8 24 14 2 8 86% 215 4106 586 43%
c u  4.74  8 18 17 35 6991 1 139786 11004 1.8 24 14 2 8 85% 215 4106 586 43%
c v  4.77  8 18 17 35 6991 1 139786 9609 1.8 24 14 2 8 85% 215 4106 586 43%
c w  4.79  9 18 17 35 6991 1 139786 9264 1.8 24 14 2 8 85% 215 4106 586 43%
c f  4.79  7 18 17 35 6991 1 139786 9264 1.8 24 14 2 8 85% 217 4093 587 43%
c u  4.80  8 18 17 35 6991 1 139786 9120 1.8 24 14 2 8 85% 217 4093 587 43%
c v  4.83  8 18 17 35 6991 1 139786 8627 1.8 24 14 2 8 85% 217 4093 587 43%
c w  4.84  8 18 17 35 6991 1 139786 8453 1.8 24 14 2 8 85% 217 4093 587 43%
c x  4.85  8 18 17 35 6991 1 139786 8450 1.8 24 14 2 8 85% 219 4008 587 43%
c t  4.98  8 18 17 35 6991 1 139786 8450 1.8 24 14 2 8 85% 218 4008 587 43%
c -  5.05  7 18 17 36 6992 1 141806 6184 1.7 24 14 1 8 85% 218 4008 587 43%
c -  5.24  6 18 17 37 6995 1 147806 6202 1.7 24 14 1 8 85% 218 4008 587 43%
c ]  5.30  7 18 18 37 6996 1 149692 7392 1.7 24 14 1 8 85% 218 4008 587 43%
c {  5.30  7 20 18 37 6996 2 149692 7392 2.5 27 11 1 4 75% 218 4008 587 43%
c -  5.46  7 20 18 38 7028 2 153888 7548 2.5 27 11 1 4 75% 218 4008 587 43%
c
c seconds   switched    rate         size/glue  tier1   binary      remaining
c        MB   reductions  conflicts        size   tier2   irredundant
c         level    restarts     redundant     glue   trail      variables
c
c -  5.69  7 19 18 39 7568 2 160053 9469 2.4 26 11 1 4 75% 218 4008 587 43%
c -  5.90  8 19 18 40 7734 2 166299 11033 2.5 26 11 1 4 75% 218 4008 587 43%
c o  5.90  7 19 18 40 7735 2 166415 11142 2.5 26 11 1 4 75% 218 4008 587 43%
c }  6.10  8 18 19 40 7810 2 172037 15784 2.5 26 11 1 4 76% 218 4008 587 43%
c [  6.10  8 18 19 40 7810 1 172037 15784 1.7 24 14 1 8 85% 218 4008 587 43%
c O  6.10  8 18 19 40 7810 1 172037 15784 1.7 24 14 1 8 85% 218 4008 587 43%
c -  6.12  8 18 19 41 7810 1 172625 11338 1.7 23 14 1 7 85% 218 4008 587 43%
c u  6.32  8 18 19 41 7814 1 177591 13959 1.7 23 14 1 7 84% 220 4008 587 43%
c v  6.34  8 18 19 41 7814 1 177591 13388 1.7 23 14 1 7 84% 220 4008 587 43%
c w  6.35  9 18 19 41 7814 1 177591 13339 1.7 23 14 1 7 84% 220 4008 587 43%
c x  6.36  7 18 19 41 7814 1 177591 13338 1.7 23 14 1 7 84% 221 3995 587 43%
c t  6.36  7 18 19 41 7814 1 177591 13338 1.7 23 14 1 7 84% 220 3995 587 43%
c -  6.41  8 18 19 42 7815 1 179029 9809 1.7 23 14 1 7 83% 220 3995 587 43%
c -  6.66  8 18 19 43 7818 1 185509 8917 1.7 23 14 1 7 82% 220 3995 587 43%
c -  6.89  8 18 19 44 7822 1 192066 8979 1.7 23 14 1 7 82% 220 3995 587 43%
c ]  6.96  8 18 20 44 7823 1 194100 10434 1.7 23 14 1 7 82% 220 3995 587 43%
c {  6.96  8 18 20 44 7823 2 194100 10434 2.5 26 11 1 4 76% 220 3995 587 43%
c -  7.15  8 19 20 45 8785 2 198700 10036 2.4 26 11 1 4 77% 220 3995 587 43%
c -  7.33  8 19 20 46 9307 2 205408 11507 2.4 26 11 1 4 76% 220 3995 587 43%
c e  7.47  7 19 20 46 9540 2 210559 16292 2.4 26 11 1 4 75% 161 4561 507 37%
c
c seconds   switched    rate          size/glue  tier1   binary      remaining
c        MB   reductions  conflicts         size   tier2   irredundant
c         level    restarts      redundant     glue   trail      variables
c
c s  7.47  7 19 20 46 9540 2 210559 16292 2.4 26 11 1 4 75% 161 4423 507 37%
c e  7.47  7 19 20 46 9540 2 210559 16292 2.4 26 11 1 4 75% 155 4461 501 37%
c ^  7.47  7 19 20 46 9540 2 210559 16292 2.4 26 11 1 4 75% 155 4461 501 37%
c -  7.53  8 19 20 47 9829 2 212190 7330 2.4 26 11 1 4 76% 155 4461 501 37%
c -  7.74  8 18 20 48 10199 2 219045 9293 2.4 26 11 1 4 77% 155 4461 501 37%
c u  7.79  7 18 20 48 10218 2 220401 9776 2.4 26 11 1 4 77% 156 4461 501 37%
c v  7.83  8 18 20 48 10218 2 220401 8411 2.4 26 11 1 4 77% 156 4461 501 37%
c w  7.86  8 18 20 48 10218 2 220401 7572 2.4 26 11 1 4 77% 156 4461 501 37%
c t  7.86  8 18 20 48 10218 2 220401 7572 2.4 26 11 1 4 77% 155 4461 501 37%
c }  7.87  8 18 21 48 10229 2 220839 7983 2.4 26 11 1 4 77% 155 4461 501 37%
c [  7.87  8 18 21 48 10229 1 220839 7983 1.7 23 14 1 7 82% 155 4461 501 37%
c B  7.87  8 18 21 48 10229 1 220839 7983 1.7 23 14 1 7 82% 155 4461 501 37%
c -  7.99  8 18 21 49 10233 1 225974 7744 1.7 23 14 1 7 82% 155 4461 501 37%
c -  8.18  8 18 21 50 10235 1 232975 7177 1.7 24 14 1 6 82% 155 4461 501 37%
c -  8.38  7 18 21 51 10241 1 240047 6447 1.7 24 14 1 6 83% 155 4461 501 37%
c -  8.58  7 18 21 52 10243 1 247188 6425 1.7 24 14 1 6 84% 155 4461 501 37%
c ]  8.69  7 17 22 52 10243 1 251469 9352 1.7 24 14 1 6 84% 155 4461 501 37%
c {  8.69  7 18 22 52 10243 2 251469 9352 2.4 26 11 1 4 77% 155 4461 501 37%
c o  8.69  7 18 22 52 10246 2 251513 9389 2.4 26 11 1 4 77% 155 4461 501 37%
c -  8.73  7 18 22 53 10379 2 254400 7399 2.4 26 11 1 4 77% 155 4461 501 37%
c
c seconds   switched     rate         size/glue  tier1   binary      remaining
c        MB   reductions   conflicts        size   tier2   irredundant
c         level    restarts      redundant     glue   trail      variables
c
c -  8.84  8 18 22 54 10561 2 261680 8869 2.4 25 11 1 4 75% 155 4461 501 37%
c u  8.94  7 18 22 54 10745 2 267651 13699 2.4 25 11 1 4 74% 156 4461 501 37%
c v  8.96  7 18 22 54 10745 2 267651 13212 2.4 25 11 1 4 74% 156 4461 501 37%
c w  8.97  7 18 22 54 10745 2 267651 13139 2.4 25 11 1 4 74% 156 4461 501 37%
c x  8.98  7 18 22 54 10745 2 267651 13132 2.4 25 11 1 4 74% 157 4282 501 37%
c -  9.01  8 18 22 55 10825 2 269028 8670 2.3 25 11 1 4 74% 157 4282 501 37%
c -  9.14  8 18 22 56 11163 2 276445 9218 2.3 24 10 1 4 73% 158 4281 501 37%
c }  9.27  8 18 23 56 11254 2 282985 15028 2.3 24 10 1 4 72% 158 4281 501 37%
c [  9.27  8 17 23 56 11254 1 282985 15028 1.7 24 14 1 6 84% 158 4281 501 37%
c W  9.28  8 17 23 56 11254 1 282985 15028 1.7 24 14 1 6 84% 158 4281 501 37%
c -  9.31  8 18 23 57 11254 1 283930 10001 1.7 24 14 1 6 84% 158 4281 501 37%
c -  9.55  8 18 23 58 11260 1 291480 10239 1.7 24 14 1 6 84% 158 4281 501 37%
c -  9.77  8 17 23 59 11263 1 299096 9623 1.8 24 14 1 6 84% 158 4281 501 37%
c ]  9.78  8 17 24 59 11264 1 299565 10019 1.8 24 14 1 6 85% 158 4281 501 37%
c {  9.78  8 18 24 59 11264 2 299565 10019 2.3 24 10 1 4 72% 158 4281 501 37%
c - 10.05  8 18 24 60 12447 2 306778 10923 2.3 24 11 1 4 73% 158 4281 501 37%
c - 10.31  8 18 24 61 13379 2 314525 12730 2.2 24 11 1 4 74% 158 4280 501 37%
c s 10.47  8 19 24 61 13797 2 318988 16780 2.2 24 11 1 4 74% 158 4273 501 37%
c e 10.47  8 19 24 61 13797 2 318988 16780 2.2 24 11 1 4 74%  94 5209 428 31%
c s 10.47  8 19 24 61 13797 2 318988 16780 2.2 24 11 1 4 74%  94 4963 428 31%
c
c seconds   switched     rate          size/glue  tier1   binary      remaining
c        MB   reductions   conflicts         size   tier2   irredundant
c         level    restarts       redundant     glue   trail      variables
c
c e 10.48  8 19 24 61 13797 2 318988 16780 2.2 24 11 1 4 74%  92 5020 423 31%
c ! 10.48  8 19 24 61 13797 2 318988 16780 2.2 24 11 1 4 74%  92 5020 423 31%
c u 10.52  8 19 24 61 14087 2 320342 8486 2.2 24 11 1 4 74%  92 5020 423 31%
c v 10.55  8 19 24 61 14087 2 320342 7385 2.2 24 11 1 4 74%  92 5020 423 31%
c w 10.57  8 19 24 61 14087 2 320342 7300 2.2 24 11 1 4 74%  92 5020 423 31%
c x 10.58  8 19 24 61 14087 2 320342 7289 2.2 24 11 1 4 74%  93 4815 423 31%
c f 10.59  8 19 24 61 14087 2 320342 7289 2.2 24 11 1 4 74%  94 4773 425 31%
c u 10.59  8 19 24 61 14087 2 320342 7196 2.2 24 11 1 4 74%  94 4773 425 31%
c v 10.62  8 19 24 61 14087 2 320342 6911 2.2 24 11 1 4 74%  94 4773 425 31%
c w 10.65  8 19 24 61 14087 2 320342 6690 2.2 24 11 1 4 74%  94 4773 425 31%
c x 10.66  8 19 24 61 14087 2 320342 6689 2.2 24 11 1 4 74%  94 4745 425 31%
c o 10.87  8 19 24 61 14230 2 321518 7766 2.2 24 11 1 4 74%  94 4745 425 31%
c - 10.89  7 19 24 62 14376 2 322335 5924 2.2 24 11 1 4 74%  94 4745 425 31%
c - 11.12  8 19 24 63 15049 2 330209 8265 2.2 25 11 1 4 74%  94 4745 425 31%
c } 11.29  8 19 25 63 15691 2 336243 13361 2.2 25 11 1 4 74%  94 4745 425 31%
c [ 11.29  8 17 25 63 15691 1 336243 13361 1.8 24 14 1 6 85%  94 4745 425 31%
c I 11.29  8 17 25 63 15691 1 336243 13361 1.8 24 14 1 6 85%  94 4745 425 31%
c - 11.32  8 17 25 64 15692 1 338148 9427 1.8 24 14 1 6 85%  94 4745 425 31%
c - 11.45  8 18 25 65 15697 1 346148 9244 1.7 24 14 1 6 85%  94 4745 425 31%
c - 11.61  8 18 25 66 15702 1 354210 7378 1.7 24 14 1 6 86%  94 4745 425 31%
c
c seconds   switched     rate         size/glue  tier1   binary      remaining
c        MB   reductions   conflicts        size   tier2   irredundant
c         level    restarts      redundant     glue   trail      variables
c
c - 11.76  8 18 25 67 15705 1 362335 7256 1.7 24 14 1 7 86%  94 4745 425 31%
c - 11.91  8 18 25 68 15707 1 370520 7672 1.7 24 14 1 7 87%  94 4745 425 31%
c B 12.00  8 18 25 68 15711 1 375684 11746 1.7 24 14 1 7 87%  94 4745 425 31%
c u 12.06  8 18 25 68 15712 1 377534 12589 1.7 24 14 1 7 87%  94 4745 425 31%
c v 12.09  8 18 25 68 15712 1 377534 11466 1.7 24 14 1 7 87%  94 4745 425 31%
c w 12.13  8 18 25 68 15712 1 377534 10173 1.7 24 14 1 7 87%  94 4745 425 31%
c - 12.18  8 18 25 69 15712 1 378766 6662 1.7 24 14 1 7 87%  94 4745 425 31%
c - 12.42  8 18 25 70 15717 1 387072 7265 1.7 24 14 1 7 87%  94 4745 425 31%
c - 12.65  8 18 25 71 15720 1 395438 8362 1.7 24 14 1 7 86%  94 4745 425 31%
c ] 12.69  8 18 26 71 15720 1 396550 9318 1.7 24 14 1 7 86%  94 4745 425 31%
c { 12.69  8 19 26 71 15720 2 396550 9318 2.2 25 11 1 4 74%  94 4745 425 31%
c o 12.83  8 19 26 71 16370 2 401531 13621 2.2 25 11 1 4 75%  94 4745 425 31%
c - 12.94  8 19 26 72 16757 2 403864 10297 2.2 25 11 1 4 75%  94 4745 425 31%
c - 13.19  8 19 26 73 17846 2 412349 11840 2.2 25 12 1 4 76%  94 4745 425 31%
c - 13.28  8 19 26 74 17846 2 420893 13820 2.2 24 11 1 4 72%  94 4745 425 31%
c - 13.49  8 18 26 75 17854 2 429497 14904 2.2 24 11 1 4 70%  94 4745 425 31%
c - 13.90  9 18 26 76 17854 2 438157 16579 2.3 25 11 1 4 73%  94 4745 425 31%
c } 13.92  9 18 27 76 17854 2 438769 17133 2.3 25 11 1 4 73%  94 4745 425 31%
c [ 13.92  9 18 27 76 17854 1 438769 17133 1.7 24 14 1 7 86%  94 4745 425 31%
c W 13.93  9 18 27 76 17854 1 438769 17133 1.7 24 14 1 7 86%  94 4745 425 31%
c
c seconds   switched     rate          size/glue  tier1   binary      remaining
c        MB   reductions   conflicts         size   tier2   irredundant
c         level    restarts       redundant     glue   trail      variables
c
c u 13.99  9 18 27 76 17855 1 440002 17358 1.7 24 14 1 7 86%  94 4745 425 31%
c v 14.03  9 18 27 76 17855 1 440002 16708 1.7 24 14 1 7 86%  94 4745 425 31%
c w 14.05 11 18 27 76 17855 1 440002 16492 1.7 24 14 1 7 86%  94 4745 425 31%
c x 14.07 11 18 27 76 17855 1 440002 16490 1.7 24 14 1 7 86%  94 4736 425 31%
c - 14.23 10 18 27 77 17859 1 446874 14109 1.7 24 14 1 7 87%  94 4736 425 31%
c s 14.39 10 18 27 77 17863 1 453810 19184 1.7 24 14 1 7 87%  94 4733 425 31%
c e 14.39  9 18 27 77 17863 1 453810 19184 1.7 24 14 1 7 87%  87 4817 419 31%
c s 14.39  9 18 27 77 17863 1 453810 19184 1.7 24 14 1 7 87%  87 4791 419 31%
c e 14.39  9 18 27 77 17863 1 453810 19184 1.7 24 14 1 7 87%  86 4800 418 31%
c - 14.43  9 18 27 78 17864 1 455648 10052 1.7 24 14 1 7 87%  86 4800 418 31%
c - 14.64  9 18 27 79 17868 1 464482 9487 1.7 24 14 1 7 87%  86 4800 418 31%
c - 14.85  9 18 27 80 17870 1 473370 9338 1.7 23 14 1 7 87%  86 4800 418 31%
c - 15.08  9 18 27 81 17875 1 482315 9716 1.7 23 14 1 7 87%  86 4800 418 31%
c O 15.20  9 17 27 81 17878 1 486931 12918 1.7 23 14 1 7 87%  86 4800 418 31%
c ] 15.33  9 18 28 81 17881 1 490600 15223 1.7 23 14 1 7 87%  86 4800 418 31%
c { 15.33  9 18 28 81 17881 2 490600 15223 2.3 25 11 1 4 73%  86 4800 418 31%
c - 15.36  9 18 28 82 18020 2 491316 10582 2.3 25 11 1 4 73%  86 4800 418 31%
c o 15.37  9 18 28 82 18021 2 491655 10892 2.3 25 11 1 4 73%  86 4800 418 31%
c - 15.73  9 18 28 83 19216 2 500371 13063 2.3 25 11 1 4 74%  86 4800 418 31%
c u 16.05 10 18 28 83 20484 2 507865 18249 2.3 25 11 1 4 75%  86 4800 418 31%
c
c seconds   switched     rate          size/glue  tier1   binary      remaining
c        MB   reductions   conflicts         size   tier2   irredundant
c         level    restarts       redundant     glue   trail      variables
c
c v 16.10 10 18 28 83 20484 2 507865 16629 2.3 25 11 1 4 75%  86 4800 418 31%
c w 16.13 10 18 28 83 20484 2 507865 16481 2.3 25 11 1 4 75%  86 4800 418 31%
c - 16.20  8 18 28 84 20831 2 509482 11699 2.2 25 11 1 4 75%  86 4800 418 31%
c - 16.54 10 18 28 85 21824 2 518647 12369 2.2 25 11 1 4 76%  86 4800 418 31%
c - 16.84 10 18 28 86 22456 2 527867 13527 2.2 25 11 1 4 77%  86 4800 418 31%
c - 17.18  9 18 28 87 23415 2 537140 13906 2.2 26 12 1 4 78%  86 4800 418 31%
c } 17.24  9 18 29 87 23619 2 538739 15294 2.2 26 12 1 4 78%  86 4800 418 31%
c [ 17.24  9 18 29 87 23619 1 538739 15294 1.7 23 14 1 7 87%  86 4800 418 31%
c B 17.26  9 18 29 87 23619 1 539719 16126 1.7 23 14 1 7 87%  86 4800 418 31%
c - 17.46  9 18 29 88 23624 1 546468 14154 1.7 23 14 1 7 87%  86 4800 418 31%
c - 17.74 10 17 29 89 23629 1 555848 12411 1.7 23 14 1 6 87%  86 4800 418 31%
c - 18.01 10 17 29 90 23633 1 565282 10884 1.7 23 14 1 6 87%  86 4800 418 31%
c - 18.28  9 17 29 91 23636 1 574768 10801 1.7 23 14 1 6 87%  86 4800 418 31%
c u 18.48  8 17 29 91 23640 1 581037 13980 1.7 23 14 1 6 87%  86 4800 418 31%
c v 18.53  8 17 29 91 23640 1 581037 12143 1.7 23 14 1 6 87%  86 4800 418 31%
c w 18.60  8 17 29 91 23640 1 581037 10070 1.7 23 14 1 6 87%  86 4800 418 31%
c - 18.68  8 17 29 92 23641 1 584307 8094 1.7 23 13 1 6 87%  86 4800 418 31%
c - 18.90  8 17 29 93 23647 1 593898 8908 1.7 23 13 1 6 87%  86 4800 418 31%
c W 19.00  8 17 29 93 23648 1 597303 11125 1.7 23 13 1 6 87%  86 4800 418 31%
c o 19.00  8 17 29 93 23648 1 597303 11125 1.7 23 13 1 6 87%  86 4800 418 31%
c
c seconds   switched     rate         size/glue  tier1   binary      remaining
c        MB   reductions   conflicts        size   tier2   irredundant
c         level    restarts      redundant     glue   trail      variables
c
c - 19.15  8 17 29 94 23648 1 603541 8960 1.7 23 13 1 6 88%  86 4800 418 31%
c ] 19.20  8 17 30 94 23649 1 605223 9948 1.7 23 13 1 6 88%  86 4800 418 31%
c { 19.20  8 18 30 94 23649 2 605223 9948 2.2 26 12 1 4 78%  86 4800 418 31%
c - 19.46  8 18 30 95 24017 2 613236 11074 2.2 26 12 1 4 79%  86 4800 418 31%
c s 19.67  8 18 30 95 24049 2 619853 16974 2.3 26 11 1 4 80%  86 4794 418 31%
c - 19.79  7 18 30 96 24322 2 622984 13049 2.3 26 11 1 4 80%  86 4794 418 31%
c - 20.14  9 17 30 97 24534 2 632782 14365 2.4 27 11 1 4 81%  86 4794 418 31%
c - 20.41  9 17 30 98 25064 2 642630 16104 2.3 26 11 1 4 80%  86 4794 418 31%
c - 20.67  9 17 30 99 25064 2 652529 18150 2.4 26 11 1 4 79%  86 4794 418 31%
c } 20.96  9 17 31 99 26002 2 659657 24167 2.3 26 11 1 4 79%  87 4794 418 31%
c [ 20.96  9 17 31 99 26002 1 659657 24167 1.7 23 13 1 6 88%  87 4794 418 31%
c u 21.00  9 17 31 99 26002 1 659739 23195 1.7 23 13 1 6 88%  87 4794 418 31%
c v 21.04 11 17 31 99 26002 1 659739 22493 1.7 23 13 1 6 88%  87 4794 418 31%
c w 21.07 11 17 31 99 26002 1 659739 22420 1.7 23 13 1 6 88%  87 4794 418 31%
c x 21.09 10 17 31 99 26002 1 659739 22412 1.7 23 13 1 6 88%  88 4767 418 31%
c t 21.09 10 17 31 99 26002 1 659739 22412 1.7 23 13 1 6 88%  87 4767 418 31%
c I 21.10 10 17 31 99 26002 1 659855 22482 1.7 23 13 1 6 88%  87 4767 418 31%
c - 21.15 10 17 31 100 26004 1 662481 16878 1.7 23 13 1 6 88%  87 4767 418 31%
c - 21.31  9 17 31 101 26009 1 672482 15098 1.7 23 13 1 6 88%  87 4767 418 31%
c - 21.51 10 17 31 102 26015 1 682531 11119 1.7 23 13 1 7 88%  87 4767 418 31%
c
c seconds   switched      rate          size/glue  tier1   binary      remaining
c        MB   reductions    conflicts         size   tier2   irredundant
c         level     restarts       redundant     glue   trail      variables
c
c - 21.70 10 17 31 103 26017 1 692631 10346 1.7 23 13 1 7 88%  87 4767 418 31%
c - 21.94 10 17 31 104 26023 1 702783 10358 1.7 23 14 1 7 89%  87 4767 418 31%
c - 22.19 10 17 31 105 26029 1 712981 10392 1.7 22 14 1 7 89%  87 4767 418 31%
c - 22.45 10 17 31 106 26031 1 723228 10482 1.6 22 14 1 7 89%  87 4767 418 31%
c B 22.57  9 17 31 106 26032 1 727538 12925 1.6 22 14 1 7 89%  87 4767 418 31%
c o 22.57  9 17 31 106 26032 1 727538 12925 1.6 22 14 1 7 89%  87 4767 418 31%
c - 22.72 10 17 31 107 26032 1 733523 10745 1.6 22 14 1 7 90%  87 4767 418 31%
c - 22.97 10 17 31 108 26034 1 743867 10972 1.6 22 14 1 7 90%  87 4767 418 31%
c u 23.00  9 17 31 108 26035 1 744125 10729 1.6 22 14 1 7 90%  87 4767 418 31%
c v 23.03 10 17 31 108 26035 1 744125 8896 1.6 22 14 1 7 90%  87 4767 418 31%
c w 23.05 10 17 31 108 26035 1 744125 8406 1.6 22 14 1 7 90%  87 4767 418 31%
c ] 23.14  9 17 32 108 26036 1 746829 10368 1.6 22 14 1 7 90%  87 4767 418 31%
c { 23.14  9 17 32 108 26036 2 746829 10368 2.3 26 11 1 4 79%  87 4767 418 31%
c - 23.37  9 17 32 109 26543 2 754260 11186 2.4 26 11 1 4 80%  87 4767 418 31%
c - 23.75 10 17 32 110 27847 2 764700 13598 2.3 26 11 1 4 81%  87 4767 418 31%
c - 24.11 11 17 32 111 27847 2 775188 15514 2.4 27 11 1 4 82%  87 4767 418 31%
c - 24.49 11 16 32 112 27854 2 785723 16417 2.6 28 11 1 4 83%  87 4767 418 31%
c - 24.98 11 16 32 113 28645 2 796307 18104 2.7 29 11 1 4 84%  87 4767 418 31%
c - 25.48 11 16 32 114 29016 2 806938 18829 2.8 30 11 1 4 85%  87 4767 418 31%
c } 25.53 11 16 33 114 29259 2 807934 19647 2.8 30 11 1 4 85%  87 4767 418 31%
c
c seconds   switched      rate          size/glue  tier1   binary      remaining
c        MB   reductions    conflicts         size   tier2   irredundant
c         level     restarts       redundant     glue   trail      variables
c
c [ 25.53 11 17 33 114 29259 1 807934 19647 1.6 22 14 1 7 90%  87 4767 418 31%
c W 25.54 10 17 33 114 29259 1 807934 19647 1.6 22 14 1 7 90%  87 4767 418 31%
c - 25.78 10 17 33 115 29265 1 817617 17658 1.7 23 14 1 7 90%  87 4767 418 31%
c s 25.79 10 17 33 115 29265 1 818070 18066 1.7 23 14 1 7 90%  87 4765 418 31%
c e 25.79 10 17 33 115 29265 1 818070 18066 1.7 23 14 1 7 90%  85 4783 417 31%
c s 25.79 10 17 33 115 29265 1 818070 18066 1.7 23 14 1 7 90%  85 4778 417 31%
c - 26.07  7 17 33 116 29271 1 828343 14081 1.7 23 14 1 7 90%  85 4778 417 31%
c u 26.23  8 17 33 116 29273 1 834177 17147 1.7 23 14 1 7 90%  85 4778 417 31%
c v 26.30  8 17 33 116 29273 1 834177 15950 1.7 23 14 1 7 90%  85 4778 417 31%
c w 26.33 10 17 33 116 29273 1 834177 14318 1.7 23 14 1 7 90%  85 4778 417 31%
c x 26.34 10 17 33 116 29273 1 834177 14318 1.7 23 14 1 7 90%  85 4770 417 31%
c - 26.45 10 17 33 117 29273 1 839113 10057 1.6 23 14 1 7 90%  85 4770 417 31%
c - 26.66 10 17 33 118 29280 1 849931 10822 1.6 23 14 1 7 89%  85 4770 417 31%
c - 26.89 10 17 33 119 29286 1 860794 11047 1.6 22 14 1 7 89%  85 4770 417 31%
c - 27.12 10 17 33 120 29288 1 871703 10948 1.6 22 14 1 7 89%  85 4770 417 31%
c - 27.34 10 17 33 121 29289 1 882658 11033 1.6 22 14 1 7 89%  85 4770 417 31%
c O 27.41  9 17 33 121 29289 1 886363 13739 1.6 22 14 1 7 89%  85 4770 417 31%
c o 27.41  9 17 33 121 29289 1 886363 13739 1.6 22 14 1 7 89%  85 4770 417 31%
c - 27.62  9 17 33 122 29292 1 893658 11299 1.6 22 14 1 7 89%  85 4770 417 31%
c - 27.93 10 17 33 123 29299 1 904703 11393 1.6 22 14 1 7 89%  85 4770 417 31%
c
c seconds   switched      rate          size/glue  tier1   binary      remaining
c        MB   reductions    conflicts         size   tier2   irredundant
c         level     restarts       redundant     glue   trail      variables
c
c ] 28.13 10 17 34 123 29303 1 911950 15614 1.6 22 14 1 7 89%  85 4770 417 31%
c { 28.13 10 16 34 123 29303 2 911950 15614 2.8 30 11 1 4 85%  85 4770 417 31%
c - 28.27 10 16 34 124 29419 2 915794 12291 2.8 30 11 1 4 86%  85 4770 417 31%
c - 28.68 10 16 34 125 30289 2 926930 15766 2.7 29 11 1 4 85%  85 4770 417 31%
c u 28.81 10 16 34 125 30289 2 929959 17703 2.7 29 11 1 4 84%  85 4770 417 31%
c v 28.88 10 16 34 125 30289 2 929959 16110 2.7 29 11 1 4 84%  85 4770 417 31%
c w 28.91 11 16 34 125 30289 2 929959 15806 2.7 29 11 1 4 84%  85 4770 417 31%
c - 29.23 11 16 34 126 30359 2 938110 17090 2.8 29 10 1 4 85%  85 4770 417 31%
c - 29.62 11 15 34 127 30359 1 949335 19114 2.8 29 10 1 4 85%  85 4770 417 31%
c - 30.02 12 15 34 128 30362 1 960604 19522 2.9 29 10 1 4 86%  85 4770 417 31%
c - 30.46 12 14 34 129 30362 1 971917 21029 3.0 30 10 1 4 87%  85 4770 417 31%
c } 30.73 12 14 35 129 30362 1 980097 27956 3.1 30 10 1 4 87%  85 4770 417 31%
c [ 30.73 12 17 35 129 30362 1 980097 27956 1.6 22 14 1 7 89%  85 4770 417 31%
c B 30.73 12 17 35 129 30362 1 980097 27956 1.6 22 14 1 7 89%  85 4770 417 31%
c - 30.82 12 17 35 130 30364 1 983275 21602 1.6 22 14 1 7 89%  85 4770 417 31%
c - 31.10 11 17 35 131 30371 1 994677 18114 1.6 22 14 1 7 89%  85 4770 417 31%
c - 31.35  9 17 35 132 30376 1 1006124 13650 1.6 22 14 1 7 89%  85 4770 417 31%
c - 31.64  9 17 35 133 30380 1 1017615 11885 1.6 22 14 1 7 90%  85 4770 417 31%
c - 31.89 10 17 35 134 30386 1 1029147 11887 1.6 22 14 1 7 90%  85 4770 417 31%
c u 31.96 10 17 35 134 30389 1 1031540 13092 1.6 22 14 1 7 90%  85 4770 417 31%
c
c seconds   switched      rate           size/glue  tier1   binary      remaining
c        MB   reductions     conflicts         size   tier2   irredundant
c         level     restarts        redundant     glue   trail      variables
c
c v 32.00 10 17 35 134 30389 1 1031540 11737 1.6 22 14 1 7 90%  85 4770 417 31%
c w 32.05 10 17 35 134 30389 1 1031540 10523 1.6 22 14 1 7 90%  85 4770 417 31%
c o 32.05 10 17 35 134 30389 1 1031540 10523 1.6 22 14 1 7 90%  85 4770 417 31%
c - 32.23 10 17 35 135 30391 1 1040722 10375 1.6 22 14 1 7 89%  85 4770 417 31%
c - 32.48 10 17 35 136 30392 1 1052341 10353 1.6 22 14 1 7 89%  85 4770 417 31%
c - 32.75 10 17 35 137 30394 1 1064003 10585 1.6 22 14 1 7 90%  85 4770 417 31%
c W 32.89  8 17 35 137 30398 1 1069898 14470 1.6 22 14 1 7 90%  85 4770 417 31%
c - 33.01  8 17 35 138 30401 1 1075707 10788 1.6 22 14 1 7 90%  85 4770 417 31%
c - 33.36  8 17 35 139 30407 1 1087454 10905 1.6 21 14 1 7 90%  85 4770 417 31%
c ] 33.48  8 17 36 139 30407 1 1091971 13540 1.6 21 14 1 7 90%  85 4770 417 31%
c { 33.48  8 14 36 139 30407 1 1091971 13540 3.1 30 10 1 4 87%  85 4770 417 31%
c - 33.77  7 14 36 140 32015 1 1099244 13353 2.9 29 10 1 4 87%  85 4770 417 31%
c - 34.28  9 15 36 141 34730 2 1111076 15136 2.8 30 11 1 4 88%  85 4770 417 31%
c - 34.81  9 16 36 142 36664 2 1122951 16542 2.7 30 11 1 4 88%  85 4770 417 31%
c - 35.32  9 16 36 143 38745 2 1134869 17631 2.6 30 11 1 4 88%  85 4770 417 31%
c u 35.54  9 16 36 143 39517 2 1138983 20058 2.6 30 12 1 4 88%  85 4770 417 31%
c v 35.60  9 16 36 143 39517 2 1138983 18344 2.6 30 12 1 4 88%  85 4770 417 31%
c w 35.63 12 16 36 143 39517 2 1138983 18034 2.6 30 12 1 4 88%  85 4770 417 31%
c x 35.65 10 16 36 143 39517 2 1138983 18034 2.6 30 12 1 4 88%  86 4755 417 31%
c - 35.95 11 16 36 144 40022 2 1146827 16032 2.6 30 12 1 4 88%  86 4755 417 31%
c
c seconds   switched      rate           size/glue  tier1   binary      remaining
c        MB   reductions     conflicts         size   tier2   irredundant
c         level     restarts        redundant     glue   trail      variables
c
c - 36.39 11 17 36 145 40647 2 1158828 18253 2.6 30 11 1 4 88%  86 4755 417 31%
c } 36.76 11 17 37 145 41913 2 1167528 25571 2.5 30 12 1 4 87%  86 4755 417 31%
c [ 36.76 11 17 37 145 41913 1 1167528 25571 1.6 21 14 1 7 90%  86 4755 417 31%
c I 36.76 11 17 37 145 41913 1 1167528 25571 1.6 21 14 1 7 90%  86 4755 417 31%
c - 36.82 11 17 37 146 41915 1 1170871 19295 1.6 21 14 1 7 90%  86 4755 417 31%
c - 37.10 11 17 37 147 41922 1 1182955 17318 1.6 22 14 1 7 90%  86 4755 417 31%
c o 37.21 10 17 37 147 41926 1 1188066 21084 1.6 22 14 1 7 90%  86 4755 417 31%
c - 37.37  9 17 37 148 41927 1 1195081 14068 1.6 22 14 1 7 90%  86 4755 417 31%
c - 37.65  9 17 37 149 41933 1 1207247 13148 1.6 22 14 1 7 90%  86 4755 417 31%
c - 37.91  9 17 37 150 41940 1 1219453 12802 1.6 22 14 1 7 90%  86 4755 417 31%
c - 38.16  9 17 37 151 41942 1 1231701 12828 1.6 22 14 1 7 90%  86 4755 417 31%
c - 38.44  9 17 37 152 41943 1 1243989 12784 1.6 22 14 1 7 90%  86 4755 417 31%
c u 38.66  8 17 37 152 41946 1 1252406 17195 1.6 21 14 1 7 90%  86 4755 417 31%
c v 38.71  8 17 37 152 41946 1 1252406 15702 1.6 21 14 1 7 90%  86 4755 417 31%
c w 38.80 10 17 37 152 41946 1 1252406 12902 1.6 21 14 1 7 90%  86 4755 417 31%
c - 38.95  9 17 37 153 41949 1 1256317 10100 1.6 21 14 1 7 90%  86 4755 417 31%
c - 39.20 10 17 37 154 41956 1 1268686 11537 1.6 21 13 1 7 90%  86 4755 417 31%
c B 39.22  9 17 37 154 41956 1 1269305 11992 1.6 21 13 1 7 90%  86 4755 417 31%
c - 39.53  9 17 37 155 41958 1 1281095 12133 1.6 21 14 1 7 90%  86 4755 417 31%
c - 39.83  9 17 37 156 41965 1 1293544 11732 1.6 21 14 1 7 90%  86 4755 417 31%
c
c seconds   switched      rate           size/glue  tier1   binary      remaining
c        MB   reductions     conflicts         size   tier2   irredundant
c         level     restarts        redundant     glue   trail      variables
c
c - 40.14  9 17 37 157 41972 1 1306035 11634 1.6 21 14 1 7 90%  86 4755 417 31%
c ] 40.29  9 17 38 157 41973 1 1313317 16453 1.6 21 14 1 7 90%  86 4755 417 31%
c { 40.29  9 17 38 157 41973 2 1313317 16453 2.5 30 12 1 4 87%  86 4755 417 31%
c e 40.40  8 17 38 157 42164 2 1318077 19613 2.5 29 12 1 4 88%  85 4766 416 30%
c s 40.40  8 17 38 157 42164 2 1318077 19613 2.5 29 12 1 4 88%  85 4765 416 30%
c - 40.41 10 17 38 158 42257 2 1318564 12204 2.5 29 12 1 4 88%  85 4765 416 30%
c - 40.67 10 17 38 159 42834 2 1331136 14720 2.4 28 12 1 4 85%  85 4765 416 30%
c o 40.84 10 17 38 159 44033 2 1339809 21115 2.3 27 12 1 4 86%  85 4765 416 30%
c - 40.93 10 17 38 160 44335 2 1343746 15061 2.3 27 12 1 4 86%  85 4765 416 30%
c - 41.21 10 17 38 161 44920 2 1356396 16439 2.2 26 12 1 4 84%  85 4765 416 30%
c - 41.52 10 16 38 162 45475 2 1369084 17335 2.2 25 12 1 4 83%  85 4765 416 30%
c u 41.62 10 16 38 162 45785 2 1371826 18797 2.2 25 12 1 4 83%  85 4765 416 30%
c v 41.69 11 16 38 162 45785 2 1371826 17077 2.2 25 12 1 4 83%  85 4765 416 30%
c w 41.75 11 16 38 162 45785 2 1371826 15753 2.2 25 12 1 4 83%  85 4765 416 30%
c - 41.97  9 17 38 163 46990 2 1381811 14371 2.1 25 12 1 4 83%  85 4765 416 30%
c - 42.14 10 16 38 164 47093 2 1394579 17568 2.1 24 11 1 4 78%  85 4765 416 30%
c } 42.17 10 16 39 164 47093 2 1396651 19446 2.1 24 11 1 4 77%  85 4765 416 30%
c [ 42.17 10 17 39 164 47093 1 1396651 19446 1.6 21 14 1 7 90%  85 4765 416 30%
c W 42.18  8 17 39 164 47093 1 1396651 19446 1.6 21 14 1 7 90%  85 4765 416 30%
c - 42.46  9 17 39 165 47099 1 1407385 18308 1.6 21 14 1 7 90%  85 4765 416 30%
c
c seconds   switched      rate           size/glue  tier1   binary      remaining
c        MB   reductions     conflicts         size   tier2   irredundant
c         level     restarts        redundant     glue   trail      variables
c
c - 42.86  9 17 39 166 47106 1 1420232 15837 1.6 21 14 1 7 90%  85 4765 416 30%
c - 43.29  7 16 39 167 47110 1 1433117 15067 1.6 21 13 1 7 89%  85 4765 416 30%
c - 43.61  7 16 39 168 47118 1 1446040 15096 1.6 21 14 1 7 90%  85 4765 416 30%
c ] 43.85  8 16 40 168 47121 1 1453917 20036 1.6 21 14 1 7 90%  85 4765 416 30%
c { 43.85  8 16 40 168 47121 2 1453917 20036 2.1 24 11 1 4 77%  85 4765 416 30%
c - 44.10  9 16 40 169 47861 2 1459002 16522 2.1 24 11 1 4 78%  85 4765 416 30%
c - 44.68  9 16 40 170 49249 2 1472003 18921 2.1 24 12 1 4 79%  85 4765 416 30%
c - 45.32 11 17 40 171 50563 2 1485041 21114 2.1 25 12 1 4 80%  85 4765 416 30%
c u 45.87 12 17 40 171 51192 2 1497240 29750 2.2 25 12 1 4 81%  85 4765 416 30%
c v 45.98 12 17 40 171 51192 2 1497240 27765 2.2 25 12 1 4 81%  85 4765 416 30%
c w 46.03 13 17 40 171 51192 2 1497240 26898 2.2 25 12 1 4 81%  85 4765 416 30%
c = 46.45 15 17 40 171 51192 2 1497240 26898 2.2 25 12 1 4 81%  85 4755 415 30%
c u 46.50 16 17 40 171 51192 2 1497240 26488 2.2 25 12 1 4 81%  85 4755 415 30%
c v 46.56 16 17 40 171 51192 2 1497240 26026 2.2 25 12 1 4 81%  85 4755 415 30%
c w 46.60 16 17 40 171 51192 2 1497240 24867 2.2 25 12 1 4 81%  85 4755 415 30%
c x 46.62 16 17 40 171 51192 2 1497240 24866 2.2 25 12 1 4 81%  85 4751 415 30%
c - 46.67 13 17 40 172 51352 2 1498117 17433 2.2 25 12 1 4 81%  85 4751 415 30%
c o 46.73 13 17 40 172 51357 2 1499907 19135 2.2 25 12 1 4 81%  85 4751 415 30%
c - 47.23 13 17 40 173 52374 2 1511234 20379 2.2 25 12 1 4 80%  85 4751 415 30%
c - 47.74 13 17 40 174 53378 2 1524387 23215 2.1 25 12 1 4 78%  85 4751 415 30%
c
c seconds   switched      rate           size/glue  tier1   binary      remaining
c        MB   reductions     conflicts         size   tier2   irredundant
c         level     restarts        redundant     glue   trail      variables
c
c - 48.32 14 17 40 175 53406 2 1537577 25547 2.2 25 11 1 4 80%  85 4751 415 30%
c } 48.67 14 17 41 175 53724 2 1545391 32650 2.3 26 11 1 4 81%  85 4751 415 30%
c [ 48.67 14 16 41 175 53724 1 1545391 32650 1.6 21 14 1 7 90%  85 4751 415 30%
c O 48.67 14 16 41 175 53724 1 1545391 32650 1.6 21 14 1 7 90%  85 4751 415 30%
c - 48.91 14 17 41 176 53728 1 1550805 25446 1.6 21 14 1 7 90%  85 4751 415 30%
c - 49.52 14 17 41 177 53736 1 1564072 23000 1.6 22 14 1 7 89%  85 4751 415 30%
c - 50.06 14 17 41 178 53738 1 1577376 18695 1.6 22 14 1 7 89%  85 4751 415 30%
c - 50.58 11 17 41 179 53746 1 1590718 16587 1.6 22 14 1 7 90%  85 4751 415 30%
c - 51.02 11 16 41 180 53753 1 1604097 16029 1.6 22 14 1 7 90%  85 4751 415 30%
c - 51.61 11 16 41 181 53754 1 1617514 16369 1.6 21 13 1 7 90%  85 4751 415 30%
c e 51.82 10 16 41 181 53754 1 1623059 19112 1.6 21 13 1 7 90%  85 4769 413 30%
c u 52.07 12 16 41 181 53756 1 1628807 21102 1.6 21 13 1 7 90%  85 4769 413 30%
c v 52.15 13 16 41 181 53756 1 1628807 19042 1.6 21 13 1 7 90%  85 4769 413 30%
c w 52.32 13 16 41 181 53756 1 1628807 15010 1.6 21 13 1 7 90%  85 4769 413 30%
c - 52.39 11 16 41 182 53757 1 1630968 12421 1.6 21 13 1 7 90%  85 4769 413 30%
c ] 52.70 11 16 42 182 53762 1 1640422 17288 1.6 21 13 1 7 90%  85 4769 413 30%
c { 52.70 11 17 42 182 53762 2 1640422 17288 2.3 26 11 1 4 81%  85 4769 413 30%
c - 52.86 11 17 42 183 54479 2 1644458 14771 2.2 26 11 1 4 81%  85 4769 413 30%
c - 53.40 13 17 42 184 56589 2 1657985 17851 2.2 26 12 1 4 81%  85 4769 413 30%
c - 54.03 14 17 42 185 57049 2 1671549 20442 2.3 27 12 1 4 82%  85 4769 413 30%
c
c seconds   switched      rate           size/glue  tier1   binary      remaining
c        MB   reductions     conflicts         size   tier2   irredundant
c         level     restarts        redundant     glue   trail      variables
c
c o 54.43 13 17 42 185 57054 2 1683969 32348 2.5 28 11 1 4 84%  85 4769 413 30%
c - 54.50 14 17 42 186 57183 2 1685150 22275 2.5 28 11 1 4 84%  85 4769 413 30%
c - 55.20 14 18 42 187 58803 2 1698788 23096 2.4 28 12 1 4 83%  85 4769 413 30%
c - 55.90 14 18 42 188 59791 2 1712464 24505 2.4 28 12 1 4 83%  85 4769 413 30%
c - 56.64 15 18 42 189 61040 2 1726175 25785 2.4 28 12 1 4 83%  85 4769 413 30%
c - 57.38 14 18 42 190 61340 2 1739923 28045 2.4 28 12 1 4 82%  85 4769 413 30%
c } 57.41 14 18 43 190 61340 2 1740395 28498 2.4 28 12 1 4 82%  85 4769 413 30%
c [ 57.41 14 16 43 190 61340 1 1740395 28498 1.6 21 13 1 7 90%  85 4769 413 30%
c B 57.41 14 16 43 190 61340 1 1740395 28498 1.6 21 13 1 7 90%  85 4769 413 30%
c - 57.84 14 16 43 191 61347 1 1753707 25195 1.6 21 13 1 7 90%  85 4769 413 30%
c u 58.32 15 16 43 191 61354 1 1766456 31332 1.6 21 13 1 7 90%  85 4769 413 30%
c v 58.51 16 16 43 191 61354 1 1766456 29242 1.6 21 13 1 7 90%  85 4769 413 30%
c w 58.59 16 16 43 191 61354 1 1766456 25393 1.6 21 13 1 7 90%  85 4769 413 30%
c - 58.63 11 16 43 192 61354 1 1767528 15721 1.6 21 13 1 7 90%  85 4769 413 30%
c - 58.97 11 16 43 193 61360 1 1781386 15141 1.6 21 13 1 7 90%  85 4769 413 30%
c - 59.33 11 16 43 194 61368 1 1795278 15003 1.6 21 13 1 7 90%  85 4769 413 30%
c - 59.69 11 16 43 195 61370 1 1809206 15408 1.6 21 13 1 7 90%  85 4769 413 30%
c - 60.01 11 16 43 196 61371 1 1823170 16044 1.6 21 13 1 7 89%  85 4769 413 30%
c - 60.37 11 16 43 197 61380 1 1837170 15456 1.6 21 13 1 7 89%  85 4769 413 30%
c - 60.72 11 16 43 198 61385 1 1851206 16069 1.6 21 13 1 7 89%  85 4769 413 30%
c
c seconds   switched      rate           size/glue  tier1   binary      remaining
c        MB   reductions     conflicts         size   tier2   irredundant
c         level     restarts        redundant     glue   trail      variables
c
c - 61.07 11 16 43 199 61392 1 1865277 16111 1.6 21 13 1 7 90%  85 4769 413 30%
c W 61.15 10 16 43 199 61393 1 1867865 17840 1.6 21 13 1 7 90%  85 4769 413 30%
c o 61.15 10 16 43 199 61393 1 1867865 17840 1.6 21 13 1 7 90%  85 4769 413 30%
c - 61.42 11 16 43 200 61399 1 1879385 16521 1.6 21 13 1 7 89%  85 4769 413 30%
c - 61.84 11 16 43 201 61401 1 1893528 17961 1.6 21 13 1 7 89%  85 4769 413 30%
c - 62.27 11 16 43 202 61402 1 1907706 18893 1.6 21 13 1 7 88%  85 4769 413 30%
c u 62.38 11 16 43 202 61402 1 1910264 20335 1.6 21 13 1 7 88%  85 4769 413 30%
c v 62.46 11 16 43 202 61402 1 1910264 18017 1.6 21 13 1 7 88%  85 4769 413 30%
c w 62.51 11 16 43 202 61402 1 1910264 17475 1.6 21 13 1 7 88%  85 4769 413 30%
c ] 63.21 12 17 44 202 61402 1 1919419 25244 1.6 22 13 1 7 88%  85 4769 413 30%
c { 63.21 12 18 44 202 61402 2 1919419 25244 2.4 28 12 1 4 82%  85 4769 413 30%
c - 63.34 12 18 44 203 61921 2 1921918 17977 2.4 28 12 1 4 82%  85 4769 413 30%
c - 63.86 13 18 44 204 62455 2 1936166 20964 2.5 29 12 1 4 83%  85 4769 413 30%
c - 64.51 13 18 44 205 63308 2 1950448 23422 2.6 30 12 1 4 84%  85 4769 413 30%
c - 65.19 13 18 44 206 64450 2 1964766 25765 2.5 29 12 1 4 82%  85 4769 413 30%
c - 65.61 13 18 44 207 64500 2 1979118 27020 2.4 28 11 1 4 81%  85 4769 413 30%
c - 66.18 13 17 44 208 65854 2 1993506 26679 2.4 27 11 1 4 80%  85 4769 413 30%
c - 66.91 13 18 44 209 67734 2 2007928 27406 2.3 27 12 1 4 82%  85 4769 413 30%
c - 67.66 13 18 44 210 69816 2 2022384 27914 2.3 27 12 1 4 82%  85 4769 413 30%
c } 67.99 13 18 45 210 69816 2 2028251 33460 2.3 28 12 1 4 82%  85 4769 413 30%
c
c seconds   switched      rate           size/glue  tier1   binary      remaining
c        MB   reductions     conflicts         size   tier2   irredundant
c         level     restarts        redundant     glue   trail      variables
c
c [ 67.99 13 17 45 210 69816 1 2028251 33460 1.6 22 13 1 7 88%  85 4769 413 30%
c I 67.99 13 17 45 210 69816 1 2028251 33460 1.6 22 13 1 7 88%  85 4769 413 30%
c - 68.21 13 17 45 211 69822 1 2036875 27656 1.6 22 13 1 7 88%  85 4769 413 30%
c - 68.64 13 17 45 212 69829 1 2051400 24159 1.6 22 13 1 7 88%  85 4769 413 30%
c u 68.97 13 17 45 212 69830 1 2060330 28723 1.6 22 14 1 7 88%  85 4769 413 30%
c v 69.15 13 17 45 212 69830 1 2060330 24886 1.6 22 14 1 7 88%  85 4769 413 30%
c w 69.25 13 17 45 212 69830 1 2060330 22922 1.6 22 14 1 7 88%  85 4769 413 30%
c o 69.25 13 17 45 212 69830 1 2060330 22922 1.6 22 14 1 7 88%  85 4769 413 30%
c - 69.39 10 17 45 213 69834 1 2065961 16150 1.6 22 14 1 7 88%  85 4769 413 30%
c - 69.77 10 17 45 214 69843 1 2080555 16311 1.6 22 13 1 7 89%  85 4769 413 30%
c - 70.24 10 17 45 215 69846 1 2095183 15762 1.6 22 13 1 7 89%  85 4769 413 30%
c - 70.65 10 16 45 216 69846 1 2109845 16220 1.6 21 13 1 7 89%  85 4769 413 30%
c - 71.10 12 16 45 217 69855 1 2124542 17388 1.6 21 13 1 7 89%  85 4769 413 30%
c - 71.56 12 16 45 218 69861 1 2139272 17742 1.6 21 13 1 7 88%  85 4769 413 30%
c - 71.98 12 16 45 219 69868 1 2154037 18292 1.6 21 13 1 7 88%  85 4769 413 30%
c - 72.45 12 16 45 220 69876 1 2168835 18641 1.6 21 13 1 7 88%  85 4769 413 30%
c B 72.47 12 16 45 220 69876 1 2169398 19086 1.6 21 13 1 7 88%  85 4769 413 30%
c - 72.94 12 16 45 221 69877 1 2183668 19873 1.6 21 13 1 7 88%  85 4769 413 30%
c ] 73.40 12 16 46 221 69878 1 2197344 28644 1.7 21 13 1 7 88%  85 4769 413 30%
c { 73.40 12 18 46 221 69878 2 2197344 28644 2.3 28 12 1 4 82%  85 4769 413 30%
c
c seconds   switched      rate           size/glue  tier1   binary      remaining
c        MB   reductions     conflicts         size   tier2   irredundant
c         level     restarts        redundant     glue   trail      variables
c
c - 73.46 12 18 46 222 70090 2 2198535 18888 2.3 28 12 1 4 82%  85 4769 413 30%
c - 74.14 12 18 46 223 71054 2 2213434 23339 2.4 28 12 1 4 83%  85 4769 413 30%
c u 74.33 12 18 46 223 71054 2 2216684 25265 2.4 28 12 1 4 83%  85 4769 413 30%
c v 74.42 12 18 46 223 71054 2 2216684 23897 2.4 28 12 1 4 83%  85 4769 413 30%
c w 74.47 12 18 46 223 71054 2 2216684 23541 2.4 28 12 1 4 83%  85 4769 413 30%
c x 74.49 12 18 46 223 71054 2 2216684 23540 2.4 28 12 1 4 83%  85 4766 413 30%
c - 75.02 13 18 46 224 72127 2 2228368 24003 2.4 28 12 1 4 83%  85 4766 413 30%
c - 75.71 13 18 46 225 73438 2 2243335 25014 2.4 28 12 1 4 83%  85 4766 413 30%
c - 76.55 13 18 46 226 73509 2 2258335 27883 2.4 28 12 1 4 82%  85 4766 413 30%
c o 76.67 13 18 46 226 73614 2 2260670 30068 2.4 28 12 1 4 83%  85 4766 413 30%
c - 77.31 14 18 46 227 74245 2 2273369 30357 2.5 28 12 1 4 83%  85 4766 413 30%
c - 78.20 14 18 46 228 75315 2 2288435 31145 2.4 28 12 1 4 82%  85 4766 413 30%
c - 79.08 11 18 46 229 77218 2 2303534 31105 2.3 27 12 1 4 82%  85 4766 413 30%
c } 79.70 13 18 47 229 77662 2 2315388 41904 2.3 27 12 1 4 82%  85 4766 413 30%
c [ 79.70 13 16 47 229 77662 1 2315388 41904 1.7 21 13 1 7 88%  85 4766 413 30%
c W 79.82 13 16 47 229 77664 1 2317587 43920 1.7 21 13 1 7 88%  85 4766 413 30%
c - 79.87 13 16 47 230 77664 1 2318666 31561 1.7 21 13 1 7 88%  85 4766 413 30%
c - 80.29 13 16 47 231 77673 1 2333832 27874 1.7 21 13 1 7 88%  85 4766 413 30%
c - 80.74 13 16 47 232 77677 1 2349030 22697 1.7 21 13 1 7 88%  85 4766 413 30%
c - 81.27 13 16 47 233 77686 1 2364262 21261 1.7 21 13 1 7 89%  85 4766 413 30%
c
c seconds   switched      rate           size/glue  tier1   binary      remaining
c        MB   reductions     conflicts         size   tier2   irredundant
c         level     restarts        redundant     glue   trail      variables
c
c u 81.95 13 16 47 233 77691 1 2379376 30760 1.7 22 13 1 7 88%  85 4766 413 30%
c v 82.13 13 16 47 233 77691 1 2379376 28276 1.7 22 13 1 7 88%  85 4766 413 30%
c w 82.36 18 16 47 233 77691 1 2379376 23800 1.7 22 13 1 7 88%  85 4766 413 30%
c - 82.37 14 16 47 234 77691 1 2379526 16631 1.7 22 13 1 7 88%  85 4766 413 30%
c - 82.79 15 16 47 235 77692 1 2394824 18903 1.7 22 13 1 7 88%  85 4766 413 30%
c - 83.25 15 16 47 236 77700 1 2410153 18965 1.7 22 13 1 7 88%  85 4766 413 30%
c - 83.79 15 17 47 237 77707 1 2425516 18810 1.7 22 13 1 7 89%  85 4766 413 30%
c - 84.22 15 17 47 238 77714 1 2440911 19039 1.7 22 13 1 7 89%  85 4766 413 30%
c - 84.64 15 17 47 239 77722 1 2456341 18772 1.7 23 14 1 7 89%  85 4766 413 30%
c - 85.06 15 17 47 240 77723 1 2471801 18934 1.7 23 14 1 7 89%  85 4766 413 30%
c O 85.09 14 17 47 240 77723 1 2472948 19728 1.7 23 14 1 7 89%  85 4766 413 30%
c o 85.09 14 17 47 240 77723 1 2472948 19728 1.7 23 14 1 7 89%  85 4766 413 30%
c - 85.56 14 17 47 241 77724 1 2487293 19287 1.7 23 14 1 7 89%  85 4766 413 30%
c - 86.15 15 17 47 242 77724 1 2502817 18818 1.7 22 13 1 7 89%  85 4766 413 30%
c - 86.75 15 16 47 243 77729 1 2518373 18706 1.7 22 13 1 7 89%  85 4766 413 30%
c ] 87.23 14 16 48 243 77736 1 2530636 25750 1.7 22 13 1 7 89%  85 4766 413 30%
c { 87.23 14 18 48 243 77736 2 2530636 25750 2.3 27 12 1 4 82%  85 4766 413 30%
c - 87.40 15 18 48 244 78140 2 2533962 20742 2.3 27 12 1 4 81%  85 4766 413 30%
c u 88.31 16 19 48 244 80426 2 2548425 31842 2.2 27 12 1 4 82%  85 4766 413 30%
c v 88.46 16 19 48 244 80426 2 2548425 29634 2.2 27 12 1 4 82%  85 4766 413 30%
c
c seconds   switched      rate           size/glue  tier1   binary      remaining
c        MB   reductions     conflicts         size   tier2   irredundant
c         level     restarts        redundant     glue   trail      variables
c
c w 88.55 17 19 48 244 80426 2 2548425 29474 2.2 27 12 1 4 82%  85 4766 413 30%
c - 88.61 15 19 48 245 80683 2 2549583 20595 2.2 27 12 1 4 82%  85 4766 413 30%
c - 89.43 15 19 48 246 81098 2 2565235 23597 2.4 29 12 1 4 83%  86 4766 413 30%
c - 90.29 16 18 48 247 81752 2 2580919 26051 2.5 30 12 1 4 85%  86 4766 413 30%
c - 91.02 16 18 48 248 81870 2 2596635 29936 2.7 30 11 1 3 85%  86 4766 413 30%
c - 91.69 17 17 48 249 81871 1 2612384 32623 2.9 31 11 1 3 87%  86 4766 413 30%
c - 92.61 18 18 48 250 84285 2 2628163 30930 2.7 31 11 1 3 86%  86 4766 413 30%
c - 93.44 17 17 48 251 84309 2 2643975 29728 2.9 32 11 1 3 88%  86 4766 413 30%
c } 94.21 17 17 49 251 85349 2 2658246 42903 2.9 32 11 1 3 88%  86 4766 413 30%
c [ 94.21 17 16 49 251 85349 1 2658246 42903 1.7 22 13 1 7 89%  86 4766 413 30%
c B 94.21 17 16 49 251 85349 1 2658246 42903 1.7 22 13 1 7 89%  86 4766 413 30%
c - 94.29 17 16 49 252 85350 1 2659818 30654 1.7 22 13 1 7 89%  86 4766 413 30%
c - 94.91 17 17 49 253 85360 1 2675692 29887 1.8 24 13 1 7 90%  86 4766 413 30%
c - 95.41 14 17 49 254 85364 1 2691597 25289 1.8 24 13 1 7 90%  86 4766 413 30%
c o 95.57 13 17 49 254 85369 1 2697254 29746 1.8 24 13 1 7 90%  86 4766 413 30%
c - 95.98 15 17 49 255 85373 1 2707534 22979 1.8 24 13 1 7 89%  86 4766 413 30%
c - 96.49 15 17 49 256 85378 1 2723502 22645 1.8 24 13 1 7 88%  86 4766 413 30%
c u 96.59 15 17 49 256 85378 1 2723895 21590 1.8 24 13 1 7 88%  86 4766 413 30%
c v 96.71 15 17 49 256 85378 1 2723895 19222 1.8 24 13 1 7 88%  86 4766 413 30%
c w 96.78 15 17 49 256 85378 1 2723895 18268 1.8 24 13 1 7 88%  86 4766 413 30%
c
c seconds   switched      rate           size/glue  tier1   binary      remaining
c        MB   reductions     conflicts         size   tier2   irredundant
c         level     restarts        redundant     glue   trail      variables
c
c t 96.99 15 17 49 256 85378 1 2723895 18268 1.8 24 13 1 7 88%  85 4766 413 30%
c - 97.46 15 17 49 257 85379 1 2739502 18738 1.8 23 13 1 7 88%  85 4766 413 30%
c - 98.07 15 17 49 258 85389 1 2755533 18826 1.7 23 13 1 7 88%  85 4766 413 30%
c - 98.63 14 17 49 259 85394 1 2771595 19052 1.7 23 13 1 7 89%  85 4766 413 30%
c - 99.27 15 17 49 260 85404 1 2787690 19389 1.7 22 13 1 7 89%  85 4766 413 30%
c - 99.92 15 16 49 261 85409 1 2803815 19141 1.7 22 13 1 7 89%  85 4766 413 30%
c - 100.59 15 16 49 262 85410 1 2819970 20047 1.7 22 13 1 7 89%  85 4766 413 30%
c ] 100.82 14 16 50 262 85411 1 2826064 23947 1.7 22 13 1 7 89%  85 4766 413 30%
c { 100.82 14 17 50 262 85411 2 2826064 23947 2.9 32 11 1 3 88%  85 4766 413 30%
c - 101.37 15 17 50 263 86370 2 2836157 22464 2.9 32 11 1 3 88%  85 4766 413 30%
c - 102.34 15 17 50 264 88050 1 2852375 24688 2.8 31 11 1 3 88%  85 4766 413 30%
c - 103.23 15 16 50 265 89217 1 2868624 26689 2.7 30 11 1 3 88%  86 4766 413 30%
c - 104.21 16 16 50 266 89783 1 2884903 29821 2.7 29 11 1 3 87%  86 4766 413 30%
c - 105.16 17 16 50 267 90769 1 2901212 31079 2.7 30 11 1 3 87%  86 4766 413 30%
c u 105.54 17 16 50 267 90787 1 2905818 33479 2.8 30 11 1 3 87%  86 4766 413 30%
c v 105.71 17 16 50 267 90787 1 2905818 31027 2.8 30 11 1 3 87%  86 4766 413 30%
c w 105.95 18 16 50 267 90787 1 2905818 30210 2.8 30 11 1 3 87%  86 4766 413 30%
c - 106.59 16 16 50 268 91281 1 2917552 27826 2.8 30 11 1 3 88%  86 4766 413 30%
c o 107.04 16 15 50 268 91328 1 2928806 37234 2.9 31 11 1 3 88%  86 4766 413 30%
c - 107.30 16 15 50 269 91602 1 2933922 29205 2.8 30 11 1 3 87%  86 4766 413 30%
c
c seconds    switched      rate           size/glue  tier1   binary      remaining
c         MB   reductions     conflicts         size   tier2   irredundant
c          level     restarts        redundant     glue   trail      variables
c
c - 108.18 17 15 50 270 92531 1 2950323 30942 2.8 29 11 1 3 86%  86 4766 413 30%
c } 108.97 17 15 51 270 93697 1 2963589 41505 2.7 29 11 1 3 86%  86 4766 413 30%
c [ 108.97 17 16 51 270 93697 1 2963589 41505 1.7 22 13 1 7 89%  86 4766 413 30%
c W 109.02 14 16 51 270 93697 1 2963589 41505 1.7 22 13 1 7 89%  86 4766 413 30%
c - 109.13 14 16 51 271 93699 1 2966754 31949 1.7 22 13 1 7 90%  86 4766 413 30%
c - 109.72 11 16 51 272 93709 1 2983216 29520 1.7 23 13 1 7 90%  86 4766 413 30%
c - 110.30 13 17 51 273 93714 1 2999708 24180 1.8 23 13 1 7 90%  86 4766 413 30%
c - 110.83 13 17 51 274 93724 1 3016233 23023 1.8 24 14 1 7 90%  86 4766 413 30%
c - 111.33 13 17 51 275 93727 1 3032786 22526 1.8 24 14 1 7 90%  86 4766 413 30%
c - 111.82 13 17 51 276 93730 1 3049369 22002 1.8 24 14 1 7 90%  86 4766 413 30%
c - 112.33 13 17 51 277 93740 1 3065983 21507 1.8 24 14 1 7 90%  86 4766 413 30%
c - 112.80 13 17 51 278 93746 1 3082626 21757 1.8 24 14 1 7 90%  86 4766 413 30%
c u 113.21 15 17 51 278 93752 1 3094255 29668 1.8 24 14 1 7 90%  86 4766 413 30%
c v 113.32 15 17 51 278 93752 1 3094255 27901 1.8 24 14 1 7 90%  86 4766 413 30%
c w 113.55 16 17 51 278 93752 1 3094255 24963 1.8 24 14 1 7 90%  86 4766 413 30%
c - 113.70 16 17 51 279 93756 1 3099300 18839 1.8 24 14 1 7 90%  86 4766 413 30%
c - 114.20 16 17 51 280 93758 1 3116003 19508 1.7 24 14 1 7 90%  86 4766 413 30%
c - 114.75 16 17 51 281 93759 1 3132737 19704 1.7 24 14 1 7 90%  86 4766 413 30%
c I 114.99 16 17 51 281 93759 1 3141243 25164 1.7 24 14 1 7 90%  86 4766 413 30%
c - 115.20 16 17 51 282 93759 1 3149501 19897 1.7 24 14 1 7 90%  86 4766 413 30%
c
c seconds    switched      rate           size/glue  tier1   binary      remaining
c         MB   reductions     conflicts         size   tier2   irredundant
c          level     restarts        redundant     glue   trail      variables
c
c - 115.68 16 17 51 283 93764 1 3166295 19981 1.7 24 14 1 7 90%  86 4766 413 30%
c - 116.15 16 17 51 284 93773 1 3183118 19421 1.7 23 14 1 7 90%  86 4766 413 30%
c - 116.65 16 17 51 285 93780 1 3199970 20120 1.7 23 14 1 7 90%  86 4766 413 30%
c o 117.01 16 17 51 285 93787 1 3211758 28285 1.7 23 14 1 7 90%  86 4766 413 30%
c - 117.21 16 17 51 286 93788 1 3216851 20709 1.7 23 14 1 7 90%  86 4766 413 30%
c - 117.78 16 16 51 287 93790 1 3233763 20911 1.7 22 13 1 7 90%  86 4766 413 30%
c ] 118.13 16 16 52 287 93793 1 3244732 28021 1.7 22 13 1 7 90%  86 4766 413 30%
c { 118.13 16 15 52 287 93793 1 3244732 28021 2.7 29 11 1 3 86%  86 4766 413 30%
c - 118.42 16 16 52 288 94936 1 3250705 22114 2.7 29 11 1 3 87%  86 4766 413 30%
c - 119.29 16 16 52 289 98433 2 3267675 24712 2.5 29 12 1 3 87%  86 4766 413 30%
c - 120.17 16 17 52 290 101140 2 3284675 26465 2.4 29 12 1 3 87%  86 4766 413 30%
c u 120.48 16 17 52 290 101550 2 3289211 29941 2.3 28 12 1 3 87%  86 4766 413 30%
c v 120.58 16 17 52 290 101550 2 3289211 28646 2.3 28 12 1 3 87%  86 4766 413 30%
c w 120.64 16 17 52 290 101550 2 3289211 28502 2.3 28 12 1 3 87%  86 4766 413 30%
c x 120.66 16 17 52 290 101550 2 3289211 28498 2.3 28 12 1 3 87%  86 4748 413 30%
c - 121.27 16 17 52 291 101847 2 3301705 28038 2.4 29 12 1 3 86%  86 4748 413 30%
c - 122.00 16 17 52 292 102398 2 3318765 28774 2.3 28 12 1 3 86%  86 4748 413 30%
c - 122.84 16 17 52 293 102822 2 3335855 29273 2.3 27 12 1 3 87%  86 4748 413 30%
c - 123.72 16 17 52 294 103595 2 3352973 31448 2.4 28 12 1 3 87%  86 4748 413 30%
c - 124.70 17 17 52 295 104736 2 3370120 32593 2.4 28 12 1 3 87%  86 4748 413 30%
c
c seconds    switched       rate           size/glue  tier1   binary      remaining
c         MB   reductions      conflicts         size   tier2   irredundant
c          level      restarts        redundant     glue   trail      variables
c
c - 125.60 17 17 52 296 105719 2 3387295 32744 2.4 28 12 1 3 88%  86 4748 413 30%
c } 125.83 17 17 53 296 105961 2 3392519 36975 2.4 28 12 1 3 88%  86 4748 413 30%
c [ 125.83 17 16 53 296 105961 1 3392519 36975 1.7 22 13 1 7 90%  86 4748 413 30%
c B 125.83 17 16 53 296 105961 1 3392519 36975 1.7 22 13 1 7 90%  86 4748 413 30%
c - 126.33 17 16 53 297 105967 1 3404499 31440 1.7 22 13 1 7 90%  86 4748 413 30%
c - 127.08 14 16 53 298 105975 1 3421732 27022 1.7 22 13 1 7 90%  86 4748 413 30%
c - 127.82 15 16 53 299 105984 1 3438994 24916 1.7 22 13 1 7 90%  86 4748 413 30%
c - 128.51 15 16 53 300 105990 1 3456285 24320 1.6 22 13 1 7 89%  86 4748 413 30%
c - 129.21 15 16 53 301 105991 1 3473606 24217 1.7 21 13 1 7 90%  86 4748 413 30%
c o 129.43 15 16 53 301 105995 1 3478707 27949 1.7 21 13 1 7 90%  86 4748 413 30%
c u 130.04 15 15 53 301 106001 1 3490869 33450 1.7 21 13 1 7 90%  86 4748 413 30%
c v 130.18 15 15 53 301 106001 1 3490869 31421 1.7 21 13 1 7 90%  86 4748 413 30%
c w 130.47 20 15 53 301 106001 1 3490869 26167 1.7 21 13 1 7 90%  86 4748 413 30%
c - 130.47 17 15 53 302 106001 1 3490955 20332 1.7 21 13 1 7 90%  86 4748 413 30%
c e 130.57 16 16 53 302 106004 1 3493683 22167 1.7 21 13 1 7 90%  86 4762 412 30%
c s 130.57 16 16 53 302 106004 1 3493683 22167 1.7 21 13 1 7 90%  86 4757 412 30%
c - 131.09 17 16 53 303 106007 1 3508334 21656 1.7 21 13 1 7 90%  86 4757 412 30%
c - 131.60 18 15 53 304 106018 1 3525741 20979 1.7 21 13 1 7 90%  86 4757 412 30%
c - 132.18 18 15 53 305 106022 1 3543177 21512 1.7 21 13 1 7 89%  86 4757 412 30%
c - 132.82 17 15 53 306 106023 1 3560642 22328 1.7 21 13 1 7 89%  86 4757 412 30%
c
c seconds    switched       rate           size/glue  tier1   binary      remaining
c         MB   reductions      conflicts         size   tier2   irredundant
c          level      restarts        redundant     glue   trail      variables
c
c ] 133.34 18 15 54 306 106023 1 3575955 31014 1.7 21 13 1 7 90%  86 4757 412 30%
c { 133.34 18 17 54 306 106023 2 3575955 31014 2.4 28 12 1 3 88%  86 4757 412 30%
c - 133.39 18 17 54 307 106293 2 3578134 22419 2.3 28 12 1 3 88%  86 4757 412 30%
c - 133.94 18 17 54 308 107368 2 3595656 25273 2.3 27 12 1 3 87%  86 4757 412 30%
c - 134.39 17 17 54 309 108177 2 3613205 26276 2.2 26 12 1 3 86%  86 4757 412 30%
c - 134.82 18 17 54 310 108837 1 3630783 27006 2.2 25 12 1 3 84%  86 4757 412 30%
c - 135.28 18 16 54 311 109739 1 3648389 26127 2.1 24 12 1 3 85%  86 4757 412 30%
c - 135.79 18 16 54 312 110516 1 3666025 23934 2.0 24 12 1 3 85%  86 4757 412 30%
c - 136.31 18 16 54 313 111536 1 3683688 25136 2.0 24 12 1 3 86%  86 4757 412 30%
c u 136.89 19 16 54 313 111765 1 3699116 34472 1.9 23 12 1 3 87%  86 4757 412 30%
c v 137.01 19 16 54 313 111765 1 3699116 32299 1.9 23 12 1 3 87%  86 4757 412 30%
c w 137.13 20 16 54 313 111765 1 3699116 25566 1.9 23 12 1 3 87%  86 4757 412 30%
c - 137.23 17 16 54 314 111805 1 3701379 21245 2.0 23 12 1 3 87%  86 4757 412 30%
c - 137.70 18 16 54 315 112953 1 3719099 22753 1.9 23 12 1 4 87%  86 4757 412 30%
c } 138.07 18 16 55 315 113939 1 3734350 34364 1.9 22 12 1 4 87%  86 4757 412 30%
c [ 138.07 18 15 55 315 113939 1 3734350 34364 1.7 21 13 1 7 90%  86 4757 412 30%
c W 138.09 15 15 55 315 113939 1 3734350 34364 1.7 21 13 1 7 90%  86 4757 412 30%
c - 138.19 15 15 55 316 113941 1 3736848 23568 1.7 21 13 1 7 90%  86 4757 412 30%
c o 138.68 15 15 55 316 113948 1 3748719 29647 1.6 20 13 1 7 89%  86 4757 412 30%
c - 138.91 15 15 55 317 113951 1 3754624 23049 1.6 20 13 1 7 89%  86 4757 412 30%
c
c seconds    switched       rate           size/glue  tier1   binary      remaining
c         MB   reductions      conflicts         size   tier2   irredundant
c          level      restarts        redundant     glue   trail      variables
c
c - 139.48 15 15 55 318 113958 1 3772428 22318 1.6 21 13 1 7 89%  86 4757 412 30%
c - 140.02 15 15 55 319 113967 1 3790261 21267 1.6 21 13 1 7 90%  86 4757 412 30%
c - 140.58 15 15 55 320 113969 1 3808123 21243 1.6 20 13 1 7 90%  86 4757 412 30%
c - 141.20 15 15 55 321 113976 1 3826012 21622 1.6 20 13 1 7 90%  86 4757 412 30%
c - 141.81 15 15 55 322 113984 1 3843929 21158 1.6 20 13 1 7 90%  86 4757 412 30%
c ] 142.29 15 15 56 322 113991 1 3858484 30146 1.6 20 13 1 7 90%  86 4757 412 30%
c { 142.29 15 16 56 322 113991 1 3858484 30146 1.9 22 12 1 4 87%  86 4757 412 30%
c - 142.41 15 16 56 323 114022 1 3861874 22174 1.9 22 12 1 4 87%  86 4757 412 30%
c - 143.43 16 15 56 324 114150 1 3879846 30827 2.1 24 11 1 4 87%  86 4757 412 30%
c - 144.45 17 15 56 325 114150 1 3897847 37393 2.2 24 11 1 4 88%  86 4757 412 30%
c u 145.50 17 15 56 325 115683 1 3913955 48260 2.2 24 11 1 3 89%  87 4757 412 30%
c v 145.72 22 15 56 325 115683 1 3913955 46506 2.2 24 11 1 3 89%  87 4757 412 30%
c w 145.84 24 15 56 325 115683 1 3913955 45722 2.2 24 11 1 3 89%  87 4757 412 30%
c - 146.92 20 15 56 326 115994 1 3915876 33116 2.2 24 11 1 3 89%  87 4757 412 30%
c - 147.97 20 16 56 327 118694 2 3933933 29935 2.1 25 12 1 3 89%  87 4757 412 30%
c - 148.99 20 16 56 328 119899 2 3952017 30651 2.2 25 12 1 3 88%  87 4757 412 30%
c - 149.92 20 16 56 329 119903 1 3970127 34369 2.4 27 11 1 3 89%  87 4757 412 30%
c - 150.34 21 16 56 330 119952 1 3988266 37979 2.4 26 11 1 3 81%  87 4757 412 30%
c s 150.69 20 15 56 330 119952 1 4005971 52621 2.4 24 10 1 3 74%  87 4747 412 30%
c - 150.73 20 15 56 331 120015 1 4006431 39294 2.4 24 10 1 3 74%  87 4747 412 30%
c
c seconds    switched       rate           size/glue  tier1   binary      remaining
c         MB   reductions      conflicts         size   tier2   irredundant
c          level      restarts        redundant     glue   trail      variables
c
c o 151.48 20 16 56 331 121840 2 4018756 49767 2.3 25 11 1 3 76%  87 4747 412 30%
c - 151.80 21 16 56 332 122368 2 4024624 38954 2.3 25 11 1 3 77%  87 4747 412 30%
c } 151.98 20 16 57 332 122892 2 4027827 41665 2.3 25 11 1 3 77%  87 4747 412 30%
c [ 151.98 20 15 57 332 122892 1 4027827 41665 1.6 20 13 1 7 90%  87 4747 412 30%
c O 151.98 20 15 57 332 122892 1 4027827 41665 1.6 20 13 1 7 90%  87 4747 412 30%
c - 152.64 21 15 57 333 122901 1 4042846 33550 1.6 20 13 1 7 90%  87 4747 412 30%
c - 153.40 17 15 57 334 122907 1 4061094 28146 1.6 20 12 1 6 90%  87 4747 412 30%
c - 154.11 18 15 57 335 122919 1 4079370 25408 1.7 20 12 1 6 90%  87 4747 412 30%
c - 154.81 18 15 57 336 122922 1 4097674 25057 1.7 21 12 1 6 90%  87 4747 412 30%
c - 155.53 18 15 57 337 122927 1 4116004 24960 1.7 21 12 1 6 90%  87 4747 412 30%
c - 156.28 17 14 57 338 122936 1 4134362 24489 1.7 20 12 1 6 90%  87 4747 412 30%
c u 156.44 18 14 57 338 122937 1 4135471 23061 1.7 20 12 1 6 90%  87 4747 412 30%
c v 156.53 18 14 57 338 122937 1 4135471 20827 1.7 20 12 1 6 90%  87 4747 412 30%
c w 156.61 18 14 57 338 122937 1 4135471 19744 1.7 20 12 1 6 90%  87 4747 412 30%
c - 157.22 17 14 57 339 122944 1 4152746 21115 1.7 20 12 1 6 90%  87 4747 412 30%
c - 157.94 18 14 57 340 122952 1 4171158 22497 1.7 20 12 1 6 90%  87 4747 412 30%
c - 158.80 18 14 57 341 122953 1 4189597 22645 1.7 20 12 1 6 90%  87 4747 412 30%
c - 159.67 17 14 57 342 122954 1 4208064 23379 1.7 20 12 1 6 89%  87 4747 412 30%
c ] 159.92 17 14 58 342 122954 1 4213874 26745 1.7 20 12 1 6 89%  87 4747 412 30%
c { 159.92 17 16 58 342 122954 2 4213874 26745 2.3 25 11 1 3 77%  87 4747 412 30%
c
c seconds    switched       rate           size/glue  tier1   binary      remaining
c         MB   reductions      conflicts         size   tier2   irredundant
c          level      restarts        redundant     glue   trail      variables
c
c - 160.58 18 16 58 343 124278 2 4226558 26655 2.3 26 11 1 3 78%  87 4747 412 30%
c - 161.53 19 16 58 344 124566 2 4245078 31300 2.4 27 11 1 3 80%  88 4747 412 30%
c - 162.55 19 17 58 345 126687 2 4263625 32569 2.3 27 11 1 3 81%  88 4747 412 30%
c - 163.67 19 17 58 346 127946 2 4282200 32949 2.3 27 12 1 3 82%  88 4747 412 30%
c o 164.68 20 18 58 346 129558 2 4299084 47409 2.3 27 12 1 3 82%  88 4747 412 30%
c - 164.78 20 18 58 347 129853 2 4300801 33601 2.3 27 12 1 3 82%  88 4747 412 30%
c - 165.71 20 18 58 348 130933 2 4319428 34767 2.3 28 12 1 3 83%  88 4747 412 30%
c - 166.57 20 18 58 349 131598 2 4338083 34768 2.3 27 12 1 3 84%  88 4747 412 30%
c - 167.66 20 18 58 350 132185 2 4356765 38563 2.5 29 11 1 3 85%  88 4747 412 30%
c u 168.22 21 17 58 350 132185 2 4363778 42705 2.7 30 11 1 3 86%  88 4747 412 30%
c v 168.58 22 17 58 350 132185 2 4363778 39457 2.7 30 11 1 3 86%  88 4747 412 30%
c w 168.73 23 17 58 350 132185 2 4363778 39151 2.7 30 11 1 3 86%  88 4747 412 30%
c t 168.73 23 17 58 350 132185 2 4363778 39151 2.7 30 11 1 3 86%  86 4747 412 30%
c - 169.42 21 18 58 351 133473 2 4375474 35185 2.6 30 11 1 3 86%  86 4747 412 30%
c - 170.53 20 18 58 352 134805 2 4394209 34283 2.5 29 12 1 3 86%  86 4747 412 30%
c } 170.54 19 18 59 352 134805 2 4394505 34479 2.5 29 12 1 3 86%  86 4747 412 30%
c [ 170.54 19 14 59 352 134805 1 4394505 34479 1.7 20 12 1 6 89%  86 4747 412 30%
c B 170.54 19 14 59 352 134805 1 4394505 34479 1.7 20 12 1 6 89%  86 4747 412 30%
c - 171.25 17 15 59 353 134816 1 4412970 31478 1.7 21 12 1 6 89%  86 4747 412 30%
c - 172.17 17 15 59 354 134823 1 4431758 28286 1.8 22 12 1 6 90%  86 4747 412 30%
c
c seconds    switched       rate           size/glue  tier1   binary      remaining
c         MB   reductions      conflicts         size   tier2   irredundant
c          level      restarts        redundant     glue   trail      variables
c
c - 173.05 18 15 59 355 134833 1 4450572 26839 1.8 22 12 1 6 90%  86 4747 412 30%
c - 173.90 18 14 59 356 134835 1 4469413 26338 1.8 22 12 1 6 90%  86 4747 412 30%
c - 174.80 18 14 59 357 134842 1 4488281 27125 1.9 22 12 1 6 90%  86 4747 412 30%
c - 175.72 18 14 59 358 134850 1 4507176 27314 1.9 22 12 1 6 90%  86 4747 412 30%
c - 176.48 18 15 59 359 134861 1 4526096 27306 1.8 22 12 1 6 90%  86 4747 412 30%
c - 177.13 18 15 59 360 134866 1 4545043 26291 1.8 22 12 1 6 90%  86 4747 412 30%
c - 177.87 18 15 59 361 134867 1 4564018 24660 1.8 22 12 1 6 90%  86 4747 412 30%
c - 178.53 18 15 59 362 134867 1 4583018 24742 1.8 22 12 1 6 90%  86 4747 412 30%
c u 179.23 19 15 59 362 134873 1 4598846 34258 1.7 22 12 1 6 89%  86 4747 412 30%
c v 179.39 19 15 59 362 134873 1 4598846 32218 1.7 22 12 1 6 89%  86 4747 412 30%
c w 179.69 20 15 59 362 134873 1 4598846 26582 1.7 22 12 1 6 89%  86 4747 412 30%
c o 179.69 20 15 59 362 134873 1 4598846 26582 1.7 22 12 1 6 89%  86 4747 412 30%
c - 179.82 17 15 59 363 134874 1 4602046 20194 1.7 22 12 1 6 89%  86 4747 412 30%
c W 180.16 16 15 59 363 134880 1 4611787 26475 1.7 22 12 1 6 90%  86 4747 412 30%
c - 180.52 16 15 59 364 134882 1 4621098 22164 1.7 22 12 1 6 90%  86 4747 412 30%
c ] 180.94 16 15 60 364 134888 1 4632333 28368 1.7 21 12 1 6 90%  86 4747 412 30%
c { 180.94 16 18 60 364 134888 2 4632333 28368 2.5 29 12 1 3 86%  86 4747 412 30%
c - 181.30 16 18 60 365 135540 2 4640176 24452 2.5 29 12 1 3 86%  86 4747 412 30%
c - 182.32 14 18 60 366 136697 2 4659280 28126 2.5 29 12 1 3 86%  86 4747 412 30%
c - 183.23 16 18 60 367 137513 2 4678411 29771 2.5 29 12 1 3 87%  86 4747 412 30%
c
c seconds    switched       rate           size/glue  tier1   binary      remaining
c         MB   reductions      conflicts         size   tier2   irredundant
c          level      restarts        redundant     glue   trail      variables
c
c - 184.03 14 17 60 368 137836 2 4697568 29047 2.4 28 11 1 3 88%  86 4747 412 30%
c - 185.00 16 17 60 369 139037 2 4716751 32100 2.4 28 11 1 3 87%  86 4747 412 30%
c - 186.21 17 17 60 370 139593 2 4735961 34887 2.6 29 11 1 3 87%  86 4747 412 30%
c - 187.34 17 18 60 371 142312 2 4755196 34225 2.4 28 12 1 3 87%  86 4747 412 30%
c - 188.41 17 18 60 372 143583 2 4774458 34641 2.3 28 12 1 3 86%  86 4747 412 30%
c - 189.35 17 18 60 373 144661 2 4793745 35361 2.4 28 12 1 3 87%  86 4747 412 30%
c - 190.24 17 18 60 374 145133 2 4813058 37174 2.5 29 12 1 3 88%  86 4747 412 30%
c } 190.77 17 17 61 374 145133 2 4824586 48366 2.6 30 11 1 3 88%  86 4747 412 30%
c [ 190.77 17 15 61 374 145133 1 4824586 48366 1.7 21 12 1 6 90%  86 4747 412 30%
c - 191.16 18 15 61 375 145138 1 4832397 38388 1.9 22 12 1 6 90%  86 4747 412 30%
c I 191.34 18 15 61 375 145140 1 4837353 41879 1.9 23 12 1 6 90%  86 4747 412 30%
c u 191.60 18 15 61 375 145142 1 4840701 42398 1.9 23 12 1 6 90%  86 4747 412 30%
c v 191.81 18 15 61 375 145142 1 4840701 40397 1.9 23 12 1 6 90%  86 4747 412 30%
c w 191.92 18 15 61 375 145142 1 4840701 40338 1.9 23 12 1 6 90%  86 4747 412 30%
c x 191.95 18 15 61 375 145142 1 4840701 40330 1.9 23 12 1 6 90%  86 4718 412 30%
c - 192.30 18 15 61 376 145147 1 4851762 31795 1.8 22 12 1 6 90%  86 4718 412 30%
c - 192.94 15 15 61 377 145156 1 4871152 27190 1.8 22 12 1 6 90%  86 4718 412 30%
c - 193.61 17 16 61 378 145163 1 4890568 26535 1.8 23 13 1 6 90%  86 4718 412 30%
c - 194.32 17 17 61 379 145166 1 4910010 25846 1.8 24 13 1 6 90%  86 4718 412 30%
c - 195.02 17 17 61 380 145177 1 4929477 26218 1.8 24 13 1 6 90%  86 4718 412 30%
c
c seconds    switched       rate           size/glue  tier1   binary      remaining
c         MB   reductions      conflicts         size   tier2   irredundant
c          level      restarts        redundant     glue   trail      variables
c
c - 195.66 17 17 61 381 145185 1 4948970 26107 1.8 24 13 1 6 90%  86 4718 412 30%
c - 196.37 17 17 61 382 145193 1 4968490 25483 1.8 23 13 1 6 90%  86 4718 412 30%
c - 197.12 17 16 61 383 145194 1 4988035 25511 1.8 23 13 1 6 90%  86 4718 412 30%
c - 197.88 17 16 61 384 145195 1 5007606 25448 1.7 23 13 1 6 90%  86 4718 412 30%
c - 198.65 17 16 61 385 145200 1 5027202 26095 1.7 23 13 1 6 90%  86 4718 412 30%
c - 199.30 17 16 61 386 145210 1 5046823 26662 1.7 22 13 1 6 89%  86 4718 412 30%
c - 200.01 17 16 61 387 145217 1 5066470 25254 1.7 22 13 1 6 89%  86 4718 412 30%
c B 200.17 17 16 61 387 145221 1 5071320 28608 1.7 22 13 1 6 89%  86 4718 412 30%
c o 200.17 17 16 61 387 145221 1 5071320 28608 1.7 22 13 1 6 89%  86 4718 412 30%
c - 200.66 17 15 61 388 145225 1 5086142 26699 1.7 22 13 1 6 89%  86 4718 412 30%
c u 200.92 17 15 61 388 145226 1 5089606 28042 1.7 22 13 1 6 89%  87 4718 412 30%
c v 201.05 17 15 61 388 145226 1 5089606 25817 1.7 22 13 1 6 89%  87 4718 412 30%
c w 201.23 17 15 61 388 145226 1 5089606 23697 1.7 22 13 1 6 89%  87 4718 412 30%
c - 201.76 17 15 61 389 145229 1 5105839 23383 1.7 22 12 1 6 89%  87 4718 412 30%
c ] 201.87 17 15 62 389 145232 1 5109874 26065 1.7 22 12 1 6 89%  87 4718 412 30%
c { 201.87 17 17 62 389 145232 2 5109874 26065 2.6 30 11 1 3 88%  87 4718 412 30%
c - 202.56 17 17 62 390 145997 2 5125562 26645 2.6 29 11 1 3 88%  87 4718 412 30%
c - 203.56 17 17 62 391 145997 1 5145310 28553 2.6 28 11 1 3 89%  87 4718 412 30%
c - 204.66 15 17 62 392 148094 2 5165084 30360 2.5 28 11 1 3 89%  87 4718 412 30%
c s 204.83 15 17 62 392 148635 2 5168239 33006 2.5 28 11 1 3 89%  87 4714 412 30%
c
c seconds    switched       rate           size/glue  tier1   binary      remaining
c         MB   reductions      conflicts         size   tier2   irredundant
c          level      restarts        redundant     glue   trail      variables
c
c e 204.83 15 17 62 392 148635 2 5168239 33006 2.5 28 11 1 3 89%  85 4723 410 30%
c - 205.82 18 17 62 393 149205 2 5184882 33060 2.6 29 11 1 3 90%  85 4723 410 30%
c - 206.91 18 17 62 394 150565 2 5204707 34712 2.6 29 11 1 3 90%  85 4723 410 30%
c - 208.09 18 17 62 395 151442 2 5224557 34120 2.6 30 11 1 3 90%  85 4723 410 30%
c - 209.25 18 17 62 396 153435 2 5244433 34023 2.5 30 12 1 3 90%  85 4723 410 30%
c - 210.48 18 18 62 397 155188 2 5264333 35239 2.5 30 12 1 3 89%  86 4723 410 30%
c - 211.61 18 18 62 398 155646 2 5284257 36268 2.5 30 12 1 3 90%  86 4723 410 30%
c - 212.82 18 18 62 399 155668 1 5304207 39884 2.6 29 11 1 3 88%  86 4723 410 30%
c } 213.38 18 18 63 399 157098 2 5314083 48334 2.5 29 12 1 3 88%  86 4723 410 30%
c [ 213.38 18 15 63 399 157098 1 5314083 48334 1.7 22 12 1 6 89%  86 4723 410 30%
c W 213.41 18 15 63 399 157098 1 5314083 48334 1.7 22 12 1 6 89%  86 4723 410 30%
c - 213.77 18 15 63 400 157104 1 5324181 39102 1.7 22 12 1 6 89%  86 4723 410 30%
c - 214.61 15 15 63 401 157112 1 5344185 33858 1.7 22 13 1 6 89%  86 4723 410 30%
c u 214.82 15 15 63 401 157112 1 5345362 32431 1.7 22 13 1 6 89%  86 4723 410 30%
c v 215.08 15 15 63 401 157112 1 5345362 28669 1.7 22 13 1 6 89%  86 4723 410 30%
c w 215.25 15 15 63 401 157112 1 5345362 26877 1.7 22 13 1 6 89%  86 4723 410 30%
c - 216.02 17 15 63 402 157123 1 5364211 24875 1.7 21 13 1 6 90%  86 4723 410 30%
c - 216.85 17 15 63 403 157128 1 5384260 24966 1.7 21 13 1 6 89%  86 4723 410 30%
c - 217.57 17 15 63 404 157135 1 5404334 25575 1.7 21 12 1 6 90%  86 4723 410 30%
c - 218.31 17 15 63 405 157143 1 5424433 25638 1.7 20 12 1 6 89%  86 4723 410 30%
c
c seconds    switched       rate           size/glue  tier1   binary      remaining
c         MB   reductions      conflicts         size   tier2   irredundant
c          level      restarts        redundant     glue   trail      variables
c
c - 219.11 17 15 63 406 157153 1 5444558 26610 1.7 21 12 1 6 90%  86 4723 410 30%
c - 219.91 17 15 63 407 157159 1 5464707 26356 1.7 21 12 1 6 90%  86 4723 410 30%
c - 220.74 17 14 63 408 157160 1 5484881 26553 1.7 20 12 1 6 90%  86 4723 410 30%
c - 221.56 17 14 63 409 157160 1 5505081 27059 1.7 20 12 1 6 90%  86 4723 410 30%
c - 222.25 17 14 63 410 157170 1 5525304 27969 1.7 20 12 1 6 90%  86 4723 410 30%
c - 223.10 17 14 63 411 157177 1 5545552 27824 1.7 20 12 1 6 90%  86 4723 410 30%
c O 223.88 17 14 63 411 157189 1 5565193 41160 1.7 20 12 1 6 90%  86 4723 410 30%
c o 223.88 17 14 63 411 157189 1 5565193 41160 1.7 20 12 1 6 90%  86 4723 410 30%
c - 223.91 17 14 63 412 157189 1 5565825 27623 1.7 20 12 1 6 90%  86 4723 410 30%
c - 224.65 17 14 63 413 157191 1 5586123 28151 1.7 20 11 1 6 89%  86 4723 410 30%
c ] 225.28 17 14 64 413 157199 1 5605344 40072 1.7 19 11 1 6 89%  86 4723 410 30%
c { 225.28 17 18 64 413 157199 2 5605344 40072 2.5 29 12 1 3 88%  86 4723 410 30%
c - 225.32 17 18 64 414 157203 2 5606446 26714 2.5 29 12 1 3 88%  86 4723 410 30%
c u 225.51 17 18 64 414 157203 2 5607972 26642 2.5 29 12 1 3 88%  86 4723 410 30%
c v 225.65 17 18 64 414 157203 2 5607972 24644 2.5 29 12 1 3 88%  86 4723 410 30%
c w 225.74 17 18 64 414 157203 2 5607972 23134 2.5 29 12 1 3 88%  86 4723 410 30%
c - 227.86 23 18 64 415 157591 1 5626793 28932 2.6 29 11 1 3 88%  86 4723 410 30%
c - 228.89 26 17 64 416 157634 1 5647165 33522 2.7 30 11 1 3 88%  86 4723 410 30%
c - 229.95 26 16 64 417 157634 1 5667563 36354 2.8 29 10 1 3 89%  86 4723 410 30%
c - 231.15 27 17 64 418 160457 2 5687984 36716 2.6 29 11 1 3 89%  87 4723 410 30%
c
c seconds    switched       rate           size/glue  tier1   binary      remaining
c         MB   reductions      conflicts         size   tier2   irredundant
c          level      restarts        redundant     glue   trail      variables
c
c - 232.16 27 17 64 419 160620 1 5708429 37374 2.8 30 11 1 3 90%  87 4723 410 30%
c - 233.38 27 17 64 420 162540 2 5728899 37736 2.7 30 11 1 3 89%  87 4723 410 30%
c - 234.76 27 18 64 421 165259 2 5749395 36433 2.5 29 12 1 3 89%  87 4723 410 30%
c - 235.79 27 17 64 422 165259 2 5769914 40958 2.8 31 11 1 3 90%  87 4723 410 30%
c - 237.16 27 17 64 423 167251 2 5790456 43112 2.7 31 11 1 3 90%  87 4723 410 30%
c - 238.28 28 17 64 424 167876 2 5811023 41811 2.8 31 11 1 3 90%  87 4723 410 30%
c } 238.84 28 16 65 424 168007 2 5821842 51826 2.9 31 11 1 3 90%  87 4723 410 30%
c [ 238.84 28 14 65 424 168007 1 5821842 51826 1.7 19 11 1 6 89%  87 4723 410 30%
c B 239.00 28 14 65 424 168009 1 5825044 54235 1.7 20 11 1 6 89%  87 4723 410 30%
c - 239.30 28 14 65 425 168013 1 5831614 39868 1.7 20 12 1 6 89%  87 4723 410 30%
c - 240.20 28 14 65 426 168021 1 5852230 35432 1.7 20 12 1 6 89%  87 4723 410 30%
c - 241.04 23 15 65 427 168033 1 5872873 30905 1.7 21 12 1 6 89%  87 4723 410 30%
c u 241.39 24 15 65 427 168035 1 5877504 32261 1.7 21 12 1 6 89%  88 4723 410 30%
c v 241.61 24 15 65 427 168035 1 5877504 29192 1.7 21 12 1 6 89%  88 4723 410 30%
c w 241.76 24 15 65 427 168035 1 5877504 27886 1.7 21 12 1 6 89%  88 4723 410 30%
c x 241.79 24 15 65 427 168035 1 5877504 27885 1.7 21 12 1 6 89%  88 4712 410 30%
c t 241.79 24 15 65 427 168035 1 5877504 27885 1.7 21 12 1 6 89%  86 4712 410 30%
c - 242.37 25 15 65 428 168037 1 5893536 26218 1.7 21 12 1 6 88%  86 4712 410 30%
c o 242.92 25 15 65 428 168041 1 5908009 35869 1.7 21 12 1 6 88%  86 4712 410 30%
c - 243.14 25 15 65 429 168044 1 5914225 26405 1.7 21 12 1 6 88%  86 4712 410 30%
c
c seconds    switched       rate           size/glue  tier1   binary      remaining
c         MB   reductions      conflicts         size   tier2   irredundant
c          level      restarts        redundant     glue   trail      variables
c
c - 243.81 25 15 65 430 168052 1 5934940 26740 1.7 21 12 1 6 88%  86 4712 410 30%
c - 244.53 25 15 65 431 168065 1 5955677 26658 1.7 21 13 1 6 89%  86 4712 410 30%
c - 245.35 25 15 65 432 168068 1 5976438 26723 1.7 22 13 1 6 89%  86 4712 410 30%
c - 246.06 25 15 65 433 168069 1 5997222 26434 1.7 22 13 1 6 89%  86 4712 410 30%
c - 246.75 25 15 65 434 168069 1 6018030 26165 1.7 22 13 1 6 89%  86 4712 410 30%
c - 247.42 25 15 65 435 168082 1 6038862 26579 1.7 22 12 1 6 90%  86 4712 410 30%
c - 248.22 25 15 65 436 168091 1 6059718 27853 1.8 22 12 1 6 90%  86 4712 410 30%
c - 249.14 25 15 65 437 168099 1 6080599 28160 1.8 22 13 1 6 89%  86 4712 410 30%
c W 249.65 25 15 65 437 168100 1 6093746 36505 1.8 22 13 1 6 89%  86 4712 410 30%
c - 249.92 25 15 65 438 168101 1 6101503 28279 1.8 22 13 1 6 89%  86 4712 410 30%
c - 250.65 25 15 65 439 168114 1 6122434 28254 1.7 22 13 1 6 88%  86 4712 410 30%
c ] 251.32 25 16 66 439 168120 1 6139505 38036 1.7 22 13 1 6 88%  86 4712 410 30%
c { 251.32 25 16 66 439 168120 2 6139505 38036 2.9 31 11 1 3 90%  86 4712 410 30%
c - 251.58 25 16 66 440 168219 2 6143386 29006 2.8 31 11 1 3 90%  86 4712 410 30%
c u 252.36 25 16 66 440 168655 1 6154090 35842 2.8 30 11 1 3 90%  86 4712 410 30%
c v 252.58 25 16 66 440 168655 1 6154090 33692 2.8 30 11 1 3 90%  86 4712 410 30%
c w 252.76 25 16 66 440 168655 1 6154090 30516 2.8 30 11 1 3 90%  86 4712 410 30%
c - 253.38 25 16 66 441 169172 1 6164362 28815 2.8 29 11 1 3 90%  86 4712 410 30%
c - 254.49 25 15 66 442 170017 1 6185363 31729 2.7 28 11 1 3 90%  86 4712 410 30%
c - 255.55 26 15 66 443 170795 1 6206387 33833 2.6 28 10 1 3 90%  86 4712 410 30%
c
c seconds    switched       rate           size/glue  tier1   binary      remaining
c         MB   reductions      conflicts         size   tier2   irredundant
c          level      restarts        redundant     glue   trail      variables
c
c - 256.88 26 15 66 444 171614 1 6227435 36168 2.6 27 10 1 3 89%  86 4712 410 30%
c o 257.41 26 15 66 444 172026 1 6238059 43460 2.6 26 10 1 3 88%  86 4712 410 30%
c - 257.96 26 15 66 445 172556 1 6248507 35662 2.5 26 10 1 3 88%  86 4712 410 30%
c - 259.16 26 14 66 446 173736 1 6269603 36188 2.5 26 10 1 3 89%  86 4712 410 30%
c - 260.29 26 14 66 447 174576 1 6290723 35816 2.4 25 10 1 3 89%  86 4712 410 30%
c - 261.50 26 14 66 448 175380 1 6311865 35536 2.4 25 10 1 3 89%  86 4712 410 30%
c - 262.50 26 14 66 449 176170 1 6333031 35806 2.3 24 10 1 3 89%  87 4711 410 30%
c - 263.73 26 13 66 450 176231 1 6354220 34894 2.3 22 10 1 3 90%  87 4711 410 30%
c } 264.55 26 13 67 450 176295 1 6368621 42156 2.2 22 10 1 3 90%  87 4711 410 30%
c [ 264.55 26 16 67 450 176295 1 6368621 42156 1.7 22 13 1 6 88%  87 4711 410 30%
c I 264.70 26 15 67 450 176297 1 6371411 43698 1.7 22 13 1 6 88%  87 4711 410 30%
c - 264.83 26 16 67 451 176300 1 6375433 33829 1.7 22 13 1 6 88%  87 4711 410 30%
c - 265.59 23 16 67 452 176309 1 6396670 33160 1.7 22 13 1 6 88%  87 4711 410 30%
c - 266.33 23 17 67 453 176320 1 6417930 28849 1.7 23 14 1 6 88%  87 4711 410 30%
c u 267.27 25 17 67 453 176325 1 6437635 40871 1.7 23 14 1 6 89%  87 4711 410 30%
c v 267.52 25 17 67 453 176325 1 6437635 38216 1.7 23 14 1 6 89%  87 4711 410 30%
c w 267.97 25 17 67 453 176325 1 6437635 33262 1.7 23 14 1 6 89%  87 4711 410 30%
c - 268.03 25 17 67 454 176325 1 6439213 23048 1.7 23 14 1 6 89%  87 4711 410 30%
c - 268.69 25 17 67 455 176332 1 6460521 24493 1.7 23 14 1 6 89%  87 4711 410 30%
c - 269.39 25 16 67 456 176340 1 6481851 24751 1.7 22 13 1 6 89%  87 4711 410 30%
c
c seconds    switched       rate           size/glue  tier1   binary      remaining
c         MB   reductions      conflicts         size   tier2   irredundant
c          level      restarts        redundant     glue   trail      variables
c
c - 270.15 25 16 67 457 176353 1 6503206 26374 1.7 23 13 1 6 89%  87 4711 410 30%
c s 270.96 25 16 67 457 176356 1 6522490 38333 1.7 23 13 1 6 90%  87 4709 410 30%
c - 271.05 25 16 67 458 176356 1 6524583 26437 1.7 23 13 1 6 90%  87 4709 410 30%
c - 271.90 25 16 67 459 176357 1 6545983 26323 1.7 23 13 1 6 90%  87 4709 410 30%
c - 272.80 25 15 67 460 176359 1 6567408 26821 1.8 22 13 1 6 90%  87 4709 410 30%
c - 273.59 25 15 67 461 176371 1 6588857 27196 1.8 22 13 1 6 90%  87 4709 410 30%
c - 274.30 25 15 67 462 176379 1 6610327 27768 1.8 22 12 1 6 90%  87 4709 410 30%
c - 275.13 25 15 67 463 176388 1 6631822 28284 1.8 22 12 1 6 90%  87 4709 410 30%
c - 275.87 25 15 67 464 176393 1 6653339 27883 1.8 22 12 1 6 91%  87 4709 410 30%
c B 276.03 25 15 67 464 176395 1 6658144 30944 1.7 22 12 1 6 91%  87 4709 410 30%
c o 276.03 25 15 67 464 176395 1 6658144 30944 1.7 22 12 1 6 91%  87 4709 410 30%
c - 276.70 25 15 67 465 176403 1 6674879 27577 1.7 21 12 1 6 91%  87 4709 410 30%
c - 277.51 25 15 67 466 176413 1 6696442 27122 1.7 21 12 1 6 91%  87 4709 410 30%
c - 278.25 25 15 67 467 176419 1 6718029 27294 1.7 21 13 1 6 91%  87 4709 410 30%
c u 278.75 25 15 67 467 176419 1 6728201 33143 1.7 21 13 1 6 91%  87 4709 410 30%
c v 278.89 25 15 67 467 176419 1 6728201 31357 1.7 21 13 1 6 91%  87 4709 410 30%
c w 279.10 25 15 67 467 176419 1 6728201 26299 1.7 21 13 1 6 91%  87 4709 410 30%
c - 279.42 25 15 67 468 176420 1 6739639 23572 1.7 21 13 1 6 91%  87 4709 410 30%
c ] 279.64 25 15 68 468 176420 1 6748040 29459 1.7 21 13 1 6 91%  87 4709 410 30%
c { 279.64 25 13 68 468 176420 1 6748040 29459 2.2 22 10 1 3 90%  87 4709 410 30%
c
c seconds    switched       rate           size/glue  tier1   binary      remaining
c         MB   reductions      conflicts         size   tier2   irredundant
c          level      restarts        redundant     glue   trail      variables
c
c - 280.19 25 13 68 469 178152 1 6761273 27470 2.1 22 10 1 3 88%  88 4709 410 30%
c - 281.25 23 14 68 470 180675 1 6782929 31277 2.1 23 11 1 3 87%  88 4709 410 30%
c - 282.28 26 15 68 471 182487 2 6804610 33357 2.1 23 11 1 3 88%  88 4709 410 30%
c - 283.45 26 16 68 472 184306 2 6826312 34643 2.1 24 11 1 3 88%  88 4709 410 30%
c - 284.55 26 16 68 473 185328 2 6848037 36319 2.1 24 11 1 3 87%  88 4709 410 30%
c - 285.55 26 15 68 474 185328 1 6869785 36683 2.2 24 11 1 3 87%  88 4709 410 30%
c - 286.57 26 14 68 475 185328 1 6891556 38040 2.4 24 10 1 3 88%  88 4709 410 30%
c - 287.71 26 15 68 476 187206 1 6913350 41011 2.3 25 11 1 3 88%  88 4709 410 30%
c - 288.71 27 15 68 477 188277 1 6935167 40102 2.4 25 11 1 3 89%  88 4709 410 30%
c - 289.88 27 15 68 478 190832 2 6957007 39088 2.3 25 11 1 3 89%  88 4709 410 30%
c - 290.95 27 16 68 479 192600 2 6978873 38750 2.1 25 12 1 3 88%  88 4709 410 30%
c } 291.38 27 16 69 479 193146 2 6990100 47336 2.1 24 12 1 3 88%  88 4709 410 30%
c [ 291.38 27 15 69 479 193146 1 6990100 47336 1.7 21 13 1 6 91%  88 4709 410 30%
c W 291.43 27 15 69 479 193146 1 6990100 47336 1.7 21 13 1 6 91%  88 4709 410 30%
c - 291.79 27 15 69 480 193152 1 7000759 36917 1.7 21 13 1 6 91%  88 4709 410 30%
c - 292.53 23 15 69 481 193160 1 7022667 33090 1.6 20 12 1 6 91%  88 4709 410 30%
c u 292.82 23 15 69 481 193163 1 7025811 33289 1.6 20 12 1 6 91%  88 4709 410 30%
c v 293.02 23 15 69 481 193163 1 7025811 29463 1.6 20 12 1 6 91%  88 4709 410 30%
c w 293.16 23 15 69 481 193163 1 7025811 27255 1.6 20 12 1 6 91%  88 4709 410 30%
c o 293.16 23 15 69 481 193163 1 7025811 27255 1.6 20 12 1 6 91%  88 4709 410 30%
c
c seconds    switched       rate           size/glue  tier1   binary      remaining
c         MB   reductions      conflicts         size   tier2   irredundant
c          level      restarts        redundant     glue   trail      variables
c
c - 293.74 25 15 69 482 193174 1 7044599 26474 1.7 20 12 1 6 91%  88 4709 410 30%
c - 294.47 25 14 69 483 193176 1 7066553 26632 1.7 20 12 1 6 91%  88 4709 410 30%
c - 295.24 25 14 69 484 193186 1 7088532 27480 1.7 20 12 1 6 91%  88 4709 410 30%
c - 296.01 25 14 69 485 193196 1 7110532 27452 1.7 19 12 1 6 91%  88 4709 410 30%
c - 296.72 25 14 69 486 193206 1 7132556 27737 1.7 20 11 1 6 91%  88 4709 410 30%
c - 297.56 25 14 69 487 193208 1 7154602 28554 1.7 20 11 1 6 90%  88 4709 410 30%
c - 298.36 25 13 69 488 193208 1 7176672 30070 1.7 19 11 1 6 87%  88 4709 410 30%
c - 299.28 25 14 69 489 193215 1 7198763 29770 1.7 19 11 1 6 88%  88 4709 410 30%
c - 300.18 25 14 69 490 193225 1 7220876 27577 1.7 19 11 1 6 88%  88 4709 410 30%
c - 301.02 25 14 69 491 193237 1 7243012 27949 1.7 19 11 1 6 88%  88 4709 410 30%
c - 301.94 25 13 69 492 193239 1 7265172 28498 1.7 19 11 1 6 89%  88 4709 410 30%
c - 302.82 25 13 69 493 193251 1 7287353 28792 1.7 18 11 1 6 89%  88 4709 410 30%
c O 303.13 25 13 69 493 193254 1 7295294 33527 1.7 18 11 1 6 89%  88 4709 410 30%
c ] 303.67 25 13 70 493 193259 1 7307335 41018 1.7 19 11 1 6 89%  88 4709 410 30%
c { 303.67 25 16 70 493 193259 2 7307335 41018 2.1 24 12 1 3 88%  88 4709 410 30%
c - 303.73 25 16 70 494 193312 2 7309558 30099 2.1 24 12 1 3 88%  88 4709 410 30%
c u 304.58 25 16 70 494 194563 2 7330466 44333 2.0 24 12 1 3 88%  88 4709 410 30%
c v 304.74 25 16 70 494 194563 2 7330466 42491 2.0 24 12 1 3 88%  88 4709 410 30%
c w 304.85 25 16 70 494 194563 2 7330466 37897 2.0 24 12 1 3 88%  88 4709 410 30%
c x 304.88 25 16 70 494 194563 2 7330466 37893 2.0 24 12 1 3 88%  88 4698 410 30%
c
c seconds    switched       rate           size/glue  tier1   binary      remaining
c         MB   reductions      conflicts         size   tier2   irredundant
c          level      restarts        redundant     glue   trail      variables
c
c - 304.93 25 16 70 495 194679 2 7331785 26742 2.0 24 12 1 3 88%  88 4698 410 30%
c - 305.62 25 16 70 496 195657 1 7354034 27763 1.9 23 12 1 3 88%  88 4698 410 30%
c - 306.34 25 15 70 497 196687 1 7376306 28211 1.9 22 12 1 3 88%  88 4698 410 30%
c o 307.04 25 15 70 497 197084 1 7396872 42300 1.9 22 12 1 3 89%  88 4698 410 30%
c - 307.11 25 15 70 498 197212 1 7398600 28427 1.9 22 12 1 3 89%  88 4698 410 30%
c - 307.86 25 15 70 499 197703 1 7420916 29172 1.8 21 12 1 3 88%  88 4698 410 30%
c - 308.64 25 15 70 500 197985 1 7443254 29375 1.8 21 12 1 3 88%  88 4698 410 30%
c - 309.49 25 14 70 501 198506 1 7465614 29806 1.8 20 11 1 3 89%  88 4698 410 30%
c - 310.69 25 14 70 502 198506 1 7487998 31247 1.8 20 11 1 3 90%  88 4698 410 30%
c - 311.87 25 13 70 503 198521 1 7510405 32877 1.8 19 10 1 3 90%  90 4698 410 30%
c i 312.22 25 13 70 503 198521 1 7517536 36126 1.8 18 10 1 3 90%  98 4698 409 30%
c - 312.79 25 13 70 504 200161 1 7532835 29909 1.8 19 10 1 3 90%  84 4698 409 30%
c - 313.66 25 13 70 505 202318 1 7555284 30739 1.8 19 11 1 3 90%  84 4698 409 30%
c } 313.93 25 14 71 505 203330 1 7562663 36386 1.8 19 11 1 3 89%  84 4698 409 30%
c [ 313.93 25 13 71 505 203330 1 7562663 36386 1.7 19 11 1 6 89%  84 4698 409 30%
c - 314.44 25 14 71 506 203339 1 7577757 30557 1.7 19 11 1 6 89%  84 4698 409 30%
c - 315.29 25 14 71 507 203348 1 7600251 30808 1.7 20 11 1 6 89%  84 4698 409 30%
c B 315.70 25 14 71 507 203354 1 7609878 37900 1.7 20 12 1 6 89%  84 4698 409 30%
c - 316.33 23 14 71 508 203359 1 7622768 31672 1.7 20 12 1 6 89%  84 4698 409 30%
c u 317.40 25 14 71 508 203360 1 7642323 42389 1.7 20 12 1 6 89%  91 4693 409 30%
c
c seconds    switched       rate           size/glue  tier1   binary      remaining
c         MB   reductions      conflicts         size   tier2   irredundant
c          level      restarts        redundant     glue   trail      variables
c
c v 317.62 25 14 71 508 203360 1 7642323 39824 1.7 20 12 1 6 89%  91 4693 409 30%
c w 317.88 25 14 71 508 203360 1 7642323 35133 1.7 20 12 1 6 89%  91 4693 409 30%
c t 317.88 25 14 71 508 203360 1 7642323 35133 1.7 20 12 1 6 89%  89 4693 409 30%
c - 318.00 25 14 71 509 203361 1 7645306 27248 1.7 20 12 1 6 89%  89 4693 409 30%
c - 318.93 25 14 71 510 203374 1 7667868 27303 1.7 20 12 1 6 90%  89 4693 409 30%
c - 319.84 25 14 71 511 203383 1 7690451 27366 1.8 21 12 1 6 90%  89 4693 409 30%
c - 320.74 25 14 71 512 203391 1 7713056 28629 1.8 21 11 1 6 90%  89 4693 409 30%
c - 321.69 25 14 71 513 203392 1 7735683 29098 1.8 21 12 1 6 90%  89 4693 409 30%
c - 322.66 25 14 71 514 203392 1 7758332 27384 1.7 20 12 1 6 89%  89 4693 409 30%
c - 323.66 25 14 71 515 203406 1 7781004 27707 1.7 20 12 1 6 89%  89 4693 409 30%
c ] 324.01 25 14 72 515 203407 1 7789302 32544 1.7 20 12 1 6 89%  89 4693 409 30%
c { 324.01 25 14 72 515 203407 1 7789302 32544 1.8 19 11 1 3 89%  89 4693 409 30%
c o 324.09 25 14 72 515 203411 1 7791168 33636 1.8 19 11 1 3 89%  89 4693 409 30%
c - 324.83 25 14 72 516 203646 1 7803699 32947 1.8 20 11 1 3 88%  89 4693 409 30%
c - 326.20 26 15 72 517 205906 1 7826414 37066 1.9 21 11 1 3 87%  89 4693 409 30%
c - 327.54 27 15 72 518 207078 1 7849151 39462 2.1 23 11 1 3 87%  89 4693 409 30%
c - 328.80 27 15 72 519 208040 1 7871910 39835 2.1 23 11 1 3 88%  89 4693 409 30%
c - 330.37 27 15 72 520 210117 1 7894692 40586 2.0 23 11 1 3 88%  89 4693 409 30%
c - 331.74 27 16 72 521 211372 1 7917495 40323 2.0 23 11 1 3 88%  89 4693 409 30%
c - 333.13 27 16 72 522 212844 1 7940321 41086 2.1 24 12 1 3 88%  89 4693 409 30%
c
c seconds    switched       rate           size/glue  tier1   binary      remaining
c         MB   reductions      conflicts         size   tier2   irredundant
c          level      restarts        redundant     glue   trail      variables
c
c u 334.38 27 16 72 522 214305 2 7961346 54514 2.0 24 12 1 3 89%  89 4693 409 30%
c v 334.74 27 16 72 522 214305 2 7961346 50898 2.0 24 12 1 3 89%  89 4693 409 30%
c w 335.06 27 16 72 522 214305 2 7961346 46409 2.0 24 12 1 3 89%  89 4693 409 30%
c - 337.42 32 16 72 523 214309 2 7963170 34495 2.1 24 12 1 3 89%  89 4693 409 30%
c - 338.81 32 17 72 524 215999 2 7986039 37799 2.1 25 12 1 3 88%  89 4693 409 30%
c - 340.14 32 16 72 525 217144 2 8008931 41326 2.3 26 11 1 3 89%  89 4693 409 30%
c - 341.47 33 16 72 526 217450 1 8031843 44552 2.4 27 11 1 3 89%  89 4693 409 30%
c - 343.04 33 16 72 527 219558 2 8054777 44599 2.4 27 11 1 3 88%  89 4693 409 30%
c } 343.20 33 16 73 527 219832 2 8058219 47185 2.3 27 11 1 3 89%  89 4693 409 30%
c [ 343.20 33 14 73 527 219832 1 8058219 47185 1.7 20 12 1 6 89%  89 4693 409 30%
c W 343.29 15 14 73 527 219832 1 8058219 47185 1.7 20 12 1 6 89%  89 4693 409 30%
c s 344.11 15 14 73 527 219844 1 8077259 58737 1.7 20 12 1 6 89%  89 4688 409 30%
c e 344.12 15 14 73 527 219844 1 8077259 58737 1.7 20 12 1 6 89%  88 4709 407 30%
c s 344.12 15 14 73 527 219844 1 8077259 58737 1.7 20 12 1 6 89%  88 4705 407 30%
c - 344.15 17 14 73 528 219844 1 8077734 39853 1.7 20 12 1 6 89%  88 4705 407 30%
c - 345.07 13 14 73 529 219853 1 8100712 34014 1.7 20 12 1 6 90%  88 4705 407 30%
c - 346.00 13 15 73 530 219861 1 8123712 31290 1.7 20 12 1 6 90%  88 4705 407 30%
c - 346.95 13 15 73 531 219868 1 8146734 30933 1.7 21 12 1 6 90%  88 4705 407 30%
c - 347.88 15 14 73 532 219877 1 8169778 30712 1.7 20 12 1 6 90%  88 4705 407 30%
c - 348.61 15 15 73 533 219890 1 8192843 31659 1.7 21 12 1 6 90%  88 4705 407 30%
c
c seconds    switched       rate           size/glue  tier1   binary      remaining
c         MB   reductions      conflicts         size   tier2   irredundant
c          level      restarts        redundant     glue   trail      variables
c
c - 349.47 15 14 73 534 219893 1 8215932 30169 1.7 20 12 1 6 90%  88 4705 407 30%
c - 350.34 15 14 73 535 219894 1 8239041 30758 1.7 20 12 1 6 90%  88 4705 407 30%
c - 351.24 15 14 73 536 219900 1 8262171 30482 1.7 20 12 1 6 90%  88 4705 407 30%
c - 352.15 15 14 73 537 219909 1 8285323 31355 1.7 20 12 1 6 90%  88 4705 407 30%
c u 352.43 15 14 73 537 219909 1 8287494 31245 1.7 20 12 1 6 90%  88 4705 407 30%
c v 352.57 15 14 73 537 219909 1 8287494 29077 1.7 20 12 1 6 90%  88 4705 407 30%
c w 352.73 15 14 73 537 219909 1 8287494 26974 1.7 20 12 1 6 90%  88 4705 407 30%
c o 352.73 15 14 73 537 219909 1 8287494 26974 1.7 20 12 1 6 90%  88 4705 407 30%
c - 353.59 15 14 73 538 219923 1 8308496 26904 1.7 19 12 1 6 90%  88 4705 407 30%
c - 354.56 15 14 73 539 219925 1 8331690 27476 1.7 19 11 1 6 91%  88 4705 407 30%
c - 355.49 15 13 73 540 219937 1 8354906 28786 1.7 19 11 1 6 91%  88 4705 407 30%
c - 356.46 15 13 73 541 219947 1 8378143 29025 1.7 18 11 1 6 90%  88 4705 407 30%
c I 357.00 15 13 73 541 219954 1 8391891 36550 1.7 18 11 1 6 90%  88 4705 407 30%
c - 357.32 15 13 73 542 219955 1 8401403 30404 1.7 18 11 1 6 91%  88 4705 407 30%
c - 358.27 15 13 73 543 219957 1 8424684 30463 1.7 18 11 1 6 90%  88 4705 407 30%
c ] 358.98 15 13 74 543 219957 1 8440769 40231 1.7 18 11 1 6 90%  88 4705 407 30%
c { 358.98 15 16 74 543 219957 2 8440769 40231 2.3 27 11 1 3 89%  88 4705 407 30%
c - 359.30 15 16 74 544 219964 2 8447987 29223 2.3 26 11 1 3 89%  88 4705 407 30%
c - 360.59 15 16 74 545 220870 1 8471310 34075 2.4 26 11 1 3 89%  88 4705 407 30%
c - 361.76 16 16 74 546 222360 1 8494655 35949 2.3 26 11 1 3 89%  88 4705 407 30%
c
c seconds    switched       rate           size/glue  tier1   binary      remaining
c         MB   reductions      conflicts         size   tier2   irredundant
c          level      restarts        redundant     glue   trail      variables
c
c - 363.08 16 16 74 547 223264 1 8518021 38903 2.4 26 11 1 3 89%  89 4705 407 30%
c - 364.36 16 16 74 548 224357 1 8541409 40572 2.4 26 11 1 3 89%  89 4705 407 30%
c - 365.58 16 16 74 549 226240 2 8564818 40223 2.3 26 11 1 3 89%  89 4705 407 30%
c - 366.92 16 16 74 550 227259 1 8588248 41248 2.3 26 11 1 3 89%  89 4705 407 30%
c - 368.18 16 16 74 551 229315 2 8611702 41727 2.2 25 11 1 3 89%  89 4705 407 30%
c u 368.96 18 16 74 551 229431 1 8620713 46832 2.2 25 11 1 3 89%  89 4705 407 30%
c v 369.30 19 16 74 551 229431 1 8620713 43257 2.2 25 11 1 3 89%  89 4705 407 30%
c w 369.64 19 16 74 551 229431 1 8620713 40719 2.2 25 11 1 3 89%  89 4705 407 30%
c t 369.64 19 16 74 551 229431 1 8620713 40719 2.2 25 11 1 3 89%  88 4705 407 30%
c - 370.40 19 16 74 552 230108 1 8635175 36315 2.2 25 11 1 3 89%  88 4705 407 30%
c - 371.65 19 16 74 553 230125 1 8658670 41022 2.6 27 11 1 3 90%  88 4705 407 30%
c o 372.98 19 16 74 553 232569 2 8679337 58556 2.4 27 11 1 3 89%  88 4705 407 30%
c - 373.18 19 16 74 554 232570 1 8682185 42893 2.5 27 11 1 3 89%  88 4705 407 30%
c - 374.62 19 17 74 555 235235 2 8705722 41362 2.3 27 11 1 3 89%  88 4705 407 30%
c } 375.53 19 16 75 555 235439 2 8723593 57160 2.4 27 11 1 3 89%  88 4705 407 30%
c [ 375.53 19 13 75 555 235439 1 8723593 57160 1.7 18 11 1 6 90%  88 4705 407 30%
c - 375.81 19 13 75 556 235443 1 8729281 42210 1.7 19 11 1 6 90%  88 4705 407 30%
c B 376.06 19 13 75 556 235445 1 8735262 47418 1.8 19 11 1 6 90%  88 4705 407 30%
c - 376.86 19 13 75 557 235453 1 8752860 40085 1.8 20 11 1 6 91%  88 4705 407 30%
c - 377.82 19 14 75 558 235466 1 8776462 35155 1.8 20 11 1 6 91%  88 4705 407 30%
c
c seconds    switched       rate           size/glue  tier1   binary      remaining
c         MB   reductions      conflicts         size   tier2   irredundant
c          level      restarts        redundant     glue   trail      variables
c
c - 378.83 16 14 75 559 235469 1 8800085 32002 1.8 21 11 1 6 91%  88 4705 407 30%
c - 379.78 16 14 75 560 235481 1 8823728 32435 1.9 21 11 1 6 91%  88 4705 407 30%
c - 380.79 16 14 75 561 235491 1 8847393 32820 1.9 21 11 1 6 91%  88 4705 407 30%
c - 381.86 16 14 75 562 235499 1 8871080 33447 1.9 21 11 1 6 91%  88 4705 407 30%
c - 382.93 16 14 75 563 235501 1 8894786 33288 1.9 21 11 1 6 91%  88 4705 407 30%
c - 384.06 16 14 75 564 235501 1 8918513 33416 1.9 22 11 1 6 91%  88 4705 407 30%
c s 384.74 17 14 75 564 235508 1 8932359 42154 1.9 22 11 1 6 91%  88 4702 407 30%
c s 384.74 17 14 75 564 235508 1 8932359 42154 1.9 22 11 1 6 91%  88 4696 407 30%
c - 385.21 17 14 75 565 235515 1 8942262 33184 1.9 21 11 1 6 91%  88 4696 407 30%
c u 386.24 17 14 75 565 235522 1 8961119 44019 1.9 21 11 1 6 91%  88 4696 407 30%
c v 386.49 17 14 75 565 235522 1 8961119 41256 1.9 21 11 1 6 91%  88 4696 407 30%
c w 386.96 18 14 75 565 235522 1 8961119 35055 1.9 21 11 1 6 91%  88 4696 407 30%
c - 387.19 16 14 75 566 235524 1 8966032 28610 1.9 21 11 1 6 91%  88 4696 407 30%
c - 388.21 18 14 75 567 235532 1 8989823 29452 1.8 21 11 1 6 91%  88 4696 407 30%
c - 389.16 18 14 75 568 235539 1 9013635 29002 1.8 20 11 1 6 91%  88 4696 407 30%
c - 390.05 18 14 75 569 235550 1 9037467 30081 1.8 20 11 1 6 91%  88 4696 407 30%
c - 391.05 16 14 75 570 235562 1 9061321 32114 1.8 20 11 1 6 91%  88 4696 407 30%
c ] 392.02 18 14 76 570 235563 1 9083761 46600 1.9 21 11 1 6 91%  88 4696 407 30%
c { 392.02 18 16 76 570 235563 2 9083761 46600 2.4 27 11 1 3 89%  88 4696 407 30%
c - 392.08 16 16 76 571 235563 1 9085197 32673 2.4 27 11 1 3 89%  88 4696 407 30%
c
c seconds    switched       rate           size/glue  tier1   binary      remaining
c         MB   reductions      conflicts         size   tier2   irredundant
c          level      restarts        redundant     glue   trail      variables
c
c o 392.19 16 16 76 571 235569 1 9087905 34471 2.4 26 11 1 3 89%  88 4696 407 30%
c - 393.04 19 16 76 572 235664 1 9109092 38539 2.6 28 11 1 3 90%  88 4696 407 30%
c - 394.34 19 15 76 573 237206 1 9133008 40475 2.5 26 11 1 3 90%  88 4696 407 30%
c - 395.40 19 15 76 574 237561 1 9156946 40230 2.4 24 10 1 3 90%  89 4695 407 30%
c - 396.88 19 15 76 575 239774 1 9180904 42867 2.3 25 11 1 3 90%  89 4695 407 30%
c - 398.35 19 16 76 576 242618 2 9204884 42082 2.2 25 11 1 3 89%  89 4695 407 30%
c - 399.53 19 15 76 577 242807 1 9228884 42321 2.3 25 11 1 3 90%  89 4695 407 30%
c - 400.93 20 15 76 578 244428 1 9252904 43132 2.4 26 11 1 3 90%  89 4695 407 30%
c - 402.16 20 15 76 579 244746 1 9276945 44856 2.6 27 11 1 3 90%  89 4695 407 30%
c - 403.79 20 16 76 580 247462 2 9301008 45378 2.4 27 11 1 3 90%  89 4695 407 30%
c u 404.50 20 16 76 580 248736 2 9308850 50164 2.4 27 11 1 3 90%  89 4695 407 30%
c v 404.79 20 16 76 580 248736 2 9308850 47397 2.4 27 11 1 3 90%  89 4695 407 30%
c w 404.94 20 16 76 580 248736 2 9308850 47142 2.4 27 11 1 3 90%  89 4695 407 30%
c x 404.97 20 16 76 580 248736 2 9308850 47138 2.4 27 11 1 3 90%  89 4679 407 30%
c - 406.08 20 16 76 581 249175 2 9325091 42631 2.4 27 11 1 3 89%  89 4679 407 30%
c - 407.56 20 16 76 582 251276 2 9349195 43983 2.4 27 11 1 3 89%  89 4679 407 30%
c - 408.88 20 15 76 583 252304 2 9373322 43875 2.3 26 11 1 3 89%  89 4679 407 30%
c } 409.35 20 15 77 583 252386 1 9380811 50845 2.3 26 11 1 3 89%  89 4679 407 30%
c [ 409.35 20 14 77 583 252386 1 9380811 50845 1.9 21 11 1 6 91%  89 4679 407 30%
c W 409.41 20 14 77 583 252386 1 9380811 50845 1.9 21 11 1 6 91%  89 4679 407 30%
c
c seconds    switched       rate           size/glue  tier1   binary      remaining
c         MB   reductions      conflicts         size   tier2   irredundant
c          level      restarts        redundant     glue   trail      variables
c
c - 410.20 20 14 77 584 252396 1 9397467 43022 1.9 21 11 1 6 91%  89 4679 407 30%
c - 411.32 20 14 77 585 252406 1 9421634 39313 1.9 21 12 1 6 91%  89 4679 407 30%
c - 412.41 16 14 77 586 252415 1 9445821 35367 1.8 21 12 1 6 92%  89 4679 407 30%
c - 413.42 16 14 77 587 252422 1 9470030 34450 1.8 21 12 1 6 92%  89 4679 407 30%
c - 414.40 16 14 77 588 252431 1 9494259 34030 1.8 21 12 1 6 92%  89 4679 407 30%
c - 415.40 16 14 77 589 252445 1 9518508 33015 1.8 20 11 1 6 92%  89 4679 407 30%
c - 416.50 16 14 77 590 252447 1 9542777 34233 1.8 20 11 1 6 92%  89 4679 407 30%
c - 417.57 18 13 77 591 252448 1 9567067 35032 1.8 20 11 1 6 92%  89 4679 407 30%
c - 418.81 18 13 77 592 252457 1 9591378 35140 1.8 20 11 1 6 92%  89 4679 407 30%
c - 419.88 16 13 77 593 252468 1 9615709 34101 1.8 20 11 1 6 92%  89 4679 407 30%
c - 421.00 16 13 77 594 252478 1 9640061 33770 1.8 20 11 1 6 91%  89 4679 407 30%
c u 422.48 18 13 77 594 252483 1 9663989 45041 1.8 19 11 1 6 91%  90 4679 407 30%
c v 422.70 18 13 77 594 252483 1 9663989 42340 1.8 19 11 1 6 91%  90 4679 407 30%
c w 423.17 18 13 77 594 252483 1 9663989 32994 1.8 19 11 1 6 91%  90 4679 407 30%
c o 423.17 18 13 77 594 252483 1 9663989 32994 1.8 19 11 1 6 91%  90 4679 407 30%
c - 423.19 18 13 77 595 252483 1 9664434 27787 1.8 19 11 1 6 91%  90 4679 407 30%
c - 424.25 18 13 77 596 252494 1 9688826 30392 1.7 19 11 1 6 91%  90 4679 407 30%
c - 425.17 18 13 77 597 252508 1 9713239 29880 1.7 19 11 1 6 91%  90 4679 407 30%
c - 426.14 16 14 77 598 252510 1 9737674 30436 1.7 20 11 1 6 91%  90 4679 407 30%
c O 426.38 16 13 77 598 252511 1 9743883 34388 1.7 20 11 1 6 91%  90 4679 407 30%
c
c seconds    switched       rate           size/glue  tier1   binary      remaining
c         MB   reductions      conflicts         size   tier2   irredundant
c          level      restarts        redundant     glue   trail      variables
c
c ] 426.93 18 13 78 598 252511 1 9757474 43135 1.8 20 11 1 6 91%  90 4679 407 30%
c { 426.93 18 15 78 598 252511 1 9757474 43135 2.3 26 11 1 3 89%  90 4679 407 30%
c - 427.13 16 15 78 599 252643 1 9762128 32256 2.3 26 11 1 3 89%  90 4679 407 30%
c - 428.14 18 15 78 600 252763 1 9786603 34349 2.2 24 11 1 3 89%  90 4679 407 30%
c - 429.34 18 14 78 601 254139 1 9811097 37101 2.1 23 11 1 3 89%  90 4679 407 30%
c - 430.58 19 15 78 602 256034 1 9835612 39902 2.2 24 11 1 3 89%  90 4679 407 30%
c s 430.86 19 15 78 602 256532 1 9840835 44399 2.2 24 11 1 3 89%  90 4676 407 30%
c e 430.86 19 15 78 602 256532 1 9840835 44399 2.2 24 11 1 3 89%  86 4687 406 30%
c - 431.87 19 15 78 603 257093 1 9860148 40226 2.2 24 11 1 3 89%  86 4687 406 30%
c - 433.34 19 15 78 604 258971 1 9884704 42042 2.2 24 11 1 3 88%  86 4687 406 30%
c - 434.60 19 15 78 605 259698 1 9909280 42681 2.1 23 11 1 3 88%  86 4687 406 30%
c - 436.00 20 15 78 606 262463 1 9933877 43139 2.1 24 11 1 3 89%  86 4687 406 30%
c - 437.35 20 15 78 607 264448 2 9958495 42336 2.1 24 11 1 3 88%  86 4687 406 30%
c - 438.56 20 15 78 608 265030 1 9983134 42063 2.1 23 11 1 3 89%  86 4687 406 30%
c - 439.58 20 14 78 609 265663 1 10007791 41841 2.0 22 11 1 3 89%  86 4687 406 30%
c u 440.87 20 15 78 609 266549 1 10026411 54520 2.1 22 11 1 3 89%  86 4687 406 30%
c v 441.23 20 15 78 609 266549 1 10026411 50197 2.1 22 11 1 3 89%  86 4687 406 30%
c w 441.59 20 15 78 609 266549 1 10026411 48258 2.1 22 11 1 3 89%  86 4687 406 30%
c - 441.96 20 15 78 610 266799 1 10032469 37807 2.1 23 11 1 3 89%  86 4687 406 30%
c - 443.32 20 15 78 611 267469 1 10057167 40511 2.1 22 11 1 3 88%  86 4687 406 30%
c
c seconds    switched       rate            size/glue  tier1   binary      remaining
c         MB   reductions      conflicts          size   tier2   irredundant
c          level      restarts         redundant     glue   trail      variables
c
c } 443.96 20 15 79 611 268630 1 10069064 50003 2.1 23 11 1 3 89%  86 4687 406 30%
c [ 443.96 20 13 79 611 268630 1 10069064 50003 1.8 20 11 1 6 91%  86 4687 406 30%
c - 444.56 20 14 79 612 268637 1 10081887 41048 1.8 20 11 1 6 91%  86 4687 406 30%
c - 445.85 20 13 79 613 268648 1 10106627 37266 1.8 20 11 1 6 91%  86 4687 406 30%
c B 446.29 20 13 79 613 268654 1 10116954 43685 1.8 20 11 1 6 91%  86 4687 406 30%
c o 446.29 20 13 79 613 268654 1 10116954 43685 1.8 20 11 1 6 91%  86 4687 406 30%
c - 446.97 20 13 79 614 268659 1 10131386 35550 1.8 20 11 1 6 91%  86 4687 406 30%
c - 448.10 17 13 79 615 268664 1 10156165 34600 1.8 20 11 1 6 91%  86 4687 406 30%
c - 449.41 17 13 79 616 268675 1 10180965 34710 1.8 20 11 1 6 91%  86 4687 406 30%
c - 450.56 19 13 79 617 268689 1 10205784 36767 1.8 20 11 1 6 91%  86 4687 406 30%
c - 451.54 20 13 79 618 268691 1 10230626 38156 1.8 20 11 1 6 91%  86 4687 406 30%
c - 452.48 20 13 79 619 268692 1 10255486 36206 1.8 20 11 1 6 90%  86 4687 406 30%
c - 453.44 20 13 79 620 268702 1 10280365 36646 1.9 20 11 1 6 90%  86 4687 406 30%
c - 454.47 20 13 79 621 268713 1 10305267 37905 1.9 20 11 1 6 90%  86 4687 406 30%
c - 455.50 20 13 79 622 268722 1 10330188 36613 2.0 21 11 1 6 90%  86 4687 406 30%
c - 456.48 20 13 79 623 268729 1 10355128 35745 2.0 21 11 1 6 90%  86 4687 406 30%
c - 457.50 20 13 79 624 268738 1 10380088 36060 2.0 20 10 1 6 90%  86 4687 406 30%
c u 458.43 20 12 79 624 268748 1 10396076 43241 1.9 20 10 1 6 90%  87 4687 406 30%
c v 458.70 20 12 79 624 268748 1 10396076 39479 1.9 20 10 1 6 90%  87 4687 406 30%
c w 458.96 20 12 79 624 268748 1 10396076 31160 1.9 20 10 1 6 90%  87 4687 406 30%
c
c seconds    switched       rate            size/glue  tier1   binary      remaining
c         MB   reductions      conflicts          size   tier2   irredundant
c          level      restarts         redundant     glue   trail      variables
c
c - 459.27 17 13 79 625 268752 1 10405067 28735 1.9 20 10 1 6 90%  87 4687 406 30%
c - 460.09 19 12 79 626 268755 1 10430067 30960 1.9 19 10 1 6 90%  87 4687 406 30%
c ] 460.62 19 12 80 626 268755 1 10445024 40508 1.8 19 10 1 6 89%  87 4687 406 30%
c { 460.62 19 15 80 626 268755 1 10445024 40508 2.1 23 11 1 3 89%  87 4687 406 30%
c - 461.01 19 15 80 627 268847 1 10455088 33771 2.1 22 11 1 3 88%  87 4687 406 30%
c - 462.09 19 14 80 628 270254 1 10480127 37006 2.0 22 11 1 3 89%  88 4686 406 30%
c - 463.44 20 14 80 629 270749 1 10505187 39083 2.2 23 10 1 3 89%  88 4686 406 30%
c - 465.02 20 14 80 630 271417 1 10530267 42373 2.3 23 10 1 3 89%  88 4686 406 30%
c o 465.98 20 14 80 630 272336 1 10548151 57166 2.4 24 10 1 3 89%  88 4686 406 30%
c - 466.39 21 14 80 631 273108 1 10555367 44364 2.3 24 10 1 3 89%  88 4686 406 30%
c - 467.56 21 13 80 632 273671 1 10580487 44151 2.2 22 10 1 3 89%  90 4686 406 30%
c - 468.99 21 14 80 633 275676 1 10605626 44772 2.2 23 10 1 3 89%  92 4684 406 30%
c - 470.24 21 14 80 634 277586 1 10630785 42890 2.1 22 10 1 3 89%  92 4684 406 30%
c - 471.35 21 13 80 635 278013 1 10655965 41701 2.1 21 10 1 3 90%  93 4684 406 30%
c - 472.64 21 13 80 636 279399 1 10681164 43589 2.1 21 10 1 3 90%  93 4684 406 30%
c - 473.96 21 13 80 637 279926 1 10706384 43394 2.1 21 10 1 3 90%  93 4684 406 30%
c - 475.46 21 14 80 638 282200 1 10731622 45120 2.1 21 10 1 3 90%  93 4684 406 30%
c - 476.82 21 13 80 639 283696 1 10756881 44546 2.0 21 10 1 3 90%  94 4684 406 30%
c } 477.63 21 13 81 639 284097 1 10771467 54898 2.1 21 10 1 3 90%  96 4684 406 30%
c [ 477.63 21 12 81 639 284097 1 10771467 54898 1.8 19 10 1 6 89%  96 4684 406 30%
c
c seconds    switched       rate            size/glue  tier1   binary      remaining
c         MB   reductions      conflicts          size   tier2   irredundant
c          level      restarts         redundant     glue   trail      variables
c
c W 477.75 21 12 81 639 284097 1 10771467 54898 1.8 19 10 1 6 89%  96 4684 406 30%
c u 478.15 21 12 81 639 284098 1 10773019 52863 1.8 19 10 1 6 89% 113 4684 406 30%
c v 478.61 21 12 81 639 284098 1 10773019 47290 1.8 19 10 1 6 89% 109 4684 406 30%
c w 479.00 21 12 81 639 284098 1 10773019 44286 1.8 19 10 1 6 89% 109 4684 406 30%
c t 479.00 21 12 81 639 284098 1 10773019 44286 1.8 19 10 1 6 89% 108 4684 406 30%
c - 479.36 21 13 81 640 284103 1 10782161 36808 1.8 19 10 1 6 90% 108 4684 406 30%
c s 480.19 21 13 81 640 284111 1 10803734 50689 1.8 20 11 1 6 90% 108 4570 406 30%
c e 480.19 21 13 81 640 284111 1 10803734 50689 1.8 20 11 1 6 90% 105 4598 404 30%
c s 480.20 21 13 81 640 284111 1 10803734 50689 1.8 20 11 1 6 90% 105 4574 404 30%
c - 480.33 21 13 81 641 284114 1 10807460 36020 1.8 20 11 1 6 90% 105 4574 404 30%
c - 481.39 21 13 81 642 284126 1 10832782 34824 1.9 20 10 1 6 90% 105 4574 404 30%
c - 482.36 21 13 81 643 284131 1 10858120 35349 1.8 19 10 1 6 90% 105 4574 404 30%
c - 483.33 21 12 81 644 284142 1 10883478 34814 1.8 19 10 1 6 90% 105 4574 404 30%
c - 484.34 21 12 81 645 284156 1 10908857 36186 1.9 19 10 1 6 90% 105 4574 404 30%
c - 485.36 21 12 81 646 284158 1 10934253 35952 1.8 18 10 1 6 89% 105 4574 404 30%
c - 486.33 21 12 81 647 284159 1 10959669 38273 1.9 18 10 1 6 89% 106 4574 404 30%
c - 487.45 21 12 81 648 284170 1 10985105 38602 1.9 19 10 1 6 88% 106 4574 404 30%
c - 488.59 21 12 81 649 284181 1 11010561 37162 1.9 19 10 1 6 88% 106 4574 404 30%
c - 489.76 21 12 81 650 284190 1 11036037 38592 1.9 19 10 1 6 89% 106 4574 404 30%
c - 490.93 21 11 81 651 284197 1 11061533 40236 1.9 18 9 1 6 89% 107 4574 404 30%
c
c seconds    switched       rate            size/glue tier1   binary      remaining
c         MB   reductions      conflicts          size  tier2   irredundant
c          level      restarts         redundant    glue   trail      variables
c
c i 491.21 21 11 81 651 284201 1 11067585 43471 1.9 18 9 1 6 89% 116 4574 403 29%
c o 491.21 21 11 81 651 284201 1 11067585 43471 1.9 18 9 1 6 89% 116 4574 403 29%
c - 492.12 17 11 81 652 284208 1 11087047 31304 1.9 18 9 1 6 89% 104 4574 403 29%
c - 493.22 17 12 81 653 284220 1 11112581 31849 1.9 18 10 1 5 90% 104 4574 403 29%
c - 494.37 19 12 81 654 284222 1 11138135 32686 1.9 18 9 1 5 90% 104 4574 403 29%
c u 495.49 19 12 81 654 284222 1 11157093 41065 1.9 18 10 1 5 90% 110 4452 403 29%
c v 495.76 19 12 81 654 284222 1 11157093 37397 1.9 18 10 1 5 90% 112 4452 403 29%
c w 496.14 19 12 81 654 284222 1 11157093 28938 1.9 18 10 1 5 90% 112 4452 403 29%
c t 497.97 35 12 81 654 284222 1 11157093 28938 1.9 18 10 1 5 90% 109 4452 403 29%
c ] 498.14 35 12 82 654 284222 1 11161493 31143 1.9 18 10 1 5 90% 109 4452 403 29%
c { 498.14 35 13 82 654 284222 1 11161493 31143 2.1 21 10 1 3 90% 109 4452 403 29%
c - 498.24 35 13 82 655 284222 1 11163708 26207 2.1 21 10 1 3 90% 109 4452 403 29%
c - 499.46 35 12 82 656 284263 1 11189301 31414 2.1 20 9 1 3 89% 110 4452 403 29%
c - 501.17 36 12 82 657 284284 1 11214913 39011 2.3 21 9 1 3 88% 112 4452 403 29%
c i 501.28 36 12 82 657 284284 1 11217079 40847 2.3 21 9 1 3 88% 118 4452 402 29%
c - 502.87 36 11 82 658 284292 1 11240545 43154 2.5 22 8 1 3 89% 109 4452 402 29%
c - 504.24 36 11 82 659 284361 1 11266196 43127 2.4 20 8 1 3 89% 110 4452 402 29%
c i 505.05 36 10 82 659 284444 1 11284026 52984 2.3 19 8 1 3 89% 124 4452 400 29%
c - 505.49 33 10 82 660 284497 1 11291868 32823 2.3 18 8 1 3 89% 131 4451 400 29%
c i 505.79 33 10 82 660 284497 1 11298061 35936 2.3 18 8 1 3 89% 145 4451 399 29%
c
c seconds    switched       rate            size/glue tier1   binary      remaining
c         MB   reductions      conflicts          size  tier2   irredundant
c          level      restarts         redundant    glue   trail      variables
c
c - 506.86 35 10 82 661 284758 1 11317561 32821 2.3 18 8 1 3 89% 159 4451 399 29%
c i 507.31 35 10 82 661 284785 1 11325708 38467 2.4 18 7 1 3 89% 176 4449 398 29%
c i 507.91 35 10 82 661 284789 1 11336236 46775 2.4 18 7 1 3 89% 192 4449 397 29%
c i 508.16 35 10 82 661 284789 1 11340496 50158 2.5 18 7 1 3 89% 206 4449 396 29%
c i 508.25 35 10 82 661 284789 1 11341858 51224 2.5 18 7 1 3 88% 222 4446 395 29%
c i 508.32 35 10 82 661 284789 1 11343189 51950 2.5 18 7 1 3 89% 234 4446 387 28%
c - 508.33 35 10 82 662 284789 1 11343270 32868 2.5 18 7 1 3 88% 220 4446 387 28%
c i 508.37 35 9 82 662 284789 1 11343840 33333 2.5 18 7 1 3 88% 228 4446 386 28%
c i 508.40 35 9 82 662 284789 1 11344526 33687 2.5 18 7 1 3 88% 238 4446 348 25%
c i 508.42 35 9 82 662 284789 1 11344899 33945 2.5 18 7 1 3 88% 242 4446 347 25%
c i 508.42 35 9 82 662 284789 1 11344900 33945 2.5 18 7 1 3 88% 242 4446 346 25%
c i 508.42 35 9 82 662 284789 1 11344902 33945 2.5 18 7 1 3 88% 243 4446 345 25%
c i 508.42 35 9 82 662 284789 1 11344903 33945 2.5 18 7 1 3 88% 243 4446 344 25%
c i 508.42 35 9 82 662 284789 1 11344933 33965 2.5 18 7 1 3 88% 247 4446 342 25%
c i 508.42 35 9 82 662 284789 1 11344999 33980 2.5 18 7 1 3 88% 255 4446 296 22%
c i 508.43 35 9 82 662 284789 1 11345091 34003 2.5 18 7 1 3 88% 262 4446 282 21%
c i 508.43 35 9 82 662 284789 1 11345177 34027 2.5 18 7 1 3 88% 267 4446 265 19%
c i 508.43 35 9 82 662 284789 1 11345200 34040 2.5 18 7 1 3 88% 268 4446 264 19%
c i 508.44 35 9 82 662 284789 1 11345225 34041 2.5 18 7 1 3 88% 273 4446 220 16%
c i 508.44 35 9 82 662 284789 1 11345226 34041 2.5 18 7 1 3 88% 273 4446 213 16%
c
c seconds   switched       rate            size/glue tier1   binary      remaining
c         MB  reductions      conflicts          size  tier2   irredundant
c          level     restarts         redundant    glue   trail      variables
c
c i 508.44 35 9 82 662 284789 1 11345227 34041 2.5 18 7 1 3 88% 273 4446 212 16%
c i 508.44 35 9 82 662 284789 1 11345238 34042 2.5 18 7 1 3 88% 277 4446 176 13%
c i 508.44 35 9 82 662 284789 1 11345262 34053 2.5 18 7 1 3 88% 282 4446 174 13%
c i 508.44 35 9 82 662 284789 1 11345268 34055 2.5 18 7 1 3 88% 284 4446 149 11%
c i 508.44 35 9 82 662 284789 1 11345270 34055 2.5 18 7 1 3 88% 285 4446 76 6%
c i 508.44 35 9 82 662 284789 1 11345272 34055 2.5 18 7 1 3 88% 286 4446 55 4%
c } 508.44 35 9 82 662 284789 1 11345274 34055 2.5 18 7 1 3 88% 286 4446 20 1%
c 0 508.44 35 9 82 662 284789 1 11345274 34055 2.5 18 7 1 3 88% 286 4446 20 1%
c
c ---- [ result ] ------------------------------------------------------------
c
s UNSATISFIABLE
c
c ---- [ profiling ] ---------------------------------------------------------
c
c         475.36   93.49 %  search
c         243.04   47.80 %  focused
c         232.32   45.69 %  stable
c          33.06    6.50 %  simplify
c          32.45    6.38 %  probe
c          24.63    4.84 %  vivify
c           7.57    1.49 %  sweep
c           1.96    0.39 %  reduce
c           0.54    0.11 %  walking
c           0.18    0.03 %  substitute
c           0.08    0.02 %  eliminate
c           0.05    0.01 %  factor
c           0.02    0.00 %  preprocess
c           0.01    0.00 %  subsume
c           0.01    0.00 %  congruence
c           0.01    0.00 %  transitive
c           0.00    0.00 %  backbone
c           0.00    0.00 %  lucky
c           0.00    0.00 %  parse
c =============================================
c         508.44  100.00 %  total
c
c ---- [ statistics ] --------------------------------------------------------
c
c conflicts:                         11345274            22313.98 per second
c congruent:                               53                4 %  variables
c decisions:                         14285547                1.26 per conflict
c eliminated:                             942               69 %  variables
c factored:                                68                5 %  variables
c iterations:                              31                2 %  variables
c propagations:                    1339804686          2635139    per second
c reductions:                             662            17138    interval
c reordered:                               45           252117    interval
c rephased:                                62           182988    interval
c restarts:                            284789               40    interval
c strengthened:                          1393                0 %  checks
c substituted:                             82                6 %  variables
c subsumed:                               864                0 %  checks
c switched:                                82           138357    interval
c vivified:                            566434               38 %  checks
c walks:                                   21           540251    interval
c
c ---- [ glue usage ] --------------------------------------------------------
c
c focused glue 1 used 85070293 clauses 74.80% accumulated 74.80% tier1
c focused glue 2 used 14089510 clauses 12.39% accumulated 87.19%
c focused glue 3 used  4324267 clauses  3.80% accumulated 91.00% tier2
c
c stable glue 1 used 89535131 clauses 67.11% accumulated 67.11% tier1
c stable glue 2 used 16435585 clauses 12.32% accumulated 79.43%
c stable glue 3 used  6302102 clauses  4.72% accumulated 84.15%
c stable glue 4 used  4340229 clauses  3.25% accumulated 87.40%
c stable glue 5 used  3531609 clauses  2.65% accumulated 90.05% tier2
c
c ---- [ resources ] ---------------------------------------------------------
c
c maximum-resident-set-size:        424259584 bytes        405 MB
c process-time:                         8m 28s             508.44 seconds
c
c ---- [ shutting down ] -----------------------------------------------------
c
c exit 20
