c ---- [ banner ] ------------------------------------------------------------
c
c Kissat SAT Solver
c 
c Copyright (c) 2021-2024 Armin Biere University of Freiburg
c Copyright (c) 2019-2021 Armin Biere Johannes Kepler University Linz
c 
c Version 4.0.4 8af8e56f174b778aef3aa45af9f739b2a5f492c2
c gcc (GCC) 15.2.1 20260123 (Red Hat 15.2.1-7) -W -Wall -O3 -DNDEBUG
c Thu Apr 23 06:47:51 PM IST 2026 Linux krishnendu-LN 6.19.12-200.fc43.x86_64 x86_64
c
c ---- [ parsing ] -----------------------------------------------------------
c
c opened and reading DIMACS file:
c
c   /home/krishnendu/Research/fv-invariant-mining/data/circuits/cnf/miter_mult_11bit.cnf
c
c parsed 'p cnf 1368 5184' header
c closing input after reading 82324 bytes (80 KB)
c finished parsing after 0.00 seconds
c
c ---- [ options ] -----------------------------------------------------------
c
c --decay=70                       (different from default '50')
c --eliminateeffort=1700           (different from default '100')
c
c ---- [ solving ] -----------------------------------------------------------
c
c seconds switched rate     size/glue tier1  binary       remaining
c        MB reductions conflicts size  tier2   irredundant
c         level restarts redundant glue  trail       variables
c
c *  0.00  3 0 0 0  0 0   0   0 0.0 0 0 0 0 0% 1797 3385 1365 100%
c (  0.00  3 0 0 0  0 0   0   0 0.0 0 0 0 0 0% 1797 3385 1365 100%
c .  0.00  3 0 0 0  0 0   0   0 0.0 0 0 0 0 0% 1793 3385 1365 100%
c c  0.00  4 0 0 0  0 0   0   0 0.0 0 0 0 0 0% 1876 3383 1312 96%
c d  0.00  4 0 0 0  0 0   0   0 0.0 0 0 0 0 0% 1688 3383 1312 96%
c =  0.02  4 0 0 0  0 0   0   0 0.0 0 0 0 0 0% 1698 3373 1306 96%
c d  0.02  4 0 0 0  0 0   0   0 0.0 0 0 0 0 0% 1684 3373 1306 96%
c f  0.02  4 0 0 0  0 0   0   0 0.0 0 0 0 0 0% 1653 3352 1334 98%
c )  0.02  4 0 0 0  0 0   0   0 0.0 0 0 0 0 0% 1653 3352 1334 98%
c {  0.02  4 0 0 0  0 0   0   0 0.0 0 0 2 6 0% 1653 3352 1334 98%
c -  0.05  4 20 0 1 127 3 1000 593 3.1 30 10 3 12 80% 1674 3352 1334 98%
c }  0.05  4 20 1 1 127 3 1000 593 3.1 30 10 3 12 80% 1674 3352 1334 98%
c [  0.05  4 0 1 1 127 0 1000 593 0.0 0 0 2 6 0% 1674 3352 1334 98%
c B  0.05  4 44 1 1 127 10 1003 596 1.9 10 5 2 6 45% 1674 3352 1334 98%
c -  0.07  5 27 1 2 127 1 2000 1394 3.3 29 9 3 10 87% 1675 3352 1334 98%
c W  0.08  4 27 1 2 127 1 2004 1398 3.3 29 9 3 10 87% 1675 3352 1334 98%
c ]  0.09  4 24 2 2 128 1 2613 1940 2.7 27 10 3 11 85% 1675 3352 1334 98%
c {  0.09  4 20 2 2 128 3 2613 1940 3.1 30 10 3 12 80% 1675 3352 1334 98%
c u  0.12  5 20 2 2 276 3 3261 2373 2.9 31 10 3 12 80% 1687 3352 1334 98%
c v  0.12  5 20 2 2 276 3 3261 2312 2.9 31 10 3 12 80% 1687 3352 1334 98%
c
c seconds  switched  rate       size/glue  tier1     binary       remaining
c        MB reductions conflicts      size   tier2     irredundant
c         level restarts   redundant     glue    trail       variables
c
c w  0.12  5 20 2 2 276 3 3261 2310 2.9 31 10 3 12 80% 1687 3352 1334 98%
c x  0.13  5 20 2 2 276 3 3261 2310 2.9 31 10 3 12 80% 1703 3291 1334 98%
c =  0.14  5 20 2 2 276 3 3261 2310 2.9 31 10 3 12 80% 1727 3286 1322 97%
c d  0.14  5 20 2 2 276 3 3261 2310 2.9 31 10 3 12 80% 1691 3286 1322 97%
c t  0.14  5 20 2 2 276 3 3261 2310 2.9 31 10 3 12 80% 1676 3286 1322 97%
c f  0.14  5 20 2 2 276 3 3261 2310 2.9 31 10 3 12 80% 1674 3286 1324 97%
c u  0.14  5 20 2 2 276 3 3261 2282 2.9 31 10 3 12 80% 1674 3286 1324 97%
c v  0.15  5 20 2 2 276 3 3261 2246 2.9 31 10 3 12 80% 1674 3286 1324 97%
c w  0.15  5 20 2 2 276 3 3261 2243 2.9 31 10 3 12 80% 1674 3286 1324 97%
c x  0.15  5 20 2 2 276 3 3261 2243 2.9 31 10 3 12 80% 1674 3279 1324 97%
c =  0.17  5 20 2 2 276 3 3261 2243 2.9 31 10 3 12 80% 1698 3279 1312 96%
c d  0.17  5 20 2 2 276 3 3261 2243 2.9 31 10 3 12 80% 1662 3279 1312 96%
c -  0.18  5 19 2 3 321 3 3414 1768 2.9 30 11 2 11 78% 1662 3279 1312 96%
c }  0.18  5 19 3 3 346 3 3614 1965 3.1 33 11 2 11 79% 1662 3279 1312 96%
c [  0.18  5 24 3 3 346 1 3614 1965 2.7 27 10 3 11 85% 1662 3279 1312 96%
c I  0.21  5 22 3 3 346 1 4264 2554 3.1 33 11 3 11 88% 1662 3279 1312 96%
c -  0.22  6 21 3 4 347 1 5147 2544 2.7 30 11 3 13 90% 1662 3279 1312 96%
c ]  0.22  6 21 4 4 347 1 5258 2634 2.7 30 11 3 13 90% 1662 3279 1312 96%
c {  0.22  6 19 4 4 347 3 5258 2634 3.1 33 11 2 11 79% 1662 3279 1312 96%
c -  0.27  6 24 4 5 373 2 7147 3530 2.7 28 10 2 11 70% 1674 3279 1312 96%
c
c seconds  switched  rate       size/glue  tier1     binary       remaining
c        MB reductions conflicts      size   tier2     irredundant
c         level restarts   redundant     glue    trail       variables
c
c }  0.28  6 24 5 5 382 2 7610 3976 2.8 28 10 2 11 71% 1677 3279 1312 96%
c [  0.28  6 21 5 5 382 1 7610 3976 2.7 30 11 3 13 90% 1677 3279 1312 96%
c B  0.30  6 20 5 5 382 1 8037 4381 2.9 30 11 3 13 89% 1678 3279 1312 96%
c -  0.33  6 19 5 6 383 1 9384 4233 2.5 29 12 2 13 90% 1681 3279 1312 96%
c u  0.34  5 19 5 6 384 1 10057 4519 2.4 29 12 2 13 90% 1689 3279 1312 96%
c v  0.35  5 19 5 6 384 1 10057 4483 2.4 29 12 2 13 90% 1689 3279 1312 96%
c w  0.35  5 19 5 6 384 1 10057 4476 2.4 29 12 2 13 90% 1689 3279 1312 96%
c t  0.37  5 19 5 6 384 1 10057 4476 2.4 29 12 2 13 90% 1684 3279 1312 96%
c o  0.37  5 19 5 6 384 1 10057 4476 2.4 29 12 2 13 90% 1684 3279 1312 96%
c ]  0.38  5 19 6 6 384 1 10509 4823 2.4 29 12 2 13 91% 1684 3279 1312 96%
c {  0.38  5 24 6 6 384 2 10509 4823 2.8 28 10 2 11 71% 1684 3279 1312 96%
c i  0.40  5 24 6 6 419 2 11828 5924 2.7 25 9 2 11 70% 1692 3279 1310 96%
c -  0.40  5 24 6 7 419 2 11833 3958 2.7 25 9 2 11 70% 1684 3279 1310 96%
c -  0.45  6 23 6 8 675 2 14478 5083 2.5 24 9 3 11 69% 1687 3279 1310 96%
c }  0.45  6 23 7 8 715 2 14579 5172 2.5 24 9 3 11 69% 1687 3279 1310 96%
c [  0.45  6 19 7 8 715 1 14579 5172 2.4 29 12 2 13 91% 1687 3279 1310 96%
c W  0.45  6 19 7 8 715 1 14579 5172 2.4 29 12 2 13 91% 1687 3273 1310 96%
c s  0.49  6 19 7 8 716 1 16300 6417 2.2 27 13 2 13 91% 1692 3265 1310 96%
c e  0.50  6 19 7 8 716 1 16300 6417 2.2 27 13 2 13 91% 458 3991 793 58%
c 2  0.50  6 19 7 8 716 1 16300 6417 2.2 27 13 2 13 91% 456 3991 793 58%
c
c seconds  switched  rate        size/glue  tier1    binary      remaining
c        MB reductions conflicts       size   tier2    irredundant
c         level restarts    redundant     glue    trail      variables
c
c s  0.50  6 19 7 8 716 1 16300 6417 2.2 27 13 2 13 91% 461 3876 793 58%
c e  0.50  6 19 7 8 716 1 16300 6417 2.2 27 13 2 13 91% 427 3906 779 57%
c ^  0.50  6 19 7 8 716 1 16300 6417 2.2 27 13 2 13 91% 427 3906 779 57%
c -  0.52  6 19 7 9 717 1 17307 2336 2.1 27 13 3 14 91% 427 3906 779 57%
c ]  0.53  6 19 8 9 717 1 17969 2898 2.1 27 13 3 14 90% 427 3906 779 57%
c {  0.53  6 23 8 9 717 2 17969 2898 2.5 24 9 3 11 69% 427 3906 779 57%
c o  0.61  6 21 8 9 842 2 20059 4836 2.9 26 9 3 11 74% 427 3906 779 57%
c -  0.62  6 21 8 10 905 2 20308 4157 2.9 26 9 2 10 74% 427 3906 779 57%
c u  0.63  6 21 8 10 973 3 20602 4219 2.8 26 9 2 10 74% 427 3906 779 57%
c v  0.64  7 21 8 10 973 3 20602 3964 2.8 26 9 2 10 74% 427 3906 779 57%
c w  0.64  7 21 8 10 973 3 20602 3945 2.8 26 9 2 10 74% 427 3906 779 57%
c x  0.65  6 21 8 10 973 3 20602 3943 2.8 26 9 2 10 74% 429 3779 779 57%
c t  0.65  6 21 8 10 973 3 20602 3943 2.8 26 9 2 10 74% 425 3779 779 57%
c f  0.65  6 21 8 10 973 3 20602 3943 2.8 26 9 2 10 74% 486 3644 813 59%
c u  0.65  6 21 8 10 973 3 20602 3919 2.8 26 9 2 10 74% 486 3644 813 59%
c v  0.66  6 21 8 10 973 3 20602 3671 2.8 26 9 2 10 74% 486 3644 813 59%
c w  0.66  6 21 8 10 973 3 20602 3650 2.8 26 9 2 10 74% 486 3644 813 59%
c x  0.66  6 21 8 10 973 3 20602 3650 2.8 26 9 2 10 74% 489 3604 813 59%
c f  0.67  6 21 8 10 973 3 20602 3650 2.8 26 9 2 10 74% 497 3592 815 60%
c -  0.74  7 22 8 11 1288 3 23470 5351 2.7 26 9 2 9 73% 502 3592 815 60%
c
c seconds  switched    rate        size/glue tier1   binary      remaining
c        MB  reductions  conflicts       size  tier2   irredundant
c         level   restarts    redundant    glue   trail      variables
c
c }  0.76  7 21 9 11 1288 3 24128 5966 2.7 26 9 2 9 73% 502 3592 815 60%
c [  0.76  7 19 9 11 1288 1 24128 5966 2.1 27 13 3 14 90% 502 3592 815 60%
c O  0.76  7 19 9 11 1288 1 24128 5966 2.1 27 13 3 14 90% 502 3592 815 60%
c -  0.82  7 19 9 12 1290 1 26786 6054 2.0 26 13 3 14 87% 502 3592 815 60%
c ]  0.92  7 19 10 12 1292 1 30234 8295 1.9 25 13 3 14 86% 504 3592 815 60%
c {  0.92  7 21 10 12 1292 3 30234 8295 2.7 26 9 2 9 73% 504 3592 815 60%
c -  0.92  7 21 10 13 1292 3 30250 5772 2.7 26 9 2 9 73% 504 3592 815 60%
c s  1.02  7 21 10 13 1584 3 32976 8299 2.7 26 10 2 9 74% 507 3591 815 60%
c e  1.03  7 21 10 13 1584 3 32976 8299 2.7 26 10 2 9 74% 407 3758 721 53%
c s  1.03  7 21 10 13 1584 3 32976 8299 2.7 26 10 2 9 74% 408 3727 721 53%
c e  1.03  7 21 10 13 1584 3 32976 8299 2.7 26 10 2 9 74% 397 3741 717 52%
c ^  1.03  7 21 10 13 1584 3 32976 8299 2.7 26 10 2 9 74% 397 3741 717 52%
c -  1.06  6 21 10 14 1701 3 33855 4107 2.7 26 10 2 8 75% 397 3741 717 52%
c u  1.12  6 21 10 14 1793 3 35583 5205 2.7 27 10 2 8 75% 398 3741 717 52%
c v  1.13  6 21 10 14 1793 3 35583 4961 2.7 27 10 2 8 75% 398 3741 717 52%
c w  1.13  6 21 10 14 1793 3 35583 4653 2.7 27 10 2 8 75% 398 3741 717 52%
c x  1.14  6 21 10 14 1793 3 35583 4652 2.7 27 10 2 8 75% 401 3683 717 52%
c t  1.14  6 21 10 14 1793 3 35583 4652 2.7 27 10 2 8 75% 400 3683 717 52%
c f  1.14  6 21 10 14 1793 3 35583 4652 2.7 27 10 2 8 75% 407 3664 721 53%
c u  1.14  6 21 10 14 1793 3 35583 4582 2.7 27 10 2 8 75% 407 3664 721 53%
c
c seconds   switched    rate        size/glue  tier1   binary      remaining
c        MB   reductions  conflicts       size   tier2   irredundant
c         level    restarts    redundant     glue   trail      variables
c
c v  1.16  6 21 10 14 1793 3 35583 4412 2.7 27 10 2 8 75% 407 3664 721 53%
c w  1.16  6 21 10 14 1793 3 35583 4286 2.7 27 10 2 8 75% 407 3664 721 53%
c x  1.17  6 21 10 14 1793 3 35583 4286 2.7 27 10 2 8 75% 407 3661 721 53%
c -  1.23  7 21 10 15 2194 3 37596 4897 2.6 27 10 2 8 75% 409 3661 721 53%
c }  1.26  7 21 11 15 2194 3 38864 6120 2.7 27 10 2 8 76% 410 3661 721 53%
c [  1.26  7 19 11 15 2194 1 38864 6120 1.9 25 13 3 14 86% 410 3661 721 53%
c B  1.26  7 19 11 15 2194 1 38864 6120 1.9 25 13 3 14 86% 410 3661 721 53%
c -  1.32  7 19 11 16 2196 1 41469 6192 1.9 25 14 2 13 87% 410 3661 721 53%
c -  1.42  7 19 11 17 2199 1 45469 6141 1.8 25 14 2 13 87% 410 3661 721 53%
c -  1.50  7 19 11 18 2200 1 49593 6016 1.8 25 14 2 13 88% 410 3661 721 53%
c W  1.54  6 19 11 18 2200 1 51086 7295 1.8 25 14 2 13 88% 410 3661 721 53%
c o  1.54  6 19 11 18 2200 1 51086 7295 1.8 25 14 2 13 88% 410 3661 721 53%
c ]  1.55  6 19 12 18 2201 1 51834 7798 1.8 25 14 2 13 88% 411 3661 721 53%
c {  1.55  6 21 12 18 2201 3 51834 7798 2.7 27 10 2 8 76% 411 3661 721 53%
c -  1.63  7 21 12 19 2334 3 53835 7172 2.7 28 10 2 7 77% 413 3661 721 53%
c u  1.68  7 21 12 19 2553 3 54888 7661 2.7 27 10 2 7 78% 413 3661 721 53%
c v  1.70  7 21 12 19 2553 3 54888 7337 2.7 27 10 2 7 78% 413 3661 721 53%
c w  1.71  8 21 12 19 2553 3 54888 7091 2.7 27 10 2 7 78% 413 3661 721 53%
c t  1.76  8 21 12 19 2553 3 54888 7091 2.7 27 10 2 7 78% 412 3661 721 53%
c -  1.87  7 21 12 20 2969 3 58193 8105 2.7 28 10 1 6 78% 412 3661 721 53%
c
c seconds   switched    rate         size/glue  tier1   binary      remaining
c        MB   reductions  conflicts        size   tier2   irredundant
c         level    restarts     redundant     glue   trail      variables
c
c -  2.06  7 20 12 21 3108 2 62665 10014 2.9 30 10 1 5 80% 414 3661 721 53%
c }  2.09  8 20 13 21 3108 2 63314 10645 3.0 30 10 1 5 80% 414 3661 721 53%
c [  2.09  8 19 13 21 3108 1 63314 10645 1.8 25 14 2 13 88% 414 3661 721 53%
c I  2.17  8 18 13 21 3110 1 65991 13084 1.9 26 14 2 13 89% 414 3661 721 53%
c -  2.20  8 18 13 22 3110 1 67248 11243 1.9 26 14 2 13 89% 414 3661 721 53%
c s  2.24  8 18 13 22 3112 1 69394 12811 1.9 26 14 2 13 89% 414 3660 721 53%
c e  2.24  8 18 13 22 3112 1 69394 12811 1.9 26 14 2 13 89% 312 3885 650 48%
c s  2.24  8 18 13 22 3112 1 69394 12811 1.9 26 14 2 13 89% 312 3868 650 48%
c ^  2.25  8 18 13 22 3112 1 69394 12811 1.9 26 14 2 13 89% 312 3868 650 48%
c -  2.29  6 18 13 23 3114 1 71938 4947 1.8 25 14 2 13 89% 312 3868 650 48%
c -  2.38  7 18 13 24 3116 1 76733 5745 1.8 25 14 2 13 89% 312 3868 650 48%
c u  2.42  7 18 13 24 3117 1 78634 7154 1.8 25 14 2 13 89% 314 3868 650 48%
c v  2.43  7 18 13 24 3117 1 78634 6396 1.8 25 14 2 13 89% 314 3868 650 48%
c w  2.44  7 18 13 24 3117 1 78634 5721 1.8 25 14 2 13 89% 314 3868 650 48%
c x  2.45  6 18 13 24 3117 1 78634 5719 1.8 25 14 2 13 89% 318 3820 650 48%
c t  2.45  6 18 13 24 3117 1 78634 5719 1.8 25 14 2 13 89% 317 3820 650 48%
c -  2.50  7 18 13 25 3119 1 81631 6046 1.8 25 14 2 13 89% 317 3820 650 48%
c B  2.53  7 18 13 25 3120 1 83793 7817 1.8 24 14 2 13 89% 317 3820 650 48%
c o  2.54  7 18 13 25 3120 1 83793 7817 1.8 24 14 2 13 89% 317 3820 650 48%
c -  2.58  7 18 13 26 3121 1 86631 7504 1.8 24 14 2 13 89% 317 3820 650 48%
c
c seconds   switched    rate        size/glue  tier1    binary      remaining
c        MB   reductions  conflicts       size   tier2    irredundant
c         level    restarts    redundant     glue    trail      variables
c
c ]  2.61  7 18 14 26 3122 1 88522 8952 1.8 24 14 2 13 89% 317 3820 650 48%
c {  2.61  7 20 14 26 3122 2 88522 8952 3.0 30 10 1 5 80% 317 3820 650 48%
c -  2.75  7 20 14 27 3589 2 91731 8989 2.9 30 10 1 5 81% 318 3820 650 48%
c -  2.94  7 20 14 28 4255 2 96929 10150 2.8 30 11 1 5 81% 318 3820 650 48%
c -  3.10  8 20 14 29 4508 2 102220 11956 2.9 31 11 1 5 81% 318 3820 650 48%
c }  3.13  8 20 15 29 4508 2 103237 12936 2.9 31 11 1 5 81% 318 3820 650 48%
c [  3.13  8 18 15 29 4508 1 103237 12936 1.8 24 14 2 13 89% 318 3820 650 48%
c W  3.17  7 18 15 29 4509 1 104704 14312 1.8 24 13 2 13 89% 318 3820 650 48%
c u  3.24  7 18 15 29 4510 1 106924 15344 1.8 24 14 2 13 89% 318 3820 650 48%
c v  3.25  7 18 15 29 4510 1 106924 15101 1.8 24 14 2 13 89% 318 3820 650 48%
c w  3.27 10 18 15 29 4510 1 106924 15068 1.8 24 14 2 13 89% 318 3820 650 48%
c x  3.28 10 18 15 29 4510 1 106924 15068 1.8 24 14 2 13 89% 318 3820 650 48%
c -  3.29  9 18 15 30 4511 1 107606 11283 1.8 24 14 2 12 89% 318 3820 650 48%
c -  3.40  8 18 15 31 4514 1 113083 9279 1.8 24 14 2 12 89% 318 3820 650 48%
c -  3.55  8 18 15 32 4517 1 118650 7733 1.8 24 14 2 12 88% 318 3820 650 48%
c -  3.65  8 18 15 33 4521 1 124307 8303 1.8 24 14 2 12 88% 318 3820 650 48%
c ]  3.72  8 18 16 33 4521 1 127311 10702 1.7 24 14 2 12 88% 318 3820 650 48%
c {  3.72  8 20 16 33 4521 2 127311 10702 2.9 31 11 1 5 81% 318 3820 650 48%
c o  3.72  8 20 16 33 4530 2 127412 10772 2.9 31 11 1 5 81% 318 3820 650 48%
c s  3.74  8 20 16 33 4678 2 127959 11245 2.9 31 11 1 5 81% 318 3819 650 48%
c
c seconds   switched    rate          size/glue  tier1   binary      remaining
c        MB   reductions  conflicts         size   tier2   irredundant
c         level    restarts      redundant     glue   trail      variables
c
c e  3.75  8 20 16 33 4678 2 127959 11245 2.9 31 11 1 5 81% 213 4153 585 43%
c s  3.75  8 20 16 33 4678 2 127959 11245 2.9 31 11 1 5 81% 215 4092 585 43%
c e  3.75  8 20 16 33 4678 2 127959 11245 2.9 31 11 1 5 81% 208 4106 583 43%
c ^  3.75  8 20 16 33 4678 2 127959 11245 2.9 31 11 1 5 81% 208 4106 583 43%
c -  3.81  8 20 16 34 4688 2 130051 7867 2.9 30 11 1 5 80% 209 4106 583 43%
c -  4.03  8 19 16 35 4936 2 135882 11326 2.9 30 10 1 5 79% 209 4106 583 43%
c u  4.20  9 19 16 35 5624 2 139985 14360 2.8 30 11 1 4 79% 209 4106 583 43%
c v  4.23  9 19 16 35 5624 2 139985 13639 2.8 30 11 1 4 79% 209 4106 583 43%
c w  4.25 10 19 16 35 5624 2 139985 13604 2.8 30 11 1 4 79% 209 4106 583 43%
c t  4.25 10 19 16 35 5624 2 139985 13604 2.8 30 11 1 4 79% 208 4106 583 43%
c -  4.32  9 19 16 36 5834 2 141798 11761 2.8 30 11 1 4 80% 208 4106 583 43%
c }  4.47  9 19 17 36 6633 2 145648 13891 2.7 30 11 1 4 80% 208 4106 583 43%
c [  4.47  9 18 17 36 6633 1 145648 13891 1.7 24 14 2 12 88% 208 4106 583 43%
c O  4.47  9 18 17 36 6633 1 145648 13891 1.7 24 14 2 12 88% 208 4106 583 43%
c -  4.53  9 18 17 37 6635 1 147800 10229 1.7 24 14 2 12 87% 208 4106 583 43%
c -  4.70  9 18 17 38 6639 1 153882 8590 1.7 24 14 2 12 87% 208 4106 583 43%
c -  4.89  9 17 17 39 6642 1 160047 7349 1.7 23 14 2 11 87% 208 4106 583 43%
c -  5.06  9 17 17 40 6646 1 166292 7479 1.7 23 14 2 11 87% 208 4106 583 43%
c ]  5.18  9 17 18 40 6647 1 170523 9894 1.7 23 14 2 11 88% 208 4106 583 43%
c {  5.18  9 19 18 40 6647 2 170523 9894 2.7 30 11 1 4 80% 208 4106 583 43%
c
c seconds   switched    rate         size/glue  tier1   binary      remaining
c        MB   reductions  conflicts        size   tier2   irredundant
c         level    restarts     redundant     glue   trail      variables
c
c -  5.26  9 19 18 41 6686 2 172617 8776 2.8 30 11 1 4 81% 208 4106 583 43%
c u  5.46  9 18 18 41 6686 2 177665 12938 2.9 31 11 1 4 82% 208 4106 583 43%
c v  5.48  9 18 18 41 6686 2 177665 12065 2.9 31 11 1 4 82% 208 4106 583 43%
c w  5.50 10 18 18 41 6686 2 177665 11664 2.9 31 11 1 4 82% 208 4106 583 43%
c x  5.51  8 18 18 41 6686 2 177665 11662 2.9 31 11 1 4 82% 210 4012 583 43%
c t  5.65  8 18 18 41 6686 2 177665 11662 2.9 31 11 1 4 82% 209 4012 583 43%
c o  5.65  8 18 18 41 6686 2 177665 11662 2.9 31 11 1 4 82% 209 4012 583 43%
c -  5.70  9 18 18 42 6749 2 179020 11326 2.9 31 11 1 4 82% 209 4012 583 43%
c -  5.88  9 18 18 43 6766 2 185500 14985 3.1 32 10 1 4 83% 209 4012 583 43%
c -  6.19 10 17 18 44 6770 2 192057 16298 3.2 33 10 1 4 84% 209 4012 583 43%
c }  6.23 10 17 19 44 6778 2 192868 17069 3.2 32 10 1 4 84% 209 4012 583 43%
c [  6.23 10 17 19 44 6778 1 192868 17069 1.7 23 14 2 11 88% 209 4012 583 43%
c B  6.23 10 17 19 44 6778 1 192868 17069 1.7 23 14 2 11 88% 209 4012 583 43%
c -  6.37 10 17 19 45 6782 1 198690 14352 1.7 23 14 2 11 88% 210 4012 583 43%
c -  6.54 10 17 19 46 6785 1 205399 10633 1.7 23 14 2 11 88% 210 4012 583 43%
c s  6.67 10 17 19 46 6789 1 210758 14163 1.7 23 14 2 11 88% 212 4007 583 43%
c e  6.68 10 17 19 46 6789 1 210758 14163 1.7 23 14 2 11 88% 140 4589 499 37%
c 2  6.68 10 17 19 46 6789 1 210758 14163 1.7 23 14 2 11 88% 138 4589 499 37%
c s  6.68 10 17 19 46 6789 1 210758 14163 1.7 23 14 2 11 88% 138 4428 499 37%
c e  6.68 10 17 19 46 6789 1 210758 14163 1.7 23 14 2 11 88% 130 4487 492 36%
c
c seconds   switched    rate          size/glue  tier1    binary      remaining
c        MB   reductions  conflicts         size   tier2    irredundant
c         level    restarts      redundant     glue    trail      variables
c
c ^  6.68 10 17 19 46 6789 1 210758 14163 1.7 23 14 2 11 88% 130 4487 492 36%
c -  6.71  7 17 19 47 6790 1 212181 4331 1.7 23 13 2 11 88% 130 4487 492 36%
c -  6.88  7 17 19 48 6792 1 219038 5417 1.7 23 13 2 10 88% 130 4487 492 36%
c u  6.92  7 17 19 48 6792 1 220466 5879 1.7 23 13 2 10 88% 130 4487 492 36%
c v  6.93  7 17 19 48 6792 1 220466 5272 1.7 23 13 2 10 88% 130 4487 492 36%
c w  6.97  7 17 19 48 6792 1 220466 4452 1.7 23 13 2 10 88% 130 4487 492 36%
c x  6.97  7 17 19 48 6792 1 220466 4450 1.7 23 13 2 10 88% 131 4316 492 36%
c t  6.97  7 17 19 48 6792 1 220466 4450 1.7 23 13 2 10 88% 128 4316 492 36%
c W  7.07  7 17 19 48 6792 1 224319 6767 1.7 23 13 2 10 88% 128 4316 492 36%
c -  7.10  7 17 19 49 6793 1 225966 5261 1.7 22 13 2 10 88% 128 4316 492 36%
c ]  7.12  7 17 20 49 6793 1 226730 5715 1.7 22 13 2 10 88% 128 4316 492 36%
c {  7.12  7 17 20 49 6793 2 226730 5715 3.2 32 10 1 4 84% 128 4316 492 36%
c -  7.31  7 18 20 50 7958 2 232968 7699 3.1 32 10 1 4 84% 128 4316 492 36%
c o  7.48  7 18 20 50 9012 2 237692 11238 3.0 32 11 1 4 84% 128 4316 492 36%
c -  7.55  7 18 20 51 9327 2 240042 8938 2.9 31 11 1 4 84% 128 4316 492 36%
c -  7.82  8 18 20 52 9897 2 247183 10891 2.9 31 11 1 4 84% 128 4316 492 36%
c }  8.03  8 17 21 52 9953 2 253469 16380 2.9 31 11 1 4 84% 128 4316 492 36%
c [  8.03  8 17 21 52 9953 1 253469 16380 1.7 22 13 2 10 88% 128 4316 492 36%
c -  8.07  8 17 21 53 9953 1 254394 13666 1.7 23 13 2 10 88% 128 4316 492 36%
c I  8.19  8 17 21 53 9958 1 259670 18559 1.8 24 13 2 10 88% 128 4316 492 36%
c
c seconds   switched    rate          size/glue  tier1    binary      remaining
c        MB   reductions  conflicts         size   tier2    irredundant
c         level    restarts      redundant     glue    trail      variables
c
c -  8.23  8 17 21 54 9958 1 261675 14809 1.8 24 13 2 10 88% 128 4316 492 36%
c u  8.36  8 17 21 54 9962 1 268000 18979 1.8 23 13 2 10 88% 128 4316 492 36%
c v  8.39  8 17 21 54 9962 1 268000 18344 1.8 23 13 2 10 88% 128 4316 492 36%
c w  8.42 12 17 21 54 9962 1 268000 18047 1.8 23 13 2 10 88% 128 4316 492 36%
c x  8.43 12 17 21 54 9962 1 268000 18046 1.8 23 13 2 10 88% 128 4300 492 36%
c -  8.46  9 17 21 55 9962 1 269023 10732 1.8 23 13 2 10 88% 128 4300 492 36%
c -  8.62  8 17 21 56 9966 1 276439 8397 1.7 23 13 2 10 88% 128 4300 492 36%
c -  8.80  8 17 21 57 9967 1 283923 7819 1.7 23 13 2 10 88% 128 4300 492 36%
c -  8.97  8 17 21 58 9971 1 291472 8394 1.7 23 13 2 10 89% 128 4300 492 36%
c ]  9.09  8 17 22 58 9974 1 296148 11138 1.7 23 13 2 10 89% 128 4300 492 36%
c {  9.09  8 17 22 58 9974 2 296148 11138 2.9 31 11 1 4 84% 128 4300 492 36%
c -  9.15  8 18 22 59 10435 2 299088 9438 2.9 31 11 1 4 84% 128 4300 492 36%
c -  9.31  8 18 22 60 11488 2 306771 11215 2.7 30 11 1 5 84% 128 4300 492 36%
c o  9.33  8 18 22 60 11697 2 307737 11912 2.7 30 11 1 5 84% 128 4300 492 36%
c -  9.47  9 18 22 61 12394 2 314516 12009 2.6 29 11 1 5 84% 128 4300 492 36%
c s  9.57  9 18 22 61 12673 2 319183 15811 2.5 29 11 1 5 84% 128 4299 492 36%
c e  9.57  8 18 22 61 12673 2 319183 15811 2.5 29 11 1 5 84%  73 5301 413 30%
c s  9.57  8 18 22 61 12673 2 319183 15811 2.5 29 11 1 5 84%  73 5027 413 30%
c e  9.58  8 18 22 61 12673 2 319183 15811 2.5 29 11 1 5 84%  72 5066 410 30%
c !  9.58  8 18 22 61 12673 2 319183 15811 2.5 29 11 1 5 84%  72 5066 410 30%
c
c seconds   switched     rate         size/glue  tier1   binary      remaining
c        MB   reductions   conflicts        size   tier2   irredundant
c         level    restarts      redundant     glue   trail      variables
c
c u  9.60  8 18 22 61 12736 2 320712 7883 2.5 28 11 1 5 84%  72 5066 410 30%
c v  9.62  8 18 22 61 12736 2 320712 6935 2.5 28 11 1 5 84%  72 5066 410 30%
c w  9.67  8 18 22 61 12736 2 320712 5821 2.5 28 11 1 5 84%  72 5066 410 30%
c f  9.67  8 18 22 61 12736 2 320712 5821 2.5 28 11 1 5 84%  71 5033 411 30%
c u  9.67  8 18 22 61 12736 2 320712 5779 2.5 28 11 1 5 84%  71 5033 411 30%
c v  9.69  8 18 22 61 12736 2 320712 5544 2.5 28 11 1 5 84%  71 5033 411 30%
c w  9.72  8 18 22 61 12736 2 320712 5261 2.5 28 11 1 5 84%  71 5033 411 30%
c x  9.73  8 18 22 61 12736 2 320712 5252 2.5 28 11 1 5 84%  73 4874 411 30%
c t  9.73  8 18 22 61 12736 2 320712 5252 2.5 28 11 1 5 84%  72 4874 411 30%
c -  9.76  6 18 22 62 13074 2 322327 4514 2.5 28 11 1 5 85%  72 4874 411 30%
c }  9.85  7 18 23 62 13883 2 327665 8771 2.4 28 11 1 5 85%  72 4874 411 30%
c [  9.85  7 17 23 62 13883 1 327665 8771 1.7 23 13 2 10 89%  72 4874 411 30%
c B  9.85  7 17 23 62 13883 1 327665 8771 1.7 23 13 2 10 89%  72 4874 411 30%
c -  9.91  7 17 23 63 13885 1 330201 6630 1.7 23 13 2 10 88%  72 4874 411 30%
c - 10.16  7 17 23 64 13889 1 338138 6219 1.7 22 13 2 9 88%  72 4874 411 30%
c - 10.39  6 17 23 65 13894 1 346139 5654 1.6 22 13 2 9 89%  72 4874 411 30%
c ] 10.44  7 17 24 65 13895 1 347801 6396 1.6 22 13 2 9 89%  72 4874 411 30%
c { 10.44  7 18 24 65 13895 2 347801 6396 2.4 28 11 1 5 85%  72 4874 411 30%
c - 10.62  7 18 24 66 14417 2 354203 8959 2.4 27 11 1 5 83%  72 4874 411 30%
c - 10.90  8 19 24 67 15413 2 362328 11285 2.4 28 12 1 5 84%  72 4874 411 30%
c
c seconds   switched     rate          size/glue  tier1   binary      remaining
c        MB   reductions   conflicts         size   tier2   irredundant
c         level    restarts       redundant     glue   trail      variables
c
c - 11.17  8 18 24 68 15683 2 370513 13354 2.5 28 11 1 5 85%  72 4874 411 30%
c u 11.43  8 18 24 68 16452 2 377708 18910 2.5 29 12 1 5 85%  72 4874 411 30%
c v 11.47 10 18 24 68 16452 2 377708 18429 2.5 29 12 1 5 85%  72 4874 411 30%
c w 11.49 12 18 24 68 16452 2 377708 18371 2.5 29 12 1 5 85%  72 4874 411 30%
c x 11.51 12 18 24 68 16452 2 377708 18368 2.5 29 12 1 5 85%  72 4842 411 30%
c - 11.73 10 19 24 69 16599 2 378760 12851 2.5 29 12 1 5 85%  72 4842 411 30%
c } 11.92 10 18 25 69 16696 2 384478 18131 2.5 29 12 1 5 85%  72 4842 411 30%
c [ 11.92 10 17 25 69 16696 1 384478 18131 1.6 22 13 2 9 89%  72 4842 411 30%
c W 11.93  8 17 25 69 16696 1 384478 18131 1.6 22 13 2 9 89%  72 4842 411 30%
c - 12.02  9 17 25 70 16698 1 387067 12131 1.6 22 13 2 9 89%  72 4842 411 30%
c o 12.20  9 17 25 70 16702 1 392714 15036 1.6 22 13 2 9 89%  72 4842 411 30%
c - 12.26  7 17 25 71 16702 1 395434 10407 1.6 22 13 2 9 89%  72 4842 411 30%
c - 12.42  8 17 25 72 16708 1 403860 8593 1.6 22 13 2 9 89%  72 4842 411 30%
c - 12.58  8 17 25 73 16710 1 412346 7816 1.6 22 13 2 9 89%  72 4842 411 30%
c - 12.78  8 16 25 74 16713 1 420891 7967 1.6 22 13 2 9 89%  72 4842 411 30%
c - 12.94  8 16 25 75 16717 1 429494 8384 1.6 21 13 2 9 89%  72 4842 411 30%
c O 13.00  8 16 25 75 16720 1 432639 10458 1.6 21 13 2 9 89%  72 4842 411 30%
c - 13.11  8 16 25 76 16724 1 438154 9113 1.6 21 13 2 9 89%  72 4842 411 30%
c ] 13.15  8 16 26 76 16724 1 439630 9832 1.6 21 13 2 9 89%  72 4842 411 30%
c { 13.15  8 18 26 76 16724 2 439630 9832 2.5 29 12 1 5 85%  72 4842 411 30%
c
c seconds   switched     rate         size/glue  tier1   binary      remaining
c        MB   reductions   conflicts        size   tier2   irredundant
c         level    restarts      redundant     glue   trail      variables
c
c u 13.17  8 18 26 76 16773 2 440027 9688 2.5 29 12 1 5 85%  72 4842 411 30%
c v 13.20  8 18 26 76 16773 2 440027 7919 2.5 29 12 1 5 85%  72 4842 411 30%
c w 13.22  8 18 26 76 16773 2 440027 7651 2.5 29 12 1 5 85%  72 4842 411 30%
c x 13.23  8 18 26 76 16773 2 440027 7647 2.5 29 12 1 5 85%  72 4834 411 30%
c - 13.46  8 19 26 77 18012 2 446871 8539 2.4 29 12 1 5 85%  72 4834 411 30%
c s 13.64  8 19 26 77 18067 2 453898 15069 2.4 28 12 1 5 84%  72 4833 411 30%
c e 13.64  8 19 26 77 18067 2 453898 15069 2.4 28 12 1 5 84%  69 4872 407 30%
c s 13.64  8 19 26 77 18067 2 453898 15069 2.4 28 12 1 5 84%  69 4841 407 30%
c - 13.70  8 19 26 78 18067 2 455645 11971 2.4 28 12 1 5 83%  69 4841 407 30%
c - 13.99  9 18 26 79 18067 2 464477 16437 2.6 29 11 1 5 83%  69 4841 407 30%
c - 14.33 10 18 26 80 18730 2 473365 18374 2.6 30 11 1 5 84%  69 4841 407 30%
c } 14.68 10 18 27 80 19002 2 481848 25453 2.6 29 11 1 5 84%  69 4841 407 30%
c [ 14.68 10 16 27 80 19002 1 481848 25453 1.6 21 13 2 9 89%  69 4841 407 30%
c - 14.70 10 16 27 81 19002 1 482309 18604 1.6 21 13 2 9 89%  69 4841 407 30%
c B 14.83 10 16 27 81 19004 1 485426 21562 1.6 22 13 2 9 89%  69 4841 407 30%
c o 14.83 10 16 27 81 19004 1 485426 21562 1.6 22 13 2 9 89%  69 4841 407 30%
c - 15.01 10 16 27 82 19008 1 491309 16704 1.6 22 13 2 9 89%  69 4841 407 30%
c - 15.28 10 16 27 83 19014 1 500364 13095 1.6 22 13 2 9 89%  69 4841 407 30%
c u 15.53 10 16 27 83 19016 1 507725 15478 1.6 22 13 2 9 89%  69 4841 407 30%
c v 15.62 10 16 27 83 19016 1 507725 13917 1.6 22 13 2 9 89%  69 4841 407 30%
c
c seconds   switched     rate          size/glue  tier1   binary      remaining
c        MB   reductions   conflicts         size   tier2   irredundant
c         level    restarts       redundant     glue   trail      variables
c
c w 15.65 12 16 27 83 19016 1 507725 12346 1.6 22 13 2 9 89%  69 4841 407 30%
c - 15.71  8 16 27 84 19016 1 509474 7923 1.6 22 13 2 8 89%  69 4841 407 30%
c - 15.94  9 16 27 85 19019 1 518640 8296 1.6 22 13 2 8 89%  69 4841 407 30%
c - 16.18  9 16 27 86 19024 1 527860 8301 1.6 22 13 2 8 90%  69 4841 407 30%
c ] 16.33  9 16 28 86 19028 1 532468 9876 1.6 21 13 2 8 89%  69 4841 407 30%
c { 16.33  9 18 28 86 19028 2 532468 9876 2.6 29 11 1 5 84%  69 4841 407 30%
c - 16.48  9 18 28 87 19707 2 537134 9279 2.6 29 11 1 5 85%  69 4841 407 30%
c - 16.76 10 18 28 88 21087 2 546461 11711 2.5 29 11 1 5 84%  69 4841 407 30%
c - 17.02 10 18 28 89 21293 2 555841 14768 2.6 29 11 1 5 84%  69 4841 407 30%
c - 17.43 10 18 28 90 22788 2 565274 15861 2.5 29 12 1 4 84%  69 4841 407 30%
c - 17.72 11 18 28 91 23293 2 574760 16763 2.5 29 11 1 4 85%  69 4841 407 30%
c } 17.89 10 18 29 91 23293 2 580607 21547 2.6 29 11 1 4 86%  69 4841 407 30%
c [ 17.89 10 16 29 91 23293 1 580607 21547 1.6 21 13 2 8 89%  69 4841 407 30%
c W 17.90  9 16 29 91 23293 1 580607 21547 1.6 21 13 2 8 89%  69 4841 407 30%
c u 17.94  9 16 29 91 23293 1 580841 20824 1.6 21 13 2 8 89%  69 4841 407 30%
c v 17.99 11 16 29 91 23293 1 580841 20044 1.6 21 13 2 8 89%  69 4841 407 30%
c w 18.01 13 16 29 91 23293 1 580841 19161 1.6 21 13 2 8 89%  69 4841 407 30%
c x 18.03 13 16 29 91 23293 1 580841 19158 1.6 21 13 2 8 89%  69 4822 407 30%
c - 18.14 10 16 29 92 23295 1 584300 15851 1.6 21 13 2 8 90%  69 4822 407 30%
c - 18.43 10 16 29 93 23300 1 593892 13732 1.6 22 13 2 8 90%  69 4822 407 30%
c
c seconds   switched     rate          size/glue  tier1   binary      remaining
c        MB   reductions   conflicts         size   tier2   irredundant
c         level    restarts       redundant     glue   trail      variables
c
c o 18.65 10 16 29 93 23306 1 601138 17657 1.6 22 13 2 8 90%  69 4822 407 30%
c - 18.73  9 16 29 94 23306 1 603535 10180 1.6 22 13 2 8 90%  69 4822 407 30%
c - 19.04  9 16 29 95 23307 1 613231 9276 1.6 22 13 2 8 90%  69 4822 407 30%
c s 19.25  9 16 29 95 23313 1 619816 12098 1.6 21 13 2 8 90%  69 4821 407 30%
c - 19.35  9 16 29 96 23314 1 622977 8850 1.6 21 13 2 8 90%  69 4821 407 30%
c ] 19.49  9 16 30 96 23317 1 628441 11995 1.6 21 13 2 8 90%  69 4821 407 30%
c { 19.49  9 18 30 96 23317 2 628441 11995 2.6 29 11 1 4 86%  69 4821 407 30%
c - 19.65  9 18 30 97 24250 2 632774 10220 2.5 29 11 1 4 86%  69 4821 407 30%
c - 19.95 10 18 30 98 24917 2 642624 13359 2.5 29 11 1 4 85%  69 4821 407 30%
c - 20.31 10 19 30 99 26039 2 652523 15458 2.5 29 12 1 4 85%  69 4821 407 30%
c u 20.61  9 19 30 99 27021 2 659532 20628 2.5 29 12 1 4 86%  69 4821 407 30%
c v 20.69 11 19 30 99 27021 2 659532 18428 2.5 29 12 1 4 86%  69 4821 407 30%
c w 20.73 12 19 30 99 27021 2 659532 18261 2.5 29 12 1 4 86%  69 4821 407 30%
c - 20.84 10 19 30 100 27226 2 662473 13201 2.5 29 12 1 4 86%  69 4821 407 30%
c - 21.23 11 18 30 101 27226 2 672474 15965 2.6 30 11 1 4 87%  69 4821 407 30%
c - 21.65 11 18 30 102 27966 2 682523 17552 2.6 29 11 1 4 87%  69 4821 407 30%
c } 21.67 10 18 31 102 28047 2 682877 17797 2.6 29 11 1 4 87%  69 4821 407 30%
c [ 21.67 10 16 31 102 28047 1 682877 17797 1.6 21 13 2 8 90%  69 4821 407 30%
c I 21.67 10 16 31 102 28047 1 682877 17797 1.6 21 13 2 8 90%  69 4821 407 30%
c - 21.84 11 16 31 103 28053 1 692624 14976 1.6 21 13 2 8 90%  69 4821 407 30%
c
c seconds   switched      rate          size/glue  tier1   binary      remaining
c        MB   reductions    conflicts         size   tier2   irredundant
c         level     restarts       redundant     glue   trail      variables
c
c - 22.02  9 16 31 104 28059 1 702772 10441 1.6 21 13 2 8 90%  69 4821 407 30%
c - 22.22 10 16 31 105 28061 1 712971 10047 1.6 21 13 2 8 90%  69 4821 407 30%
c - 22.41 10 16 31 106 28067 1 723218 9846 1.6 21 13 2 8 90%  69 4821 407 30%
c - 22.60  9 16 31 107 28073 1 733513 9515 1.6 21 13 2 8 90%  69 4821 407 30%
c u 22.82 10 16 31 107 28076 1 743822 15325 1.6 21 13 2 8 90%  69 4821 407 30%
c v 22.86 10 16 31 107 28076 1 743822 14151 1.6 21 13 2 8 90%  69 4821 407 30%
c w 22.92 11 16 31 107 28076 1 743822 9423 1.6 21 13 2 8 90%  69 4821 407 30%
c o 22.93 11 16 31 107 28076 1 743822 9423 1.6 21 13 2 8 90%  69 4821 407 30%
c - 22.93  9 16 31 108 28076 1 743858 6814 1.6 21 13 2 8 90%  69 4821 407 30%
c B 23.02  9 16 31 108 28077 1 750559 11859 1.6 21 13 2 8 90%  69 4821 407 30%
c - 23.08 10 16 31 109 28077 1 754250 8998 1.6 21 13 2 8 89%  69 4821 407 30%
c - 23.38  9 16 31 110 28077 1 764690 9121 1.6 21 13 2 8 89%  69 4821 407 30%
c - 23.68  9 16 31 111 28084 1 775178 8767 1.6 21 13 2 8 90%  69 4821 407 30%
c ] 23.90  9 16 32 111 28089 1 783234 13308 1.6 21 13 2 8 90%  69 4821 407 30%
c { 23.90  9 18 32 111 28089 2 783234 13308 2.6 29 11 1 4 87%  69 4821 407 30%
c - 23.98  9 18 32 112 28423 2 785714 10420 2.6 29 11 1 4 87%  69 4821 407 30%
c - 24.33 10 18 32 113 29418 2 796298 13621 2.5 29 11 1 4 87%  69 4821 407 30%
c - 24.62 10 18 32 114 30721 2 806929 15585 2.5 29 12 1 4 85%  69 4821 407 30%
c - 24.99 10 18 32 115 31174 2 817607 16523 2.5 28 12 1 4 85%  69 4821 407 30%
c - 25.42 11 18 32 116 32514 2 828330 16769 2.5 29 12 1 4 85%  69 4821 407 30%
c
c seconds   switched      rate          size/glue  tier1   binary      remaining
c        MB   reductions    conflicts         size   tier2   irredundant
c         level     restarts       redundant     glue   trail      variables
c
c u 25.63 11 18 32 116 32514 2 833771 21081 2.5 29 12 1 4 86%  69 4821 407 30%
c v 25.68 11 18 32 116 32514 2 833771 19761 2.5 29 12 1 4 86%  69 4821 407 30%
c w 25.71 12 18 32 116 32514 2 833771 19312 2.5 29 12 1 4 86%  69 4821 407 30%
c x 25.73 12 18 32 116 32514 2 833771 19305 2.5 29 12 1 4 86%  69 4817 407 30%
c = 25.99 14 18 32 116 32514 2 833771 19305 2.5 29 12 1 4 86%  69 4817 406 30%
c u 26.02 14 18 32 116 32514 2 833771 18674 2.5 29 12 1 4 86%  69 4807 406 30%
c v 26.07 14 18 32 116 32514 2 833771 17479 2.5 29 12 1 4 86%  69 4807 406 30%
c w 26.16 14 18 32 116 32514 2 833771 16064 2.5 29 12 1 4 86%  69 4807 406 30%
c - 26.33 12 18 32 117 32709 2 839101 14253 2.5 29 12 1 4 86%  68 4807 406 30%
c } 26.44 12 17 33 117 32709 2 844338 19283 2.5 29 11 1 4 85%  68 4807 406 30%
c [ 26.44 12 16 33 117 32709 1 844338 19283 1.6 21 13 2 8 90%  68 4807 406 30%
c W 26.44 11 16 33 117 32709 1 844338 19283 1.6 21 13 2 8 90%  68 4807 406 30%
c - 26.61 11 16 33 118 32713 1 849918 14885 1.6 21 13 2 8 90%  68 4807 406 30%
c - 26.89  9 16 33 119 32719 1 860780 12480 1.6 21 13 2 8 90%  68 4807 406 30%
c - 27.15  9 16 33 120 32723 1 871690 11056 1.6 21 13 2 8 90%  68 4807 406 30%
c - 27.44 10 16 33 121 32728 1 882644 10382 1.6 21 13 2 8 90%  68 4807 406 30%
c - 27.72 10 16 33 122 32734 1 893644 10470 1.6 21 13 2 8 90%  68 4807 406 30%
c - 27.97 10 16 33 123 32738 1 904689 10733 1.6 21 13 2 8 90%  68 4807 406 30%
c - 28.24 10 16 33 124 32739 1 915780 10377 1.6 21 13 2 8 91%  68 4807 406 30%
c O 28.40 10 16 33 124 32739 1 922766 13882 1.6 21 13 2 8 91%  68 4807 406 30%
c
c seconds   switched      rate          size/glue  tier1   binary      remaining
c        MB   reductions    conflicts         size   tier2   irredundant
c         level     restarts       redundant     glue   trail      variables
c
c o 28.40 10 16 33 124 32739 1 922766 13882 1.6 21 13 2 8 91%  68 4807 406 30%
c ] 28.45 10 16 34 124 32739 1 924705 15060 1.6 21 13 2 8 91%  68 4807 406 30%
c { 28.45 10 17 34 124 32739 2 924705 15060 2.5 29 11 1 4 85%  68 4807 406 30%
c - 28.54 10 17 34 125 32810 2 926916 11573 2.6 29 11 1 4 85%  68 4807 406 30%
c u 28.66 10 17 34 125 32920 2 929489 13264 2.6 29 11 1 4 85%  69 4807 406 30%
c v 28.70 10 17 34 125 32920 2 929489 11936 2.6 29 11 1 4 85%  69 4807 406 30%
c w 28.79 10 17 34 125 32920 2 929489 11386 2.6 29 11 1 4 85%  69 4807 406 30%
c - 29.11 11 17 34 126 32979 2 938097 12606 2.6 30 11 1 4 86%  69 4807 406 30%
c - 29.49 11 16 34 127 32979 1 949322 16037 2.8 31 11 1 4 86%  69 4807 406 30%
c - 29.88 12 16 34 128 32979 1 960591 20179 2.9 31 11 1 4 87%  69 4807 406 30%
c - 30.36 12 16 34 129 33906 1 971907 22392 3.0 31 11 1 4 88%  69 4807 406 30%
c - 30.83 12 16 34 130 34779 1 983265 19200 2.9 31 11 1 4 88%  69 4807 406 30%
c } 31.23 12 16 35 130 35812 1 992851 27265 2.9 31 11 1 4 87%  70 4807 406 30%
c [ 31.23 12 16 35 130 35812 1 992851 27265 1.6 21 13 2 8 91%  70 4807 406 30%
c - 31.28 10 16 35 131 35813 1 994666 17979 1.6 21 13 2 8 90%  70 4807 406 30%
c - 31.71 11 16 35 132 35819 1 1006111 16937 1.6 21 13 1 8 90%  70 4807 406 30%
c B 31.73 11 16 35 132 35820 1 1006804 17408 1.6 21 13 1 8 90%  70 4807 406 30%
c - 32.05 11 16 35 133 35826 1 1017600 14504 1.6 22 13 1 8 91%  70 4807 406 30%
c - 32.36  9 16 35 134 35829 1 1029133 12642 1.7 22 13 1 8 91%  70 4807 406 30%
c u 32.44  9 16 35 134 35831 1 1031001 13209 1.7 22 13 1 8 91%  71 4807 406 30%
c
c seconds   switched      rate           size/glue  tier1   binary      remaining
c        MB   reductions     conflicts         size   tier2   irredundant
c         level     restarts        redundant     glue   trail      variables
c
c v 32.50  9 16 35 134 35831 1 1031001 11398 1.7 22 13 1 8 91%  71 4807 406 30%
c w 32.57  9 16 35 134 35831 1 1031001 10609 1.7 22 13 1 8 91%  71 4807 406 30%
c = 32.97  9 16 35 134 35831 1 1031001 10609 1.7 22 13 1 8 91%  73 4799 405 30%
c d 32.97  9 16 35 134 35831 1 1031001 10506 1.7 22 13 1 8 91%  70 4799 405 30%
c u 32.99  9 16 35 134 35831 1 1031001 10367 1.7 22 13 1 8 91%  70 4799 405 30%
c v 33.03  9 16 35 134 35831 1 1031001 9832 1.7 22 13 1 8 91%  70 4799 405 30%
c w 33.07  9 16 35 134 35831 1 1031001 9097 1.7 22 13 1 8 91%  70 4799 405 30%
c x 33.09  9 16 35 134 35831 1 1031001 9095 1.7 22 13 1 8 91%  70 4776 405 30%
c - 33.30  9 16 35 135 35836 1 1040709 9148 1.7 22 13 1 8 91%  70 4776 405 30%
c s 33.50 10 16 35 135 35840 1 1049956 14885 1.6 21 13 1 8 91%  70 4775 405 30%
c e 33.51 10 16 35 135 35840 1 1049956 14885 1.6 21 13 1 8 91%  70 4809 402 29%
c s 33.51 10 16 35 135 35840 1 1049956 14885 1.6 21 13 1 8 91%  70 4801 402 29%
c - 33.56 10 16 35 136 35841 1 1052328 9987 1.6 21 13 1 8 91%  70 4801 402 29%
c - 33.79 10 16 35 137 35842 1 1063989 10315 1.6 21 13 1 8 90%  70 4801 402 29%
c - 34.06 10 16 35 138 35843 1 1075693 10202 1.6 21 13 1 8 90%  70 4801 402 29%
c - 34.29 10 15 35 139 35850 1 1087440 10643 1.6 21 13 1 8 90%  70 4801 402 29%
c W 34.48 10 16 35 139 35856 1 1096604 16818 1.6 21 13 1 8 89%  70 4801 402 29%
c o 34.48 10 16 35 139 35856 1 1096604 16818 1.6 21 13 1 8 89%  70 4801 402 29%
c - 34.56 10 16 35 140 35856 1 1099229 11209 1.6 21 13 1 8 89%  70 4801 402 29%
c ] 34.62 10 16 36 140 35857 1 1101594 12971 1.6 21 13 1 8 89%  70 4801 402 29%
c
c seconds   switched      rate           size/glue  tier1   binary      remaining
c        MB   reductions     conflicts         size   tier2   irredundant
c         level     restarts        redundant     glue   trail      variables
c
c { 34.62 10 16 36 140 35857 1 1101594 12971 2.9 31 11 1 4 87%  70 4801 402 29%
c - 34.94 11 16 36 141 37054 1 1111061 13874 2.8 31 11 1 4 87%  70 4801 402 29%
c - 35.41 11 17 36 142 39147 2 1122936 16306 2.7 30 11 1 4 87%  70 4801 402 29%
c - 35.91 11 17 36 143 40980 2 1134852 17546 2.6 30 12 1 4 87%  70 4801 402 29%
c u 36.10 11 17 36 143 41385 2 1138476 20105 2.6 30 12 1 4 87%  71 4801 402 29%
c v 36.19 11 17 36 143 41385 2 1138476 18447 2.6 30 12 1 4 87%  71 4801 402 29%
c w 36.24 11 17 36 143 41385 2 1138476 18113 2.6 30 12 1 4 87%  71 4801 402 29%
c - 36.88 13 17 36 144 42298 2 1146811 16443 2.6 30 12 1 4 87%  71 4801 402 29%
c - 37.25 13 17 36 145 43079 2 1158814 16923 2.5 29 12 1 4 87%  71 4801 402 29%
c - 37.59 13 17 36 146 43083 2 1170855 16472 2.4 28 12 1 4 87%  71 4801 402 29%
c } 37.79 13 17 37 146 43351 2 1177151 20831 2.4 27 12 1 4 87%  71 4801 402 29%
c [ 37.79 13 16 37 146 43351 1 1177151 20831 1.6 21 13 1 8 89%  71 4801 402 29%
c - 38.00 13 15 37 147 43355 1 1182938 16612 1.6 21 13 1 8 89%  71 4801 402 29%
c I 38.33 13 15 37 147 43360 1 1192318 21419 1.7 21 13 1 8 90%  71 4801 402 29%
c - 38.38 13 15 37 148 43362 1 1195062 15375 1.7 21 13 1 7 89%  71 4801 402 29%
c - 38.62 11 16 37 149 43365 1 1207228 14950 1.7 22 13 1 8 89%  71 4801 402 29%
c - 38.88 11 16 37 150 43372 1 1219434 13628 1.7 22 13 1 8 89%  71 4801 402 29%
c - 39.15 11 16 37 151 43379 1 1231682 13071 1.7 22 13 1 8 89%  71 4801 402 29%
c - 39.42 11 16 37 152 43381 1 1243971 13243 1.7 22 13 1 8 88%  71 4801 402 29%
c u 39.62 11 16 37 152 43381 1 1251789 17474 1.7 22 13 1 8 88%  71 4801 402 29%
c
c seconds   switched      rate           size/glue  tier1   binary      remaining
c        MB   reductions     conflicts         size   tier2   irredundant
c         level     restarts        redundant     glue   trail      variables
c
c v 39.67 11 16 37 152 43381 1 1251789 16003 1.7 22 13 1 8 88%  71 4801 402 29%
c w 39.77 12 16 37 152 43381 1 1251789 13780 1.7 22 13 1 8 88%  71 4801 402 29%
c o 39.77 12 16 37 152 43381 1 1251789 13780 1.7 22 13 1 8 88%  71 4801 402 29%
c - 39.84 11 16 37 153 43381 1 1256299 11034 1.7 22 13 1 8 89%  71 4801 402 29%
c - 40.06 12 16 37 154 43388 1 1268671 11509 1.6 22 13 1 8 89%  71 4801 402 29%
c - 40.31 12 16 37 155 43395 1 1281080 11547 1.6 22 13 1 8 89%  71 4801 402 29%
c - 40.58 12 16 37 156 43398 1 1293530 11449 1.6 21 13 1 8 89%  71 4801 402 29%
c B 40.59 12 16 37 156 43398 1 1294095 11774 1.6 21 13 1 8 88%  71 4801 402 29%
c ] 40.66 12 16 38 156 43400 1 1296444 12959 1.6 21 13 1 8 89%  71 4801 402 29%
c { 40.66 12 17 38 156 43400 2 1296444 12959 2.4 27 12 1 4 87%  71 4801 402 29%
c - 40.85 12 17 38 157 44433 2 1306021 13440 2.3 27 12 1 4 87%  71 4801 402 29%
c s 41.08 12 17 38 157 45856 2 1317638 21960 2.2 26 12 1 4 87%  71 4799 402 29%
c - 41.11 11 17 38 158 45987 2 1318550 14075 2.2 26 12 1 4 87%  71 4799 402 29%
c - 41.47 12 16 38 159 46248 2 1331120 15922 2.2 26 12 1 4 88%  71 4799 402 29%
c - 41.90 12 16 38 160 46249 2 1343729 17039 2.2 25 11 1 4 88%  71 4799 402 29%
c - 42.37 12 15 38 161 46249 1 1356378 17858 2.2 24 11 1 4 89%  71 4799 402 29%
c - 42.68 13 15 38 162 48318 1 1369066 18384 2.1 24 11 1 4 88%  71 4799 402 29%
c u 42.75 13 15 38 162 48318 1 1371090 19495 2.1 24 11 1 4 88%  71 4799 402 29%
c v 42.81 13 15 38 162 48318 1 1371090 17727 2.1 24 11 1 4 88%  71 4799 402 29%
c w 42.89 13 15 38 162 48318 1 1371090 14754 2.1 24 11 1 4 88%  71 4799 402 29%
c
c seconds   switched      rate           size/glue  tier1   binary      remaining
c        MB   reductions     conflicts         size   tier2   irredundant
c         level     restarts        redundant     glue   trail      variables
c
c } 43.09 13 16 39 162 49971 2 1379778 21239 2.0 24 12 1 4 88%  71 4799 402 29%
c [ 43.09 13 16 39 162 49971 1 1379778 21239 1.6 21 13 1 8 89%  71 4799 402 29%
c - 43.13 11 16 39 163 49972 1 1381793 13440 1.6 21 13 1 8 89%  71 4799 402 29%
c - 43.38 11 16 39 164 49980 1 1394560 12810 1.6 21 13 1 8 89%  71 4799 402 29%
c W 43.54 11 16 39 164 49984 1 1402081 17657 1.6 21 13 1 8 89%  71 4799 402 29%
c o 43.54 11 16 39 164 49984 1 1402081 17657 1.6 21 13 1 8 89%  71 4799 402 29%
c - 43.71 12 16 39 165 49985 1 1407367 11843 1.6 21 13 1 8 89%  71 4799 402 29%
c - 44.09 11 16 39 166 49991 1 1420213 12137 1.6 21 13 1 8 89%  71 4799 402 29%
c - 44.42 11 16 39 167 49998 1 1433097 11980 1.6 21 13 1 8 89%  71 4799 402 29%
c - 44.78 11 16 39 168 50001 1 1446019 12699 1.6 21 13 1 8 89%  71 4799 402 29%
c - 45.12 11 16 39 169 50001 1 1458981 13084 1.6 21 13 1 8 89%  71 4799 402 29%
c ] 45.32 12 16 40 169 50005 1 1466555 17120 1.6 21 13 1 8 89%  71 4799 402 29%
c { 45.32 12 16 40 169 50005 2 1466555 17120 2.0 24 12 1 4 88%  71 4799 402 29%
c - 45.51 12 16 40 170 50194 2 1471984 14561 2.1 24 12 1 4 88%  71 4799 402 29%
c - 45.92 13 16 40 171 50244 1 1485023 18715 2.2 25 11 1 4 89%  71 4799 402 29%
c u 46.42 13 16 40 171 51118 2 1496423 28330 2.2 25 11 1 4 87%  71 4799 402 29%
c v 46.53 13 16 40 171 51118 2 1496423 26551 2.2 25 11 1 4 87%  71 4799 402 29%
c w 46.58 13 16 40 171 51118 2 1496423 26420 2.2 25 11 1 4 87%  71 4799 402 29%
c - 46.84 13 16 40 172 51419 2 1498099 19992 2.2 25 11 1 4 87%  71 4799 402 29%
c - 47.37 13 17 40 173 52975 2 1511213 19945 2.1 25 12 1 4 87%  71 4799 402 29%
c
c seconds   switched      rate           size/glue  tier1   binary      remaining
c        MB   reductions     conflicts         size   tier2   irredundant
c         level     restarts        redundant     glue   trail      variables
c
c - 47.88 13 17 40 174 53610 2 1524366 22157 2.2 25 12 1 4 87%  71 4799 402 29%
c - 48.40 14 17 40 175 54319 2 1537558 25058 2.2 26 11 1 4 86%  71 4799 402 29%
c - 48.89 14 17 40 176 54720 2 1550787 26776 2.3 26 11 1 4 85%  71 4799 402 29%
c } 49.21 14 17 41 176 55220 2 1558027 31430 2.3 26 11 1 4 85%  71 4799 402 29%
c [ 49.21 14 16 41 176 55220 1 1558027 31430 1.6 21 13 1 8 89%  71 4799 402 29%
c O 49.21 14 16 41 176 55220 1 1558027 31430 1.6 21 13 1 8 89%  71 4799 402 29%
c - 49.46 14 16 41 177 55224 1 1564054 24189 1.6 21 13 1 8 90%  71 4799 402 29%
c o 49.77 14 16 41 177 55229 1 1572402 29001 1.6 21 13 1 8 90%  71 4799 402 29%
c - 49.92 14 16 41 178 55232 1 1577359 18602 1.6 21 13 1 7 90%  71 4799 402 29%
c - 50.26 14 16 41 179 55234 1 1590701 16107 1.6 21 13 1 7 90%  71 4799 402 29%
c - 50.65 11 16 41 180 55242 1 1604081 14358 1.6 21 13 1 7 90%  71 4799 402 29%
c - 51.04 11 16 41 181 55249 1 1617498 14603 1.6 21 13 1 7 90%  71 4799 402 29%
c u 51.43 12 16 41 181 55250 1 1627847 19104 1.6 21 13 1 7 90%  71 4799 402 29%
c v 51.50 12 16 41 181 55250 1 1627847 17383 1.6 21 13 1 7 90%  71 4799 402 29%
c w 51.57 12 16 41 181 55250 1 1627847 15182 1.6 21 13 1 7 90%  71 4799 402 29%
c x 51.59 12 16 41 181 55250 1 1627847 15178 1.6 21 13 1 7 90%  72 4795 402 29%
c t 51.59 12 16 41 181 55250 1 1627847 15178 1.6 21 13 1 7 90%  71 4795 402 29%
c - 51.66 11 16 41 182 55250 1 1630951 11985 1.6 21 13 1 7 90%  71 4795 402 29%
c - 51.98 11 16 41 183 55254 1 1644442 13412 1.6 21 13 1 7 90%  71 4795 402 29%
c - 52.26 11 16 41 184 55262 1 1657969 13320 1.7 22 13 1 7 89%  71 4795 402 29%
c
c seconds   switched      rate           size/glue  tier1   binary      remaining
c        MB   reductions     conflicts         size   tier2   irredundant
c         level     restarts        redundant     glue   trail      variables
c
c - 52.60 11 16 41 185 55265 1 1671533 13042 1.7 22 13 1 7 89%  71 4795 402 29%
c B 52.76 12 16 41 185 55270 1 1678861 18559 1.7 22 13 1 7 89%  71 4795 402 29%
c ] 52.90 12 16 42 185 55272 1 1683306 22081 1.7 22 13 1 7 89%  71 4795 402 29%
c { 52.90 12 17 42 185 55272 2 1683306 22081 2.3 26 11 1 4 85%  71 4795 402 29%
c - 52.98 11 17 42 186 55630 2 1685134 14532 2.3 26 11 1 4 85%  71 4795 402 29%
c - 53.54 13 17 42 187 57065 2 1698772 16922 2.3 27 12 1 4 86%  71 4795 402 29%
c - 54.08 13 17 42 188 57682 2 1712446 18727 2.4 27 12 1 4 87%  71 4795 402 29%
c - 54.58 13 17 42 189 58545 2 1726159 20571 2.4 28 12 1 4 87%  71 4795 402 29%
c - 55.22 13 18 42 190 60530 2 1739906 21770 2.4 28 12 1 4 87%  71 4795 402 29%
c o 55.57 13 17 42 190 60568 2 1750751 27764 2.3 27 12 1 4 88%  71 4795 402 29%
c - 55.72 13 17 42 191 61143 2 1753690 20759 2.3 27 12 1 4 88%  71 4795 402 29%
c u 56.32 13 18 42 191 62829 2 1765443 29511 2.3 28 12 1 4 88%  71 4795 402 29%
c v 56.46 13 18 42 191 62829 2 1765443 27227 2.3 28 12 1 4 88%  71 4795 402 29%
c w 56.52 13 18 42 191 62829 2 1765443 27074 2.3 28 12 1 4 88%  71 4795 402 29%
c - 56.60 13 18 42 192 62861 2 1767511 18749 2.3 28 12 1 4 88%  71 4795 402 29%
c - 57.12 13 17 42 193 62862 2 1781367 21272 2.4 28 12 1 4 88%  71 4795 402 29%
c } 57.19 13 17 43 193 62874 2 1783280 23086 2.4 28 12 1 4 88%  71 4795 402 29%
c [ 57.19 13 16 43 193 62874 1 1783280 23086 1.7 22 13 1 7 89%  71 4795 402 29%
c - 57.49 13 16 43 194 62880 1 1795259 20296 1.7 22 13 1 7 89%  71 4795 402 29%
c W 57.76 13 16 43 194 62887 1 1806329 28492 1.7 22 13 1 7 89%  71 4795 402 29%
c
c seconds   switched      rate           size/glue  tier1   binary      remaining
c        MB   reductions     conflicts         size   tier2   irredundant
c         level     restarts        redundant     glue   trail      variables
c
c - 57.83 13 16 43 195 62888 1 1809189 17684 1.7 22 13 1 7 89%  71 4795 402 29%
c - 58.17 11 16 43 196 62894 1 1823155 15081 1.7 22 13 1 7 89%  71 4795 402 29%
c - 58.53 11 15 43 197 62902 1 1837156 14428 1.7 21 13 1 7 89%  71 4795 402 29%
c - 58.89 11 15 43 198 62904 1 1851191 15113 1.6 21 13 1 7 89%  71 4795 402 29%
c - 59.26 11 15 43 199 62904 1 1865263 15153 1.6 21 12 1 7 89%  71 4795 402 29%
c - 59.65 12 15 43 200 62913 1 1879369 15656 1.7 20 12 1 7 89%  71 4795 402 29%
c - 60.03 13 15 43 201 62919 1 1893512 16975 1.7 21 12 1 7 89%  71 4795 402 29%
c - 60.39 13 15 43 202 62926 1 1907689 16717 1.7 21 12 1 7 88%  71 4795 402 29%
c u 60.45 13 15 43 202 62926 1 1909195 17324 1.7 21 12 1 7 87%  71 4795 402 29%
c v 60.51 13 15 43 202 62926 1 1909195 15462 1.7 21 12 1 7 87%  71 4795 402 29%
c w 60.58 13 15 43 202 62926 1 1909195 14011 1.7 21 12 1 7 87%  71 4795 402 29%
c - 60.88 11 15 43 203 62933 1 1921902 13754 1.7 21 12 1 7 87%  71 4795 402 29%
c - 61.26 11 15 43 204 62935 1 1936151 13594 1.7 20 12 1 7 88%  71 4795 402 29%
c I 61.38 11 15 43 204 62935 1 1940569 16441 1.7 20 12 1 7 88%  71 4795 402 29%
c o 61.38 11 15 43 204 62935 1 1940569 16441 1.7 20 12 1 7 88%  71 4795 402 29%
c ] 61.44 12 15 44 204 62935 1 1943886 18924 1.7 20 12 1 7 88%  71 4795 402 29%
c { 61.44 12 17 44 204 62935 2 1943886 18924 2.4 28 12 1 4 88%  71 4795 402 29%
c - 61.69 12 17 44 205 63704 2 1950434 16195 2.4 28 12 1 4 88%  71 4795 402 29%
c - 62.17 13 18 44 206 64743 2 1964752 19193 2.4 28 12 1 4 87%  71 4795 402 29%
c - 62.77 13 18 44 207 66139 2 1979105 21132 2.4 28 12 1 4 87%  71 4795 402 29%
c
c seconds   switched      rate           size/glue  tier1   binary      remaining
c        MB   reductions     conflicts         size   tier2   irredundant
c         level     restarts        redundant     glue   trail      variables
c
c - 63.36 13 18 44 208 67354 2 1993493 22400 2.4 28 12 1 4 87%  71 4795 402 29%
c - 64.01 14 18 44 209 68559 2 2007915 23333 2.4 29 12 1 4 87%  71 4795 402 29%
c - 64.65 14 18 44 210 69083 2 2022371 23646 2.5 29 12 1 4 88%  71 4795 402 29%
c - 65.32 14 18 44 211 70147 2 2036862 24620 2.5 30 12 1 4 88%  72 4795 402 29%
c - 65.96 14 18 44 212 71744 2 2051387 24534 2.4 29 12 1 4 88%  72 4795 402 29%
c } 66.03 14 18 45 212 71947 2 2052718 25678 2.4 29 12 1 4 88%  72 4795 402 29%
c [ 66.03 14 15 45 212 71947 1 2052718 25678 1.7 20 12 1 7 88%  72 4795 402 29%
c u 66.28 14 15 45 212 71952 1 2059202 29562 1.7 21 12 1 7 88%  72 4795 402 29%
c v 66.46 14 15 45 212 71952 1 2059202 26305 1.7 21 12 1 7 88%  72 4795 402 29%
c w 66.53 14 15 45 212 71952 1 2059202 24225 1.7 21 12 1 7 88%  72 4795 402 29%
c - 67.37 17 15 45 213 71954 1 2065947 17717 1.7 21 12 1 7 88%  72 4795 402 29%
c - 67.74 14 15 45 214 71961 1 2080542 15696 1.7 21 12 1 7 88%  72 4795 402 29%
c B 67.76 15 15 45 214 71961 1 2081718 16393 1.7 21 12 1 7 88%  72 4795 402 29%
c - 68.09 14 15 45 215 71968 1 2095171 14729 1.7 21 12 1 7 89%  72 4795 402 29%
c - 68.44 14 15 45 216 71975 1 2109834 14192 1.6 20 12 1 7 89%  72 4795 402 29%
c - 68.82 14 15 45 217 71977 1 2124531 14238 1.6 20 12 1 7 89%  72 4795 402 29%
c - 69.17 14 15 45 218 71981 1 2139262 14906 1.6 20 12 1 7 89%  72 4795 402 29%
c - 69.52 14 15 45 219 71990 1 2154026 15332 1.6 20 12 1 7 89%  72 4795 402 29%
c - 69.94 14 15 45 220 71994 1 2168825 15011 1.6 20 12 1 7 89%  72 4795 402 29%
c - 70.38 14 15 45 221 72002 1 2183658 14878 1.6 20 12 1 7 89%  72 4795 402 29%
c
c seconds   switched      rate           size/glue  tier1   binary      remaining
c        MB   reductions     conflicts         size   tier2   irredundant
c         level     restarts        redundant     glue   trail      variables
c
c - 70.80 14 15 45 222 72007 1 2198525 15551 1.6 20 12 1 7 88%  72 4795 402 29%
c - 71.17 16 14 45 223 72008 1 2213425 16525 1.6 20 12 1 7 88%  72 4795 402 29%
c u 71.25 16 14 45 223 72008 1 2215492 17739 1.6 20 12 1 7 88%  72 4795 402 29%
c v 71.31 16 14 45 223 72008 1 2215492 16268 1.6 20 12 1 7 88%  72 4795 402 29%
c w 71.40 16 14 45 223 72008 1 2215492 14687 1.6 20 12 1 7 88%  72 4795 402 29%
c o 71.40 16 14 45 223 72008 1 2215492 14687 1.6 20 12 1 7 88%  72 4795 402 29%
c - 71.73 14 15 45 224 72009 1 2228359 13990 1.6 20 12 1 7 88%  72 4795 402 29%
c ] 71.75 14 15 46 224 72009 1 2229090 14337 1.6 20 12 1 7 88%  72 4795 402 29%
c { 71.75 14 18 46 224 72009 2 2229090 14337 2.4 29 12 1 4 88%  72 4795 402 29%
c - 72.23 16 18 46 225 72958 2 2243326 18573 2.4 29 12 1 4 87%  72 4795 402 29%
c - 72.81 17 18 46 226 74230 2 2258328 22268 2.4 29 12 1 4 86%  72 4795 402 29%
c - 73.38 17 18 46 227 74236 2 2273363 24569 2.4 28 12 1 4 86%  72 4795 402 29%
c - 74.09 17 18 46 228 75904 2 2288429 26196 2.4 28 12 1 4 87%  72 4795 402 29%
c - 74.83 17 19 46 229 78205 2 2303530 26001 2.3 28 12 1 4 86%  72 4795 402 29%
c - 75.64 18 18 46 230 78520 2 2318662 28122 2.5 29 12 1 4 87%  72 4795 402 29%
c - 76.31 18 18 46 231 79542 2 2333827 27737 2.4 29 12 1 4 87%  72 4795 402 29%
c } 76.82 18 18 47 231 80318 2 2347134 38906 2.4 29 12 1 4 88%  72 4795 402 29%
c [ 76.82 18 15 47 231 80318 1 2347134 38906 1.6 20 12 1 7 88%  72 4795 402 29%
c W 76.86 18 15 47 231 80318 1 2347134 38906 1.6 20 12 1 7 88%  72 4795 402 29%
c - 76.92 15 15 47 232 80319 1 2349027 25712 1.6 20 12 1 7 88%  72 4795 402 29%
c
c seconds   switched      rate           size/glue  tier1   binary      remaining
c        MB   reductions     conflicts         size   tier2   irredundant
c         level     restarts        redundant     glue   trail      variables
c
c - 77.29 17 15 47 233 80328 1 2364258 23222 1.6 20 12 1 7 88%  72 4795 402 29%
c u 77.72 17 14 47 233 80332 1 2378101 30211 1.6 19 12 1 7 88%  72 4795 402 29%
c v 77.90 17 14 47 233 80332 1 2378101 26601 1.6 19 12 1 7 88%  72 4795 402 29%
c w 77.98 17 14 47 233 80332 1 2378101 21584 1.6 19 12 1 7 88%  72 4795 402 29%
c - 78.02 14 14 47 234 80332 1 2379522 14802 1.6 19 12 1 7 88%  72 4795 402 29%
c - 78.41 16 14 47 235 80342 1 2394821 16197 1.6 19 12 1 7 89%  72 4795 402 29%
c - 78.84 16 14 47 236 80347 1 2410150 15970 1.6 19 12 1 7 89%  72 4795 402 29%
c - 79.25 14 14 47 237 80348 1 2425512 15220 1.6 19 12 1 7 89%  72 4795 402 29%
c - 79.67 14 14 47 238 80355 1 2440906 15269 1.6 19 12 1 7 89%  72 4795 402 29%
c - 80.08 14 14 47 239 80363 1 2456334 15558 1.6 19 12 1 7 89%  72 4795 402 29%
c - 80.47 14 14 47 240 80370 1 2471793 15531 1.6 19 12 1 7 89%  72 4795 402 29%
c - 80.87 16 14 47 241 80378 1 2487285 16215 1.6 19 12 1 7 89%  72 4795 402 29%
c O 81.25 16 14 47 241 80379 1 2502495 25608 1.6 19 12 1 7 89%  72 4795 402 29%
c o 81.25 16 14 47 241 80379 1 2502495 25608 1.6 19 12 1 7 89%  72 4795 402 29%
c - 81.27 16 14 47 242 80379 1 2502809 16639 1.6 19 12 1 7 89%  72 4795 402 29%
c - 81.73 16 14 47 243 80380 1 2518366 16366 1.6 19 12 1 7 90%  72 4795 402 29%
c - 82.22 14 14 47 244 80380 1 2533955 15341 1.6 19 12 1 7 90%  72 4795 402 29%
c ] 82.35 15 14 48 244 80380 1 2538285 17550 1.6 19 12 1 7 90%  72 4795 402 29%
c { 82.35 15 18 48 244 80380 2 2538285 17550 2.4 29 12 1 4 88%  72 4795 402 29%
c u 82.70 16 17 48 244 80703 2 2547063 23334 2.4 28 12 1 4 88%  72 4795 402 29%
c
c seconds   switched      rate           size/glue  tier1   binary      remaining
c        MB   reductions     conflicts         size   tier2   irredundant
c         level     restarts        redundant     glue   trail      variables
c
c v 82.77 16 17 48 244 80703 2 2547063 22128 2.4 28 12 1 4 88%  72 4795 402 29%
c w 82.81 16 17 48 244 80703 2 2547063 21565 2.4 28 12 1 4 88%  72 4795 402 29%
c x 82.83 16 17 48 244 80703 2 2547063 21564 2.4 28 12 1 4 88%  72 4789 402 29%
c - 82.95 16 17 48 245 80704 2 2549575 16421 2.4 28 12 1 4 88%  72 4789 402 29%
c - 83.59 17 17 48 246 80970 2 2565228 20756 2.5 28 11 1 4 88%  72 4789 402 29%
c - 84.30 17 17 48 247 82811 2 2580912 22575 2.4 28 12 1 4 87%  72 4789 402 29%
c - 84.93 17 17 48 248 84105 2 2596629 23183 2.3 28 12 1 4 87%  72 4789 402 29%
c - 85.62 17 17 48 249 84192 2 2612378 27143 2.5 29 11 1 4 86%  72 4789 402 29%
c - 86.31 18 17 48 250 84192 1 2628159 30132 2.8 30 11 1 4 87%  72 4789 402 29%
c - 87.11 18 17 48 251 86105 2 2643971 30514 2.6 30 11 1 4 87%  72 4789 402 29%
c - 87.84 15 17 48 252 88488 2 2659814 28206 2.5 29 12 1 4 85%  72 4789 402 29%
c } 87.93 16 17 49 252 88488 2 2665895 32462 2.4 28 11 1 4 82%  72 4789 402 29%
c [ 87.93 16 14 49 252 88488 1 2665895 32462 1.6 19 12 1 7 90%  72 4789 402 29%
c B 87.93 16 14 49 252 88488 1 2665895 32462 1.6 19 12 1 7 90%  72 4789 402 29%
c - 88.28 17 14 49 253 88494 1 2675688 25751 1.6 19 12 1 7 90%  72 4789 402 29%
c - 88.80 17 14 49 254 88502 1 2691594 20962 1.6 19 12 1 7 90%  72 4789 402 29%
c - 89.30 17 14 49 255 88509 1 2707532 18681 1.6 19 12 1 7 90%  72 4789 402 29%
c u 89.84 17 14 49 255 88516 1 2722476 25899 1.6 20 12 1 7 90%  72 4789 402 29%
c v 89.94 17 14 49 255 88516 1 2722476 23810 1.6 20 12 1 7 90%  72 4789 402 29%
c w 90.19 17 14 49 255 88516 1 2722476 19749 1.6 20 12 1 7 90%  72 4789 402 29%
c
c seconds   switched      rate           size/glue  tier1   binary      remaining
c        MB   reductions     conflicts         size   tier2   irredundant
c         level     restarts        redundant     glue   trail      variables
c
c o 90.19 17 14 49 255 88516 1 2722476 19749 1.6 20 12 1 7 90%  72 4789 402 29%
c - 90.22 14 14 49 256 88517 1 2723501 14745 1.6 20 12 1 7 90%  72 4789 402 29%
c - 90.64 16 15 49 257 88518 1 2739501 15965 1.6 20 12 1 7 90%  72 4789 402 29%
c - 91.10 16 15 49 258 88524 1 2755534 16066 1.6 20 12 1 7 90%  72 4789 402 29%
c - 91.57 16 14 49 259 88532 1 2771596 17227 1.6 20 12 1 7 90%  72 4789 402 29%
c s 91.65 16 14 49 259 88533 1 2774412 18708 1.6 20 12 1 7 90%  72 4788 402 29%
c - 92.00 16 15 49 260 88539 1 2787690 18383 1.6 20 12 1 7 90%  72 4788 402 29%
c - 92.48 16 15 49 261 88547 1 2803815 18875 1.7 21 12 1 7 89%  72 4788 402 29%
c - 92.97 16 15 49 262 88549 1 2819970 18142 1.6 21 13 1 7 90%  72 4788 402 29%
c W 93.48 16 15 49 262 88550 1 2835992 27347 1.6 21 13 1 7 90%  72 4788 402 29%
c - 93.49 16 15 49 263 88550 1 2836157 17313 1.6 21 13 1 7 90%  72 4788 402 29%
c ] 93.70 16 15 50 263 88550 1 2842743 22249 1.6 21 13 1 7 90%  72 4788 402 29%
c { 93.70 16 17 50 263 88550 2 2842743 22249 2.4 28 11 1 4 82%  72 4788 402 29%
c - 94.07 17 17 50 264 88680 2 2852375 20884 2.5 28 11 1 4 83%  72 4788 402 29%
c - 94.80 17 17 50 265 89376 2 2868624 25554 2.5 28 11 1 4 82%  72 4788 402 29%
c - 95.63 17 16 50 266 89769 1 2884902 29334 2.6 28 11 1 4 83%  72 4788 402 29%
c - 96.45 18 16 50 267 89769 1 2901214 30770 2.7 28 10 1 4 85%  72 4788 402 29%
c u 96.70 18 15 50 267 89769 1 2904341 32299 2.7 28 10 1 4 85%  72 4788 402 29%
c v 96.90 18 15 50 267 89769 1 2904341 29541 2.7 28 10 1 4 85%  72 4788 402 29%
c w 96.99 18 15 50 267 89769 1 2904341 25323 2.7 28 10 1 4 85%  72 4788 402 29%
c
c seconds   switched      rate           size/glue  tier1   binary      remaining
c        MB   reductions     conflicts         size   tier2   irredundant
c         level     restarts        redundant     glue   trail      variables
c
c - 98.36 24 16 50 268 91402 1 2917555 24117 2.7 28 11 1 4 85%  72 4788 402 29%
c - 99.15 25 15 50 269 92800 1 2933926 25317 2.6 28 11 1 4 86%  72 4788 402 29%
c o 99.91 26 15 50 269 93527 1 2948603 37949 2.7 29 11 1 4 87%  72 4788 402 29%
c - 100.00 24 15 50 270 93803 1 2950327 26734 2.7 28 11 1 4 87%  72 4788 402 29%
c - 100.79 26 15 50 271 94964 1 2966758 27373 2.7 28 11 1 4 87%  72 4788 402 29%
c } 101.49 26 15 51 271 96338 1 2980269 37298 2.6 28 11 1 4 87%  72 4788 402 29%
c [ 101.49 26 15 51 271 96338 1 2980269 37298 1.6 21 13 1 7 90%  72 4788 402 29%
c - 101.63 26 15 51 272 96340 1 2983221 28439 1.7 21 13 1 7 90%  72 4788 402 29%
c - 102.12 26 15 51 273 96350 1 2999713 26645 1.7 21 13 1 7 90%  72 4788 402 29%
c I 102.56 26 15 51 273 96353 1 3013644 34963 1.7 21 13 1 7 90%  72 4788 402 29%
c - 102.63 26 15 51 274 96355 1 3016236 20594 1.7 21 13 1 7 90%  72 4788 402 29%
c - 103.01 26 15 51 275 96365 1 3032789 18850 1.7 21 13 1 7 90%  72 4788 402 29%
c - 103.45 26 15 51 276 96368 1 3049373 17857 1.6 21 13 1 7 90%  72 4788 402 29%
c - 103.92 26 15 51 277 96371 1 3065987 18004 1.6 21 13 1 7 90%  72 4788 402 29%
c - 104.42 26 15 51 278 96381 1 3082630 17741 1.6 20 13 1 7 89%  72 4788 402 29%
c u 104.76 26 15 51 278 96383 1 3092729 22811 1.6 20 13 1 7 89%  73 4788 402 29%
c v 104.83 26 15 51 278 96383 1 3092729 21126 1.6 20 13 1 7 89%  74 4788 402 29%
c w 104.97 26 15 51 278 96383 1 3092729 17018 1.6 20 13 1 7 89%  74 4788 402 29%
c - 105.11 23 15 51 279 96387 1 3099303 14549 1.6 20 13 1 7 89%  74 4788 402 29%
c - 105.56 24 15 51 280 96397 1 3116006 16379 1.6 21 13 1 7 89%  74 4788 402 29%
c
c seconds    switched      rate           size/glue  tier1   binary      remaining
c         MB   reductions     conflicts         size   tier2   irredundant
c          level     restarts        redundant     glue   trail      variables
c
c - 106.04 23 15 51 281 96399 1 3132739 16227 1.6 21 13 1 7 89%  74 4788 402 29%
c - 106.52 24 15 51 282 96400 1 3149502 16480 1.6 21 13 1 7 89%  74 4788 402 29%
c - 106.96 24 15 51 283 96400 1 3166295 16650 1.6 20 13 1 7 90%  74 4788 402 29%
c - 107.41 24 15 51 284 96405 1 3183117 17122 1.6 20 13 1 7 90%  74 4788 402 29%
c B 107.78 24 15 51 284 96414 1 3198979 26806 1.6 20 13 1 7 89%  74 4788 402 29%
c o 107.78 24 15 51 284 96414 1 3198979 26806 1.6 20 13 1 7 89%  74 4788 402 29%
c - 107.82 24 15 51 285 96414 1 3199969 17347 1.6 20 13 1 7 89%  74 4788 402 29%
c - 108.45 24 15 51 286 96421 1 3216850 17775 1.6 20 13 1 7 90%  74 4788 402 29%
c ] 108.94 24 15 52 286 96429 1 3232120 26684 1.6 20 13 1 7 89%  74 4788 402 29%
c { 108.94 24 15 52 286 96429 1 3232120 26684 2.6 28 11 1 4 87%  74 4788 402 29%
c - 109.02 24 15 52 287 96792 1 3233761 18264 2.6 28 11 1 4 87%  74 4788 402 29%
c - 109.78 25 16 52 288 98839 1 3250703 22760 2.6 28 11 1 4 88%  74 4788 402 29%
c - 110.59 25 16 52 289 101403 2 3267673 24596 2.4 28 12 1 4 88%  74 4788 402 29%
c - 111.51 25 16 52 290 101465 1 3284675 29939 2.5 28 11 1 3 88%  74 4788 402 29%
c u 111.73 25 16 52 290 101784 1 3287623 31509 2.5 28 11 1 3 87%  74 4788 402 29%
c v 111.84 25 16 52 290 101784 1 3287623 29527 2.5 28 11 1 3 87%  74 4788 402 29%
c w 112.05 25 16 52 290 101784 1 3287623 27514 2.5 28 11 1 3 87%  74 4788 402 29%
c - 112.69 26 16 52 291 102607 1 3301704 29018 2.5 27 11 1 3 86%  74 4788 402 29%
c - 113.47 26 17 52 292 104548 2 3318764 28680 2.4 27 12 1 3 86%  74 4788 402 29%
c - 114.32 26 17 52 293 105028 2 3335853 30017 2.4 27 11 1 3 86%  74 4788 402 29%
c
c seconds    switched       rate           size/glue  tier1   binary      remaining
c         MB   reductions      conflicts         size   tier2   irredundant
c          level      restarts        redundant     glue   trail      variables
c
c - 114.95 26 16 52 294 105532 2 3352972 28463 2.3 25 11 1 3 87%  74 4788 402 29%
c - 115.72 24 17 52 295 107532 2 3370119 27523 2.2 25 12 1 3 87%  74 4788 402 29%
c } 116.20 25 17 53 295 107948 2 3379907 36513 2.2 26 12 1 3 86%  74 4788 402 29%
c [ 116.20 25 15 53 295 107948 1 3379907 36513 1.6 20 13 1 7 89%  74 4788 402 29%
c - 116.63 26 15 53 296 107953 1 3387296 29829 1.7 21 13 1 7 90%  74 4788 402 29%
c W 116.82 26 15 53 296 107954 1 3392120 33956 1.7 21 13 1 7 90%  74 4788 402 29%
c - 117.30 24 15 53 297 107961 1 3404500 28275 1.7 22 13 1 7 90%  74 4788 402 29%
c - 117.95 25 15 53 298 107969 1 3421733 22593 1.7 22 13 1 7 90%  74 4788 402 29%
c - 118.70 25 15 53 299 107977 1 3438996 20933 1.7 21 13 1 7 90%  74 4788 402 29%
c - 119.41 25 15 53 300 107978 1 3456287 20660 1.7 21 12 1 7 91%  74 4788 402 29%
c - 120.08 25 15 53 301 107985 1 3473608 20947 1.7 21 13 1 7 91%  74 4788 402 29%
c u 120.69 25 15 53 301 107993 1 3489099 29015 1.7 21 13 1 7 91%  74 4788 402 29%
c v 120.79 25 15 53 301 107993 1 3489099 27077 1.7 21 13 1 7 91%  74 4788 402 29%
c w 121.14 25 15 53 301 107993 1 3489099 23925 1.7 21 13 1 7 91%  74 4788 402 29%
c o 121.14 25 15 53 301 107993 1 3489099 23925 1.7 21 13 1 7 91%  74 4788 402 29%
c - 121.21 25 15 53 302 107993 1 3490957 17865 1.7 21 13 1 7 91%  74 4788 402 29%
c - 121.76 25 15 53 303 108002 1 3508337 18573 1.7 21 13 1 7 91%  74 4788 402 29%
c - 122.38 25 15 53 304 108008 1 3525743 19780 1.7 22 13 1 7 91%  74 4788 402 29%
c - 122.87 25 15 53 305 108009 1 3543179 19836 1.8 22 13 1 7 91%  74 4788 402 29%
c - 123.39 25 15 53 306 108010 1 3560644 19252 1.8 22 13 1 7 91%  74 4788 402 29%
c
c seconds    switched       rate           size/glue  tier1   binary      remaining
c         MB   reductions      conflicts         size   tier2   irredundant
c          level      restarts        redundant     glue   trail      variables
c
c ] 123.48 25 15 54 306 108010 1 3563667 21230 1.8 22 13 1 7 91%  74 4788 402 29%
c { 123.48 25 17 54 306 108010 2 3563667 21230 2.2 26 12 1 3 86%  74 4788 402 29%
c - 124.11 25 16 54 307 108415 2 3578136 23883 2.3 26 11 1 3 87%  74 4788 402 29%
c - 124.92 25 15 54 308 108415 1 3595658 27516 2.3 25 11 1 3 88%  74 4788 402 29%
c - 125.48 25 15 54 309 110219 1 3613210 26744 2.2 24 11 1 3 88%  75 4788 402 29%
c - 125.95 25 15 54 310 111975 1 3630788 23871 2.1 24 11 1 3 88%  75 4788 402 29%
c - 126.40 25 16 54 311 113701 1 3648395 22245 2.0 23 12 1 4 88%  75 4788 402 29%
c - 127.06 25 15 54 312 113823 1 3666031 25394 2.1 24 11 1 4 89%  75 4788 402 29%
c - 127.74 26 15 54 313 115051 1 3683696 30230 2.2 24 11 1 4 89%  76 4788 402 29%
c u 128.24 26 15 54 313 115743 1 3697157 37658 2.1 23 11 1 4 89%  76 4788 402 29%
c v 128.45 26 15 54 313 115743 1 3697157 33914 2.1 23 11 1 4 89%  76 4788 402 29%
c w 128.55 26 15 54 313 115743 1 3697157 28120 2.1 23 11 1 4 89%  76 4788 402 29%
c - 128.67 26 15 54 314 116391 1 3701387 23269 2.1 23 11 1 4 89%  76 4788 402 29%
c - 129.50 26 14 54 315 116786 1 3719108 24124 2.1 23 11 1 4 90%  76 4788 402 29%
c } 129.63 26 14 55 315 116786 1 3722061 25214 2.1 23 11 1 4 90%  77 4788 402 29%
c [ 129.63 26 15 55 315 116786 1 3722061 25214 1.8 22 13 1 7 91%  77 4788 402 29%
c O 129.63 26 15 55 315 116786 1 3722061 25214 1.8 22 13 1 7 91%  77 4788 402 29%
c - 130.17 26 15 55 316 116795 1 3736857 24001 1.8 22 13 1 7 91%  77 4788 402 29%
c o 130.59 26 15 55 316 116800 1 3754309 36952 1.7 22 13 1 7 88%  77 4788 402 29%
c - 130.61 26 15 55 317 116800 1 3754634 21921 1.7 22 13 1 7 88%  77 4788 402 29%
c
c seconds    switched       rate           size/glue  tier1   binary      remaining
c         MB   reductions      conflicts         size   tier2   irredundant
c          level      restarts        redundant     glue   trail      variables
c
c - 131.12 26 15 55 318 116812 1 3772438 20235 1.7 22 13 1 7 85%  77 4788 402 29%
c - 131.64 26 16 55 319 116816 1 3790271 19534 1.7 22 13 1 7 86%  77 4788 402 29%
c - 132.16 26 16 55 320 116819 1 3808131 19070 1.7 21 13 1 7 86%  77 4788 402 29%
c - 132.71 26 15 55 321 116830 1 3826019 19009 1.6 21 13 1 7 87%  77 4788 402 29%
c - 133.30 26 15 55 322 116837 1 3843936 19266 1.6 21 13 1 7 87%  77 4788 402 29%
c - 133.85 26 15 55 323 116846 1 3861882 19486 1.6 20 13 1 7 88%  77 4788 402 29%
c - 134.40 26 15 55 324 116847 1 3879854 19721 1.6 21 13 1 7 88%  77 4788 402 29%
c - 134.95 26 15 55 325 116848 1 3897854 20008 1.6 20 13 1 7 88%  77 4788 402 29%
c ] 135.21 26 15 56 325 116848 1 3905893 24539 1.6 20 12 1 7 88%  77 4788 402 29%
c { 135.21 26 14 56 325 116848 1 3905893 24539 2.1 23 11 1 4 90%  77 4788 402 29%
c u 135.57 26 14 56 325 117134 1 3911850 27734 2.1 22 11 1 4 90%  78 4788 402 29%
c v 135.68 26 14 56 325 117134 1 3911850 25744 2.1 22 11 1 4 90%  81 4788 402 29%
c w 135.76 26 14 56 325 117134 1 3911850 23326 2.1 22 11 1 4 90%  81 4788 402 29%
c x 135.78 26 14 56 325 117134 1 3911850 23323 2.1 22 11 1 4 90%  82 4776 402 29%
c t 135.79 26 14 56 325 117134 1 3911850 23323 2.1 22 11 1 4 90%  80 4776 402 29%
c - 135.97 26 14 56 326 117732 1 3915881 19310 2.1 23 11 1 4 90%  80 4776 402 29%
c - 136.75 26 15 56 327 119359 1 3933936 24237 2.1 23 11 1 4 89%  80 4776 402 29%
c - 137.66 26 15 56 328 120090 1 3952019 27546 2.3 25 11 1 3 90%  80 4776 402 29%
c - 138.55 26 16 56 329 122048 2 3970129 28643 2.2 26 11 1 3 90%  80 4776 402 29%
c - 139.45 26 17 56 330 123059 2 3988267 30770 2.2 26 12 1 3 88%  80 4776 402 29%
c
c seconds    switched       rate           size/glue  tier1   binary      remaining
c         MB   reductions      conflicts         size   tier2   irredundant
c          level      restarts        redundant     glue   trail      variables
c
c - 140.33 26 17 56 331 124888 2 4006434 31304 2.2 26 12 1 3 88%  80 4776 402 29%
c o 140.79 26 17 56 331 124900 2 4020922 39771 2.1 25 12 1 3 88%  80 4776 402 29%
c - 141.00 24 17 56 332 125148 2 4024627 28770 2.1 25 12 1 3 87%  80 4776 402 29%
c - 141.92 24 16 56 333 125913 2 4042847 29920 2.2 26 12 1 3 88%  80 4776 402 29%
c - 142.80 26 17 56 334 127199 2 4061095 31270 2.2 25 12 1 3 88%  80 4776 402 29%
c } 143.53 26 17 57 334 128574 2 4075236 43082 2.1 26 12 1 3 87%  80 4776 402 29%
c [ 143.53 26 15 57 334 128574 1 4075236 43082 1.6 20 12 1 7 88%  80 4776 402 29%
c B 143.53 26 15 57 334 128574 1 4075236 43082 1.6 20 12 1 7 88%  80 4776 402 29%
c - 143.69 24 15 57 335 128577 1 4079371 31460 1.6 20 12 1 7 88%  80 4776 402 29%
c - 144.25 25 15 57 336 128587 1 4097674 28983 1.6 20 12 1 7 89%  80 4776 402 29%
c - 144.91 25 15 57 337 128594 1 4116004 25520 1.6 20 12 1 7 89%  80 4776 402 29%
c u 145.66 25 15 57 337 128603 1 4133280 32238 1.6 20 12 1 7 89%  81 4776 402 29%
c v 145.82 25 15 57 337 128603 1 4133280 29101 1.6 20 12 1 7 89%  81 4776 402 29%
c w 146.14 25 15 57 337 128603 1 4133280 24858 1.6 20 12 1 7 89%  81 4776 402 29%
c - 147.23 37 15 57 338 128603 1 4134361 19107 1.6 20 12 1 7 89%  81 4776 402 29%
c - 147.86 37 14 57 339 128604 1 4152746 20112 1.6 20 12 1 7 89%  81 4776 402 29%
c - 148.42 37 14 57 340 128613 1 4171158 21740 1.6 19 12 1 7 89%  81 4776 402 29%
c - 148.97 37 14 57 341 128619 1 4189597 22449 1.6 19 12 1 7 89%  81 4776 402 29%
c - 149.57 37 14 57 342 128631 1 4208063 22076 1.6 19 12 1 7 89%  81 4776 402 29%
c - 150.15 37 14 57 343 128635 1 4226557 21474 1.6 19 12 1 7 89%  81 4776 402 29%
c
c seconds    switched       rate           size/glue  tier1   binary      remaining
c         MB   reductions      conflicts         size   tier2   irredundant
c          level      restarts        redundant     glue   trail      variables
c
c - 150.72 37 14 57 344 128636 1 4245077 22680 1.6 19 12 1 7 89%  81 4776 402 29%
c - 151.22 37 14 57 345 128636 1 4263624 23371 1.6 18 11 1 7 86%  81 4776 402 29%
c - 151.82 37 14 57 346 128643 1 4282200 23718 1.6 19 12 1 7 86%  81 4776 402 29%
c W 152.29 37 14 57 346 128649 1 4292518 30082 1.6 19 12 1 7 86%  81 4776 402 29%
c o 152.29 37 14 57 346 128649 1 4292518 30082 1.6 19 12 1 7 86%  81 4776 402 29%
c - 152.63 37 14 57 347 128651 1 4300801 22691 1.6 19 12 1 7 87%  81 4776 402 29%
c ] 152.98 37 14 58 347 128656 1 4310508 27600 1.6 19 12 1 7 87%  81 4776 402 29%
c { 152.98 37 17 58 347 128656 2 4310508 27600 2.1 26 12 1 3 87%  81 4776 402 29%
c s 153.03 37 17 58 347 128797 2 4311586 28349 2.1 26 12 1 3 88%  81 4775 402 29%
c - 153.35 37 17 58 348 128963 2 4319428 23939 2.1 25 12 1 3 88%  81 4775 402 29%
c - 154.22 37 17 58 349 129611 1 4338083 28638 2.2 26 12 1 3 87%  81 4775 402 29%
c - 155.15 38 17 58 350 129713 1 4356764 34236 2.4 27 11 1 3 88%  81 4775 402 29%
c u 155.52 38 17 58 350 129948 1 4361417 36790 2.4 27 11 1 3 87%  81 4775 402 29%
c v 155.69 38 17 58 350 129948 1 4361417 34383 2.4 27 11 1 3 87%  81 4775 402 29%
c w 155.87 38 17 58 350 129948 1 4361417 33792 2.4 27 11 1 3 87%  81 4775 402 29%
c - 156.55 38 17 58 351 131084 1 4375473 31988 2.4 27 11 1 3 88%  81 4775 402 29%
c - 157.41 38 17 58 352 132740 2 4394208 29816 2.3 27 12 1 3 88%  81 4775 402 29%
c - 158.14 35 17 58 353 132849 1 4412969 29592 2.3 26 11 1 3 88%  81 4775 402 29%
c - 159.17 38 17 58 354 134448 1 4431758 32297 2.3 26 12 1 3 88%  81 4775 402 29%
c - 159.97 38 17 58 355 134694 1 4450572 31797 2.3 26 11 1 3 88%  81 4775 402 29%
c
c seconds    switched       rate           size/glue  tier1   binary      remaining
c         MB   reductions      conflicts         size   tier2   irredundant
c          level      restarts        redundant     glue   trail      variables
c
c - 160.75 35 16 58 356 134971 1 4469415 28512 2.2 24 11 1 3 89%  81 4775 402 29%
c - 161.48 36 15 58 357 134971 1 4488282 27127 2.1 23 11 1 3 89%  81 4775 402 29%
c } 161.59 36 15 59 357 134971 1 4491138 28677 2.1 22 11 1 3 89%  81 4775 402 29%
c [ 161.59 36 14 59 357 134971 1 4491138 28677 1.6 19 12 1 7 87%  81 4775 402 29%
c - 162.16 37 14 59 358 134980 1 4507176 27304 1.6 19 12 1 7 88%  81 4775 402 29%
c I 162.49 37 14 59 358 134985 1 4518084 34738 1.6 19 12 1 7 88%  81 4775 402 29%
c - 162.70 37 14 59 359 134988 1 4526096 25759 1.6 19 12 1 7 88%  81 4775 402 29%
c - 163.24 37 14 59 360 134999 1 4545044 23434 1.7 20 12 1 7 88%  81 4775 402 29%
c - 163.78 37 14 59 361 135001 1 4564017 22824 1.7 19 12 1 7 88%  81 4775 402 29%
c - 164.31 37 14 59 362 135008 1 4583018 23356 1.6 19 12 1 7 88%  81 4775 402 29%
c u 164.81 37 14 59 362 135015 1 4596313 29952 1.6 19 12 1 7 88%  81 4775 402 29%
c v 164.92 37 14 59 362 135015 1 4596313 28158 1.6 19 12 1 7 88%  81 4775 402 29%
c w 165.21 37 14 59 362 135015 1 4596313 23012 1.6 19 12 1 7 88%  81 4775 402 29%
c o 165.21 37 14 59 362 135015 1 4596313 23012 1.6 19 12 1 7 88%  81 4775 402 29%
c - 165.33 37 14 59 363 135016 1 4602045 18538 1.6 19 12 1 7 88%  81 4775 402 29%
c - 165.81 37 14 59 364 135026 1 4621098 20106 1.6 19 12 1 7 88%  81 4775 402 29%
c - 166.38 37 14 59 365 135032 1 4640177 20410 1.6 19 12 1 7 88%  81 4775 402 29%
c - 166.90 37 14 59 366 135033 1 4659282 21012 1.7 20 12 1 7 89%  81 4775 402 29%
c - 167.47 37 14 59 367 135033 1 4678414 20296 1.6 20 12 1 7 89%  81 4775 402 29%
c - 168.04 37 14 59 368 135040 1 4697572 21063 1.6 19 12 1 7 88%  81 4775 402 29%
c
c seconds    switched       rate           size/glue  tier1   binary      remaining
c         MB   reductions      conflicts         size   tier2   irredundant
c          level      restarts        redundant     glue   trail      variables
c
c - 168.59 37 14 59 369 135048 1 4716755 21406 1.6 19 12 1 7 88%  81 4775 402 29%
c - 169.17 37 14 59 370 135058 1 4735964 21485 1.6 19 12 1 7 88%  81 4775 402 29%
c B 169.60 37 14 59 370 135063 1 4752050 31004 1.6 19 12 1 7 88%  81 4775 402 29%
c - 169.72 37 14 59 371 135064 1 4755199 21423 1.6 19 12 1 7 88%  81 4775 402 29%
c ] 170.21 37 14 60 371 135064 1 4768806 29186 1.7 20 12 1 7 89%  81 4775 402 29%
c { 170.21 37 15 60 371 135064 1 4768806 29186 2.1 22 11 1 3 89%  81 4775 402 29%
c - 170.50 37 15 60 372 135314 1 4774461 23948 2.1 23 11 1 3 89%  81 4775 402 29%
c - 171.43 37 16 60 373 137640 1 4793748 27729 2.1 24 11 1 3 89%  81 4775 402 29%
c - 172.42 38 16 60 374 138931 1 4813062 31731 2.3 26 11 1 3 89%  81 4775 402 29%
c - 173.40 38 16 60 375 140276 1 4832402 33530 2.3 26 11 1 3 89%  81 4775 402 29%
c u 173.75 38 16 60 375 140294 1 4837987 36891 2.3 26 11 1 3 89%  81 4775 402 29%
c v 173.92 38 16 60 375 140294 1 4837987 34607 2.3 26 11 1 3 89%  81 4775 402 29%
c w 174.11 38 16 60 375 140294 1 4837987 34014 2.3 26 11 1 3 89%  81 4775 402 29%
c - 174.74 38 16 60 376 140935 1 4851767 31036 2.3 26 11 1 3 89%  81 4775 402 29%
c - 175.62 38 16 60 377 141262 1 4871157 32915 2.4 27 11 1 3 90%  81 4775 402 29%
c - 176.65 38 16 60 378 142865 1 4890574 33891 2.4 27 11 1 3 89%  81 4775 402 29%
c o 176.65 38 16 60 378 142868 1 4890592 33907 2.4 27 11 1 3 89%  81 4775 402 29%
c - 177.64 38 17 60 379 144752 2 4910016 32496 2.3 27 12 1 3 89%  81 4775 402 29%
c - 178.69 38 17 60 380 146350 2 4929483 33039 2.3 27 12 1 3 89%  81 4775 402 29%
c - 179.52 38 17 60 381 146663 2 4948977 34452 2.3 27 12 1 3 89%  81 4775 402 29%
c
c seconds    switched       rate           size/glue  tier1   binary      remaining
c         MB   reductions      conflicts         size   tier2   irredundant
c          level      restarts        redundant     glue   trail      variables
c
c } 180.09 38 16 61 381 146663 1 4961058 43507 2.3 26 11 1 3 89%  81 4775 402 29%
c [ 180.09 38 14 61 381 146663 1 4961058 43507 1.7 20 12 1 7 89%  81 4775 402 29%
c - 180.51 38 14 61 382 146668 1 4968497 34621 1.7 20 12 1 7 89%  81 4775 402 29%
c - 181.42 35 14 61 383 146677 1 4988042 30118 1.7 21 12 1 6 89%  81 4775 402 29%
c W 181.68 36 14 61 383 146678 1 4994531 34553 1.8 21 12 1 6 89%  81 4775 402 29%
c - 182.20 35 14 61 384 146686 1 5007612 27369 1.8 21 12 1 6 90%  81 4775 402 29%
c - 182.91 37 14 61 385 146693 1 5027208 25178 1.8 22 12 1 6 90%  81 4775 402 29%
c - 183.58 37 15 61 386 146696 1 5046830 24362 1.8 22 12 1 6 90%  81 4775 402 29%
c - 184.33 37 15 61 387 146707 1 5066476 23718 1.9 23 12 1 6 90%  81 4775 402 29%
c - 185.15 37 15 61 388 146715 1 5086148 23808 1.9 23 12 1 6 90%  81 4775 402 29%
c u 185.30 37 15 61 388 146715 1 5086474 22584 1.9 23 12 1 6 90%  81 4775 402 29%
c v 185.42 37 15 61 388 146715 1 5086474 20045 1.9 23 12 1 6 90%  81 4775 402 29%
c w 185.47 37 15 61 388 146715 1 5086474 19325 1.9 23 12 1 6 90%  81 4775 402 29%
c - 186.13 37 15 61 389 146723 1 5105846 20011 1.9 23 12 1 6 90%  81 4775 402 29%
c - 186.83 37 14 61 390 146725 1 5125569 21065 1.9 23 12 1 6 90%  81 4775 402 29%
c - 187.60 37 14 61 391 146725 1 5145317 22165 1.9 23 12 1 6 91%  81 4775 402 29%
c - 188.28 37 14 61 392 146731 1 5165090 22515 1.9 23 12 1 6 91%  81 4775 402 29%
c - 189.01 37 14 61 393 146740 1 5184888 22447 2.0 23 12 1 6 91%  81 4775 402 29%
c o 189.29 37 14 61 393 146743 1 5192798 27657 2.0 23 12 1 6 91%  81 4775 402 29%
c ] 189.57 37 14 62 393 146747 1 5202556 34006 1.9 23 12 1 6 91%  81 4775 402 29%
c
c seconds    switched       rate           size/glue  tier1   binary      remaining
c         MB   reductions      conflicts         size   tier2   irredundant
c          level      restarts        redundant     glue   trail      variables
c
c { 189.57 37 16 62 393 146747 1 5202556 34006 2.3 26 11 1 3 89%  81 4775 402 29%
c - 189.68 37 16 62 394 147025 1 5204713 23231 2.3 26 11 1 3 89%  81 4775 402 29%
c - 190.55 37 16 62 395 148173 1 5224565 27208 2.3 26 11 1 3 87%  81 4775 402 29%
c - 191.76 38 16 62 396 148921 1 5244439 31464 2.5 28 11 1 3 87%  81 4775 402 29%
c - 192.85 38 16 62 397 150278 1 5264339 32725 2.5 28 11 1 3 88%  81 4775 402 29%
c - 193.83 38 16 62 398 151556 1 5284264 32180 2.5 28 11 1 3 88%  81 4775 402 29%
c - 194.89 38 16 62 399 152933 1 5304213 32347 2.4 28 12 1 3 88%  81 4775 402 29%
c - 196.12 38 17 62 400 153672 1 5324188 34961 2.4 28 12 1 3 87%  81 4775 402 29%
c u 197.15 38 17 62 400 154754 1 5341807 46100 2.3 27 12 1 3 87%  81 4775 402 29%
c v 197.43 38 17 62 400 154754 1 5341807 42618 2.3 27 12 1 3 87%  81 4775 402 29%
c w 197.66 38 17 62 400 154754 1 5341807 39652 2.3 27 12 1 3 87%  81 4775 402 29%
c - 197.73 35 17 62 401 154844 1 5344189 29246 2.3 27 12 1 3 87%  81 4775 402 29%
c - 198.63 35 16 62 402 155150 1 5364214 29088 2.4 28 11 1 3 88%  81 4775 402 29%
c - 199.71 38 16 62 403 156107 1 5384264 30796 2.6 29 11 1 3 89%  81 4775 402 29%
c - 200.66 38 17 62 404 158319 1 5404339 31156 2.4 29 12 1 3 89%  81 4775 402 29%
c } 200.77 38 17 63 404 158657 2 5406765 33067 2.4 28 12 1 3 89%  81 4775 402 29%
c [ 200.77 38 14 63 404 158657 1 5406765 33067 1.9 23 12 1 6 91%  81 4775 402 29%
c O 200.77 38 14 63 404 158657 1 5406765 33067 1.9 23 12 1 6 91%  81 4775 402 29%
c - 201.36 35 14 63 405 158668 1 5424438 28975 1.9 22 12 1 6 89%  81 4775 402 29%
c - 202.18 37 14 63 406 158675 1 5444562 24590 1.8 22 12 1 6 89%  81 4775 402 29%
c
c seconds    switched       rate           size/glue  tier1   binary      remaining
c         MB   reductions      conflicts         size   tier2   irredundant
c          level      restarts        redundant     glue   trail      variables
c
c - 202.83 37 14 63 407 158686 1 5464712 23244 1.8 21 12 1 6 89%  81 4775 402 29%
c - 203.52 37 14 63 408 158687 1 5484886 22759 1.8 21 12 1 6 90%  81 4775 402 29%
c - 204.27 37 14 63 409 158697 1 5505085 22957 1.7 20 12 1 6 90%  81 4775 402 29%
c - 205.03 37 14 63 410 158705 1 5525309 23323 1.7 20 12 1 6 90%  81 4775 402 29%
c - 205.77 37 14 63 411 158716 1 5545557 22771 1.7 20 12 1 6 90%  81 4775 402 29%
c - 206.54 37 14 63 412 158718 1 5565831 22383 1.7 20 12 1 6 90%  81 4775 402 29%
c e 206.59 37 14 63 412 158718 1 5567249 23112 1.7 20 12 1 6 90%  76 4811 400 29%
c s 206.59 37 14 63 412 158718 1 5567249 23112 1.7 20 12 1 6 90%  76 4796 400 29%
c o 206.60 37 14 63 412 158718 1 5567249 22829 1.7 20 12 1 6 90%  76 4796 400 29%
c - 207.17 37 14 63 413 158719 1 5586129 23083 1.7 20 12 1 6 90%  76 4796 400 29%
c u 207.97 37 14 63 413 158720 1 5604018 31728 1.7 19 12 1 6 90%  76 4796 400 29%
c v 208.08 37 14 63 413 158720 1 5604018 30265 1.7 19 12 1 6 90%  76 4796 400 29%
c w 208.45 37 14 63 413 158720 1 5604018 25234 1.7 19 12 1 6 90%  76 4796 400 29%
c f 208.45 37 14 63 413 158720 1 5604018 25234 1.7 19 12 1 6 90%  79 4776 401 29%
c u 208.57 37 14 63 413 158720 1 5604018 25040 1.7 19 12 1 6 90%  79 4776 401 29%
c v 208.65 37 14 63 413 158720 1 5604018 24638 1.7 19 12 1 6 90%  79 4776 401 29%
c w 208.89 37 14 63 413 158720 1 5604018 22933 1.7 19 12 1 6 90%  79 4776 401 29%
c x 208.91 37 14 63 413 158720 1 5604018 22929 1.7 19 12 1 6 90%  79 4766 401 29%
c - 210.23 37 14 63 414 158722 1 5606451 17947 1.7 19 12 1 6 90%  79 4766 401 29%
c - 210.88 37 14 63 415 158733 1 5626797 19544 1.6 19 12 1 6 90%  79 4766 401 29%
c
c seconds    switched       rate           size/glue  tier1   binary      remaining
c         MB   reductions      conflicts         size   tier2   irredundant
c          level      restarts        redundant     glue   trail      variables
c
c - 211.66 37 14 63 416 158741 1 5647169 20748 1.7 19 12 1 6 90%  79 4766 401 29%
c B 212.29 37 13 63 416 158749 1 5666615 30951 1.6 19 11 1 6 89%  79 4766 401 29%
c - 212.32 37 13 63 417 158749 1 5667565 21832 1.6 19 11 1 6 89%  79 4766 401 29%
c ] 212.84 37 14 64 417 158753 1 5687860 38813 1.7 19 11 1 6 85%  79 4766 401 29%
c { 212.84 37 17 64 417 158753 2 5687860 38813 2.4 28 12 1 3 89%  79 4766 401 29%
c - 212.84 37 17 64 418 158753 2 5687986 23241 2.4 28 12 1 3 89%  79 4766 401 29%
c - 213.72 35 17 64 419 159612 1 5708433 26102 2.4 29 12 1 3 88%  79 4766 401 29%
c - 214.71 35 17 64 420 161091 2 5728902 28464 2.5 29 12 1 3 89%  79 4766 401 29%
c - 215.59 35 17 64 421 161811 1 5749396 29387 2.4 28 12 1 3 89%  79 4766 401 29%
c - 216.29 37 16 64 422 161811 1 5769915 28200 2.3 26 11 1 3 89%  79 4766 401 29%
c - 217.17 35 16 64 423 163181 1 5790458 28483 2.3 26 11 1 3 89%  79 4766 401 29%
c - 218.19 35 17 64 424 165177 1 5811024 30037 2.2 26 12 1 3 89%  79 4766 401 29%
c - 219.09 38 16 64 425 165446 1 5831616 32050 2.4 27 11 1 3 89%  79 4766 401 29%
c - 220.09 38 17 64 426 166903 1 5852232 33461 2.4 28 12 1 3 90%  79 4766 401 29%
c - 221.05 38 17 64 427 167940 1 5872871 33480 2.4 28 12 1 3 89%  79 4766 401 29%
c u 221.21 38 17 64 427 167940 1 5873238 32520 2.4 28 12 1 3 89%  79 4766 401 29%
c v 221.38 38 17 64 427 167940 1 5873238 29728 2.4 28 12 1 3 89%  79 4766 401 29%
c w 221.70 38 17 64 427 167940 1 5873238 28052 2.4 28 12 1 3 89%  79 4766 401 29%
c o 222.33 38 17 64 427 168446 1 5887464 39940 2.4 28 12 1 3 89%  80 4766 401 29%
c - 222.60 35 17 64 428 169040 1 5893534 29806 2.4 28 12 1 3 89%  80 4766 401 29%
c
c seconds    switched       rate           size/glue  tier1   binary      remaining
c         MB   reductions      conflicts         size   tier2   irredundant
c          level      restarts        redundant     glue   trail      variables
c
c } 223.02 36 16 65 428 169232 1 5904360 37817 2.4 27 12 1 3 89%  80 4766 401 29%
c [ 223.02 36 14 65 428 169232 1 5904360 37817 1.7 19 11 1 6 85%  80 4766 401 29%
c - 223.54 35 14 65 429 169238 1 5914222 29474 1.7 19 11 1 6 86%  80 4766 401 29%
c - 224.26 37 14 65 430 169246 1 5934935 27030 1.7 20 12 1 6 87%  80 4766 401 29%
c W 224.31 37 14 65 430 169246 1 5935317 27254 1.7 20 12 1 6 87%  80 4766 401 29%
c - 224.95 37 14 65 431 169259 1 5955671 23967 1.7 20 12 1 6 87%  80 4766 401 29%
c - 225.64 37 14 65 432 169262 1 5976432 23546 1.7 21 12 1 6 88%  80 4766 401 29%
c - 226.34 37 14 65 433 169269 1 5997217 23451 1.8 21 12 1 6 89%  80 4766 401 29%
c - 227.01 37 14 65 434 169277 1 6018026 23603 1.8 21 12 1 6 89%  80 4766 401 29%
c - 227.69 37 14 65 435 169290 1 6038859 24181 1.7 21 12 1 6 89%  80 4766 401 29%
c - 228.42 37 14 65 436 169293 1 6059716 23384 1.8 21 12 1 6 89%  80 4766 401 29%
c - 229.20 37 14 65 437 169294 1 6080596 23327 1.7 21 12 1 6 90%  80 4766 401 29%
c - 230.01 37 14 65 438 169295 1 6101501 24027 1.8 20 12 1 6 90%  80 4766 401 29%
c - 230.76 37 14 65 439 169308 1 6122430 24994 1.7 20 12 1 6 90%  80 4766 401 29%
c - 231.51 37 14 65 440 169316 1 6143383 23674 1.7 20 12 1 6 90%  80 4766 401 29%
c u 231.84 37 14 65 440 169319 1 6149404 25947 1.7 20 12 1 6 90%  80 4766 401 29%
c v 231.94 37 14 65 440 169319 1 6149404 24071 1.7 20 12 1 6 90%  80 4766 401 29%
c w 232.05 37 14 65 440 169319 1 6149404 21645 1.7 20 12 1 6 90%  80 4766 401 29%
c - 232.44 37 14 65 441 169324 1 6164359 21130 1.7 20 12 1 6 90%  80 4766 401 29%
c ] 232.62 37 14 66 441 169325 1 6171901 26242 1.7 20 12 1 6 90%  80 4766 401 29%
c
c seconds    switched       rate           size/glue  tier1   binary      remaining
c         MB   reductions      conflicts         size   tier2   irredundant
c          level      restarts        redundant     glue   trail      variables
c
c { 232.62 37 16 66 441 169325 1 6171901 26242 2.4 27 12 1 3 89%  80 4766 401 29%
c - 233.24 37 16 66 442 169399 1 6185360 25346 2.5 28 11 1 3 90%  80 4766 401 29%
c - 234.64 38 16 66 443 169694 1 6206384 30439 2.6 28 11 1 3 88%  80 4766 401 29%
c o 235.43 38 16 66 443 169989 1 6222914 42429 2.5 28 11 1 3 88%  80 4766 401 29%
c - 235.69 38 16 66 444 170484 1 6227431 30569 2.5 27 11 1 3 88%  80 4766 401 29%
c - 236.89 38 16 66 445 170857 1 6248502 31268 2.5 27 11 1 3 88%  80 4766 401 29%
c e 237.94 38 15 66 445 171489 1 6267405 46022 2.5 27 11 1 3 88%  77 4784 400 29%
c - 238.09 38 15 66 446 171501 1 6269599 33316 2.5 27 11 1 3 88%  77 4784 400 29%
c - 239.39 38 15 66 447 172902 1 6290717 34303 2.5 27 11 1 3 88%  77 4784 400 29%
c - 240.51 38 15 66 448 173536 1 6311860 34661 2.4 26 11 1 3 87%  77 4784 400 29%
c - 241.79 38 15 66 449 175081 1 6333027 35336 2.4 25 11 1 3 86%  77 4784 400 29%
c - 242.85 38 15 66 450 175848 1 6354216 37537 2.4 25 10 1 3 84%  77 4784 400 29%
c - 244.10 38 14 66 451 177127 1 6375430 37669 2.4 25 10 1 3 86%  77 4784 400 29%
c - 245.58 38 14 66 452 177391 1 6396666 39454 2.5 25 10 1 3 87%  78 4784 400 29%
c } 245.87 38 14 67 452 177838 1 6401017 42481 2.5 25 10 1 3 87%  78 4784 400 29%
c [ 245.87 38 14 67 452 177838 1 6401017 42481 1.7 20 12 1 6 90%  78 4784 400 29%
c I 245.87 38 14 67 452 177838 1 6401017 42481 1.7 20 12 1 6 90%  78 4784 400 29%
c - 246.38 38 14 67 453 177848 1 6417926 37855 1.7 20 12 1 6 90%  78 4784 400 29%
c u 247.07 38 14 67 453 177852 1 6432506 44534 1.7 20 12 1 6 90%  78 4784 400 29%
c v 247.41 38 14 67 453 177852 1 6432506 40607 1.7 20 12 1 6 90%  78 4784 400 29%
c
c seconds    switched       rate           size/glue  tier1   binary      remaining
c         MB   reductions      conflicts         size   tier2   irredundant
c          level      restarts        redundant     glue   trail      variables
c
c w 247.84 38 14 67 453 177852 1 6432506 34894 1.7 20 12 1 6 90%  78 4784 400 29%
c - 248.09 35 14 67 454 177857 1 6439210 25709 1.7 20 12 1 6 90%  78 4784 400 29%
c - 248.76 37 14 67 455 177867 1 6460517 23510 1.7 20 12 1 6 90%  78 4784 400 29%
c - 249.47 37 14 67 456 177868 1 6481847 22901 1.7 20 12 1 6 90%  78 4784 400 29%
c - 250.11 37 14 67 457 177881 1 6503202 23390 1.7 19 12 1 6 90%  78 4784 400 29%
c - 250.89 37 14 67 458 177890 1 6524580 23974 1.7 19 11 1 6 90%  78 4784 400 29%
c - 251.69 37 13 67 459 177898 1 6545983 24441 1.6 19 11 1 6 90%  78 4784 400 29%
c - 252.42 37 13 67 460 177900 1 6567409 24851 1.6 18 11 1 6 90%  78 4784 400 29%
c - 253.09 37 13 67 461 177900 1 6588856 25775 1.6 18 11 1 6 88%  78 4784 400 29%
c - 253.63 37 13 67 462 177908 1 6610326 26626 1.7 18 11 1 6 84%  78 4784 400 29%
c - 254.20 37 13 67 463 177917 1 6631821 25537 1.7 18 11 1 6 80%  78 4784 400 29%
c - 254.74 37 13 67 464 177929 1 6653339 25947 1.8 18 10 1 6 77%  78 4784 400 29%
c - 255.26 37 13 67 465 177931 1 6674879 26321 1.8 18 10 1 6 75%  78 4784 400 29%
c B 255.58 37 13 67 465 177937 1 6687751 36266 1.8 18 10 1 6 73%  78 4784 400 29%
c o 255.58 37 13 67 465 177937 1 6687751 36266 1.8 18 10 1 6 73%  78 4784 400 29%
c - 255.84 37 13 67 466 177942 1 6696442 26020 1.7 18 11 1 6 75%  78 4784 400 29%
c - 256.40 37 13 67 467 177951 1 6718032 25241 1.7 19 11 1 6 77%  78 4784 400 29%
c u 256.64 37 13 67 467 177953 1 6722472 27817 1.7 19 11 1 6 77%  78 4784 400 29%
c v 256.76 37 13 67 467 177953 1 6722472 26042 1.7 19 11 1 6 77%  78 4784 400 29%
c w 256.92 37 13 67 467 177953 1 6722472 23583 1.7 19 11 1 6 77%  78 4784 400 29%
c
c seconds    switched       rate           size/glue  tier1   binary      remaining
c         MB   reductions      conflicts         size   tier2   irredundant
c          level      restarts        redundant     glue   trail      variables
c
c - 257.43 37 14 67 468 177961 1 6739642 21907 1.7 19 11 1 6 79%  78 4784 400 29%
c - 258.12 37 14 67 469 177962 1 6761276 22067 1.7 19 11 1 6 82%  78 4784 400 29%
c - 258.78 37 14 67 470 177963 1 6782932 21968 1.7 19 12 1 6 83%  78 4784 400 29%
c - 259.43 37 14 67 471 177964 1 6804612 22397 1.6 19 12 1 6 85%  78 4784 400 29%
c - 260.16 37 14 67 472 177964 1 6826314 22918 1.6 19 12 1 6 86%  78 4784 400 29%
c - 260.79 37 14 67 473 177964 1 6848040 23263 1.6 19 12 1 6 87%  78 4784 400 29%
c ] 261.35 37 13 68 473 177971 1 6869265 35230 1.6 18 11 1 6 88%  78 4784 400 29%
c { 261.35 37 14 68 473 177971 1 6869265 35230 2.5 25 10 1 3 87%  78 4784 400 29%
c - 261.38 37 14 68 474 178055 1 6869789 23719 2.5 25 10 1 3 87%  78 4784 400 29%
c - 262.37 37 15 68 475 180947 1 6891561 27601 2.3 25 11 1 3 87%  78 4784 400 29%
c - 263.49 38 15 68 476 182046 1 6913356 31376 2.3 25 11 1 3 88%  78 4784 400 29%
c - 264.64 38 15 68 477 183507 1 6935173 34143 2.3 25 11 1 3 88%  78 4784 400 29%
c - 265.71 38 15 68 478 184092 1 6957013 33521 2.3 25 11 1 3 89%  78 4784 400 29%
c - 266.94 38 15 68 479 186419 1 6978876 34174 2.2 25 11 1 3 88%  78 4784 400 29%
c - 268.04 38 16 68 480 187659 1 7000763 36167 2.3 26 11 1 3 89%  78 4784 400 29%
c u 269.44 38 16 68 480 188347 1 7019446 51492 2.4 27 11 1 3 88%  78 4784 400 29%
c v 269.73 38 16 68 480 188347 1 7019446 48381 2.4 27 11 1 3 88%  78 4784 400 29%
c w 269.93 38 16 68 480 188347 1 7019446 47854 2.4 27 11 1 3 88%  78 4784 400 29%
c - 270.08 39 16 68 481 188523 1 7022672 33337 2.4 27 11 1 3 88%  78 4784 400 29%
c - 271.14 39 16 68 482 189381 1 7044604 34042 2.4 27 11 1 3 89%  78 4784 400 29%
c
c seconds    switched       rate           size/glue  tier1   binary      remaining
c         MB   reductions      conflicts         size   tier2   irredundant
c          level      restarts        redundant     glue   trail      variables
c
c o 271.55 39 15 68 482 189402 1 7053152 41904 2.5 28 11 1 3 90%  78 4784 400 29%
c - 272.37 39 16 68 483 190951 1 7066558 35039 2.5 28 11 1 3 89%  79 4784 400 29%
c - 273.55 39 16 68 484 191387 1 7088536 36837 2.6 29 11 1 3 90%  79 4784 400 29%
c - 274.91 39 15 68 485 191392 1 7110536 35001 2.6 28 11 1 3 91%  79 4784 400 29%
c } 274.95 39 15 69 485 191392 1 7111325 35336 2.6 28 11 1 3 91%  79 4784 400 29%
c [ 274.95 39 13 69 485 191392 1 7111325 35336 1.6 18 11 1 6 88%  79 4784 400 29%
c W 274.97 39 13 69 485 191392 1 7111325 35336 1.6 18 11 1 6 88%  79 4784 400 29%
c - 275.60 35 13 69 486 191405 1 7132559 31493 1.6 18 11 1 6 88%  79 4784 400 29%
c - 276.28 37 13 69 487 191413 1 7154604 27645 1.6 18 11 1 6 88%  79 4784 400 29%
c - 277.04 37 13 69 488 191421 1 7176673 26141 1.6 18 11 1 6 89%  79 4784 400 29%
c - 277.83 37 13 69 489 191427 1 7198763 25639 1.6 18 11 1 6 89%  79 4784 400 29%
c - 278.60 37 13 69 490 191437 1 7220876 25981 1.6 18 11 1 6 89%  79 4784 400 29%
c - 279.31 37 13 69 491 191448 1 7243012 25697 1.6 17 11 1 6 89%  79 4784 400 29%
c - 280.02 37 13 69 492 191453 1 7265171 26320 1.6 17 11 1 6 89%  79 4784 400 29%
c - 280.83 37 13 69 493 191454 1 7287352 26092 1.6 18 11 1 6 90%  79 4784 400 29%
c - 281.61 37 13 69 494 191456 1 7309555 24755 1.6 18 11 1 6 90%  79 4784 400 29%
c u 282.31 37 13 69 494 191464 1 7323460 31261 1.6 18 11 1 6 90%  79 4784 400 29%
c v 282.42 37 13 69 494 191464 1 7323460 29355 1.6 18 11 1 6 90%  79 4784 400 29%
c w 282.67 37 13 69 494 191464 1 7323460 25270 1.6 18 11 1 6 90%  79 4784 400 29%
c - 282.98 37 13 69 495 191468 1 7331782 21264 1.6 18 11 1 6 90%  79 4784 400 29%
c
c seconds    switched       rate           size/glue  tier1   binary      remaining
c         MB   reductions      conflicts         size   tier2   irredundant
c          level      restarts        redundant     glue   trail      variables
c
c - 283.69 37 13 69 496 191477 1 7354030 22579 1.6 18 11 1 6 90%  79 4784 400 29%
c - 284.43 37 13 69 497 191485 1 7376302 23884 1.6 18 11 1 6 90%  79 4784 400 29%
c - 285.21 37 13 69 498 191492 1 7398595 24158 1.6 18 11 1 6 90%  79 4784 400 29%
c O 285.83 37 13 69 498 191500 1 7416519 32028 1.6 17 11 1 6 90%  79 4784 400 29%
c o 285.84 37 13 69 498 191500 1 7416519 32028 1.6 17 11 1 6 90%  79 4784 400 29%
c - 286.01 37 13 69 499 191500 1 7420910 24797 1.6 17 11 1 6 90%  79 4784 400 29%
c - 286.86 37 13 69 500 191513 1 7443248 25955 1.6 18 11 1 6 90%  79 4784 400 29%
c - 287.66 37 13 69 501 191516 1 7465609 25962 1.7 18 11 1 6 90%  79 4784 400 29%
c ] 288.05 37 13 70 501 191517 1 7476418 31946 1.7 18 11 1 6 90%  79 4784 400 29%
c { 288.05 37 15 70 501 191517 1 7476418 31946 2.6 28 11 1 3 91%  79 4784 400 29%
c - 288.44 37 14 70 502 191732 1 7487993 26842 2.5 27 11 1 3 91%  79 4784 400 29%
c - 289.26 37 15 70 503 193202 1 7510398 29076 2.4 26 11 1 3 91%  79 4784 400 29%
c - 290.12 37 14 70 504 193844 1 7532825 29039 2.3 24 10 1 3 91%  79 4784 400 29%
c - 290.87 37 14 70 505 195296 1 7555275 29427 2.2 23 11 1 3 90%  79 4784 400 29%
c - 291.67 37 14 70 506 195830 1 7577747 29288 2.1 22 10 1 3 91%  79 4784 400 29%
c - 292.50 37 13 70 507 196454 1 7600242 29605 2.0 21 10 1 3 91%  79 4784 400 29%
c - 293.36 37 13 70 508 197943 1 7622758 30944 2.0 21 10 1 3 90%  79 4784 400 29%
c u 293.95 37 13 70 508 198315 1 7634538 36862 1.9 20 10 1 3 90%  79 4784 400 29%
c v 294.09 37 13 70 508 198315 1 7634538 34587 1.9 20 10 1 3 90%  79 4784 400 29%
c w 294.40 37 13 70 508 198315 1 7634538 27582 1.9 20 10 1 3 90%  79 4784 400 29%
c
c seconds    switched       rate           size/glue  tier1   binary      remaining
c         MB   reductions      conflicts         size   tier2   irredundant
c          level      restarts        redundant     glue   trail      variables
c
c - 294.77 37 13 70 509 199297 1 7645296 26031 1.9 20 11 1 3 90%  79 4784 400 29%
c - 295.63 37 13 70 510 199726 1 7667858 27506 1.9 19 10 1 3 90%  79 4784 400 29%
c - 296.50 37 13 70 511 199820 1 7690441 28384 1.8 18 10 1 3 89%  79 4784 400 29%
c - 297.39 37 13 70 512 200731 1 7713047 30004 1.8 18 10 1 3 89%  79 4784 400 29%
c } 298.22 37 12 71 512 200786 1 7731746 39022 1.8 17 10 1 3 89%  79 4784 400 29%
c [ 298.22 37 13 71 512 200786 1 7731746 39022 1.7 18 11 1 6 90%  79 4784 400 29%
c B 298.22 37 13 71 512 200786 1 7731746 39022 1.7 18 11 1 6 90%  79 4784 400 29%
c - 298.38 37 13 71 513 200788 1 7735675 29925 1.7 18 11 1 6 90%  79 4784 400 29%
c - 299.22 37 13 71 514 200800 1 7758324 29778 1.7 18 11 1 6 90%  79 4784 400 29%
c - 300.11 37 13 71 515 200811 1 7780996 27278 1.7 19 11 1 6 90%  79 4784 400 29%
c - 300.98 37 13 71 516 200816 1 7803689 27319 1.7 18 11 1 6 90%  79 4784 400 29%
c o 301.57 37 13 71 516 200821 1 7818905 36678 1.7 19 11 1 6 90%  79 4784 400 29%
c - 301.90 37 13 71 517 200824 1 7826406 27909 1.7 19 11 1 6 90%  79 4784 400 29%
c - 302.82 37 13 71 518 200834 1 7849143 27638 1.7 19 11 1 6 90%  79 4784 400 29%
c - 303.61 37 13 71 519 200846 1 7871903 26463 1.7 20 11 1 6 90%  79 4784 400 29%
c - 304.48 37 14 71 520 200847 1 7894685 25384 1.7 20 11 1 6 90%  79 4784 400 29%
c - 305.32 37 13 71 521 200848 1 7917489 25514 1.7 19 11 1 6 90%  79 4784 400 29%
c - 306.18 37 13 71 522 200855 1 7940315 25936 1.7 19 11 1 6 90%  79 4784 400 29%
c u 306.83 37 13 71 522 200862 1 7952723 31793 1.7 19 11 1 6 90%  79 4784 400 29%
c v 306.95 37 13 71 522 200862 1 7952723 29579 1.7 19 11 1 6 90%  79 4784 400 29%
c
c seconds    switched       rate           size/glue  tier1   binary      remaining
c         MB   reductions      conflicts         size   tier2   irredundant
c          level      restarts        redundant     glue   trail      variables
c
c w 307.24 37 13 71 522 200862 1 7952723 25375 1.7 19 11 1 6 90%  79 4784 400 29%
c - 309.13 37 13 71 523 200865 1 7963163 22237 1.7 19 11 1 6 90%  79 4784 400 29%
c ] 309.36 37 13 72 523 200870 1 7970710 26491 1.7 19 11 1 6 90%  79 4784 400 29%
c { 309.36 37 12 72 523 200870 1 7970710 26491 1.8 17 10 1 3 89%  79 4784 400 29%
c - 310.04 37 12 72 524 201777 1 7986033 25929 1.8 18 10 1 3 89%  79 4784 400 29%
c - 311.20 35 14 72 525 205430 1 8008924 28893 1.8 19 11 1 3 89%  79 4784 400 29%
c - 312.33 35 14 72 526 207212 1 8031837 31035 1.9 21 11 1 3 89%  79 4784 400 29%
c - 313.56 38 15 72 527 209257 2 8054771 33582 1.9 22 11 1 3 88%  79 4784 400 29%
c - 314.86 38 15 72 528 210181 1 8077728 36617 2.0 22 11 1 3 87%  79 4784 400 29%
c - 316.10 38 15 72 529 210784 1 8100707 39593 2.1 23 11 1 3 87%  79 4784 400 29%
c - 317.33 39 15 72 530 212322 1 8123707 39050 2.1 23 11 1 3 87%  79 4784 400 29%
c - 318.38 39 15 72 531 213521 1 8146729 37027 2.0 23 11 1 3 87%  79 4784 400 29%
c - 319.65 39 16 72 532 215121 1 8169774 39082 2.1 23 11 1 3 87%  79 4784 400 29%
c - 321.28 39 16 72 533 216334 1 8192840 41544 2.3 25 11 1 3 88%  79 4784 400 29%
c o 321.64 39 16 72 533 216837 1 8199152 47025 2.3 26 11 1 3 88%  79 4784 400 29%
c - 322.49 39 15 72 534 217318 1 8215926 41300 2.3 26 11 1 3 88%  79 4784 400 29%
c - 323.60 39 15 72 535 217424 1 8239035 41831 2.5 27 11 1 3 89%  79 4784 400 29%
c } 323.63 39 15 73 535 217424 1 8239626 42356 2.6 27 11 1 3 89%  79 4784 400 29%
c [ 323.63 39 13 73 535 217424 1 8239626 42356 1.7 19 11 1 6 90%  79 4784 400 29%
c W 323.68 39 13 73 535 217424 1 8239626 42356 1.7 19 11 1 6 90%  79 4784 400 29%
c
c seconds    switched       rate           size/glue  tier1   binary      remaining
c         MB   reductions      conflicts         size   tier2   irredundant
c          level      restarts        redundant     glue   trail      variables
c
c - 324.59 39 13 73 536 217437 1 8262166 37787 1.7 19 11 1 6 90%  79 4784 400 29%
c u 325.39 39 13 73 536 217443 1 8278014 44380 1.7 19 11 1 6 90%  79 4784 400 29%
c v 325.69 39 13 73 536 217443 1 8278014 40666 1.7 19 11 1 6 90%  79 4784 400 29%
c w 325.83 39 13 73 536 217443 1 8278014 35691 1.7 19 11 1 6 90%  79 4784 400 29%
c x 325.86 39 13 73 536 217443 1 8278014 35683 1.7 19 11 1 6 90%  79 4760 400 29%
c - 326.13 35 13 73 537 217446 1 8285317 26736 1.7 19 11 1 6 90%  79 4760 400 29%
c - 326.98 37 13 73 538 217454 1 8308491 26962 1.7 18 11 1 6 90%  79 4760 400 29%
c - 327.92 37 13 73 539 217461 1 8331685 27589 1.8 19 11 1 6 91%  79 4760 400 29%
c - 328.78 37 12 73 540 217470 1 8354903 28002 1.8 19 11 1 6 90%  79 4760 400 29%
c - 329.75 37 12 73 541 217483 1 8378140 28143 1.7 18 10 1 6 90%  79 4760 400 29%
c - 330.70 37 12 73 542 217485 1 8401399 28705 1.7 17 10 1 6 90%  79 4760 400 29%
c - 331.68 37 12 73 543 217486 1 8424681 28061 1.7 17 10 1 6 90%  79 4760 400 29%
c - 332.55 37 12 73 544 217493 1 8447984 29097 1.7 17 10 1 6 91%  80 4760 400 29%
c - 333.41 37 12 73 545 217504 1 8471307 28141 1.7 17 10 1 6 91%  80 4760 400 29%
c - 334.45 37 12 73 546 217516 1 8494653 26677 1.7 17 10 1 6 91%  80 4760 400 29%
c - 335.36 37 12 73 547 217517 1 8518019 26892 1.6 16 10 1 6 91%  80 4760 400 29%
c - 336.12 37 12 73 548 217531 1 8541407 27970 1.7 17 10 1 6 90%  80 4760 400 29%
c - 337.08 37 12 73 549 217541 1 8564816 27711 1.6 16 10 1 6 91%  80 4760 400 29%
c I 337.41 37 12 73 549 217546 1 8573300 31274 1.6 16 10 1 6 91%  80 4760 400 29%
c - 337.98 37 12 73 550 217548 1 8588247 28407 1.6 16 10 1 6 91%  80 4760 400 29%
c
c seconds    switched       rate           size/glue  tier1   binary      remaining
c         MB   reductions      conflicts         size   tier2   irredundant
c          level      restarts        redundant     glue   trail      variables
c
c ] 338.30 37 11 74 550 217548 1 8597756 33344 1.6 16 10 1 6 90%  80 4760 400 29%
c { 338.30 37 15 74 550 217548 1 8597756 33344 2.6 27 11 1 3 89%  80 4760 400 29%
c u 338.89 37 14 74 550 217611 1 8610734 39645 2.5 25 10 1 3 89% 110 4760 400 29%
c v 339.02 37 14 74 550 217611 1 8610734 37635 2.5 25 10 1 3 89%  85 4760 400 29%
c w 339.31 37 14 74 550 217611 1 8610734 26963 2.5 25 10 1 3 89%  85 4760 400 29%
c o 339.31 37 14 74 550 217611 1 8610734 26963 2.5 25 10 1 3 89%  85 4760 400 29%
c - 339.35 37 14 74 551 217753 1 8611700 22782 2.4 25 10 1 3 89%  85 4760 400 29%
c - 340.25 37 14 74 552 219058 1 8635173 27861 2.4 25 10 1 3 89%  85 4760 400 29%
c - 341.06 37 14 74 553 219168 1 8658668 29972 2.2 23 10 1 3 89%  85 4760 400 29%
c s 341.55 37 13 74 553 219168 1 8672067 37560 2.2 22 10 1 3 89%  85 4730 400 29%
c e 341.56 37 13 74 553 219168 1 8672067 37560 2.2 22 10 1 3 89%  84 4746 399 29%
c s 341.56 37 13 74 553 219168 1 8672067 37560 2.2 22 10 1 3 89%  84 4736 399 29%
c - 342.08 37 13 74 554 220097 1 8682184 33069 2.3 22 10 1 3 89%  84 4736 399 29%
c - 343.10 38 13 74 555 221624 1 8705721 34587 2.1 22 10 1 3 89%  84 4736 399 29%
c - 344.10 35 13 74 556 221805 1 8729280 33526 2.0 20 10 1 3 89%  84 4736 399 29%
c - 345.18 37 12 74 557 221856 1 8752861 36104 2.0 18 9 1 3 90%  90 4736 399 29%
c i 345.23 37 12 74 557 221856 1 8754061 36578 2.0 18 9 1 3 90%  99 4736 398 29%
c - 346.55 39 12 74 558 223272 1 8776462 27503 2.3 21 9 1 3 90%  81 4736 398 29%
c - 347.89 39 14 74 559 227069 1 8800084 32511 2.2 22 10 1 3 90%  81 4736 398 29%
c - 349.12 39 14 74 560 229726 2 8823727 30742 2.1 22 11 1 3 90%  81 4736 398 29%
c
c seconds    switched       rate           size/glue  tier1   binary      remaining
c         MB   reductions      conflicts         size   tier2   irredundant
c          level      restarts        redundant     glue   trail      variables
c
c - 350.40 39 15 74 561 231251 1 8847391 32756 2.2 24 11 1 3 90%  81 4736 398 29%
c - 351.44 39 14 74 562 232156 1 8871076 33295 2.1 23 11 1 3 89%  81 4736 398 29%
c } 351.93 39 15 75 562 233222 1 8880580 40512 2.1 23 11 1 3 89%  82 4736 398 29%
c [ 351.93 39 11 75 562 233222 1 8880580 40512 1.6 16 10 1 6 90%  82 4736 398 29%
c - 352.56 39 12 75 563 233230 1 8894782 32770 1.6 16 10 1 6 90%  82 4736 398 29%
c B 353.61 39 12 75 563 233239 1 8916673 43597 1.6 17 10 1 6 91%  82 4736 398 29%
c - 353.70 35 12 75 564 233241 1 8918512 30971 1.6 17 10 1 6 91%  82 4736 398 29%
c - 354.73 37 12 75 565 233251 1 8942261 29478 1.6 17 10 1 6 91%  82 4736 398 29%
c u 355.26 37 12 75 565 233252 1 8950567 31054 1.6 17 10 1 6 91%  89 4555 398 29%
c v 355.45 37 12 75 565 233252 1 8950567 28249 1.6 17 10 1 6 91%  89 4555 398 29%
c w 355.70 37 12 75 565 233252 1 8950567 25097 1.6 17 10 1 6 91%  89 4555 398 29%
c - 356.27 37 12 75 566 233255 1 8966030 23224 1.6 17 10 1 6 91%  89 4555 398 29%
c - 357.02 37 12 75 567 233267 1 8989820 25464 1.6 17 10 1 6 90%  89 4555 398 29%
c - 357.78 37 12 75 568 233279 1 9013631 26496 1.7 18 10 1 6 90%  89 4555 398 29%
c - 358.71 37 12 75 569 233283 1 9037466 26514 1.7 18 10 1 6 90%  89 4555 398 29%
c - 359.65 37 13 75 570 233284 1 9061319 27010 1.7 18 11 1 6 90%  89 4555 398 29%
c - 360.59 37 12 75 571 233290 1 9085194 26832 1.7 18 10 1 6 90%  89 4555 398 29%
c - 361.54 37 12 75 572 233299 1 9109089 27732 1.7 18 10 1 6 90%  89 4555 398 29%
c - 362.47 37 12 75 573 233313 1 9133005 27722 1.7 18 10 1 6 90%  89 4555 398 29%
c - 363.46 37 12 75 574 233315 1 9156943 27114 1.7 17 10 1 6 90%  89 4555 398 29%
c
c seconds    switched       rate           size/glue  tier1   binary      remaining
c         MB   reductions      conflicts         size   tier2   irredundant
c          level      restarts        redundant     glue   trail      variables
c
c - 364.47 37 12 75 575 233329 1 9180901 28434 1.6 16 10 1 6 90%  89 4555 398 29%
c ] 364.89 37 12 76 575 233331 1 9192341 34587 1.6 16 10 1 6 89%  90 4555 398 29%
c { 364.89 37 15 76 575 233331 1 9192341 34587 2.1 23 11 1 3 89%  90 4555 398 29%
c o 364.91 37 15 76 575 233334 1 9192770 34935 2.1 23 11 1 3 89%  90 4555 398 29%
c - 365.37 37 14 76 576 233552 1 9204880 31660 2.1 22 11 1 3 89%  90 4555 398 29%
c - 366.60 38 14 76 577 234074 1 9228881 34941 2.3 24 10 1 3 90%  90 4555 398 29%
c - 367.90 39 14 76 578 234914 1 9252902 38729 2.4 25 10 1 3 90%  90 4555 398 29%
c - 369.22 39 14 76 579 236959 1 9276944 38021 2.3 25 11 1 3 89%  90 4555 398 29%
c u 370.74 39 14 76 579 238279 1 9299923 54264 2.3 25 11 1 3 89%  90 4555 398 29%
c v 371.07 39 14 76 579 238279 1 9299923 50553 2.3 25 11 1 3 89%  90 4555 398 29%
c w 371.44 39 14 76 579 238279 1 9299923 48461 2.3 25 11 1 3 89%  90 4555 398 29%
c - 371.51 39 14 76 580 238280 1 9301007 31840 2.3 25 11 1 3 89%  90 4555 398 29%
c - 372.72 39 15 76 581 240291 1 9325091 33266 2.2 24 11 1 3 89%  90 4555 398 29%
c - 373.69 39 14 76 582 240669 1 9349195 33710 2.2 23 10 1 3 89%  90 4555 398 29%
c - 374.97 39 14 76 583 241965 1 9373319 37541 2.3 24 10 1 3 88%  90 4555 398 29%
c - 376.41 39 15 76 584 243046 1 9397464 40767 2.4 25 10 1 3 89%  90 4555 398 29%
c - 377.81 39 14 76 585 243895 1 9421631 42390 2.5 25 10 1 3 89%  90 4555 398 29%
c - 379.52 39 15 76 586 246234 1 9445817 43186 2.4 25 10 1 3 88%  90 4555 398 29%
c - 380.87 39 15 76 587 247785 1 9470025 41442 2.4 25 10 1 3 89%  90 4555 398 29%
c } 381.78 39 14 77 587 248910 1 9489391 53768 2.3 24 10 1 3 89%  90 4555 398 29%
c
c seconds    switched       rate           size/glue  tier1   binary      remaining
c         MB   reductions      conflicts         size   tier2   irredundant
c          level      restarts        redundant     glue   trail      variables
c
c [ 381.78 39 12 77 587 248910 1 9489391 53768 1.6 16 10 1 6 89%  90 4555 398 29%
c W 381.89 39 12 77 587 248910 1 9489391 53768 1.6 16 10 1 6 89%  90 4555 398 29%
c - 382.15 39 12 77 588 248913 1 9494253 39251 1.7 17 10 1 6 89%  90 4555 398 29%
c - 383.26 39 12 77 589 248924 1 9518501 36056 1.7 17 10 1 6 90%  90 4555 398 29%
c - 384.29 35 12 77 590 248938 1 9542770 31755 1.7 18 10 1 6 90%  90 4555 398 29%
c - 385.21 37 12 77 591 248940 1 9567060 31805 1.8 18 10 1 6 90%  90 4555 398 29%
c s 385.65 37 12 77 591 248946 1 9579476 39058 1.8 18 10 1 6 90%  90 4536 398 29%
c e 385.65 37 12 77 591 248946 1 9579476 39058 1.8 18 10 1 6 90%  86 4605 391 29%
c s 385.65 37 12 77 591 248946 1 9579476 39058 1.8 18 10 1 6 90%  86 4557 391 29%
c - 386.08 37 12 77 592 248953 1 9591370 31470 1.8 18 10 1 6 90%  86 4557 391 29%
c - 386.99 37 12 77 593 248962 1 9615702 31710 1.8 17 10 1 6 89%  86 4557 391 29%
c - 387.96 37 12 77 594 248971 1 9640053 31887 1.8 17 10 1 6 90%  86 4557 391 29%
c u 388.92 37 11 77 594 248972 1 9656526 38064 1.8 17 10 1 6 90%  86 4557 391 29%
c v 389.15 37 11 77 594 248972 1 9656526 34709 1.8 17 10 1 6 90%  86 4557 391 29%
c w 389.46 37 11 77 594 248972 1 9656526 26784 1.8 17 10 1 6 90%  86 4557 391 29%
c o 389.47 37 11 77 594 248972 1 9656526 26784 1.8 17 10 1 6 90%  86 4557 391 29%
c - 389.83 37 12 77 595 248972 1 9664425 24628 1.8 17 10 1 6 90%  86 4557 391 29%
c - 390.90 37 12 77 596 248975 1 9688817 27177 1.8 17 10 1 6 90%  86 4557 391 29%
c - 391.93 37 12 77 597 248987 1 9713230 27839 1.8 17 10 1 6 90%  86 4557 391 29%
c - 392.86 37 11 77 598 249000 1 9737666 29747 1.8 17 9 1 6 90%  88 4557 391 29%
c
c seconds    switched       rate           size/glue tier1   binary      remaining
c         MB   reductions      conflicts         size  tier2   irredundant
c          level      restarts        redundant    glue   trail      variables
c
c i 393.16 37 11 77 598 249002 1 9745888 33912 1.8 16 9 1 6 90%  98 4557 390 29%
c - 393.93 37 11 77 599 249003 1 9762120 23629 1.7 16 9 1 6 91%  92 4557 390 29%
c - 394.96 37 11 77 600 249015 1 9786594 24857 1.8 17 10 1 6 91%  92 4557 390 29%
c - 396.03 37 11 77 601 249025 1 9811090 26922 1.8 17 10 1 6 91%  92 4557 390 29%
c - 397.21 37 11 77 602 249034 1 9835605 28770 1.8 17 10 1 6 91%  92 4557 390 29%
c ] 397.71 37 11 78 602 249034 1 9845145 32744 1.7 17 10 1 6 91%  92 4557 390 29%
c { 397.71 37 14 78 602 249034 1 9845145 32744 2.3 24 10 1 3 89%  92 4557 390 29%
c - 398.52 38 14 78 603 249376 1 9860141 33628 2.4 25 10 1 3 89%  92 4557 390 29%
c - 399.94 38 14 78 604 251149 1 9884698 37428 2.3 24 10 1 3 88%  92 4557 390 29%
c - 401.21 38 14 78 605 251835 1 9909274 37878 2.3 24 10 1 3 89%  92 4557 390 29%
c - 402.40 38 13 78 606 252331 1 9933870 38076 2.2 22 10 1 3 89%  93 4557 390 29%
c - 403.72 38 13 78 607 253397 1 9958488 39945 2.2 21 10 1 3 89%  93 4557 390 29%
c - 404.89 38 13 78 608 253532 1 9983126 40458 2.2 20 9 1 3 89%  94 4557 390 29%
c - 406.08 38 12 78 609 254882 1 10007784 40751 2.1 19 9 1 3 89%  96 4557 390 29%
c u 406.86 38 12 78 609 254951 1 10020474 45323 2.1 19 9 1 3 89% 140 4311 390 29%
c v 407.18 38 12 78 609 254951 1 10020474 40395 2.1 19 9 1 3 89% 142 4311 390 29%
c w 407.44 38 12 78 609 254951 1 10020474 30917 2.1 19 9 1 3 89% 142 4311 390 29%
c x 407.47 38 12 78 609 254951 1 10020474 30864 2.1 19 9 1 3 89% 143 4094 390 29%
c d 407.47 38 12 78 609 254951 1 10020474 30851 2.1 19 9 1 3 89% 141 4094 389 28%
c t 407.47 38 12 78 609 254951 1 10020474 30851 2.1 19 9 1 3 89% 127 4094 389 28%
c
c seconds    switched       rate            size/glue tier1   binary      remaining
c         MB   reductions      conflicts          size  tier2   irredundant
c          level      restarts         redundant    glue   trail      variables
c
c u 407.62 38 12 78 609 254951 1 10020474 29784 2.1 19 9 1 3 89% 130 4094 389 28%
c v 407.85 38 12 78 609 254951 1 10020474 27189 2.1 19 9 1 3 89% 130 4094 389 28%
c w 408.24 38 12 78 609 254951 1 10020474 24034 2.1 19 9 1 3 89% 130 4094 389 28%
c - 408.82 35 12 78 610 255867 1 10032461 26159 2.1 20 9 1 3 89% 130 4094 389 28%
c - 409.95 37 12 78 611 256518 1 10057159 32433 2.1 19 9 1 3 89% 132 4093 389 28%
c - 411.21 38 12 78 612 257221 1 10081879 39105 2.2 19 9 1 3 89% 139 4092 389 28%
c i 411.22 38 12 78 612 257221 1 10082198 39205 2.2 19 9 1 3 89% 146 4092 386 28%
c o 411.22 38 12 78 612 257221 1 10082198 39205 2.2 19 9 1 3 89% 146 4092 386 28%
c - 412.58 38 12 78 613 258876 1 10106618 35156 2.1 19 9 1 3 89% 138 4092 386 28%
c - 413.77 38 12 78 614 260561 1 10131376 35815 2.1 18 9 1 3 89% 142 4092 386 28%
c i 414.60 38 11 78 614 260598 1 10152745 47353 2.0 17 9 1 3 88% 156 4092 377 28%
c - 414.74 35 11 78 615 260634 1 10156155 25120 2.0 17 9 1 3 88% 162 4092 377 28%
c } 414.75 35 11 79 615 260634 1 10156736 25382 2.0 17 9 1 3 88% 162 4092 377 28%
c [ 414.75 35 11 79 615 260634 1 10156736 25382 1.7 17 10 1 6 91% 162 4092 377 28%
c O 414.75 35 11 79 615 260634 1 10156736 25382 1.7 17 10 1 6 91% 162 4092 377 28%
c i 415.42 36 11 79 615 260643 1 10172902 32618 1.7 16 9 1 6 91% 177 4092 372 27%
c - 415.76 36 11 79 616 260647 1 10180955 22885 1.7 16 9 1 6 90% 169 4092 372 27%
c i 415.83 36 11 79 616 260648 1 10182400 23438 1.7 16 9 1 6 90% 173 4092 370 27%
c i 416.36 36 10 79 616 260654 1 10196401 30526 1.7 15 9 1 6 90% 185 4092 362 26%
c i 416.53 36 10 79 616 260655 1 10200372 32323 1.7 15 9 1 6 90% 194 4092 359 26%
c
c seconds    switched       rate            size/glue tier1   binary      remaining
c         MB   reductions      conflicts          size  tier2   irredundant
c          level      restarts         redundant    glue   trail      variables
c
c i 416.62 36 10 79 616 260656 1 10202367 33085 1.7 15 9 1 6 90% 205 4092 358 26%
c i 416.67 36 10 79 616 260657 1 10203267 33384 1.7 15 9 1 6 90% 213 4092 349 26%
c i 416.69 36 10 79 616 260657 1 10203693 33529 1.7 15 9 1 6 90% 218 4092 330 24%
c i 416.70 36 10 79 616 260657 1 10203931 33590 1.7 15 9 1 6 90% 226 4092 329 24%
c i 416.70 36 10 79 616 260658 1 10204000 33603 1.7 15 9 1 6 90% 231 4092 318 23%
c i 416.70 36 10 79 616 260658 1 10204055 33612 1.7 15 9 1 6 90% 237 4092 280 20%
c i 416.70 36 10 79 616 260658 1 10204067 33615 1.7 15 9 1 6 90% 239 4092 206 15%
c i 416.70 36 10 79 616 260658 1 10204071 33614 1.7 15 9 1 6 90% 241 4092 190 14%
c i 416.70 36 10 79 616 260658 1 10204074 33614 1.7 15 9 1 6 90% 243 4092 181 13%
c ] 416.70 36 10 79 616 260658 1 10204076 33614 1.7 15 9 1 6 90% 243 4092  0 0%
c 0 416.70 36 11 79 616 260658 1 10204076 33614 2.0 17 9 1 3 88% 243 4092  0 0%
c
c ---- [ result ] ------------------------------------------------------------
c
s UNSATISFIABLE
c
c ---- [ profiling ] ---------------------------------------------------------
c
c         388.15   93.15 %  search
c         202.27   48.54 %  focused
c         185.88   44.61 %  stable
c          28.53    6.85 %  simplify
c          28.10    6.74 %  probe
c          21.21    5.09 %  vivify
c           6.65    1.59 %  sweep
c           1.66    0.40 %  reduce
c           0.38    0.09 %  walking
c           0.17    0.04 %  substitute
c           0.08    0.02 %  eliminate
c           0.05    0.01 %  factor
c           0.02    0.00 %  preprocess
c           0.01    0.00 %  subsume
c           0.01    0.00 %  congruence
c           0.01    0.00 %  transitive
c           0.00    0.00 %  backbone
c           0.00    0.00 %  lucky
c           0.00    0.00 %  parse
c =============================================
c         416.70  100.00 %  total
c
c ---- [ statistics ] --------------------------------------------------------
c
c conflicts:                         10204076            24487.55 per second
c congruent:                               53                4 %  variables
c decisions:                         12559977                1.23 per conflict
c eliminated:                             958               70 %  variables
c factored:                                72                5 %  variables
c iterations:                              19                1 %  variables
c propagations:                    1207702825          2898223    per second
c reductions:                             616            16565    interval
c reordered:                               43           237304    interval
c rephased:                                60           170068    interval
c restarts:                            260658               39    interval
c strengthened:                          1307                0 %  checks
c substituted:                             84                6 %  variables
c subsumed:                               831                0 %  checks
c switched:                                79           129166    interval
c vivified:                            556175               41 %  checks
c walks:                                   20           510204    interval
c
c ---- [ glue usage ] --------------------------------------------------------
c
c focused glue 1 used 81276151 clauses 75.12% accumulated 75.12% tier1
c focused glue 2 used 13043537 clauses 12.06% accumulated 87.18%
c focused glue 3 used  4232778 clauses  3.91% accumulated 91.09% tier2
c
c stable glue 1   used 80303620 clauses 67.04% accumulated 67.04% tier1
c stable glue 2   used 14512913 clauses 12.12% accumulated 79.16%
c stable glue 3-4 used  9621683 clauses  8.03% accumulated 87.19%
c stable glue 5   used  3147746 clauses  2.63% accumulated 89.82%
c stable glue 6   used  2437010 clauses  2.03% accumulated 91.85% tier2
c
c ---- [ resources ] ---------------------------------------------------------
c
c maximum-resident-set-size:        429355008 bytes        409 MB
c process-time:                         6m 57s             416.70 seconds
c
c ---- [ shutting down ] -----------------------------------------------------
c
c exit 20
