c ---- [ banner ] ------------------------------------------------------------
c
c Kissat SAT Solver
c 
c Copyright (c) 2021-2024 Armin Biere University of Freiburg
c Copyright (c) 2019-2021 Armin Biere Johannes Kepler University Linz
c 
c Version 4.0.4 8af8e56f174b778aef3aa45af9f739b2a5f492c2
c gcc (GCC) 15.2.1 20260123 (Red Hat 15.2.1-7) -W -Wall -O3 -DNDEBUG
c Thu Apr 23 06:47:51 PM IST 2026 Linux krishnendu-LN 6.19.12-200.fc43.x86_64 x86_64
c
c ---- [ parsing ] -----------------------------------------------------------
c
c opened and reading DIMACS file:
c
c   /home/krishnendu/Research/fv-invariant-mining/data/circuits/cnf/miter_mult_11bit.cnf
c
c parsed 'p cnf 1368 5184' header
c closing input after reading 82324 bytes (80 KB)
c finished parsing after 0.00 seconds
c
c ---- [ options ] -----------------------------------------------------------
c
c --decay=110                      (different from default '50')
c --eliminateeffort=600            (different from default '100')
c --stable=2                       (different from default '1')
c
c ---- [ solving ] -----------------------------------------------------------
c
c seconds switched rate     size/glue tier1  binary       remaining
c        MB reductions conflicts size  tier2   irredundant
c         level restarts redundant glue  trail       variables
c
c *  0.00  3 0 0 0  0 0   0   0 0.0 0 0 0 0 0% 1797 3385 1365 100%
c (  0.00  3 0 0 0  0 0   0   0 0.0 0 0 0 0 0% 1797 3385 1365 100%
c .  0.00  3 0 0 0  0 0   0   0 0.0 0 0 0 0 0% 1793 3385 1365 100%
c c  0.00  4 0 0 0  0 0   0   0 0.0 0 0 0 0 0% 1876 3383 1312 96%
c d  0.00  4 0 0 0  0 0   0   0 0.0 0 0 0 0 0% 1688 3383 1312 96%
c =  0.02  4 0 0 0  0 0   0   0 0.0 0 0 0 0 0% 1698 3373 1306 96%
c d  0.02  4 0 0 0  0 0   0   0 0.0 0 0 0 0 0% 1684 3373 1306 96%
c f  0.02  4 0 0 0  0 0   0   0 0.0 0 0 0 0 0% 1653 3352 1334 98%
c )  0.02  4 0 0 0  0 0   0   0 0.0 0 0 0 0 0% 1653 3352 1334 98%
c [  0.02  4 0 0 0  0 0   0   0 0.0 0 0 2 6 0% 1653 3352 1334 98%
c -  0.05  4 21 0 1  0 1 1000 846 3.7 35 10 3 13 82% 1661 3352 1334 98%
c B  0.05  4 21 0 1  0 1 1002 848 3.7 35 9 3 13 82% 1661 3352 1334 98%
c -  0.08  5 20 0 2  1 1 2000 1516 2.9 35 12 3 15 86% 1664 3352 1334 98%
c W  0.09  5 20 0 2  1 1 2004 1520 2.9 35 12 3 15 86% 1664 3352 1334 98%
c u  0.12  5 21 0 2  2 1 3263 2606 2.6 34 13 3 16 85% 1673 3352 1334 98%
c v  0.12  5 21 0 2  2 1 3263 2461 2.6 34 13 3 16 85% 1673 3352 1334 98%
c w  0.13  6 21 0 2  2 1 3263 2449 2.6 34 13 3 16 85% 1673 3352 1334 98%
c x  0.13  6 21 0 2  2 1 3263 2448 2.6 34 13 3 16 85% 1689 3301 1334 98%
c =  0.15  6 21 0 2  2 1 3263 2448 2.6 34 13 3 16 85% 1715 3296 1321 97%
c d  0.15  6 21 0 2  2 1 3263 2448 2.6 34 13 3 16 85% 1676 3296 1321 97%
c
c seconds  switched rate       size/glue  tier1     binary       remaining
c        MB reductions conflicts     size   tier2     irredundant
c         level restarts  redundant     glue    trail       variables
c
c t  0.15  6 21 0 2  2 1 3263 2448 2.6 34 13 3 16 85% 1664 3296 1321 97%
c f  0.15  6 21 0 2  2 1 3263 2448 2.6 34 13 3 16 85% 1662 3296 1323 97%
c u  0.15  6 21 0 2  2 1 3263 2442 2.6 34 13 3 16 85% 1662 3296 1323 97%
c v  0.15  6 21 0 2  2 1 3263 2387 2.6 34 13 3 16 85% 1662 3296 1323 97%
c w  0.16  6 21 0 2  2 1 3263 2336 2.6 34 13 3 16 85% 1662 3296 1323 97%
c x  0.16  6 21 0 2  2 1 3263 2336 2.6 34 13 3 16 85% 1662 3293 1323 97%
c =  0.18  6 21 0 2  2 1 3263 2336 2.6 34 13 3 16 85% 1684 3293 1312 96%
c d  0.18  6 21 0 2  2 1 3263 2336 2.6 34 13 3 16 85% 1651 3293 1312 96%
c -  0.18  6 22 0 3  2 1 3416 1850 2.6 34 13 4 16 85% 1651 3293 1312 96%
c I  0.20  6 21 0 3  3 1 4265 2664 2.6 35 13 4 16 86% 1651 3293 1312 96%
c -  0.22  6 21 0 4  3 1 5149 2649 2.5 33 13 5 17 88% 1652 3293 1312 96%
c -  0.26  6 21 0 5  5 1 7150 3444 2.3 31 14 5 17 88% 1659 3293 1312 96%
c B  0.29  6 20 0 5  5 1 8038 4059 2.2 30 14 5 17 89% 1659 3293 1312 96%
c -  0.32  5 21 0 6  6 1 9386 3899 2.1 30 14 5 16 89% 1660 3293 1312 96%
c u  0.34  5 21 0 6  6 1 10058 4441 2.1 30 14 5 16 89% 1668 3293 1312 96%
c v  0.35  6 21 0 6  6 1 10058 4215 2.1 30 14 5 16 89% 1668 3293 1312 96%
c w  0.35  6 21 0 6  6 1 10058 4205 2.1 30 14 5 16 89% 1668 3293 1312 96%
c t  0.37  6 21 0 6  6 1 10058 4205 2.1 30 14 5 16 89% 1666 3293 1312 96%
c o  0.37  6 21 0 6  6 1 10058 4205 2.1 30 14 5 16 89% 1666 3293 1312 96%
c -  0.41  6 21 0 7  6 1 11836 4354 2.1 29 14 5 16 90% 1668 3293 1312 96%
c
c seconds  switched rate        size/glue  tier1     binary       remaining
c        MB reductions conflicts      size   tier2     irredundant
c         level restarts   redundant     glue    trail       variables
c
c W  0.44  5 20 0 7  8 1 13570 5643 2.0 28 14 5 16 90% 1668 3293 1312 96%
c -  0.45  5 20 0 8  9 1 14482 4856 2.0 27 14 4 15 90% 1668 3293 1312 96%
c s  0.49  5 20 0 8  9 1 16300 6290 1.9 27 14 4 15 90% 1673 3285 1312 96%
c e  0.50  5 20 0 8  9 1 16300 6290 1.9 27 14 4 15 90% 483 3962 800 59%
c s  0.50  5 20 0 8  9 1 16300 6290 1.9 27 14 4 15 90% 486 3865 800 59%
c e  0.50  5 20 0 8  9 1 16300 6290 1.9 27 14 4 15 90% 469 3879 790 58%
c ^  0.50  5 20 0 8  9 1 16300 6290 1.9 27 14 4 15 90% 469 3879 790 58%
c -  0.52  5 20 0 9 10 1 17310 2101 1.9 26 14 4 15 90% 469 3879 790 58%
c -  0.58  5 20 0 10 12 1 20311 3598 1.9 26 14 4 15 89% 471 3879 790 58%
c u  0.59  5 20 0 10 13 1 20604 3732 1.9 26 14 4 15 89% 472 3879 790 58%
c v  0.59  6 20 0 10 13 1 20604 3512 1.9 26 14 4 15 89% 472 3879 790 58%
c w  0.59  7 20 0 10 13 1 20604 3472 1.9 26 14 4 15 89% 472 3879 790 58%
c x  0.60  6 20 0 10 13 1 20604 3472 1.9 26 14 4 15 89% 474 3793 790 58%
c t  0.60  6 20 0 10 13 1 20604 3472 1.9 26 14 4 15 89% 470 3793 790 58%
c f  0.60  6 20 0 10 13 1 20604 3472 1.9 26 14 4 15 89% 550 3621 832 61%
c u  0.60  6 20 0 10 13 1 20604 3467 1.9 26 14 4 15 89% 550 3621 832 61%
c v  0.60  6 20 0 10 13 1 20604 3411 1.9 26 14 4 15 89% 550 3621 832 61%
c w  0.61  7 20 0 10 13 1 20604 3303 1.9 26 14 4 15 89% 550 3621 832 61%
c x  0.61  7 20 0 10 13 1 20604 3303 1.9 26 14 4 15 89% 552 3576 832 61%
c f  0.62  7 20 0 10 13 1 20604 3303 1.9 26 14 4 15 89% 556 3570 833 61%
c
c seconds  switched  rate        size/glue  tier1    binary      remaining
c        MB  reductions conflicts      size   tier2    irredundant
c         level  restarts   redundant     glue    trail      variables
c
c o  0.62  7 20 0 10 13 1 20604 3303 1.9 26 14 4 15 89% 556 3570 833 61%
c O  0.63  7 20 0 10 13 1 21099 3636 1.9 26 14 4 15 89% 556 3570 833 61%
c -  0.71  7 20 0 11 13 1 23473 4112 1.9 26 14 4 15 89% 559 3570 833 61%
c -  0.84  6 20 0 12 14 1 26789 4510 1.9 26 14 3 14 88% 560 3570 833 61%
c -  0.97  6 19 0 13 14 1 30255 5053 1.9 26 14 3 14 87% 562 3570 833 61%
c B  0.99  6 19 0 13 14 1 30861 5534 1.9 26 14 3 14 87% 562 3570 833 61%
c s  1.03  7 19 0 13 15 1 32965 7296 1.9 26 14 3 14 87% 563 3569 833 61%
c e  1.03  7 19 0 13 15 1 32965 7296 1.9 26 14 3 14 87% 413 3804 723 53%
c s  1.03  7 19 0 13 15 1 32965 7296 1.9 26 14 3 14 87% 416 3766 723 53%
c e  1.03  7 19 0 13 15 1 32965 7296 1.9 26 14 3 14 87% 408 3776 719 53%
c ^  1.03  7 19 0 13 15 1 32965 7296 1.9 26 14 3 14 87% 408 3776 719 53%
c -  1.05  7 19 0 14 15 1 33861 3046 1.9 26 14 3 14 87% 408 3776 719 53%
c u  1.09  6 19 0 14 17 1 35563 4255 1.8 26 14 3 14 87% 409 3776 719 53%
c v  1.09  6 19 0 14 17 1 35563 3980 1.8 26 14 3 14 87% 409 3776 719 53%
c w  1.11  6 19 0 14 17 1 35563 3431 1.8 26 14 3 14 87% 409 3776 719 53%
c x  1.11  6 19 0 14 17 1 35563 3430 1.8 26 14 3 14 87% 412 3732 719 53%
c t  1.11  6 19 0 14 17 1 35563 3430 1.8 26 14 3 14 87% 411 3732 719 53%
c f  1.11  6 19 0 14 17 1 35563 3430 1.8 26 14 3 14 87% 413 3724 721 53%
c u  1.11  6 19 0 14 17 1 35563 3403 1.8 26 14 3 14 87% 413 3724 721 53%
c v  1.12  6 19 0 14 17 1 35563 3315 1.8 26 14 3 14 87% 413 3724 721 53%
c
c seconds  switched  rate        size/glue  tier1    binary      remaining
c        MB  reductions conflicts      size   tier2    irredundant
c         level  restarts   redundant     glue    trail      variables
c
c w  1.13  6 19 0 14 17 1 35563 3189 1.8 26 14 3 14 87% 413 3724 721 53%
c x  1.14  6 19 0 14 17 1 35563 3189 1.8 26 14 3 14 87% 413 3722 721 53%
c -  1.18  6 19 0 15 18 1 37603 3235 1.8 25 14 3 14 87% 414 3722 721 53%
c -  1.27  6 19 0 16 21 1 41475 4404 1.8 25 14 3 14 87% 414 3722 721 53%
c W  1.31  6 19 0 16 21 1 43084 5900 1.8 25 14 3 14 87% 414 3722 721 53%
c o  1.31  6 19 0 16 21 1 43084 5900 1.8 25 14 3 14 87% 414 3722 721 53%
c -  1.35  6 19 0 17 22 1 45475 5534 1.8 25 14 3 14 87% 414 3722 721 53%
c -  1.44  6 19 0 18 25 1 49600 6049 1.8 25 14 3 14 88% 414 3722 721 53%
c -  1.52  7 19 0 19 28 1 53843 6738 1.8 25 14 3 14 87% 415 3722 721 53%
c u  1.54  7 19 0 19 28 1 54818 7396 1.8 25 14 3 14 87% 415 3722 721 53%
c v  1.56  7 19 0 19 28 1 54818 7002 1.8 25 14 3 14 87% 415 3722 721 53%
c w  1.57  7 19 0 19 28 1 54818 6959 1.8 25 14 3 14 87% 415 3722 721 53%
c t  1.61  7 19 0 19 28 1 54818 6959 1.8 25 14 3 14 87% 413 3722 721 53%
c I  1.67  7 19 0 19 29 1 57988 9572 1.8 25 14 3 14 87% 413 3722 721 53%
c -  1.67  7 19 0 20 29 1 58203 6457 1.8 25 14 3 14 87% 413 3722 721 53%
c -  1.75  7 19 0 21 29 1 62675 6775 1.7 25 14 3 14 87% 413 3722 721 53%
c -  1.83  7 19 0 22 30 1 67258 7379 1.7 25 14 3 14 86% 413 3722 721 53%
c e  1.87  7 19 0 22 30 1 69320 9101 1.7 25 14 3 14 86% 298 3960 656 48%
c s  1.87  7 19 0 22 30 1 69320 9101 1.7 25 14 3 14 86% 298 3936 656 48%
c e  1.87  7 19 0 22 30 1 69320 9101 1.7 25 14 3 14 86% 297 3938 654 48%
c
c seconds  switched  rate        size/glue  tier1    binary      remaining
c        MB  reductions conflicts      size   tier2    irredundant
c         level  restarts   redundant     glue    trail      variables
c
c ^  1.87  7 19 0 22 30 1 69320 9101 1.7 25 14 3 14 86% 297 3938 654 48%
c -  1.93  7 19 0 23 30 1 71949 5962 1.7 25 14 3 14 86% 297 3938 654 48%
c B  1.99  7 19 0 23 30 1 75790 9315 1.7 25 14 3 14 86% 297 3938 654 48%
c o  1.99  7 19 0 23 30 1 75790 9315 1.7 25 14 3 14 86% 297 3938 654 48%
c -  2.01  7 19 0 24 30 1 76745 6790 1.7 25 14 3 14 86% 297 3938 654 48%
c u  2.04  7 19 0 24 30 1 78507 7883 1.7 24 14 3 14 86% 297 3938 654 48%
c v  2.06  7 19 0 24 30 1 78507 7442 1.7 24 14 3 14 86% 297 3938 654 48%
c w  2.06  7 19 0 24 30 1 78507 7406 1.7 24 14 3 14 86% 297 3938 654 48%
c x  2.07  7 19 0 24 30 1 78507 7406 1.7 24 14 3 14 86% 302 3880 654 48%
c -  2.14  7 19 0 25 30 1 81643 6776 1.7 24 14 3 14 86% 302 3880 654 48%
c -  2.27  7 19 0 26 34 1 86644 7232 1.7 24 14 3 14 86% 302 3880 654 48%
c -  2.41  7 19 0 27 37 1 91744 7418 1.7 24 14 3 14 87% 302 3880 654 48%
c W  2.55  6 19 0 27 39 1 96702 11149 1.7 25 14 3 14 87% 302 3880 654 48%
c -  2.56  6 19 0 28 40 1 96940 7213 1.7 25 14 3 14 87% 302 3880 654 48%
c -  2.69  6 19 0 29 43 1 102231 7439 1.7 24 15 3 14 87% 302 3880 654 48%
c u  2.79  6 19 0 29 44 1 106749 10922 1.7 25 15 3 14 87% 302 3880 654 48%
c v  2.80  7 19 0 29 44 1 106749 10439 1.7 25 15 3 14 87% 302 3880 654 48%
c w  2.81  8 19 0 29 44 1 106749 9770 1.7 25 15 3 14 87% 302 3880 654 48%
c x  2.82  8 19 0 29 44 1 106749 9770 1.7 25 15 3 14 87% 302 3876 654 48%
c -  2.84  7 19 0 30 45 1 107616 7317 1.7 25 14 3 14 87% 302 3876 654 48%
c
c seconds  switched  rate         size/glue  tier1    binary      remaining
c        MB  reductions conflicts       size   tier2    irredundant
c         level  restarts    redundant     glue    trail      variables
c
c -  3.00  7 19 0 31 45 1 113093 8511 1.7 25 15 3 14 87% 302 3876 654 48%
c -  3.14  7 19 0 32 48 1 118660 8622 1.7 25 14 3 13 87% 302 3876 654 48%
c O  3.19  7 19 0 32 50 1 120927 10295 1.7 25 14 3 13 87% 302 3876 654 48%
c o  3.19  7 19 0 32 50 1 120927 10295 1.7 25 14 3 13 87% 302 3876 654 48%
c -  3.29  7 19 0 33 52 1 124316 8739 1.7 25 14 3 13 87% 302 3876 654 48%
c e  3.39  7 19 0 33 53 1 127763 10694 1.7 25 14 3 13 87% 213 4162 600 44%
c s  3.39  7 19 0 33 53 1 127763 10694 1.7 25 14 3 13 87% 216 4096 600 44%
c e  3.39  7 19 0 33 53 1 127763 10694 1.7 25 14 3 13 87% 212 4105 597 44%
c ^  3.39  7 19 0 33 53 1 127763 10694 1.7 25 14 3 13 87% 212 4105 597 44%
c -  3.47  7 19 0 34 55 1 130060 5894 1.7 25 14 3 13 87% 213 4105 597 44%
c -  3.62  7 19 0 35 58 1 135891 6390 1.7 25 14 3 13 87% 214 4105 597 44%
c u  3.74  7 19 0 35 59 1 139759 8869 1.8 25 14 3 13 87% 214 4105 597 44%
c v  3.76  8 19 0 35 59 1 139759 8147 1.8 25 14 3 13 87% 214 4105 597 44%
c w  3.79  8 19 0 35 59 1 139759 7192 1.8 25 14 3 13 87% 214 4105 597 44%
c t  3.79  8 19 0 35 59 1 139759 7192 1.8 25 14 3 13 87% 213 4105 597 44%
c -  3.85  7 19 0 36 60 1 141809 6300 1.8 25 14 3 13 87% 213 4105 597 44%
c -  4.01  7 18 0 37 60 1 147809 7010 1.8 25 14 3 12 87% 214 4105 597 44%
c B  4.04  7 18 0 37 61 1 148667 7550 1.8 25 14 3 12 87% 214 4105 597 44%
c -  4.16  7 18 0 38 61 1 153891 7713 1.8 25 14 3 12 87% 214 4105 597 44%
c -  4.32  7 18 0 39 61 1 160056 7493 1.8 25 14 3 12 87% 214 4105 597 44%
c
c seconds  switched  rate         size/glue  tier1    binary      remaining
c        MB  reductions conflicts       size   tier2    irredundant
c         level  restarts    redundant     glue    trail      variables
c
c -  4.47  7 18 0 40 62 1 166300 7872 1.8 25 14 3 12 87% 214 4105 597 44%
c -  4.60  7 18 0 41 62 1 172624 9088 1.8 25 14 3 12 87% 214 4105 597 44%
c u  4.72  8 18 0 41 62 1 177434 12273 1.8 25 14 3 12 87% 214 4105 597 44%
c v  4.74  8 18 0 41 62 1 177434 11765 1.8 25 14 3 12 87% 214 4105 597 44%
c w  4.75  8 18 0 41 62 1 177434 10527 1.8 25 14 3 12 87% 214 4105 597 44%
c x  4.76  7 18 0 41 62 1 177434 10523 1.8 25 14 3 12 87% 216 4031 597 44%
c =  4.86  7 18 0 41 62 1 177434 10523 1.8 25 14 3 12 87% 220 4025 595 44%
c d  4.86  7 18 0 41 62 1 177434 10521 1.8 25 14 3 12 87% 215 4025 595 44%
c t  4.87  7 18 0 41 62 1 177434 10521 1.8 25 14 3 12 87% 213 4025 595 44%
c u  4.87  7 18 0 41 62 1 177434 10453 1.8 25 14 3 12 87% 213 4025 595 44%
c v  4.90  8 18 0 41 62 1 177434 10066 1.8 25 14 3 12 87% 213 4025 595 44%
c w  4.91  8 18 0 41 62 1 177434 9910 1.8 25 14 3 12 87% 213 4025 595 44%
c x  4.91  8 18 0 41 62 1 177434 9910 1.8 25 14 3 12 87% 213 4024 595 44%
c o  4.91  8 18 0 41 62 1 177434 9910 1.8 25 14 3 12 87% 213 4024 595 44%
c -  4.96  7 18 0 42 62 1 179028 7985 1.8 25 14 3 12 87% 213 4024 595 44%
c W  4.98  6 18 0 42 62 1 180119 8883 1.8 25 14 3 12 87% 213 4024 595 44%
c -  5.13  7 18 0 43 62 1 185509 8306 1.8 25 14 3 12 87% 213 4024 595 44%
c -  5.31  8 18 0 44 62 1 192067 8113 1.8 25 14 3 12 87% 213 4024 595 44%
c -  5.51  7 18 0 45 63 1 198702 8619 1.8 25 14 3 12 87% 213 4024 595 44%
c -  5.70  8 18 0 46 68 1 205410 8293 1.8 25 14 3 11 87% 213 4024 595 44%
c
c seconds  switched  rate          size/glue  tier1    binary      remaining
c        MB  reductions conflicts        size   tier2    irredundant
c         level  restarts     redundant     glue    trail      variables
c
c e  5.83  8 18 0 46 70 1 210553 11603 1.8 25 14 3 11 87% 140 4631 512 37%
c s  5.83  8 18 0 46 70 1 210553 11603 1.8 25 14 3 11 87% 142 4451 512 37%
c e  5.83  8 18 0 46 70 1 210553 11603 1.8 25 14 3 11 87% 136 4509 504 37%
c ^  5.83  8 18 0 46 70 1 210553 11603 1.8 25 14 3 11 87% 136 4509 504 37%
c -  5.87  6 18 0 47 72 1 212193 4450 1.8 25 14 3 11 87% 136 4509 504 37%
c I  5.97  7 18 0 47 74 1 215471 6673 1.8 25 14 3 11 87% 136 4509 504 37%
c -  6.02  7 18 0 48 76 1 219048 5913 1.8 25 14 3 11 87% 136 4509 504 37%
c u  6.03  7 18 0 48 76 1 220212 6616 1.8 25 14 3 11 87% 136 4509 504 37%
c v  6.05  7 18 0 48 76 1 220212 6042 1.8 25 14 3 11 87% 136 4509 504 37%
c w  6.09  7 18 0 48 76 1 220212 5030 1.8 25 14 3 11 87% 136 4509 504 37%
c -  6.29  7 18 0 49 77 1 225977 6539 1.8 24 14 3 11 87% 136 4509 504 37%
c -  6.41  7 18 0 50 80 1 232977 7792 1.7 24 14 3 11 86% 136 4509 504 37%
c -  6.54  7 18 0 51 84 1 240049 8770 1.7 24 14 3 11 86% 136 4509 504 37%
c -  6.69  8 18 0 52 88 1 247190 9138 1.7 24 14 3 11 86% 136 4509 504 37%
c -  6.83  8 18 0 53 91 1 254401 9225 1.7 24 14 3 11 86% 136 4509 504 37%
c B  6.84  7 18 0 53 91 1 254912 9538 1.7 24 14 3 11 86% 136 4509 504 37%
c o  6.84  7 18 0 53 91 1 254912 9538 1.7 24 14 3 11 86% 136 4509 504 37%
c -  7.01  8 18 0 54 92 1 261682 9254 1.7 24 14 3 11 86% 136 4509 504 37%
c u  7.16  8 18 0 54 93 1 267414 12878 1.7 24 14 3 11 86% 136 4509 504 37%
c v  7.18  8 18 0 54 93 1 267414 12409 1.7 24 14 3 11 86% 136 4509 504 37%
c
c seconds  switched  rate          size/glue  tier1    binary      remaining
c        MB  reductions conflicts        size   tier2    irredundant
c         level  restarts     redundant     glue    trail      variables
c
c w  7.19  9 18 0 54 93 1 267414 12083 1.7 24 14 3 11 86% 136 4509 504 37%
c x  7.20  7 18 0 54 93 1 267414 12080 1.7 24 14 3 11 86% 140 4317 504 37%
c -  7.24  8 18 0 55 93 1 269030 7860 1.7 24 14 3 11 86% 140 4317 504 37%
c -  7.40  8 18 0 56 93 1 276447 8150 1.7 23 14 3 11 86% 140 4317 504 37%
c -  7.61  8 18 0 57 96 1 283930 7947 1.7 23 14 3 11 86% 140 4317 504 37%
c -  7.80  8 17 0 58 100 1 291479 8645 1.7 23 14 3 11 86% 140 4317 504 37%
c W  8.04  7 17 0 58 106 1 298623 12599 1.7 23 14 3 11 86% 140 4317 504 37%
c -  8.05  7 17 0 59 106 1 299094 8856 1.7 23 14 3 11 86% 140 4317 504 37%
c -  8.26  8 17 0 60 108 1 306776 9339 1.7 23 14 3 11 86% 140 4317 504 37%
c -  8.46  8 17 0 61 110 1 314521 10512 1.7 23 14 3 11 86% 140 4317 504 37%
c s  8.61  8 17 0 61 113 1 318875 13360 1.7 23 14 3 11 86% 140 4313 504 37%
c e  8.62  7 17 0 61 113 1 318875 13360 1.7 23 14 3 11 86%  64 5384 421 31%
c s  8.62  7 17 0 61 113 1 318875 13360 1.7 23 14 3 11 86%  64 5081 421 31%
c e  8.62  7 17 0 61 113 1 318875 13360 1.7 23 14 3 11 86%  63 5086 420 31%
c !  8.62  7 17 0 61 113 1 318875 13360 1.7 23 14 3 11 86%  63 5086 420 31%
c u  8.66  7 17 0 61 114 1 320072 5862 1.7 23 14 3 11 86%  63 5086 420 31%
c v  8.67  8 17 0 61 114 1 320072 5305 1.7 23 14 3 11 86%  63 5086 420 31%
c w  8.70  8 17 0 61 114 1 320072 3600 1.7 23 14 3 11 86%  63 5086 420 31%
c x  8.70  7 17 0 61 114 1 320072 3597 1.7 23 14 3 11 86%  64 4874 420 31%
c t  8.71  7 17 0 61 114 1 320072 3597 1.7 23 14 3 11 86%  63 4874 420 31%
c
c seconds  switched   rate         size/glue  tier1    binary      remaining
c        MB  reductions conflicts        size   tier2    irredundant
c         level  restarts     redundant     glue    trail      variables
c
c -  8.76  6 17 0 62 115 1 322331 3683 1.7 23 14 3 11 86%  63 4874 420 31%
c -  8.94  7 17 0 63 119 1 330205 5318 1.7 23 14 3 11 87%  63 4874 420 31%
c o  9.13  7 17 0 63 123 1 337647 9726 1.7 23 14 3 11 87%  63 4874 420 31%
c -  9.14  7 17 0 64 123 1 338142 6544 1.7 23 14 3 11 87%  63 4874 420 31%
c -  9.36  7 17 0 65 124 1 346142 7417 1.7 23 14 3 11 87%  63 4874 420 31%
c O  9.38  7 17 0 65 124 1 346784 7738 1.7 23 14 3 11 87%  63 4874 420 31%
c -  9.54  8 17 0 66 124 1 354204 7407 1.7 23 14 3 10 87%  63 4874 420 31%
c -  9.73  8 17 0 67 124 1 362328 7094 1.7 23 14 3 10 87%  63 4874 420 31%
c -  9.95  8 17 0 68 125 1 370513 7329 1.7 23 14 3 10 87%  63 4874 420 31%
c u 10.14  8 17 0 68 125 1 377084 11014 1.7 23 14 3 10 87%  63 4874 420 31%
c v 10.18  8 17 0 68 125 1 377084 9954 1.7 23 14 3 10 87%  63 4874 420 31%
c w 10.19  8 17 0 68 125 1 377084 8326 1.7 23 14 3 10 87%  63 4874 420 31%
c x 10.20  8 17 0 68 125 1 377084 8324 1.7 23 14 3 10 87%  63 4856 420 31%
c - 10.36  7 17 0 69 125 1 378760 5738 1.7 23 14 3 10 87%  63 4856 420 31%
c - 10.57  8 17 0 70 125 1 387066 6805 1.7 23 14 3 10 88%  63 4856 420 31%
c - 10.83  8 17 0 71 125 1 395433 7008 1.7 24 14 3 10 88%  63 4856 420 31%
c B 10.95  7 17 0 71 126 1 399571 9166 1.7 24 14 3 10 88%  63 4856 420 31%
c - 11.06  8 17 0 72 126 1 403859 7491 1.7 24 14 3 10 88%  63 4856 420 31%
c - 11.30  8 17 0 73 126 1 412344 7904 1.7 24 14 3 10 88%  63 4856 420 31%
c - 11.50  8 17 0 74 126 1 420888 7604 1.7 24 14 3 10 88%  63 4856 420 31%
c
c seconds  switched   rate         size/glue  tier1    binary      remaining
c        MB  reductions conflicts        size   tier2    irredundant
c         level  restarts     redundant     glue    trail      variables
c
c - 11.65  8 17 0 75 126 1 429490 8807 1.7 23 14 3 10 88%  63 4856 420 31%
c - 11.84  8 17 0 76 126 1 438151 9958 1.7 23 14 3 10 88%  63 4856 420 31%
c u 11.88  8 17 0 76 126 1 439393 10109 1.7 23 14 3 10 88%  63 4856 420 31%
c v 11.92  8 17 0 76 126 1 439393 8908 1.7 23 14 3 10 88%  63 4856 420 31%
c w 11.96  8 17 0 76 126 1 439393 8459 1.7 23 14 3 10 88%  63 4856 420 31%
c o 11.96  8 17 0 76 126 1 439393 8459 1.7 23 14 3 10 88%  63 4856 420 31%
c - 12.13  8 17 0 77 126 1 446870 8575 1.7 23 14 3 10 88%  63 4856 420 31%
c s 12.31  8 17 0 77 126 1 453546 12349 1.7 23 14 3 10 88%  63 4854 420 31%
c e 12.31  8 17 0 77 126 1 453546 12349 1.7 23 14 3 10 88%  55 4978 412 30%
c s 12.31  8 17 0 77 126 1 453546 12349 1.7 23 14 3 10 88%  55 4943 412 30%
c - 12.35  8 17 0 78 126 1 455644 6749 1.7 23 14 3 10 88%  55 4943 412 30%
c W 12.39  7 17 0 78 126 1 457155 7491 1.7 23 14 3 10 88%  55 4943 412 30%
c - 12.54  7 17 0 79 129 1 464476 7505 1.7 23 14 3 10 88%  55 4943 412 30%
c - 12.76  8 17 0 80 133 1 473365 8434 1.6 23 14 3 10 88%  55 4943 412 30%
c - 12.95  8 17 0 81 140 1 482309 8651 1.6 23 14 3 10 88%  55 4943 412 30%
c - 13.18  8 17 0 82 141 1 491309 8836 1.6 23 14 3 10 88%  55 4943 412 30%
c - 13.36  8 17 0 83 146 1 500367 9276 1.6 22 14 3 10 89%  55 4943 412 30%
c u 13.52  8 17 0 83 149 1 507063 12856 1.6 22 14 3 10 89%  55 4943 412 30%
c v 13.56  8 17 0 83 149 1 507063 12014 1.6 22 14 3 10 89%  55 4943 412 30%
c w 13.57  9 17 0 83 149 1 507063 10317 1.6 22 14 3 10 89%  55 4943 412 30%
c
c seconds  switched   rate          size/glue  tier1    binary      remaining
c        MB  reductions conflicts         size   tier2    irredundant
c         level  restarts      redundant     glue    trail      variables
c
c x 13.58  9 17 0 83 149 1 507063 10317 1.6 22 14 3 10 89%  55 4900 412 30%
c - 13.64  8 17 0 84 151 1 509480 7814 1.6 22 14 3 10 89%  55 4900 412 30%
c - 13.85  8 17 0 85 155 1 518646 9137 1.6 22 14 3 10 89%  55 4900 412 30%
c I 13.88  8 17 0 85 156 1 519706 9838 1.6 22 14 3 10 89%  55 4900 412 30%
c - 14.02  8 17 0 86 157 1 527867 10600 1.6 22 14 3 10 89%  55 4900 412 30%
c - 14.21  8 17 0 87 157 1 537140 9883 1.6 22 14 3 10 89%  55 4900 412 30%
c - 14.40  8 17 0 88 160 1 546467 9447 1.6 22 14 3 10 89%  55 4900 412 30%
c - 14.61  8 17 0 89 164 1 555847 9170 1.6 22 14 3 10 89%  55 4900 412 30%
c - 14.82  8 17 0 90 171 1 565280 9442 1.6 22 14 3 10 89%  55 4900 412 30%
c - 15.01  8 17 0 91 172 1 574768 10067 1.6 22 14 3 10 89%  55 4900 412 30%
c u 15.15  8 17 0 91 175 1 580075 12962 1.6 22 14 3 10 89%  55 4900 412 30%
c v 15.18  8 17 0 91 175 1 580075 11946 1.6 22 14 3 10 89%  55 4900 412 30%
c w 15.20  9 17 0 91 175 1 580075 10279 1.6 22 14 3 10 89%  55 4900 412 30%
c x 15.21  9 17 0 91 175 1 580075 10276 1.6 22 14 3 10 89%  55 4883 412 30%
c o 15.21  9 17 0 91 175 1 580075 10276 1.6 22 14 3 10 89%  55 4883 412 30%
c - 15.31  8 17 0 92 178 1 584307 8629 1.6 22 14 3 10 89%  55 4883 412 30%
c B 15.38  8 17 0 92 179 1 587389 10344 1.6 22 14 3 10 89%  55 4883 412 30%
c - 15.53  8 17 0 93 183 1 593900 9702 1.6 22 14 3 10 89%  55 4883 412 30%
c - 15.73  8 17 0 94 187 1 603544 9919 1.6 22 14 3 10 89%  55 4883 412 30%
c - 15.95  8 17 0 95 188 1 613239 10338 1.6 22 14 3 10 88%  55 4883 412 30%
c
c seconds  switched   rate          size/glue  tier1    binary      remaining
c        MB  reductions conflicts         size   tier2    irredundant
c         level  restarts      redundant     glue    trail      variables
c
c - 16.23  8 17 0 96 188 1 622986 10994 1.6 22 14 3 10 88%  55 4883 412 30%
c - 16.51  7 17 0 97 189 1 632783 11415 1.6 23 14 3 10 88%  55 4883 412 30%
c - 16.82  8 17 0 98 189 1 642631 11165 1.6 22 14 3 10 88%  55 4883 412 30%
c - 17.12  8 17 0 99 189 1 652530 10718 1.6 22 14 3 9 88%  55 4883 412 30%
c u 17.29  7 17 0 99 189 1 658648 13980 1.6 22 14 3 9 89%  55 4883 412 30%
c v 17.35  7 17 0 99 189 1 658648 12391 1.6 22 14 3 9 89%  55 4883 412 30%
c w 17.41 10 17 0 99 189 1 658648 10703 1.6 22 14 3 9 89%  55 4883 412 30%
c = 17.66 10 17 0 99 189 1 658648 10703 1.6 22 14 3 9 89%  55 4879 411 30%
c u 17.67 10 17 0 99 189 1 658648 10534 1.6 22 14 3 9 89%  55 4879 411 30%
c v 17.71 10 17 0 99 189 1 658648 9846 1.6 22 14 3 9 89%  55 4879 411 30%
c w 17.75 10 17 0 99 189 1 658648 9734 1.6 22 14 3 9 89%  55 4879 411 30%
c x 17.76 10 17 0 99 189 1 658648 9733 1.6 22 14 3 9 89%  55 4875 411 30%
c W 17.81  8 17 0 99 191 1 660364 10900 1.6 22 14 3 9 88%  55 4875 411 30%
c - 17.89  8 17 0 100 192 1 662479 8742 1.7 22 14 3 9 89%  55 4875 411 30%
c - 18.23  8 17 0 101 198 1 672479 10114 1.7 23 14 3 9 88%  55 4875 411 30%
c - 18.52  8 17 0 102 203 1 682528 9853 1.7 23 14 3 9 89%  55 4875 411 30%
c - 18.82  8 17 0 103 205 1 692628 10379 1.7 23 14 3 9 88%  55 4875 411 30%
c - 19.08  7 17 0 104 211 1 702777 11789 1.7 23 14 3 9 89%  55 4875 411 30%
c - 19.38  8 17 0 105 218 1 712978 12318 1.7 23 14 3 9 89%  55 4875 411 30%
c - 19.69  7 17 0 106 219 1 723224 11765 1.7 24 14 3 9 89%  55 4875 411 30%
c
c seconds  switched    rate          size/glue  tier1   binary      remaining
c        MB  reductions  conflicts         size   tier2   irredundant
c         level   restarts      redundant     glue   trail      variables
c
c - 19.95  8 17 0 107 220 1 733519 11218 1.7 23 14 3 9 88%  55 4875 411 30%
c O 20.11  8 17 0 107 220 1 738793 14322 1.7 23 14 3 9 88%  55 4875 411 30%
c o 20.11  8 17 0 107 220 1 738793 14322 1.7 23 14 3 9 88%  55 4875 411 30%
c u 20.25  8 17 0 107 222 1 742829 15716 1.7 23 14 3 9 88%  55 4875 411 30%
c v 20.35  9 17 0 107 222 1 742829 14290 1.7 23 14 3 9 88%  55 4875 411 30%
c w 20.40 11 17 0 107 222 1 742829 12446 1.7 23 14 3 9 88%  55 4875 411 30%
c - 20.73  9 17 0 108 223 1 743863 8747 1.7 23 14 3 9 88%  55 4875 411 30%
c - 21.05 10 17 0 109 228 1 754255 9769 1.7 23 14 3 9 88%  55 4875 411 30%
c - 21.33 10 17 0 110 234 1 764695 9337 1.7 23 14 3 9 88%  55 4875 411 30%
c - 21.62 10 17 0 111 237 1 775184 10045 1.7 23 14 3 9 89%  55 4875 411 30%
c - 21.94 10 17 0 112 242 1 785721 10778 1.7 23 14 2 9 89%  55 4875 411 30%
c - 22.25 10 17 0 113 249 1 796305 10652 1.7 23 14 2 9 89%  55 4875 411 30%
c - 22.53 10 16 0 114 250 1 806935 10865 1.7 23 13 2 9 89%  55 4875 411 30%
c s 22.81 10 16 0 114 251 1 816855 17022 1.7 23 13 2 9 89%  55 4873 411 30%
c e 22.81  9 16 0 114 251 1 816855 17022 1.7 23 13 2 9 89%  54 4899 409 30%
c s 22.81  9 16 0 114 251 1 816855 17022 1.7 23 13 2 9 89%  54 4877 409 30%
c - 22.83 10 16 0 115 251 1 817613 11416 1.7 23 13 2 9 89%  54 4877 409 30%
c B 23.00 10 16 0 115 251 1 822830 14583 1.7 23 13 2 9 89%  54 4877 409 30%
c - 23.15  9 17 0 116 252 1 828336 11688 1.7 23 14 2 9 89%  54 4877 409 30%
c u 23.27 10 17 0 116 252 1 832664 13942 1.7 23 14 2 9 88%  54 4877 409 30%
c
c seconds  switched    rate          size/glue  tier1   binary      remaining
c        MB  reductions  conflicts         size   tier2   irredundant
c         level   restarts      redundant     glue   trail      variables
c
c v 23.33 10 17 0 116 252 1 832664 12409 1.7 23 14 2 9 88%  54 4877 409 30%
c w 23.38 10 17 0 116 252 1 832664 11247 1.7 23 14 2 9 88%  54 4877 409 30%
c - 23.57 10 17 0 117 252 1 839106 9854 1.7 23 14 2 9 88%  54 4877 409 30%
c - 23.84 10 17 0 118 252 1 849922 10277 1.7 23 14 2 9 88%  54 4877 409 30%
c - 24.13 10 17 0 119 253 1 860785 10596 1.7 23 14 2 9 88%  54 4877 409 30%
c - 24.42  9 17 0 120 253 1 871693 10633 1.7 24 14 2 9 89%  54 4877 409 30%
c - 24.70  9 17 0 121 253 1 882648 10622 1.7 24 14 2 9 89%  54 4877 409 30%
c - 24.97  9 17 0 122 253 1 893649 11146 1.7 24 14 2 9 89%  54 4877 409 30%
c - 25.25  9 17 0 123 253 1 904694 11356 1.7 24 14 2 9 89%  54 4877 409 30%
c W 25.46  8 17 0 123 253 1 912630 16745 1.7 24 14 2 9 89%  54 4877 409 30%
c o 25.46  8 17 0 123 253 1 912630 16745 1.7 24 14 2 9 89%  54 4877 409 30%
c - 25.53  8 17 0 124 253 1 915784 11710 1.7 24 14 2 9 89%  54 4877 409 30%
c - 25.80  9 17 0 125 254 1 926921 11370 1.7 24 14 2 9 89%  54 4877 409 30%
c u 25.85  9 17 0 125 254 1 928214 11477 1.7 24 14 2 9 89%  54 4877 409 30%
c v 25.90  9 17 0 125 254 1 928214 10093 1.7 24 14 2 9 89%  54 4877 409 30%
c w 25.92  9 17 0 125 254 1 928214 9710 1.7 24 14 2 9 89%  54 4877 409 30%
c x 25.93  9 17 0 125 254 1 928214 9709 1.7 24 14 2 9 89%  54 4877 409 30%
c - 26.17  8 17 0 126 254 1 938101 9686 1.7 24 14 2 9 89%  54 4877 409 30%
c - 26.46  9 17 0 127 254 1 949326 10176 1.7 23 14 2 9 89%  54 4877 409 30%
c - 26.80  9 17 0 128 254 1 960596 10726 1.7 23 14 2 9 89%  54 4877 409 30%
c
c seconds  switched    rate          size/glue  tier1   binary      remaining
c        MB  reductions  conflicts         size   tier2   irredundant
c         level   restarts      redundant     glue   trail      variables
c
c - 27.13  9 17 0 129 254 1 971910 10522 1.7 23 14 2 8 89%  54 4877 409 30%
c - 27.49  9 17 0 130 254 1 983267 11065 1.6 23 14 2 8 89%  54 4877 409 30%
c - 27.78  9 16 0 131 254 1 994670 11464 1.6 23 14 2 8 89%  54 4877 409 30%
c - 28.08  9 16 0 132 254 1 1006116 11460 1.6 22 14 2 8 89%  54 4877 409 30%
c I 28.14  9 16 0 132 254 1 1008346 12934 1.6 22 14 2 8 89%  54 4877 409 30%
c - 28.29  9 16 0 133 254 1 1017606 11843 1.6 22 14 2 8 89%  54 4877 409 30%
c - 28.49  9 16 0 134 254 1 1029138 11262 1.6 22 14 2 8 89%  54 4877 409 30%
c u 28.52  9 16 0 134 254 1 1029548 10891 1.6 22 14 2 8 89%  54 4877 409 30%
c v 28.57  9 16 0 134 254 1 1029548 9416 1.6 22 14 2 8 89%  54 4877 409 30%
c w 28.59  9 16 0 134 254 1 1029548 9133 1.6 22 14 2 8 89%  54 4877 409 30%
c - 29.06  7 16 0 135 254 1 1040713 9225 1.6 22 14 2 8 89%  54 4877 409 30%
c s 29.20  7 16 0 135 254 1 1048539 14555 1.6 22 13 2 8 89%  54 4875 409 30%
c o 29.20  7 16 0 135 254 1 1048539 14555 1.6 22 13 2 8 89%  54 4875 409 30%
c - 29.26  7 16 0 136 254 1 1052332 9838 1.6 22 14 2 8 89%  54 4875 409 30%
c - 29.47  7 16 0 137 261 1 1063993 10977 1.6 21 13 2 9 89%  54 4875 409 30%
c - 29.73  7 16 0 138 268 1 1075697 11191 1.6 21 13 2 9 89%  54 4875 409 30%
c - 29.97  7 16 0 139 271 1 1087444 11603 1.6 21 13 2 9 89%  54 4875 409 30%
c - 30.22  7 16 0 140 277 1 1099233 12565 1.6 21 13 2 9 89%  54 4875 409 30%
c B 30.42  7 16 0 140 283 1 1110123 20289 1.6 21 13 2 9 89%  54 4875 409 30%
c - 30.46  8 16 0 141 284 1 1111067 13413 1.6 21 13 2 9 89%  54 4875 409 30%
c
c seconds  switched    rate           size/glue  tier1   binary      remaining
c        MB  reductions   conflicts         size   tier2   irredundant
c         level   restarts       redundant     glue   trail      variables
c
c - 30.80  7 16 0 142 285 1 1122941 13244 1.6 21 13 2 9 89%  54 4875 409 30%
c - 31.13  7 16 0 143 285 1 1134857 12131 1.6 22 13 2 9 89%  54 4875 409 30%
c u 31.20  7 16 0 143 287 1 1136732 13100 1.6 22 14 2 9 89%  54 4875 409 30%
c v 31.25  7 16 0 143 287 1 1136732 11526 1.6 22 14 2 9 89%  54 4875 409 30%
c w 31.30  7 16 0 143 287 1 1136732 10731 1.6 22 14 2 9 89%  54 4875 409 30%
c - 31.58  7 16 0 144 292 1 1146816 10388 1.6 22 14 2 9 89%  54 4875 409 30%
c - 31.98  8 16 0 145 299 1 1158819 10293 1.6 22 14 2 8 89%  54 4875 409 30%
c - 32.38  8 16 0 146 303 1 1170861 10581 1.6 21 14 2 8 89%  54 4875 409 30%
c - 32.73  7 16 0 147 310 1 1182945 11545 1.6 22 14 2 8 89%  54 4875 409 30%
c - 33.07  7 16 0 148 315 1 1195070 12271 1.6 22 13 2 8 89%  54 4875 409 30%
c - 33.39  7 16 0 149 316 1 1207235 13063 1.7 22 13 2 8 89%  54 4875 409 30%
c W 33.72  8 17 0 149 317 1 1218109 22108 1.7 23 13 2 8 89%  54 4875 409 30%
c o 33.72  8 17 0 149 317 1 1218109 22108 1.7 23 13 2 8 89%  54 4875 409 30%
c - 33.75  8 17 0 150 317 1 1219441 14112 1.7 23 13 2 8 89%  54 4875 409 30%
c - 34.13  7 17 0 151 317 1 1231689 12752 1.6 22 14 2 8 89%  54 4875 409 30%
c - 34.44  7 17 0 152 317 1 1243978 11841 1.7 23 14 2 8 89%  54 4875 409 30%
c u 34.65  7 17 0 152 317 1 1249838 14241 1.6 23 14 2 8 89%  54 4875 409 30%
c v 34.71  7 17 0 152 317 1 1249838 12839 1.6 23 14 2 8 89%  54 4875 409 30%
c w 34.76  8 17 0 152 317 1 1249838 10708 1.6 23 14 2 8 89%  54 4875 409 30%
c - 34.94  7 17 0 153 322 1 1256306 9382 1.6 22 14 2 8 89%  54 4875 409 30%
c
c seconds  switched    rate           size/glue  tier1   binary      remaining
c        MB  reductions   conflicts         size   tier2   irredundant
c         level   restarts       redundant     glue   trail      variables
c
c - 35.27  8 17 0 154 329 1 1268676 10450 1.6 22 14 2 8 89%  54 4875 409 30%
c - 35.58  7 17 0 155 332 1 1281085 11916 1.7 22 14 2 8 89%  54 4875 409 30%
c - 35.86  7 16 0 156 339 1 1293537 12044 1.7 22 13 2 8 89%  54 4875 409 30%
c - 36.18  7 16 0 157 346 1 1306026 12364 1.7 22 13 2 8 89%  54 4875 409 30%
c - 36.48  7 16 0 158 348 1 1318555 13012 1.7 22 13 2 8 88%  54 4875 409 30%
c - 36.75  7 17 0 159 348 1 1331125 13600 1.7 22 13 2 8 88%  54 4875 409 30%
c O 36.78  7 17 0 159 348 1 1332449 14524 1.7 22 13 2 8 88%  54 4875 409 30%
c - 36.89  8 16 0 160 355 1 1343735 16226 1.7 21 13 2 8 83%  54 4875 409 30%
c - 37.05  8 15 0 161 362 1 1356386 19527 1.7 20 12 2 8 77%  55 4875 409 30%
c u 37.61 12 15 0 161 366 1 1368923 28689 1.8 22 12 2 8 79%  55 4875 409 30%
c v 37.66 11 15 0 161 366 1 1368923 26961 1.8 22 12 2 8 79%  56 4875 409 30%
c w 37.69 13 15 0 161 366 1 1368923 25065 1.8 22 12 2 8 79%  56 4875 409 30%
c x 37.71 11 15 0 161 366 1 1368923 25063 1.8 22 12 2 8 79%  57 4866 409 30%
c t 37.71 11 15 0 161 366 1 1368923 25063 1.8 22 12 2 8 79%  56 4866 409 30%
c o 37.71 11 15 0 161 366 1 1368923 25063 1.8 22 12 2 8 79%  56 4866 409 30%
c - 37.72 11 15 0 162 366 1 1369075 16341 1.8 22 12 2 8 79%  56 4866 409 30%
c - 38.07  9 16 0 163 373 1 1381802 13900 1.8 22 13 2 8 80%  56 4866 409 30%
c - 38.42  9 16 0 164 378 1 1394571 13001 1.8 23 13 2 8 81%  56 4866 409 30%
c - 38.72  9 16 0 165 379 1 1407378 13261 1.8 23 13 2 8 83%  56 4866 409 30%
c - 39.12  9 16 0 166 380 1 1420224 13456 1.8 23 13 2 8 84%  56 4866 409 30%
c
c seconds  switched    rate           size/glue  tier1   binary      remaining
c        MB  reductions   conflicts         size   tier2   irredundant
c         level   restarts       redundant     glue   trail      variables
c
c - 39.53  9 16 0 167 380 1 1433108 13121 1.8 23 13 2 8 84%  56 4866 409 30%
c - 39.97  9 16 0 168 380 1 1446030 12691 1.8 23 13 2 8 85%  56 4866 409 30%
c B 40.21  9 16 0 168 381 1 1453282 16652 1.8 23 13 2 8 85%  56 4866 409 30%
c - 40.36  8 16 0 169 381 1 1458991 13179 1.8 23 13 2 8 86%  56 4866 409 30%
c - 40.84  9 16 0 170 381 1 1471992 13043 1.8 23 13 2 8 86%  56 4866 409 30%
c - 41.25  9 16 0 171 381 1 1485030 12957 1.8 23 13 2 8 87%  56 4866 409 30%
c u 41.55 10 16 0 171 381 1 1494049 17794 1.8 23 13 2 8 87%  56 4866 409 30%
c v 41.65 10 16 0 171 381 1 1494049 15970 1.8 23 13 2 8 87%  58 4866 409 30%
c w 41.78 11 16 0 171 381 1 1494049 13133 1.8 23 13 2 8 87%  58 4866 409 30%
c t 41.83 11 16 0 171 381 1 1494049 13133 1.8 23 13 2 8 87%  56 4866 409 30%
c - 41.95  8 16 0 172 381 1 1498107 10606 1.7 23 13 2 8 87%  56 4866 409 30%
c - 42.34  8 16 0 173 381 1 1511221 12182 1.7 23 13 2 8 87%  56 4866 409 30%
c - 42.76  9 16 0 174 388 1 1524373 13128 1.7 22 13 2 8 87%  56 4866 409 30%
c - 43.27  9 16 0 175 395 1 1537564 13882 1.7 22 13 2 8 87%  56 4866 409 30%
c o 43.30  8 16 0 175 396 1 1538571 14591 1.7 22 13 2 8 87%  56 4866 409 30%
c - 43.71 10 16 0 176 399 1 1550792 14671 1.7 22 13 2 8 87%  56 4866 409 30%
c - 44.16  9 16 0 177 407 1 1564059 14031 1.7 22 13 2 8 87%  56 4866 409 30%
c - 44.57  9 16 0 178 411 1 1577363 14087 1.7 22 13 2 8 88%  56 4866 409 30%
c W 44.67  7 16 0 178 412 1 1580750 16226 1.7 22 13 2 8 88%  56 4866 409 30%
c - 44.95  7 16 0 179 412 1 1590705 13802 1.7 22 13 2 8 88%  56 4866 409 30%
c
c seconds  switched    rate           size/glue  tier1   binary      remaining
c        MB  reductions   conflicts         size   tier2   irredundant
c         level   restarts       redundant     glue   trail      variables
c
c - 45.28  7 16 0 180 418 1 1604086 13608 1.6 22 13 2 8 88%  56 4866 409 30%
c - 45.69  7 16 0 181 426 1 1617504 14386 1.6 22 13 2 8 87%  56 4866 409 30%
c u 45.96  8 16 0 181 427 1 1625255 17827 1.7 22 13 2 8 87%  56 4866 409 30%
c v 46.05  8 16 0 181 427 1 1625255 15970 1.7 22 13 2 8 87%  56 4866 409 30%
c w 46.15 11 16 0 181 427 1 1625255 13509 1.7 22 13 2 8 87%  56 4866 409 30%
c - 46.32  9 16 0 182 429 1 1630957 11851 1.7 22 13 2 8 88%  56 4866 409 30%
c - 46.83  8 16 0 183 437 1 1644447 13538 1.7 22 13 2 8 88%  56 4866 409 30%
c - 47.29  8 16 0 184 442 1 1657974 13748 1.7 22 13 2 8 88%  56 4866 409 30%
c s 47.37  8 16 0 184 442 1 1659932 14844 1.7 22 13 2 8 88%  56 4863 409 30%
c - 47.90  9 16 0 185 443 1 1671538 14029 1.7 22 13 2 8 88%  56 4863 409 30%
c - 48.34  9 16 0 186 444 1 1685140 14611 1.6 22 13 2 8 88%  56 4863 409 30%
c - 48.82  9 16 0 187 444 1 1698778 14739 1.6 22 13 2 8 88%  56 4863 409 30%
c - 49.25  9 16 0 188 446 1 1712453 14535 1.6 21 13 2 8 88%  56 4863 409 30%
c I 49.33  9 16 0 188 447 1 1714992 15818 1.6 21 13 2 8 88%  56 4863 409 30%
c o 49.33  9 16 0 188 447 1 1714992 15818 1.6 21 13 2 8 88%  56 4863 409 30%
c - 49.51 10 16 0 189 454 1 1726164 15520 1.6 21 13 2 8 88%  56 4863 409 30%
c - 49.77 10 16 0 190 459 1 1739912 15079 1.6 21 13 2 8 89%  56 4863 409 30%
c - 50.07  9 16 0 191 466 1 1753697 14478 1.6 21 13 2 8 89%  56 4863 409 30%
c u 50.32 10 16 0 191 472 1 1762607 19739 1.6 21 13 2 8 89%  56 4863 409 30%
c v 50.39 10 16 0 191 472 1 1762607 17895 1.6 21 13 2 8 89%  56 4863 409 30%
c
c seconds  switched    rate           size/glue  tier1   binary      remaining
c        MB  reductions   conflicts         size   tier2   irredundant
c         level   restarts       redundant     glue   trail      variables
c
c w 50.53 12 16 0 191 472 1 1762607 15302 1.6 21 13 2 8 89%  56 4863 409 30%
c - 50.67  9 16 0 192 473 1 1767517 11585 1.6 21 13 2 8 89%  56 4863 409 30%
c - 50.96  9 16 0 193 475 1 1781373 12960 1.6 21 13 2 8 87%  56 4863 409 30%
c - 51.34  9 16 0 194 477 1 1795267 12953 1.6 21 13 2 8 88%  56 4863 409 30%
c - 51.72  9 16 0 195 485 1 1809196 13769 1.6 21 14 2 8 88%  56 4863 409 30%
c - 52.15  9 16 0 196 490 1 1823162 13846 1.6 21 14 2 8 88%  56 4863 409 30%
c - 52.54  9 16 0 197 497 1 1837163 13926 1.6 21 14 2 8 88%  56 4863 409 30%
c - 52.88  9 16 0 198 505 1 1851200 14440 1.6 21 14 2 8 89%  56 4863 409 30%
c B 52.99  9 16 0 198 505 1 1856139 17331 1.6 21 14 2 8 89%  56 4863 409 30%
c - 53.30 10 16 0 199 506 1 1865273 15064 1.6 21 14 2 8 89%  56 4863 409 30%
c - 53.76  9 16 0 200 507 1 1879380 14435 1.6 21 14 2 8 89%  56 4863 409 30%
c - 54.24  9 16 0 201 507 1 1893522 14252 1.6 21 14 2 8 89%  56 4863 409 30%
c u 54.72 11 16 0 201 507 1 1906116 19822 1.6 22 14 2 8 89%  56 4863 409 30%
c v 54.80 11 16 0 201 507 1 1906116 17934 1.6 22 14 2 8 89%  56 4863 409 30%
c w 54.91 11 16 0 201 507 1 1906116 14341 1.6 22 14 2 8 89%  56 4863 409 30%
c o 54.92 11 16 0 201 507 1 1906116 14341 1.6 22 14 2 8 89%  56 4863 409 30%
c - 54.97  8 16 0 202 507 1 1907700 11345 1.6 22 14 2 8 89%  56 4863 409 30%
c - 55.38  8 16 0 203 508 1 1921913 13096 1.6 22 14 2 8 89%  56 4863 409 30%
c - 55.81  9 16 0 204 508 1 1936161 13157 1.6 22 13 2 8 89%  56 4863 409 30%
c - 56.21  9 16 0 205 508 1 1950444 13630 1.6 22 13 2 8 89%  56 4863 409 30%
c
c seconds  switched    rate           size/glue  tier1   binary      remaining
c        MB  reductions   conflicts         size   tier2   irredundant
c         level   restarts       redundant     glue   trail      variables
c
c - 56.66  9 16 0 206 508 1 1964763 13708 1.6 21 13 2 8 89%  56 4863 409 30%
c - 57.10  9 16 0 207 509 1 1979115 14345 1.6 21 13 2 8 89%  56 4863 409 30%
c - 57.54 10 16 0 208 509 1 1993503 14538 1.6 21 13 2 8 89%  56 4863 409 30%
c W 57.94  9 16 0 208 509 1 2004328 20543 1.6 21 13 2 8 89%  56 4863 409 30%
c - 58.04  9 16 0 209 509 1 2007925 14504 1.6 21 13 2 8 89%  56 4863 409 30%
c - 58.43  7 16 0 210 509 1 2022382 14228 1.6 21 13 2 7 89%  56 4863 409 30%
c - 58.81  7 16 0 211 509 1 2036873 14188 1.6 21 13 2 7 89%  56 4863 409 30%
c - 59.21  7 16 0 212 509 1 2051399 13665 1.6 21 13 2 7 89%  56 4863 409 30%
c u 59.40  8 16 0 212 509 1 2055871 15131 1.6 21 13 2 7 89%  56 4863 409 30%
c v 59.46  8 16 0 212 509 1 2055871 13475 1.6 21 13 2 7 89%  56 4863 409 30%
c w 59.51  8 16 0 212 509 1 2055871 12104 1.6 21 13 2 7 89%  56 4863 409 30%
c x 59.52  8 16 0 212 509 1 2055871 12104 1.6 21 13 2 7 89%  56 4851 409 30%
c s 59.52  8 16 0 212 509 1 2055871 12104 1.6 21 13 2 7 89%  56 4850 409 30%
c - 59.80  8 16 0 213 509 1 2065960 11336 1.6 21 13 2 7 89%  56 4850 409 30%
c - 60.22  7 16 0 214 509 1 2080554 12272 1.6 21 13 2 7 89%  56 4850 409 30%
c - 60.65  7 16 0 215 509 1 2095182 13147 1.6 21 13 2 7 89%  56 4850 409 30%
c - 61.08  7 16 0 216 510 1 2109845 13496 1.6 21 13 2 7 89%  56 4850 409 30%
c - 61.61  7 15 0 217 510 1 2124542 13474 1.6 20 13 2 7 89%  56 4850 409 30%
c - 62.04  7 15 0 218 510 1 2139272 14501 1.6 20 13 2 7 89%  56 4850 409 30%
c - 62.52  9 15 0 219 510 1 2154039 14959 1.6 21 13 2 7 89%  56 4850 409 30%
c
c seconds  switched    rate           size/glue  tier1   binary      remaining
c        MB  reductions   conflicts         size   tier2   irredundant
c         level   restarts       redundant     glue   trail      variables
c
c O 62.70  9 15 0 219 510 1 2159689 18196 1.6 21 13 2 7 89%  56 4850 409 30%
c o 62.70  9 15 0 219 510 1 2159689 18196 1.6 21 13 2 7 89%  56 4850 409 30%
c - 62.96  7 15 0 220 510 1 2168838 14819 1.6 21 13 2 7 89%  56 4850 409 30%
c - 63.39  9 16 0 221 510 1 2183671 15228 1.6 21 13 2 7 89%  56 4850 409 30%
c - 63.82  7 15 0 222 510 1 2198537 14679 1.6 21 13 2 7 89%  56 4850 409 30%
c u 64.25 11 15 0 222 510 1 2211960 22023 1.6 21 13 2 7 89%  56 4850 409 30%
c v 64.35 11 15 0 222 510 1 2211960 20084 1.6 21 13 2 7 89%  56 4850 409 30%
c w 64.45 12 15 0 222 510 1 2211960 16323 1.6 21 13 2 7 89%  56 4850 409 30%
c = 64.98 13 15 0 222 510 1 2211960 16323 1.6 21 13 2 7 89%  56 4850 408 30%
c u 65.03  9 15 0 222 510 1 2211960 15876 1.6 21 13 2 7 89%  55 4840 408 30%
c v 65.09  9 15 0 222 510 1 2211960 15054 1.6 21 13 2 7 89%  55 4840 408 30%
c w 65.25  9 15 0 222 510 1 2211960 14054 1.6 21 13 2 7 89%  55 4840 408 30%
c - 65.30  8 16 0 223 510 1 2213437 10732 1.6 21 13 2 7 89%  55 4840 408 30%
c - 65.70  8 16 0 224 510 1 2228370 12358 1.6 21 13 2 7 89%  55 4840 408 30%
c - 66.12  8 16 0 225 510 1 2243336 12422 1.6 21 13 2 7 89%  55 4840 408 30%
c - 66.57  8 15 0 226 510 1 2258336 12379 1.6 21 13 2 7 89%  55 4840 408 30%
c - 67.03  8 15 0 227 510 1 2273369 13127 1.6 20 13 2 7 89%  55 4840 408 30%
c - 67.46  8 15 0 228 510 1 2288435 13467 1.6 20 13 2 7 89%  55 4840 408 30%
c - 67.90  8 15 0 229 510 1 2303535 13606 1.6 20 13 2 7 89%  55 4840 408 30%
c - 68.35  8 15 0 230 510 1 2318668 13685 1.6 20 13 2 7 89%  55 4840 408 30%
c
c seconds  switched    rate           size/glue  tier1   binary      remaining
c        MB  reductions   conflicts         size   tier2   irredundant
c         level   restarts       redundant     glue   trail      variables
c
c B 68.44  8 15 0 230 510 1 2322353 15701 1.6 20 13 2 7 89%  55 4840 408 30%
c - 68.78  8 15 0 231 510 1 2333833 14128 1.6 20 13 2 7 89%  55 4840 408 30%
c - 69.24  8 15 0 232 510 1 2349032 13440 1.6 20 13 2 7 89%  55 4840 408 30%
c - 69.68  8 15 0 233 510 1 2364263 12672 1.6 20 13 2 7 89%  55 4840 408 30%
c u 70.06  9 15 0 233 515 1 2374424 17152 1.6 20 13 2 7 89%  55 4840 408 30%
c v 70.11  9 15 0 233 515 1 2374424 15910 1.6 20 13 2 7 89%  55 4840 408 30%
c w 70.19  9 15 0 233 515 1 2374424 12928 1.6 20 13 2 7 89%  55 4840 408 30%
c o 70.19  9 15 0 233 515 1 2374424 12928 1.6 20 13 2 7 89%  55 4840 408 30%
c - 70.33  8 15 0 234 517 1 2379527 10700 1.6 20 13 2 7 89%  55 4840 408 30%
c - 70.74  8 15 0 235 525 1 2394825 12077 1.6 20 13 2 7 89%  55 4840 408 30%
c - 71.17  8 15 0 236 532 1 2410154 12541 1.6 20 13 2 7 89%  55 4840 408 30%
c - 71.56  8 15 0 237 539 1 2425516 13273 1.6 20 13 2 7 89%  55 4840 408 30%
c e 71.96  9 15 0 237 541 1 2438926 20359 1.6 20 13 2 7 89%  55 4862 406 30%
c s 71.96  9 15 0 237 541 1 2438926 20359 1.6 20 13 2 7 89%  55 4856 406 30%
c - 72.02  8 15 0 238 541 1 2440911 13217 1.6 20 13 2 7 89%  55 4856 406 30%
c - 72.56  8 15 0 239 546 1 2456340 14156 1.6 20 13 2 7 89%  55 4856 406 30%
c - 73.11  8 15 0 240 555 1 2471800 13918 1.6 20 13 2 7 90%  55 4856 406 30%
c - 73.55  8 15 0 241 559 1 2487291 14378 1.6 20 13 2 7 90%  55 4856 406 30%
c W 73.70  9 15 0 241 563 1 2492447 17712 1.6 20 13 2 7 89%  55 4856 406 30%
c - 74.07 10 15 0 242 569 1 2502816 14959 1.6 20 13 2 7 90%  55 4856 406 30%
c
c seconds  switched    rate           size/glue  tier1   binary      remaining
c        MB  reductions   conflicts         size   tier2   irredundant
c         level   restarts       redundant     glue   trail      variables
c
c - 74.70  8 15 0 243 572 1 2518372 14808 1.6 21 13 2 7 90%  55 4856 406 30%
c - 75.24  8 15 0 244 573 1 2533960 14492 1.6 20 13 2 7 90%  55 4856 406 30%
c u 75.64  9 15 0 244 573 1 2543234 17258 1.6 20 13 2 7 90%  55 4856 406 30%
c v 75.72  9 15 0 244 573 1 2543234 15364 1.6 20 13 2 7 90%  55 4856 406 30%
c w 75.80  9 15 0 244 573 1 2543234 13278 1.6 20 13 2 7 90%  55 4856 406 30%
c - 76.53 20 15 0 245 573 1 2549581 11477 1.6 20 13 2 7 90%  55 4856 406 30%
c - 77.05 20 15 0 246 573 1 2565233 13002 1.6 20 13 2 7 90%  55 4856 406 30%
c - 77.45 22 15 0 247 583 1 2580918 15293 1.7 21 12 2 7 90%  55 4856 406 30%
c - 77.86 22 15 0 248 588 1 2596634 16061 1.8 21 12 2 7 90%  55 4856 406 30%
c - 78.31 22 14 0 249 597 1 2612384 16619 1.8 21 12 2 7 89%  55 4856 406 30%
c - 78.83 22 14 0 250 603 1 2628163 17573 1.8 21 12 2 7 89%  55 4856 406 30%
c - 79.43 22 14 0 251 604 1 2643974 17267 1.8 21 12 2 7 90%  55 4856 406 30%
c - 80.04 22 14 0 252 611 1 2659816 15884 1.7 21 12 2 7 90%  55 4856 406 30%
c I 80.44 22 14 0 252 618 1 2670100 21460 1.7 21 12 2 7 90%  55 4856 406 30%
c o 80.44 22 14 0 252 618 1 2670100 21460 1.7 21 12 2 7 90%  55 4856 406 30%
c - 80.53 22 14 0 253 619 1 2675690 16887 1.7 21 12 2 7 90%  55 4856 406 30%
c - 80.81 22 15 0 254 626 1 2691595 17272 1.7 21 12 2 7 90%  55 4856 406 30%
c - 81.11 22 15 0 255 634 1 2707532 15450 1.7 21 12 2 7 90%  55 4856 406 30%
c u 81.40 22 15 0 255 635 1 2718366 21807 1.7 21 12 2 7 89%  55 4856 406 30%
c v 81.48 22 15 0 255 635 1 2718366 19702 1.7 21 12 2 7 89%  55 4856 406 30%
c
c seconds  switched    rate           size/glue  tier1   binary      remaining
c        MB  reductions   conflicts         size   tier2   irredundant
c         level   restarts       redundant     glue   trail      variables
c
c w 81.60 23 15 0 255 635 1 2718366 15463 1.7 21 12 2 7 89%  55 4856 406 30%
c - 81.69 21 15 0 256 635 1 2723500 11764 1.7 21 12 2 7 89%  55 4856 406 30%
c - 82.01 21 15 0 257 636 1 2739501 13035 1.6 20 12 2 7 89%  55 4856 406 30%
c - 82.33 21 15 0 258 636 1 2755532 13239 1.6 20 12 2 7 89%  55 4856 406 30%
c - 82.74 21 15 0 259 637 1 2771594 13993 1.6 20 13 2 7 89%  55 4856 406 30%
c - 83.12 21 15 0 260 637 1 2787687 14428 1.6 20 13 2 7 89%  55 4856 406 30%
c - 83.52 21 15 0 261 637 1 2803812 14232 1.6 20 13 2 7 89%  55 4856 406 30%
c - 83.90 21 15 0 262 637 1 2819968 14613 1.6 20 13 2 7 89%  55 4856 406 30%
c - 84.29 22 15 0 263 643 1 2836155 15304 1.5 20 13 2 7 88%  55 4856 406 30%
c - 84.63 22 15 0 264 651 1 2852373 15708 1.5 19 13 2 7 87%  55 4856 406 30%
c B 84.68 22 15 0 264 652 1 2855435 18006 1.5 19 13 2 7 87%  55 4856 406 30%
c - 85.12 22 15 0 265 658 1 2868621 16974 1.6 20 13 2 7 87%  55 4856 406 30%
c - 85.68 23 15 0 266 666 1 2884899 16754 1.6 20 13 2 7 87%  55 4856 406 30%
c u 86.27 23 15 0 266 668 1 2899941 24005 1.6 20 13 2 7 87%  55 4856 406 30%
c v 86.35 23 15 0 266 668 1 2899941 22553 1.6 20 13 2 7 87%  55 4856 406 30%
c w 86.39 23 15 0 266 668 1 2899941 19510 1.6 20 13 2 7 87%  55 4856 406 30%
c x 86.40 23 15 0 266 668 1 2899941 19510 1.6 20 13 2 7 87%  55 4850 406 30%
c o 86.40 23 15 0 266 668 1 2899941 19510 1.6 20 13 2 7 87%  55 4850 406 30%
c - 86.45 21 15 0 267 668 1 2901209 13372 1.6 20 13 2 7 88%  55 4850 406 30%
c - 86.96 21 15 0 268 674 1 2917549 14348 1.6 20 13 2 7 88%  55 4850 406 30%
c
c seconds  switched    rate           size/glue  tier1   binary      remaining
c        MB  reductions   conflicts         size   tier2   irredundant
c         level   restarts       redundant     glue   trail      variables
c
c - 87.43 22 15 0 269 682 1 2933919 15233 1.6 21 13 2 7 88%  55 4850 406 30%
c - 87.98 22 15 0 270 689 1 2950320 15666 1.6 21 13 2 7 88%  55 4850 406 30%
c - 88.47 22 15 0 271 697 1 2966752 16330 1.6 20 13 2 7 87%  55 4850 406 30%
c - 89.01 22 15 0 272 699 1 2983214 16367 1.6 20 13 2 7 85%  55 4850 406 30%
c - 89.54 22 15 0 273 700 1 2999707 16827 1.6 20 13 2 7 85%  55 4850 406 30%
c - 90.13 22 15 0 274 700 1 3016229 17574 1.6 20 12 2 7 86%  55 4850 406 30%
c - 90.81 22 15 0 275 706 1 3032781 17988 1.6 20 12 2 7 86%  55 4850 406 30%
c W 91.30 23 15 0 275 714 1 3048575 27718 1.6 20 13 2 7 87%  55 4850 406 30%
c - 91.34 23 15 0 276 714 1 3049365 18914 1.6 20 13 2 7 86%  55 4850 406 30%
c - 91.92 23 15 0 277 721 1 3065978 18749 1.6 20 13 2 7 85%  55 4850 406 30%
c - 92.64 23 16 0 278 729 1 3082621 18375 1.6 20 13 2 7 86%  55 4850 406 30%
c u 92.85 23 16 0 278 730 1 3088058 20637 1.6 20 13 2 7 86%  55 4850 406 30%
c v 92.96 23 16 0 278 730 1 3088058 17796 1.6 20 13 2 7 86%  55 4850 406 30%
c w 93.08 23 16 0 278 730 1 3088058 16210 1.6 20 13 2 7 86%  55 4850 406 30%
c - 93.33 21 16 0 279 731 1 3099295 15138 1.6 21 13 2 7 86%  55 4850 406 30%
c - 93.78 21 16 0 280 737 1 3115998 15001 1.6 21 13 2 7 86%  55 4850 406 30%
c - 94.20 21 16 0 281 746 1 3132732 15383 1.6 21 13 2 7 87%  55 4850 406 30%
c - 94.69 23 16 0 282 753 1 3149496 15585 1.6 21 13 2 7 87%  55 4850 406 30%
c - 95.16 21 16 0 283 761 1 3166289 15512 1.7 22 13 2 7 88%  55 4850 406 30%
c - 95.56 23 15 0 284 762 1 3183112 16254 1.7 22 13 2 7 88%  55 4850 406 30%
c
c seconds  switched    rate           size/glue  tier1   binary      remaining
c        MB  reductions   conflicts         size   tier2   irredundant
c         level   restarts       redundant     glue   trail      variables
c
c o 95.76 23 15 0 284 763 1 3189932 20501 1.7 22 13 2 7 88%  55 4850 406 30%
c - 96.08 23 15 0 285 763 1 3199964 16658 1.7 22 13 2 7 88%  55 4850 406 30%
c - 96.57 23 16 0 286 763 1 3216846 16658 1.6 21 13 2 7 89%  55 4850 406 30%
c - 97.12 23 16 0 287 764 1 3233757 15670 1.6 21 13 2 7 89%  55 4850 406 30%
c O 97.61 23 15 0 287 764 1 3249643 24138 1.6 21 13 2 7 89%  55 4850 406 30%
c - 97.65 23 15 0 288 764 1 3250698 16122 1.6 21 13 2 7 89%  55 4850 406 30%
c - 98.23 23 15 0 289 764 1 3267671 17015 1.6 21 13 2 7 89%  55 4850 406 30%
c u 98.86 23 15 0 289 764 1 3282683 22826 1.6 21 13 2 7 89%  55 4850 406 30%
c v 98.97 23 15 0 289 764 1 3282683 20683 1.6 21 13 2 7 89%  55 4850 406 30%
c w 99.09 23 15 0 289 764 1 3282683 16908 1.6 21 13 2 7 89%  55 4850 406 30%
c - 99.85 21 15 0 290 764 1 3284671 13142 1.6 21 13 2 7 89%  55 4850 406 30%
c - 100.37 21 15 0 291 765 1 3301700 14882 1.6 21 13 2 7 89%  55 4850 406 30%
c - 100.85 21 15 0 292 765 1 3318759 14928 1.6 20 13 2 7 89%  55 4850 406 30%
c s 101.19 22 15 0 292 765 1 3330510 21104 1.6 20 13 2 7 89%  55 4847 406 30%
c - 101.39 21 15 0 293 765 1 3335847 15441 1.6 20 13 2 7 89%  55 4847 406 30%
c - 101.94 23 15 0 294 765 1 3352965 16615 1.6 20 13 2 7 89%  55 4847 406 30%
c - 102.56 23 15 0 295 765 1 3370111 16559 1.6 20 13 2 7 90%  55 4847 406 30%
c - 103.16 23 15 0 296 765 1 3387287 16978 1.6 20 13 2 7 90%  55 4847 406 30%
c - 103.69 23 15 0 297 765 1 3404493 17236 1.5 20 13 2 7 90%  55 4847 406 30%
c - 104.23 23 15 0 298 767 1 3421726 17750 1.5 19 13 2 7 90%  55 4847 406 30%
c
c seconds   switched    rate           size/glue  tier1   binary      remaining
c         MB  reductions   conflicts         size   tier2   irredundant
c          level   restarts       redundant     glue   trail      variables
c
c - 104.76 23 15 0 299 778 1 3438989 17903 1.5 19 13 2 7 90%  55 4847 406 30%
c - 105.38 23 15 0 300 783 1 3456280 17323 1.5 19 13 2 7 90%  55 4847 406 30%
c B 105.48 23 15 0 300 785 1 3458758 18199 1.5 19 13 2 7 90%  55 4847 406 30%
c o 105.48 23 15 0 300 785 1 3458758 18199 1.5 19 13 2 7 90%  55 4847 406 30%
c - 105.90 23 15 0 301 794 1 3473601 18446 1.5 19 13 2 7 90%  55 4847 406 30%
c u 106.28 23 15 0 301 795 1 3483882 22856 1.5 19 13 2 7 90%  55 4847 406 30%
c v 106.38 23 15 0 301 795 1 3483882 20615 1.5 19 13 2 7 90%  55 4847 406 30%
c w 106.52 23 15 0 301 795 1 3483882 17515 1.5 19 13 2 7 90%  55 4847 406 30%
c - 106.74 21 15 0 302 796 1 3490951 14917 1.5 19 13 2 7 90%  55 4847 406 30%
c - 107.25 23 15 0 303 802 1 3508330 15572 1.5 20 13 2 7 90%  55 4847 406 30%
c - 107.70 23 16 0 304 810 1 3525737 16948 1.6 21 13 2 7 90%  55 4847 406 30%
c - 108.19 23 16 0 305 818 1 3543173 16622 1.6 21 13 2 7 90%  55 4847 406 30%
c - 108.65 23 16 0 306 826 1 3560638 16686 1.6 22 14 2 7 90%  55 4847 406 30%
c - 109.10 23 16 0 307 827 1 3578130 17212 1.6 22 14 2 7 90%  55 4847 406 30%
c - 109.55 23 16 0 308 828 1 3595651 17285 1.6 22 14 2 7 90%  55 4847 406 30%
c - 110.01 23 16 0 309 828 1 3613201 17094 1.6 22 14 2 7 90%  55 4847 406 30%
c - 110.52 23 16 0 310 837 1 3630779 18148 1.6 22 14 2 7 89%  55 4847 406 30%
c - 110.99 23 16 0 311 843 1 3648386 18964 1.7 22 13 2 7 89%  55 4847 406 30%
c - 111.47 23 16 0 312 853 1 3666021 18343 1.6 22 13 2 7 89%  55 4847 406 30%
c W 111.74 23 16 0 312 858 1 3676040 24975 1.6 22 13 2 7 88%  55 4847 406 30%
c
c seconds   switched    rate           size/glue  tier1   binary      remaining
c         MB  reductions   conflicts         size   tier2   irredundant
c          level   restarts       redundant     glue   trail      variables
c
c - 111.91 23 16 0 313 859 1 3683684 18402 1.6 22 13 2 7 87%  55 4847 406 30%
c u 112.17 23 16 0 313 859 1 3691675 23145 1.6 22 13 2 7 86%  55 4847 406 30%
c v 112.28 23 16 0 313 859 1 3691675 21078 1.6 22 13 2 7 86%  55 4847 406 30%
c w 112.44 23 16 0 313 859 1 3691675 18979 1.6 22 13 2 7 86%  55 4847 406 30%
c - 112.73 23 16 0 314 862 1 3701375 16166 1.6 22 13 2 7 87%  55 4847 406 30%
c - 113.19 23 16 0 315 872 1 3719095 17266 1.7 22 13 2 7 87%  55 4847 406 30%
c - 113.72 23 16 0 316 878 1 3736844 17313 1.7 22 13 2 7 87%  55 4847 406 30%
c - 114.18 23 15 0 317 888 1 3754621 17795 1.7 22 13 2 7 88%  55 4847 406 30%
c - 114.62 23 15 0 318 890 1 3772425 18313 1.7 22 13 2 7 88%  55 4847 406 30%
c - 115.05 23 15 0 319 891 1 3790258 18730 1.7 21 13 2 7 88%  55 4847 406 30%
c - 115.60 23 15 0 320 891 1 3808119 18333 1.7 21 13 2 7 89%  55 4847 406 30%
c - 116.09 23 15 0 321 892 1 3826008 17261 1.7 21 13 2 7 89%  55 4847 406 30%
c - 116.58 23 15 0 322 892 1 3843925 17565 1.6 21 13 2 7 89%  55 4847 406 30%
c - 117.12 23 15 0 323 892 1 3861871 18648 1.6 21 13 2 7 90%  55 4847 406 30%
c - 117.69 23 15 0 324 893 1 3879843 18448 1.6 20 12 2 7 90%  55 4847 406 30%
c - 118.20 23 15 0 325 904 1 3897845 19231 1.6 20 12 2 7 90%  55 4847 406 30%
c I 118.31 23 15 0 325 906 1 3901606 21256 1.6 20 12 2 7 90%  55 4847 406 30%
c o 118.31 23 15 0 325 906 1 3901606 21256 1.6 20 12 2 7 90%  55 4847 406 30%
c u 118.46 23 15 0 325 907 1 3906107 23531 1.6 20 12 2 7 90%  55 4847 406 30%
c v 118.59 23 15 0 325 907 1 3906107 21434 1.6 20 12 2 7 90%  55 4847 406 30%
c
c seconds   switched    rate           size/glue  tier1   binary      remaining
c         MB  reductions   conflicts         size   tier2   irredundant
c          level   restarts       redundant     glue   trail      variables
c
c w 118.73 23 15 0 325 907 1 3906107 18259 1.6 20 12 2 7 90%  55 4847 406 30%
c - 118.91 23 15 0 326 910 1 3915873 15505 1.6 20 12 2 7 90%  55 4847 406 30%
c - 119.35 23 15 0 327 921 1 3933929 15694 1.6 20 12 2 7 90%  55 4847 406 30%
c - 119.80 23 15 0 328 923 1 3952012 15698 1.6 20 13 2 7 90%  55 4847 406 30%
c - 120.21 23 15 0 329 930 1 3970122 16113 1.6 19 12 2 7 90%  55 4847 406 30%
c - 120.66 23 15 0 330 938 1 3988261 16851 1.5 20 13 2 7 90%  55 4847 406 30%
c - 121.12 23 16 0 331 945 1 4006426 16581 1.5 20 13 2 7 89%  55 4847 406 30%
c - 121.62 23 16 0 332 953 1 4024619 16732 1.5 20 13 2 7 89%  55 4847 406 30%
c - 122.15 23 16 0 333 954 1 4042839 16567 1.5 20 13 2 7 89%  55 4847 406 30%
c - 122.79 23 16 0 334 955 1 4061088 16705 1.5 20 13 2 7 89%  55 4847 406 30%
c - 123.31 23 16 0 335 958 1 4079363 16782 1.5 20 13 2 7 89%  55 4847 406 30%
c - 123.78 23 16 0 336 969 1 4097666 17108 1.5 20 13 2 7 89%  55 4847 406 30%
c - 124.34 23 16 0 337 976 1 4115996 17330 1.5 20 13 2 7 90%  55 4847 406 30%
c u 124.78 23 16 0 337 982 1 4127211 23856 1.5 20 13 2 7 90%  55 4847 406 30%
c v 124.87 23 16 0 337 982 1 4127211 21990 1.5 20 13 2 7 90%  55 4847 406 30%
c w 125.02 23 16 0 337 982 1 4127211 18280 1.5 20 13 2 7 90%  55 4847 406 30%
c - 125.21 21 16 0 338 985 1 4134353 14161 1.5 20 13 2 7 89%  55 4847 406 30%
c B 125.25 21 16 0 338 985 1 4135572 14724 1.5 20 13 2 7 89%  55 4847 406 30%
c - 125.85 23 16 0 339 986 1 4152740 15970 1.5 20 13 2 7 90%  55 4847 406 30%
c - 126.47 23 15 0 340 993 1 4171151 16226 1.5 20 13 2 7 90%  55 4847 406 30%
c
c seconds   switched     rate           size/glue  tier1   binary      remaining
c         MB  reductions    conflicts         size   tier2   irredundant
c          level    restarts       redundant     glue   trail      variables
c
c - 127.08 23 15 0 341 1001 1 4189591 16508 1.5 20 13 2 7 90%  55 4847 406 30%
c - 127.70 23 15 0 342 1011 1 4208057 17635 1.5 20 13 2 7 90%  55 4847 406 30%
c o 127.79 23 15 0 342 1014 1 4210300 18677 1.5 20 13 2 7 90%  55 4847 406 30%
c - 128.32 23 15 0 343 1017 1 4226550 17912 1.6 20 13 2 7 90%  55 4847 406 30%
c - 128.95 23 15 0 344 1018 1 4245070 17815 1.5 20 13 2 7 90%  55 4847 406 30%
c - 129.62 23 15 0 345 1018 1 4263617 17658 1.5 20 13 2 7 89%  55 4847 406 30%
c - 130.19 23 15 0 346 1019 1 4282191 18630 1.5 20 13 2 7 88%  55 4847 406 30%
c - 130.87 23 15 0 347 1019 1 4300793 18806 1.6 19 13 2 7 88%  55 4847 406 30%
c - 131.52 23 15 0 348 1019 1 4319421 19052 1.6 19 12 2 7 88%  55 4847 406 30%
c - 132.20 23 14 0 349 1019 1 4338076 19967 1.6 19 12 2 7 88%  55 4847 406 30%
c u 132.91 23 14 0 349 1020 1 4355020 27843 1.6 19 12 2 7 89%  55 4847 406 30%
c v 133.05 23 14 0 349 1020 1 4355020 25645 1.6 19 12 2 7 89%  55 4847 406 30%
c w 133.12 23 14 0 349 1020 1 4355020 20772 1.6 19 12 2 7 89%  55 4847 406 30%
c x 133.13 23 14 0 349 1020 1 4355020 20771 1.6 19 12 2 7 89%  55 4842 406 30%
c - 134.08 30 14 0 350 1020 1 4356757 16275 1.6 19 12 2 7 89%  55 4842 406 30%
c - 134.69 30 15 0 351 1020 1 4375466 16770 1.6 19 12 2 7 89%  55 4842 406 30%
c W 134.77 30 15 0 351 1020 1 4378053 18135 1.6 19 12 2 7 89%  55 4842 406 30%
c - 135.18 30 15 0 352 1020 1 4394203 16649 1.6 20 12 2 7 89%  55 4842 406 30%
c - 135.73 30 15 0 353 1020 1 4412965 17580 1.6 19 12 2 7 89%  55 4842 406 30%
c - 136.37 30 14 0 354 1020 1 4431754 17867 1.6 19 12 2 7 90%  55 4842 406 30%
c
c seconds   switched     rate           size/glue  tier1   binary      remaining
c         MB  reductions    conflicts         size   tier2   irredundant
c          level    restarts       redundant     glue   trail      variables
c
c - 137.16 30 14 0 355 1020 1 4450568 17989 1.6 19 12 2 7 89%  55 4842 406 30%
c - 137.79 30 14 0 356 1020 1 4469409 19068 1.6 19 12 2 7 90%  55 4842 406 30%
c - 138.43 30 14 0 357 1021 1 4488276 19162 1.6 19 12 2 7 90%  55 4842 406 30%
c - 139.07 30 14 0 358 1021 1 4507170 18915 1.6 19 12 2 7 90%  55 4842 406 30%
c - 139.68 30 14 0 359 1021 1 4526090 19867 1.6 18 12 2 7 90%  55 4842 406 30%
c - 140.38 30 14 0 360 1021 1 4545037 19560 1.6 19 12 2 7 90%  55 4842 406 30%
c - 140.94 30 14 0 361 1021 1 4564011 18130 1.6 19 12 2 7 90%  55 4842 406 30%
c - 141.51 30 14 0 362 1021 1 4583011 17718 1.6 19 12 2 7 90%  55 4842 406 30%
c u 141.76 30 14 0 362 1021 1 4589604 20548 1.6 19 12 2 7 90%  55 4842 406 30%
c v 141.85 30 14 0 362 1021 1 4589604 18613 1.6 19 12 2 7 90%  55 4842 406 30%
c w 141.93 30 14 0 362 1021 1 4589604 16219 1.6 19 12 2 7 90%  55 4842 406 30%
c o 141.94 30 14 0 362 1021 1 4589604 16219 1.6 19 12 2 7 90%  55 4842 406 30%
c - 142.34 28 14 0 363 1021 1 4602038 15330 1.6 19 12 2 7 91%  55 4842 406 30%
c - 142.91 30 14 0 364 1021 1 4621090 16691 1.6 19 12 2 7 90%  55 4842 406 30%
c O 143.11 30 14 0 364 1021 1 4629163 21665 1.6 19 12 2 7 90%  55 4842 406 30%
c - 143.59 30 14 0 365 1021 1 4640169 17803 1.5 19 12 2 7 89%  55 4842 406 30%
c - 144.49 30 15 0 366 1021 1 4659274 17909 1.5 19 12 2 7 89%  55 4842 406 30%
c - 145.28 30 15 0 367 1021 1 4678406 18146 1.6 19 12 2 7 89%  55 4842 406 30%
c - 145.98 30 15 0 368 1021 1 4697564 18955 1.6 20 12 2 7 90%  55 4842 406 30%
c - 146.69 30 14 0 369 1021 1 4716747 20242 1.6 20 12 2 7 90%  55 4842 406 30%
c
c seconds   switched     rate           size/glue  tier1   binary      remaining
c         MB  reductions    conflicts         size   tier2   irredundant
c          level    restarts       redundant     glue   trail      variables
c
c - 147.43 30 14 0 370 1022 1 4735956 20136 1.6 19 12 2 7 90%  55 4842 406 30%
c - 148.06 30 14 0 371 1022 1 4755191 20134 1.7 19 12 2 7 90%  55 4842 406 30%
c - 148.80 30 14 0 372 1022 1 4774452 20882 1.6 19 12 2 7 90%  55 4842 406 30%
c - 149.54 30 14 0 373 1022 1 4793739 21448 1.6 19 12 2 7 89%  55 4842 406 30%
c - 150.20 30 13 0 374 1022 1 4813052 23947 1.7 19 11 2 7 88%  55 4842 406 30%
c u 150.98 30 14 0 374 1022 1 4830960 35296 1.7 19 11 2 7 88%  55 4842 406 30%
c v 151.24 31 14 0 374 1022 1 4830960 31745 1.7 19 11 2 7 88%  55 4842 406 30%
c w 151.45 31 14 0 374 1022 1 4830960 27058 1.7 19 11 2 7 88%  55 4842 406 30%
c - 151.50 31 14 0 375 1022 1 4832391 19325 1.7 19 11 2 7 88%  55 4842 406 30%
c - 152.16 31 14 0 376 1022 1 4851756 18470 1.7 20 12 2 7 88%  55 4842 406 30%
c - 152.84 31 14 0 377 1022 1 4871147 18406 1.7 20 12 2 7 89%  55 4842 406 30%
c B 153.48 31 14 0 377 1022 1 4889013 29127 1.7 20 12 2 7 88%  55 4842 406 30%
c o 153.48 31 14 0 377 1022 1 4889013 29127 1.7 20 12 2 7 88%  55 4842 406 30%
c - 153.54 31 14 0 378 1022 1 4890563 19440 1.7 20 12 2 7 88%  55 4842 406 30%
c - 154.05 31 14 0 379 1022 1 4910005 20156 1.7 20 12 2 7 88%  55 4842 406 30%
c - 154.61 31 14 0 380 1022 1 4929472 19668 1.7 20 12 2 7 88%  55 4842 406 30%
c - 155.22 31 14 0 381 1022 1 4948965 20836 1.7 19 12 2 7 88%  55 4842 406 30%
c - 155.89 31 14 0 382 1022 1 4968485 21198 1.7 19 11 2 7 89%  55 4842 406 30%
c - 156.63 31 14 0 383 1022 1 4988029 21101 1.7 19 11 2 7 89%  55 4842 406 30%
c - 157.43 31 13 0 384 1022 1 5007601 19778 1.7 19 11 2 7 90%  55 4842 406 30%
c
c seconds   switched     rate           size/glue  tier1   binary      remaining
c         MB  reductions    conflicts         size   tier2   irredundant
c          level    restarts       redundant     glue   trail      variables
c
c - 158.10 31 13 0 385 1022 1 5027196 19599 1.7 19 11 2 7 90%  55 4842 406 30%
c - 158.75 31 13 0 386 1022 1 5046819 19447 1.6 18 11 2 7 90%  55 4842 406 30%
c - 159.45 31 13 0 387 1022 1 5066466 20403 1.6 18 11 2 7 90%  55 4842 406 30%
c u 159.97 31 13 0 387 1022 1 5079122 24932 1.6 18 11 2 7 90%  55 4842 406 30%
c v 160.11 31 13 0 387 1022 1 5079122 22542 1.6 18 11 2 7 90%  55 4842 406 30%
c w 160.22 31 13 0 387 1022 1 5079122 18265 1.6 18 11 2 7 90%  55 4842 406 30%
c - 160.45 31 13 0 388 1022 1 5086138 16367 1.6 18 11 2 7 90%  55 4842 406 30%
c - 161.13 31 13 0 389 1022 1 5105837 18151 1.6 17 11 2 7 90%  55 4842 406 30%
c - 161.78 31 13 0 390 1022 1 5125562 20870 1.6 17 11 2 7 90%  55 4842 406 30%
c - 162.43 31 12 0 391 1022 1 5145310 21908 1.6 17 10 2 7 90%  55 4842 406 30%
c W 162.90 31 13 0 391 1022 1 5157714 29297 1.6 18 11 2 7 90%  55 4842 406 30%
c - 163.18 31 13 0 392 1022 1 5165083 21814 1.7 18 11 2 7 90%  55 4842 406 30%
c - 163.78 31 13 0 393 1022 1 5184882 19250 1.7 19 11 2 7 90%  55 4842 406 30%
c - 164.36 31 13 0 394 1022 1 5204706 19002 1.7 19 11 2 7 90%  55 4842 406 30%
c - 164.94 31 14 0 395 1022 1 5224555 19452 1.7 19 11 2 7 90%  55 4842 406 30%
c - 165.60 31 14 0 396 1022 1 5244429 19431 1.6 19 11 2 7 90%  55 4842 406 30%
c - 166.23 31 14 0 397 1027 1 5264329 20844 1.7 19 11 2 7 90%  55 4842 406 30%
c - 166.92 31 14 0 398 1037 1 5284254 21696 1.7 20 11 2 7 90%  55 4842 406 30%
c o 167.21 31 14 0 398 1040 1 5293477 26954 1.7 20 12 2 7 90%  55 4842 406 30%
c - 167.57 31 14 0 399 1045 1 5304204 20625 1.7 20 12 2 7 90%  55 4842 406 30%
c
c seconds   switched     rate           size/glue  tier1   binary      remaining
c         MB  reductions    conflicts         size   tier2   irredundant
c          level    restarts       redundant     glue   trail      variables
c
c - 168.29 31 14 0 400 1052 1 5324178 20746 1.7 20 12 2 7 90%  55 4842 406 30%
c u 168.79 31 14 0 400 1053 1 5334120 24554 1.7 20 12 2 7 90%  55 4842 406 30%
c v 168.94 31 14 0 400 1053 1 5334120 22329 1.7 20 12 2 7 90%  55 4842 406 30%
c w 169.11 31 14 0 400 1053 1 5334120 19514 1.7 20 12 2 7 90%  55 4842 406 30%
c - 169.47 31 14 0 401 1056 1 5344179 17115 1.7 20 12 2 6 90%  55 4842 406 30%
c - 170.16 31 14 0 402 1067 1 5364203 18326 1.8 20 11 2 6 90%  55 4842 406 30%
c - 170.84 31 13 0 403 1075 1 5384253 18919 1.8 20 11 2 6 90%  55 4842 406 30%
c - 171.56 31 13 0 404 1083 1 5404327 19984 1.8 20 11 2 6 91%  55 4842 406 30%
c - 172.23 31 13 0 405 1085 1 5424426 19579 1.8 19 11 2 6 91%  55 4842 406 30%
c I 172.61 31 13 0 405 1085 1 5435377 25879 1.8 19 11 2 6 91%  55 4842 406 30%
c - 172.81 31 13 0 406 1085 1 5444550 20213 1.8 20 11 2 6 91%  55 4842 406 30%
c - 173.23 31 14 0 407 1092 1 5464700 19937 1.7 20 12 2 6 90%  55 4842 406 30%
c - 173.77 31 14 0 408 1100 1 5484875 18352 1.7 20 12 2 6 90%  55 4842 406 30%
c - 174.28 31 14 0 409 1111 1 5505074 18072 1.7 20 12 2 6 90%  55 4842 406 30%
c - 174.74 31 14 0 410 1116 1 5525297 18456 1.7 20 12 2 6 89%  55 4842 406 30%
c - 175.21 31 15 0 411 1122 1 5545546 19061 1.6 20 12 2 6 89%  55 4842 406 30%
c - 175.78 31 15 0 412 1131 1 5565820 18470 1.6 20 12 2 6 89%  55 4842 406 30%
c - 176.30 31 15 0 413 1141 1 5586117 19655 1.6 20 12 2 6 90%  55 4842 406 30%
c u 176.75 31 15 0 413 1146 1 5595987 24191 1.6 20 12 2 6 89%  55 4842 406 30%
c v 176.86 31 15 0 413 1146 1 5595987 22098 1.6 20 12 2 6 89%  55 4842 406 30%
c
c seconds   switched     rate           size/glue  tier1   binary      remaining
c         MB  reductions    conflicts         size   tier2   irredundant
c          level    restarts       redundant     glue   trail      variables
c
c w 176.93 31 15 0 413 1146 1 5595987 17852 1.6 20 12 2 6 89%  55 4842 406 30%
c o 176.93 31 15 0 413 1146 1 5595987 17852 1.6 20 12 2 6 89%  55 4842 406 30%
c - 177.21 28 15 0 414 1147 1 5606440 15730 1.6 20 12 2 6 90%  55 4842 406 30%
c - 177.70 30 15 0 415 1148 1 5626786 17488 1.6 20 12 2 6 89%  55 4842 406 30%
c - 178.20 30 15 0 416 1148 1 5647157 18030 1.6 20 12 2 6 89%  55 4842 406 30%
c - 178.76 30 15 0 417 1149 1 5667555 18256 1.6 20 12 2 6 89%  55 4842 406 30%
c - 179.42 30 15 0 418 1149 1 5687976 18833 1.6 20 12 2 6 88%  55 4842 406 30%
c - 180.13 30 15 0 419 1149 1 5708421 19243 1.6 20 12 2 6 89%  55 4842 406 30%
c B 180.60 30 15 0 419 1152 1 5722110 26390 1.6 20 12 2 6 89%  55 4842 406 30%
c - 180.75 30 15 0 420 1156 1 5728890 19993 1.6 20 12 2 6 89%  55 4842 406 30%
c - 181.29 30 14 0 421 1164 1 5749383 19486 1.6 19 12 2 6 89%  55 4842 406 30%
c - 181.82 30 14 0 422 1177 1 5769901 19132 1.6 19 12 2 6 89%  55 4842 406 30%
c - 182.37 30 14 0 423 1180 1 5790444 19112 1.6 18 12 2 6 90%  55 4842 406 30%
c - 183.00 30 13 0 424 1187 1 5811010 19699 1.6 18 11 2 6 90%  55 4842 406 30%
c - 183.57 30 14 0 425 1195 1 5831603 21021 1.6 19 11 2 6 90%  55 4842 406 30%
c - 184.17 30 14 0 426 1208 1 5852219 19996 1.6 19 12 2 6 90%  55 4842 406 30%
c u 184.60 30 14 0 426 1210 1 5864756 26801 1.6 19 12 2 6 90%  56 4842 406 30%
c v 184.74 30 14 0 426 1210 1 5864756 23993 1.6 19 12 2 6 90%  56 4842 406 30%
c w 184.90 30 14 0 426 1210 1 5864756 20004 1.6 19 12 2 6 90%  56 4842 406 30%
c s 185.65 30 14 0 426 1210 1 5864756 20004 1.6 19 12 2 6 90%  56 4839 406 30%
c
c seconds   switched     rate           size/glue  tier1   binary      remaining
c         MB  reductions    conflicts         size   tier2   irredundant
c          level    restarts       redundant     glue   trail      variables
c
c - 185.90 30 14 0 427 1211 1 5872859 16394 1.6 19 12 2 6 90%  56 4839 406 30%
c - 186.46 30 15 0 428 1212 1 5893523 17957 1.6 20 12 2 6 90%  56 4839 406 30%
c - 187.07 30 15 0 429 1212 1 5914212 18264 1.6 20 12 2 6 89%  56 4839 406 30%
c - 187.67 30 15 0 430 1225 1 5934925 18700 1.6 20 12 2 6 88%  56 4839 406 30%
c - 188.18 30 15 0 431 1233 1 5955662 19783 1.6 20 12 2 6 85%  56 4839 406 30%
c - 188.94 30 15 0 432 1242 1 5976423 19950 1.6 20 12 2 6 86%  56 4839 406 30%
c - 189.65 31 15 0 433 1243 1 5997207 20153 1.7 21 12 2 6 86%  56 4839 406 30%
c - 190.31 31 15 0 434 1256 1 6018015 19953 1.7 20 12 2 6 87%  56 4839 406 30%
c W 190.32 31 15 0 434 1256 1 6018020 19957 1.7 20 12 2 6 87%  56 4839 406 30%
c o 190.32 31 15 0 434 1256 1 6018020 19957 1.7 20 12 2 6 87%  56 4839 406 30%
c - 190.91 31 15 0 435 1265 1 6038848 19950 1.6 20 13 2 6 88%  56 4839 406 30%
c - 191.47 31 15 0 436 1273 1 6059706 18299 1.6 20 13 2 6 88%  56 4839 406 30%
c - 192.06 31 15 0 437 1275 1 6080586 19179 1.6 20 13 2 6 89%  56 4839 406 30%
c - 192.64 31 15 0 438 1275 1 6101491 18865 1.6 20 13 2 6 89%  56 4839 406 30%
c - 193.35 31 15 0 439 1276 1 6122419 18817 1.6 19 12 2 6 90%  56 4839 406 30%
c u 193.99 31 15 0 439 1276 1 6140452 29373 1.6 20 12 2 6 89%  56 4839 406 30%
c v 194.11 31 15 0 439 1276 1 6140452 27372 1.6 20 12 2 6 89%  56 4839 406 30%
c w 194.34 31 15 0 439 1276 1 6140452 20975 1.6 20 12 2 6 89%  56 4839 406 30%
c - 194.42 28 15 0 440 1276 1 6143371 15887 1.6 20 12 2 6 90%  56 4839 406 30%
c - 195.09 30 15 0 441 1276 1 6164349 16634 1.6 19 12 2 6 90%  56 4839 406 30%
c
c seconds   switched     rate           size/glue  tier1   binary      remaining
c         MB  reductions    conflicts         size   tier2   irredundant
c          level    restarts       redundant     glue   trail      variables
c
c - 195.69 30 15 0 442 1277 1 6185349 17966 1.6 19 12 2 6 89%  56 4839 406 30%
c - 196.53 30 15 0 443 1277 1 6206372 18518 1.6 19 12 2 6 89%  56 4839 406 30%
c - 197.28 30 15 0 444 1277 1 6227420 20086 1.6 20 12 2 6 89%  56 4839 406 30%
c - 197.94 31 15 0 445 1277 1 6248493 20186 1.6 20 12 2 6 89%  56 4839 406 30%
c - 198.57 31 14 0 446 1277 1 6269588 20191 1.7 20 12 2 6 89%  56 4839 406 30%
c - 199.34 31 14 0 447 1277 1 6290706 20437 1.6 20 12 2 6 89%  56 4839 406 30%
c - 199.95 31 15 0 448 1280 1 6311848 21108 1.6 20 12 2 6 89%  56 4839 406 30%
c O 200.25 31 15 0 448 1286 1 6323214 29295 1.6 20 12 2 6 89%  56 4839 406 30%
c - 200.61 31 15 0 449 1291 1 6333015 20283 1.6 20 13 2 6 89%  56 4839 406 30%
c - 201.36 31 15 0 450 1299 1 6354204 20521 1.7 21 13 2 6 89%  56 4839 406 30%
c - 202.07 31 15 0 451 1308 1 6375418 19643 1.7 21 13 2 6 90%  56 4839 406 30%
c - 202.79 31 15 0 452 1313 1 6396654 19871 1.7 21 12 2 6 89%  56 4839 406 30%
c - 203.71 31 15 0 453 1323 1 6417915 20392 1.7 21 13 2 6 89%  56 4839 406 30%
c u 204.03 31 15 0 453 1323 1 6423110 21281 1.7 21 13 2 6 90%  56 4839 406 30%
c v 204.15 31 15 0 453 1323 1 6423110 19039 1.7 21 13 2 6 90%  56 4839 406 30%
c w 204.19 31 15 0 453 1323 1 6423110 18087 1.7 21 13 2 6 90%  56 4839 406 30%
c x 204.21 31 15 0 453 1323 1 6423110 18084 1.7 21 13 2 6 90%  57 4836 406 30%
c o 204.21 31 15 0 453 1323 1 6423110 18084 1.7 21 13 2 6 90%  57 4836 406 30%
c - 204.78 31 15 0 454 1333 1 6439200 17470 1.7 21 13 2 6 90%  57 4836 406 30%
c - 205.49 31 15 0 455 1339 1 6460507 18079 1.6 21 13 2 6 90%  57 4836 406 30%
c
c seconds   switched     rate           size/glue  tier1   binary      remaining
c         MB  reductions    conflicts         size   tier2   irredundant
c          level    restarts       redundant     glue   trail      variables
c
c s 205.74 31 15 0 455 1339 1 6467986 21921 1.6 20 12 2 6 90%  57 4833 406 30%
c e 205.74 31 15 0 455 1339 1 6467986 21921 1.6 20 12 2 6 90%  56 4848 405 30%
c s 205.74 31 15 0 455 1339 1 6467986 21921 1.6 20 12 2 6 90%  56 4845 405 30%
c - 206.20 31 15 0 456 1340 1 6481838 18615 1.6 20 12 2 6 90%  56 4845 405 30%
c - 207.04 31 14 0 457 1340 1 6503193 19668 1.7 20 12 2 6 90%  56 4845 405 30%
c - 207.80 31 14 0 458 1352 1 6524570 20514 1.6 19 12 2 6 89%  56 4845 405 30%
c - 208.60 31 14 0 459 1361 1 6545970 20787 1.6 19 11 2 6 89%  56 4845 405 30%
c - 209.41 31 13 0 460 1370 1 6567394 20850 1.6 19 11 2 6 89%  56 4845 405 30%
c - 210.15 31 13 0 461 1372 1 6588842 20853 1.6 18 11 2 6 89%  56 4845 405 30%
c - 210.97 31 13 0 462 1385 1 6610314 21460 1.7 18 11 2 6 89%  56 4845 405 30%
c - 211.73 31 13 0 463 1393 1 6631809 21692 1.7 18 11 2 6 89%  56 4845 405 30%
c B 211.94 31 13 0 463 1397 1 6637797 24899 1.7 18 11 2 6 90%  56 4845 405 30%
c - 212.39 31 13 0 464 1401 1 6653326 23054 1.7 18 11 2 6 89%  56 4845 405 30%
c - 213.08 31 13 0 465 1403 1 6674867 22241 1.6 18 11 2 6 89%  56 4845 405 30%
c - 213.73 31 13 0 466 1403 1 6696430 20779 1.6 18 11 2 6 90%  56 4845 405 30%
c u 214.32 31 14 0 466 1404 1 6712788 29011 1.6 18 11 2 6 90%  56 4845 405 30%
c v 214.47 31 14 0 466 1404 1 6712788 26617 1.6 18 11 2 6 90%  56 4845 405 30%
c w 214.64 31 14 0 466 1404 1 6712788 20509 1.6 18 11 2 6 90%  56 4845 405 30%
c - 214.77 31 14 0 467 1404 1 6718017 16601 1.6 18 11 2 6 90%  56 4845 405 30%
c - 215.30 31 14 0 468 1404 1 6739627 18984 1.6 18 12 2 6 89%  56 4845 405 30%
c
c seconds   switched     rate           size/glue  tier1   binary      remaining
c         MB  reductions    conflicts         size   tier2   irredundant
c          level    restarts       redundant     glue   trail      variables
c
c - 215.99 31 14 0 469 1404 1 6761260 18920 1.6 18 12 2 6 89%  56 4845 405 30%
c - 216.62 31 14 0 470 1413 1 6782916 20064 1.6 18 11 2 6 89%  56 4845 405 30%
c - 217.56 31 14 0 471 1422 1 6804596 20418 1.6 19 12 2 6 89%  56 4845 405 30%
c - 218.32 31 14 0 472 1433 1 6826298 19601 1.6 19 12 2 6 89%  56 4845 405 30%
c - 219.13 31 14 0 473 1435 1 6848023 19380 1.6 19 12 2 6 90%  56 4845 405 30%
c - 219.96 31 14 0 474 1448 1 6869773 19988 1.6 19 12 2 6 90%  56 4845 405 30%
c - 220.74 31 14 0 475 1456 1 6891544 20126 1.6 19 12 2 6 89%  56 4845 405 30%
c - 221.62 31 14 0 476 1465 1 6913339 20417 1.6 19 12 2 6 89%  56 4845 405 30%
c - 222.41 31 14 0 477 1467 1 6935156 20941 1.6 19 12 2 6 89%  56 4845 405 30%
c - 223.13 31 14 0 478 1467 1 6956996 20965 1.6 19 12 2 6 90%  56 4845 405 30%
c W 223.35 31 14 0 478 1467 1 6961873 24006 1.6 19 12 2 6 90%  56 4845 405 30%
c o 223.35 31 14 0 478 1467 1 6961873 24006 1.6 19 12 2 6 90%  56 4845 405 30%
c - 223.99 31 14 0 479 1475 1 6978859 21410 1.6 19 12 2 6 90%  56 4845 405 30%
c - 224.83 31 14 0 480 1484 1 7000745 20578 1.6 19 12 2 6 90%  56 4845 405 30%
c u 225.30 31 14 0 480 1489 1 7009392 23483 1.6 19 12 2 6 90%  56 4845 405 30%
c v 225.43 31 14 0 480 1489 1 7009392 21180 1.6 19 12 2 6 90%  56 4845 405 30%
c w 225.51 31 14 0 480 1489 1 7009392 18872 1.6 19 12 2 6 90%  56 4845 405 30%
c - 226.04 31 14 0 481 1496 1 7022654 17920 1.6 18 12 2 6 90%  56 4845 405 30%
c - 226.77 31 14 0 482 1498 1 7044586 19099 1.6 19 12 2 6 90%  56 4845 405 30%
c - 227.48 31 14 0 483 1511 1 7066540 19628 1.6 18 12 2 6 90%  56 4845 405 30%
c
c seconds   switched     rate           size/glue  tier1   binary      remaining
c         MB  reductions    conflicts         size   tier2   irredundant
c          level    restarts       redundant     glue   trail      variables
c
c - 228.22 31 14 0 484 1519 1 7088519 19906 1.6 19 12 2 6 90%  56 4845 405 30%
c - 228.98 31 14 0 485 1528 1 7110519 20000 1.6 18 12 2 6 90%  56 4845 405 30%
c - 229.72 31 14 0 486 1530 1 7132542 20901 1.6 19 12 2 6 90%  56 4845 405 30%
c - 230.39 31 14 0 487 1530 1 7154588 19876 1.6 19 12 2 6 90%  56 4845 405 30%
c - 231.03 31 14 0 488 1531 1 7176658 20173 1.6 20 12 2 6 90%  56 4845 405 30%
c - 231.72 31 14 0 489 1531 1 7198750 20805 1.6 19 12 2 6 90%  56 4845 405 30%
c - 232.35 31 14 0 490 1531 1 7220865 21538 1.6 19 12 2 6 89%  56 4845 405 30%
c - 233.01 31 14 0 491 1532 1 7243001 21459 1.6 19 12 2 6 89%  56 4845 405 30%
c - 233.66 31 14 0 492 1532 1 7265160 21410 1.6 19 11 2 6 89%  56 4845 405 30%
c - 234.30 31 13 0 493 1532 1 7287341 22865 1.6 18 11 2 6 89%  56 4845 405 30%
c I 234.53 31 13 0 493 1532 1 7295545 28577 1.7 18 11 2 6 89%  56 4845 405 30%
c o 234.53 31 13 0 493 1532 1 7295545 28577 1.7 18 11 2 6 89%  56 4845 405 30%
c - 234.87 31 13 0 494 1532 1 7309545 23571 1.6 18 11 2 6 89%  56 4845 405 30%
c u 235.06 31 13 0 494 1532 1 7313029 24558 1.6 18 11 2 6 89%  56 4845 405 30%
c v 235.23 31 13 0 494 1532 1 7313029 21085 1.6 18 11 2 6 89%  56 4845 405 30%
c w 235.26 31 13 0 494 1532 1 7313029 19847 1.6 18 11 2 6 89%  56 4845 405 30%
c - 235.63 31 14 0 495 1532 1 7331772 19783 1.6 19 11 2 6 89%  56 4845 405 30%
c - 236.19 31 14 0 496 1532 1 7354020 19697 1.6 19 12 2 6 88%  56 4845 405 30%
c - 236.74 31 15 0 497 1533 1 7376292 20020 1.6 19 12 2 6 86%  56 4845 405 30%
c - 237.38 31 15 0 498 1533 1 7398586 20099 1.6 19 12 2 6 87%  56 4845 405 30%
c
c seconds   switched     rate           size/glue  tier1   binary      remaining
c         MB  reductions    conflicts         size   tier2   irredundant
c          level    restarts       redundant     glue   trail      variables
c
c - 238.09 31 14 0 499 1533 1 7420902 19877 1.6 19 12 2 6 87%  56 4845 405 30%
c - 238.71 31 15 0 500 1533 1 7443240 20662 1.6 19 12 2 6 87%  56 4845 405 30%
c - 239.28 31 15 0 501 1533 1 7465601 21124 1.6 19 12 2 6 85%  56 4845 405 30%
c - 240.00 31 14 0 502 1533 1 7487985 21445 1.6 19 12 2 6 85%  56 4845 405 30%
c - 240.65 31 14 0 503 1533 1 7510393 22026 1.6 19 12 2 6 86%  56 4845 405 30%
c - 241.36 31 14 0 504 1533 1 7532820 22773 1.6 19 12 2 6 87%  56 4845 405 30%
c - 242.17 31 14 0 505 1533 1 7555270 22150 1.6 19 12 2 6 87%  56 4845 405 30%
c - 243.12 31 14 0 506 1533 1 7577743 21667 1.6 18 12 2 6 87%  56 4845 405 30%
c - 243.96 31 14 0 507 1533 1 7600237 22262 1.6 18 12 2 6 88%  56 4845 405 30%
c - 244.78 31 14 0 508 1534 1 7622753 22794 1.6 18 11 2 6 88%  56 4845 405 30%
c u 244.92 31 14 0 508 1535 1 7623729 22465 1.6 18 11 2 6 88%  56 4845 405 30%
c v 245.05 31 14 0 508 1535 1 7623729 19347 1.6 18 11 2 6 88%  56 4845 405 30%
c w 245.08 31 14 0 508 1535 1 7623729 19132 1.6 18 11 2 6 88%  56 4845 405 30%
c B 245.53 31 14 0 508 1543 1 7638916 28941 1.6 19 12 2 6 89%  56 4845 405 30%
c o 245.53 31 14 0 508 1543 1 7638916 28941 1.6 19 12 2 6 89%  56 4845 405 30%
c - 245.69 31 14 0 509 1547 1 7645291 20784 1.6 19 12 2 6 88%  56 4845 405 30%
c s 245.79 31 14 0 509 1548 1 7649431 23626 1.6 19 11 2 6 89%  57 4843 405 30%
c s 245.79 31 14 0 509 1548 1 7649431 23626 1.6 19 11 2 6 89%  57 4840 405 30%
c - 246.43 31 14 0 510 1556 1 7667852 22023 1.6 19 12 2 6 89%  57 4840 405 30%
c - 247.17 31 14 0 511 1564 1 7690436 22164 1.7 20 12 2 6 89%  57 4840 405 30%
c
c seconds   switched     rate           size/glue  tier1   binary      remaining
c         MB  reductions    conflicts         size   tier2   irredundant
c          level    restarts       redundant     glue   trail      variables
c
c - 248.00 31 14 0 512 1571 1 7713042 21669 1.7 20 12 2 6 89%  57 4840 405 30%
c - 248.87 31 14 0 513 1579 1 7735669 21550 1.7 20 11 2 6 89%  57 4840 405 30%
c - 249.91 31 14 0 514 1593 1 7758319 21386 1.7 19 11 2 6 90%  57 4840 405 30%
c - 250.81 31 13 0 515 1595 1 7780990 21659 1.7 19 11 2 6 90%  57 4840 405 30%
c - 251.71 31 13 0 516 1596 1 7803683 22085 1.6 19 11 2 6 90%  57 4840 405 30%
c - 252.51 31 13 0 517 1602 1 7826398 22138 1.6 19 11 2 6 90%  57 4840 405 30%
c - 253.48 31 13 0 518 1611 1 7849135 21482 1.6 18 11 2 6 90%  57 4840 405 30%
c - 254.19 31 13 0 519 1624 1 7871894 21685 1.6 18 11 2 6 90%  57 4840 405 30%
c - 255.03 31 13 0 520 1627 1 7894676 22032 1.6 18 11 2 6 90%  57 4840 405 30%
c - 255.73 31 13 0 521 1637 1 7917480 22490 1.6 17 11 2 6 91%  57 4840 405 30%
c - 256.44 31 13 0 522 1647 1 7940305 23127 1.6 18 11 2 6 90%  57 4840 405 30%
c u 256.59 31 13 0 522 1648 1 7941529 22365 1.6 18 11 2 6 90%  62 4840 405 30%
c v 256.71 31 13 0 522 1648 1 7941529 19297 1.6 18 11 2 6 90%  62 4840 405 30%
c w 256.73 31 13 0 522 1648 1 7941529 18973 1.6 18 11 2 6 90%  62 4840 405 30%
c - 258.69 31 13 0 523 1657 1 7963153 19310 1.6 18 11 2 6 90%  62 4840 405 30%
c - 259.33 31 13 0 524 1659 1 7986022 19799 1.6 18 11 2 6 90%  62 4840 405 30%
c W 259.50 31 13 0 524 1659 1 7992086 23271 1.6 18 11 2 6 90%  62 4840 405 30%
c o 259.50 31 13 0 524 1659 1 7992086 23271 1.6 18 11 2 6 90%  62 4840 405 30%
c - 259.98 31 13 0 525 1659 1 8008913 20178 1.6 18 11 2 6 90%  62 4840 405 30%
c - 260.63 31 14 0 526 1660 1 8031826 20108 1.6 18 12 2 6 90%  62 4840 405 30%
c
c seconds   switched     rate           size/glue  tier1   binary      remaining
c         MB  reductions    conflicts         size   tier2   irredundant
c          level    restarts       redundant     glue   trail      variables
c
c - 261.27 31 14 0 527 1660 1 8054761 20913 1.6 18 11 2 6 90%  62 4840 405 30%
c - 261.98 31 14 0 528 1660 1 8077718 21395 1.6 18 12 2 6 91%  62 4840 405 30%
c - 262.74 31 13 0 529 1673 1 8100697 21346 1.5 18 11 2 6 90%  62 4840 405 30%
c - 263.28 31 14 0 530 1682 1 8123699 21945 1.5 18 12 2 6 91%  62 4840 405 30%
c - 263.95 31 14 0 531 1690 1 8146720 20626 1.5 18 12 2 6 91%  62 4840 405 30%
c - 264.62 31 14 0 532 1696 1 8169764 20980 1.6 18 12 2 6 91%  62 4840 405 30%
c - 265.21 31 14 0 533 1706 1 8192829 21755 1.6 18 11 2 6 90%  62 4840 405 30%
c - 265.94 31 14 0 534 1719 1 8215916 22481 1.6 18 12 2 6 90%  62 4840 405 30%
c - 266.63 31 14 0 535 1722 1 8239025 22185 1.6 19 12 2 6 89%  62 4840 405 30%
c - 267.30 31 14 0 536 1723 1 8262156 22543 1.6 19 12 2 6 88%  62 4840 405 30%
c u 267.55 31 14 0 536 1723 1 8266415 24059 1.6 19 12 2 6 88%  62 4840 405 30%
c v 267.69 31 14 0 536 1723 1 8266415 21313 1.6 19 12 2 6 88%  62 4840 405 30%
c w 267.78 31 14 0 536 1723 1 8266415 20105 1.6 19 12 2 6 88%  62 4840 405 30%
c - 268.29 31 14 0 537 1728 1 8285308 20067 1.6 19 12 2 6 86%  62 4840 405 30%
c - 269.00 31 14 0 538 1738 1 8308482 21421 1.6 18 12 2 6 84%  62 4840 405 30%
c - 269.80 31 14 0 539 1751 1 8331677 21006 1.6 18 12 2 6 85%  62 4840 405 30%
c s 270.37 31 14 0 539 1754 1 8349027 30228 1.6 18 12 2 6 86%  62 4801 405 30%
c e 270.37 31 14 0 539 1754 1 8349027 30228 1.6 18 12 2 6 86%  62 4823 403 29%
c s 270.37 31 14 0 539 1754 1 8349027 30228 1.6 18 12 2 6 86%  62 4808 403 29%
c - 270.56 31 14 0 540 1754 1 8354893 20350 1.6 18 11 2 6 86%  62 4808 403 29%
c
c seconds   switched     rate           size/glue  tier1   binary      remaining
c         MB  reductions    conflicts         size   tier2   irredundant
c          level    restarts       redundant     glue   trail      variables
c
c O 270.57 31 14 0 540 1754 1 8355157 20440 1.6 18 11 2 6 86%  62 4808 403 29%
c o 270.57 31 14 0 540 1754 1 8355157 20440 1.6 18 11 2 6 86%  62 4808 403 29%
c - 271.31 31 14 0 541 1765 1 8378130 22112 1.6 18 12 2 6 87%  62 4808 403 29%
c - 272.15 31 13 0 542 1775 1 8401391 21248 1.6 18 11 2 6 87%  62 4808 403 29%
c - 272.89 31 13 0 543 1784 1 8424672 21391 1.6 18 11 2 6 88%  62 4808 403 29%
c - 273.60 31 13 0 544 1786 1 8447975 21740 1.6 17 11 2 6 88%  62 4808 403 29%
c - 274.37 31 13 0 545 1786 1 8471299 22341 1.6 17 11 2 6 89%  62 4808 403 29%
c - 275.25 31 13 0 546 1787 1 8494644 23304 1.6 17 11 2 6 89%  62 4808 403 29%
c - 276.19 31 12 0 547 1787 1 8518010 24122 1.6 17 10 2 6 89%  62 4808 403 29%
c - 276.96 31 12 0 548 1787 1 8541399 24894 1.6 17 10 2 6 89%  62 4808 403 29%
c - 277.99 31 12 0 549 1788 1 8564808 25118 1.6 16 10 2 6 89%  62 4808 403 29%
c - 278.88 31 12 0 550 1788 1 8588239 27535 1.6 16 10 2 6 89%  63 4808 403 29%
c u 279.37 31 12 0 550 1788 1 8598463 31473 1.6 16 10 2 6 89%  67 4808 403 29%
c v 279.55 31 12 0 550 1788 1 8598463 25417 1.6 16 10 2 6 89%  67 4808 403 29%
c w 279.65 31 12 0 550 1788 1 8598463 21649 1.6 16 10 2 6 89%  67 4808 403 29%
c t 279.65 31 12 0 550 1788 1 8598463 21649 1.6 16 10 2 6 89%  65 4808 403 29%
c - 280.00 31 12 0 551 1788 1 8611691 20094 1.6 17 10 2 6 89%  65 4808 403 29%
c - 280.69 31 13 0 552 1788 1 8635164 21132 1.6 17 11 2 6 89%  65 4808 403 29%
c - 281.41 31 13 0 553 1788 1 8658659 21685 1.6 18 11 2 6 87%  65 4808 403 29%
c - 282.07 31 13 0 554 1795 1 8682175 23190 1.6 18 11 2 6 87%  65 4808 403 29%
c
c seconds   switched     rate           size/glue  tier1   binary      remaining
c         MB  reductions    conflicts         size   tier2   irredundant
c          level    restarts       redundant     glue   trail      variables
c
c - 282.76 31 14 0 555 1803 1 8705713 23563 1.6 18 11 2 6 87%  65 4808 403 29%
c B 283.47 31 14 0 555 1817 1 8728227 37890 1.6 18 11 2 6 88%  65 4808 403 29%
c o 283.47 31 14 0 555 1817 1 8728227 37890 1.6 18 11 2 6 88%  65 4808 403 29%
c - 283.51 31 14 0 556 1817 1 8729272 23001 1.6 19 11 2 6 88%  65 4808 403 29%
c - 284.27 31 14 0 557 1819 1 8752852 23149 1.6 19 11 2 6 88%  65 4808 403 29%
c - 285.09 31 14 0 558 1833 1 8776454 22223 1.6 19 11 2 6 88%  65 4808 403 29%
c - 286.02 31 14 0 559 1841 1 8800076 22074 1.6 19 11 2 6 88%  65 4808 403 29%
c - 286.90 31 13 0 560 1850 1 8823720 22052 1.6 18 11 2 6 88%  65 4808 403 29%
c - 287.75 31 13 0 561 1851 1 8847386 23069 1.6 18 11 2 6 88%  65 4808 403 29%
c - 288.53 31 13 0 562 1852 1 8871071 23871 1.6 18 11 2 6 89%  65 4808 403 29%
c - 289.30 31 13 0 563 1866 1 8894777 22889 1.6 18 11 2 6 89%  65 4808 403 29%
c - 290.08 31 13 0 564 1876 1 8918505 23345 1.6 18 11 2 6 89%  65 4808 403 29%
c u 290.96 31 14 0 564 1882 1 8937989 31113 1.6 18 11 2 6 89%  65 4808 403 29%
c v 291.19 31 14 0 564 1882 1 8937989 28270 1.6 18 11 2 6 89%  65 4808 403 29%
c w 291.39 31 14 0 564 1882 1 8937989 22601 1.6 18 11 2 6 89%  65 4808 403 29%
c - 291.56 31 14 0 565 1882 1 8942254 18882 1.6 18 12 2 6 89%  65 4808 403 29%
c - 292.35 31 14 0 566 1891 1 8966023 20273 1.6 18 12 2 6 89%  65 4808 403 29%
c - 293.14 31 14 0 567 1901 1 8989815 21275 1.6 18 12 2 6 89%  65 4808 403 29%
c - 293.90 31 13 0 568 1912 1 9013627 22177 1.6 18 11 2 6 89%  65 4808 403 29%
c - 294.64 31 13 0 569 1914 1 9037461 22908 1.6 18 11 2 6 89%  65 4808 403 29%
c
c seconds   switched     rate           size/glue  tier1   binary      remaining
c         MB  reductions    conflicts         size   tier2   irredundant
c          level    restarts       redundant     glue   trail      variables
c
c - 295.53 31 13 0 570 1914 1 9061314 23468 1.6 18 11 2 6 89%  65 4808 403 29%
c - 296.53 31 13 0 571 1915 1 9085189 22180 1.6 18 11 2 6 89%  65 4808 403 29%
c s 297.10 31 13 0 571 1915 1 9099092 28627 1.6 18 11 2 6 89%  65 4766 403 29%
c e 297.10 31 13 0 571 1915 1 9099092 28627 1.6 18 11 2 6 89%  65 4777 402 29%
c s 297.10 31 13 0 571 1915 1 9099092 28627 1.6 18 11 2 6 89%  65 4756 402 29%
c - 297.65 31 13 0 572 1915 1 9109085 23176 1.6 18 11 2 6 89%  65 4756 402 29%
c W 297.75 31 13 0 572 1915 1 9111395 24435 1.6 18 11 2 6 89%  65 4756 402 29%
c o 297.75 31 13 0 572 1915 1 9111395 24435 1.6 18 11 2 6 89%  65 4756 402 29%
c - 298.56 31 14 0 573 1916 1 9133002 24346 1.6 18 12 2 6 89%  65 4756 402 29%
c - 299.51 31 14 0 574 1929 1 9156939 23286 1.6 18 12 2 6 90%  65 4756 402 29%
c - 300.39 31 14 0 575 1940 1 9180898 23580 1.6 18 12 2 6 89%  65 4756 402 29%
c - 301.25 31 14 0 576 1946 1 9204877 23183 1.6 18 12 2 6 90%  65 4756 402 29%
c - 301.99 31 14 0 577 1955 1 9228877 23561 1.6 18 12 2 6 90%  65 4756 402 29%
c - 302.70 31 14 0 578 1966 1 9252899 23755 1.5 18 12 2 6 89%  65 4756 402 29%
c - 303.45 31 14 0 579 1976 1 9276940 24021 1.5 18 12 2 6 89%  65 4756 402 29%
c u 303.85 31 14 0 579 1977 1 9284717 26516 1.5 18 12 2 6 88%  65 4756 402 29%
c v 304.03 31 14 0 579 1977 1 9284717 23522 1.5 18 12 2 6 88%  65 4756 402 29%
c w 304.09 31 14 0 579 1977 1 9284717 21283 1.5 18 12 2 6 88%  65 4756 402 29%
c x 304.11 31 14 0 579 1977 1 9284717 21275 1.5 18 12 2 6 88%  78 4669 402 29%
c t 304.11 31 14 0 579 1977 1 9284717 21275 1.5 18 12 2 6 88%  77 4669 402 29%
c
c seconds   switched     rate           size/glue  tier1   binary      remaining
c         MB  reductions    conflicts         size   tier2   irredundant
c          level    restarts       redundant     glue   trail      variables
c
c - 304.60 31 14 0 580 1978 1 9301002 20084 1.5 18 11 2 6 89%  77 4669 402 29%
c - 305.34 31 14 0 581 1978 1 9325085 22038 1.5 18 12 2 6 88%  77 4669 402 29%
c - 306.13 31 14 0 582 1991 1 9349189 22022 1.5 18 12 2 6 89%  77 4669 402 29%
c - 307.04 31 14 0 583 2000 1 9373313 22274 1.6 18 11 2 6 89%  77 4669 402 29%
c - 307.86 31 13 0 584 2009 1 9397459 22754 1.6 18 11 2 6 89%  77 4669 402 29%
c - 308.82 31 13 0 585 2016 1 9421625 24191 1.7 18 11 2 6 89%  77 4669 402 29%
c - 309.83 31 13 0 586 2026 1 9445811 23628 1.7 18 11 2 6 89%  77 4669 402 29%
c - 310.81 31 13 0 587 2039 1 9470018 24011 1.6 18 11 2 6 89%  77 4669 402 29%
c - 311.73 31 13 0 588 2041 1 9494247 25413 1.7 17 11 2 6 89%  77 4669 402 29%
c I 312.12 31 13 0 588 2041 1 9504759 31248 1.7 17 11 2 6 89%  77 4669 402 29%
c o 312.12 31 13 0 588 2041 1 9504759 31248 1.7 17 11 2 6 89%  77 4669 402 29%
c - 312.49 31 13 0 589 2041 1 9518495 25993 1.6 17 11 2 6 89%  77 4669 402 29%
c - 313.25 31 12 0 590 2042 1 9542764 25317 1.6 17 10 2 6 89%  77 4669 402 29%
c - 313.96 29 13 0 591 2042 1 9567055 26417 1.7 18 10 2 6 90%  77 4669 402 29%
c - 314.73 31 13 0 592 2042 1 9591366 26048 1.8 19 10 2 6 90%  77 4669 402 29%
c - 315.52 31 12 0 593 2043 1 9615698 26887 1.8 18 10 2 6 89%  77 4669 402 29%
c - 316.43 31 12 0 594 2043 1 9640050 26861 1.8 18 10 2 6 89%  77 4669 402 29%
c u 316.58 31 12 0 594 2043 1 9640115 25335 1.8 18 10 2 6 89%  79 4669 402 29%
c v 316.79 31 12 0 594 2043 1 9640115 21267 1.8 18 10 2 6 89%  79 4669 402 29%
c w 316.79 31 12 0 594 2043 1 9640115 21267 1.8 18 10 2 6 89%  79 4669 402 29%
c
c seconds   switched     rate           size/glue  tier1   binary      remaining
c         MB  reductions    conflicts         size   tier2   irredundant
c          level    restarts       redundant     glue   trail      variables
c
c - 317.55 31 12 0 595 2043 1 9664422 22967 1.7 17 10 2 6 90%  79 4669 402 29%
c - 318.26 31 12 0 596 2043 1 9688815 25959 1.7 17 10 2 6 89%  79 4669 402 29%
c - 319.04 31 12 0 597 2043 1 9713229 28790 1.8 17 10 2 6 89%  80 4669 402 29%
c - 319.82 31 12 0 598 2044 1 9737664 28486 1.8 17 10 2 6 89%  80 4669 402 29%
c - 320.62 31 11 0 599 2044 1 9762119 28085 1.7 16 9 2 6 89%  82 4669 402 29%
c i 321.24 31 11 0 599 2044 1 9783010 39680 1.7 16 9 2 6 89%  90 4669 401 29%
c - 321.40 31 11 0 600 2044 1 9786593 19417 1.7 16 9 2 6 89%  81 4669 401 29%
c - 322.37 31 11 0 601 2044 1 9811087 23326 1.8 17 9 2 6 89%  81 4669 401 29%
c - 323.34 31 12 0 602 2044 1 9835602 25944 1.8 17 9 2 6 88%  81 4669 401 29%
c - 324.37 31 12 0 603 2044 1 9860137 28448 1.9 18 9 2 6 89%  82 4669 401 29%
c - 325.47 29 12 0 604 2044 1 9884695 28174 1.9 18 10 2 6 89%  82 4669 401 29%
c s 326.19 31 12 0 604 2044 1 9901371 38626 1.9 19 10 2 6 89%  84 4396 401 29%
c e 326.19 31 12 0 604 2044 1 9901371 38626 1.9 19 10 2 6 89%  69 4567 387 28%
c s 326.19 31 12 0 604 2044 1 9901371 38626 1.9 19 10 2 6 89%  69 4463 387 28%
c e 326.19 31 12 0 604 2044 1 9901371 38626 1.9 19 10 2 6 89%  68 4478 386 28%
c B 326.54 31 12 0 604 2044 1 9908414 40832 1.9 19 10 2 6 89%  68 4478 386 28%
c o 326.54 31 12 0 604 2044 1 9908414 40832 1.9 19 10 2 6 89%  68 4478 386 28%
c - 326.59 31 12 0 605 2044 1 9909272 25382 1.9 19 10 2 6 89%  68 4478 386 28%
c - 327.48 31 13 0 606 2044 1 9933868 25239 1.8 19 10 2 6 89%  68 4478 386 28%
c - 328.32 31 13 0 607 2044 1 9958486 24777 1.8 19 11 2 6 89%  68 4478 386 28%
c
c seconds   switched     rate           size/glue  tier1   binary      remaining
c         MB  reductions    conflicts         size   tier2   irredundant
c          level    restarts       redundant     glue   trail      variables
c
c - 329.15 31 12 0 608 2044 1 9983123 25543 1.8 18 10 2 6 89%  68 4478 386 28%
c u 330.20 31 12 0 608 2045 1 10002788 35493 1.8 19 10 2 6 89%  74 4474 386 28%
c v 330.51 31 12 0 608 2045 1 10002788 31349 1.8 19 10 2 6 89%  75 4474 386 28%
c w 330.77 31 12 0 608 2045 1 10002788 24067 1.8 19 10 2 6 89%  75 4474 386 28%
c t 330.77 31 12 0 608 2045 1 10002788 24067 1.8 19 10 2 6 89%  72 4474 386 28%
c f 330.78 31 12 0 608 2045 1 10002788 24067 1.8 19 10 2 6 89%  74 4432 388 28%
c u 330.92 31 12 0 608 2045 1 10002788 23405 1.8 19 10 2 6 89%  74 4432 388 28%
c v 331.12 31 12 0 608 2045 1 10002788 21189 1.8 19 10 2 6 89%  74 4432 388 28%
c w 331.29 31 12 0 608 2045 1 10002788 20293 1.8 19 10 2 6 89%  74 4432 388 28%
c - 331.46 31 12 0 609 2045 1 10007781 17827 1.8 19 10 2 6 89%  74 4432 388 28%
c - 332.19 31 12 0 610 2045 1 10032459 20796 1.7 18 10 2 6 89%  74 4432 388 28%
c - 332.96 31 13 0 611 2045 1 10057158 22727 1.7 18 10 2 6 89%  74 4432 388 28%
c - 333.90 31 13 0 612 2045 1 10081876 23144 1.7 18 11 2 6 89%  74 4432 388 28%
c - 334.79 31 13 0 613 2045 1 10106615 22262 1.6 18 11 2 6 89%  74 4432 388 28%
c - 335.63 31 13 0 614 2045 1 10131376 22525 1.6 18 11 2 6 90%  74 4432 388 28%
c - 336.39 31 13 0 615 2045 1 10156155 23787 1.6 18 11 2 6 90%  74 4432 388 28%
c - 337.22 31 13 0 616 2045 1 10180954 23803 1.6 18 11 2 6 90%  74 4432 388 28%
c - 338.10 31 13 0 617 2045 1 10205775 23762 1.6 17 11 2 6 90%  74 4432 388 28%
c - 338.96 31 13 0 618 2045 1 10230615 25231 1.6 17 11 2 6 90%  74 4432 388 28%
c - 339.83 31 12 0 619 2045 1 10255475 25178 1.6 17 10 2 6 90%  74 4432 388 28%
c
c seconds   switched     rate            size/glue  tier1   binary      remaining
c         MB  reductions    conflicts          size   tier2   irredundant
c          level    restarts        redundant     glue   trail      variables
c
c - 340.73 31 12 0 620 2045 1 10280354 25333 1.6 16 10 2 6 90%  74 4432 388 28%
c - 341.66 31 12 0 621 2045 1 10305253 26742 1.6 16 10 2 6 90%  75 4432 388 28%
c W 342.32 31 12 0 621 2045 1 10322456 37133 1.6 16 10 2 6 89%  75 4432 388 28%
c o 342.32 31 12 0 621 2045 1 10322456 37133 1.6 16 10 2 6 89%  75 4432 388 28%
c - 342.63 31 12 0 622 2045 1 10330172 26847 1.6 17 10 2 6 89%  75 4432 388 28%
c - 343.51 31 12 0 623 2045 1 10355111 25069 1.6 17 10 2 6 89%  75 4432 388 28%
c d 344.21 31 12 0 623 2045 1 10375822 35883 1.6 17 10 2 6 89%  73 4432 387 28%
c u 344.39 31 12 0 623 2045 1 10375822 34501 1.6 17 10 2 6 89%  76 4432 387 28%
c v 344.66 31 12 0 623 2045 1 10375822 31093 1.6 17 10 2 6 89%  77 4432 387 28%
c w 344.82 31 12 0 623 2045 1 10375822 23320 1.6 17 10 2 6 89%  77 4432 387 28%
c = 346.37 43 12 0 623 2045 1 10375822 23320 1.6 17 10 2 6 89%  79 4420 386 28%
c d 346.37 43 12 0 623 2045 1 10375822 22915 1.6 17 10 2 6 89%  76 4420 386 28%
c t 346.37 43 12 0 623 2045 1 10375822 22915 1.6 17 10 2 6 89%  73 4420 386 28%
c u 346.50 43 12 0 623 2045 1 10375822 22335 1.6 17 10 2 6 89%  73 4420 386 28%
c v 346.67 43 12 0 623 2045 1 10375822 20159 1.6 17 10 2 6 89%  73 4420 386 28%
c w 346.78 43 12 0 623 2045 1 10375822 19503 1.6 17 10 2 6 89%  73 4420 386 28%
c x 346.80 43 12 0 623 2045 1 10375822 19482 1.6 17 10 2 6 89%  77 4275 386 28%
c t 346.80 43 12 0 623 2045 1 10375822 19482 1.6 17 10 2 6 89%  75 4275 386 28%
c f 346.80 43 12 0 623 2045 1 10375822 19482 1.6 17 10 2 6 89%  77 4245 387 28%
c - 346.95 43 12 0 624 2045 1 10380070 17254 1.6 17 10 2 6 89%  77 4245 387 28%
c
c seconds   switched     rate            size/glue  tier1   binary      remaining
c         MB  reductions    conflicts          size   tier2   irredundant
c          level    restarts        redundant     glue   trail      variables
c
c - 347.77 43 12 0 625 2045 1 10405049 21515 1.6 16 10 2 6 88%  78 4245 387 28%
c - 348.62 43 11 0 626 2045 1 10430049 26406 1.7 16 9 2 6 87%  79 4245 387 28%
c i 349.45 43 11 0 626 2045 1 10452198 37161 1.7 15 9 2 6 87%  90 4245 386 28%
c - 349.55 43 11 0 627 2045 1 10455070 17621 1.7 15 9 2 6 87%  86 4245 386 28%
c - 350.34 43 11 0 628 2045 1 10480110 21324 1.7 15 9 2 6 87%  86 4245 386 28%
c - 351.14 43 11 0 629 2045 1 10505169 23658 1.7 15 9 2 6 88%  86 4245 386 28%
c - 351.84 43 11 0 630 2046 1 10530249 25218 1.7 15 9 2 6 88%  86 4245 386 28%
c - 352.81 43 11 0 631 2046 1 10555348 27377 1.7 15 9 2 6 88%  88 4245 386 28%
c - 353.76 43 11 0 632 2046 1 10580467 27660 1.7 15 9 2 6 88%  89 4245 386 28%
c - 354.59 43 10 0 633 2046 1 10605607 28963 1.7 14 9 2 6 88%  90 4245 386 28%
c i 355.03 43 10 0 633 2046 1 10619126 35386 1.7 14 8 2 6 88% 105 4245 385 28%
c - 355.53 43 10 0 634 2046 1 10630767 21990 1.7 15 8 2 6 88%  86 4245 385 28%
c - 356.65 43 10 0 635 2046 1 10655947 27622 1.8 15 8 2 6 88%  87 4245 385 28%
c - 357.76 43 10 0 636 2046 1 10681146 31790 1.9 15 8 2 6 88%  88 4245 385 28%
c i 358.44 43 10 0 636 2046 1 10695219 37858 1.8 15 8 2 6 88% 104 4245 384 28%
c - 358.94 43 10 0 637 2046 1 10706365 24585 1.8 15 8 2 6 88%  89 4245 384 28%
c - 359.94 43 10 0 638 2046 1 10731604 28173 1.8 14 8 2 6 88%  93 4245 384 28%
c i 360.16 43 10 0 638 2046 1 10737000 30062 1.8 14 8 2 6 88% 106 4245 379 28%
c O 360.58 43 10 0 638 2046 1 10746981 35162 1.8 14 8 2 6 88% 106 4245 379 28%
c o 360.58 43 10 0 638 2046 1 10746981 35162 1.8 14 8 2 6 88% 106 4245 379 28%
c
c seconds  switched     rate            size/glue tier1   binary      remaining
c         MB reductions    conflicts          size  tier2   irredundant
c          level   restarts        redundant    glue   trail      variables
c
c - 360.97 43 9 0 639 2046 1 10756862 24614 1.7 14 8 2 6 88% 167 3732 379 28%
c i 361.01 43 9 0 639 2046 1 10758000 24945 1.7 14 8 2 6 88% 176 3732 362 26%
c d 361.04 43 9 0 639 2046 1 10758739 17185 1.7 14 8 2 6 88% 286 3169 358 26%
c d 361.04 43 9 0 639 2046 1 10758739 16924 1.7 14 8 2 6 88% 261 3082 346 25%
c u 361.12 43 9 0 639 2046 1 10758739 13618 1.7 14 8 2 6 88% 288 3082 345 25%
c v 361.24 43 9 0 639 2046 1 10758739 11833 1.7 14 8 2 6 88% 295 3082 345 25%
c w 361.24 43 9 0 639 2046 1 10758739 11720 1.7 14 8 2 6 88% 295 3082 345 25%
c d 361.25 43 9 0 639 2046 1 10758739 11717 1.7 14 8 2 6 88% 293 3058 344 25%
c t 361.25 43 9 0 639 2046 1 10758739 11717 1.7 14 8 2 6 88% 266 3058 344 25%
c b 361.25 43 9 0 639 2046 1 10758739 11717 1.7 14 8 2 6 88% 266 3058 343 25%
c u 361.30 43 9 0 639 2046 1 10758739 9705 1.7 14 8 2 6 88% 271 3045 343 25%
c v 361.38 43 9 0 639 2046 1 10758739 8525 1.7 14 8 2 6 88% 272 3045 343 25%
c w 361.39 43 9 0 639 2046 1 10758739 8497 1.7 14 8 2 6 88% 272 3045 343 25%
c t 361.39 43 9 0 639 2046 1 10758739 8497 1.7 14 8 2 6 88% 269 3045 343 25%
c i 361.39 43 9 0 639 2046 1 10758739 8497 1.7 14 8 2 6 88% 269 3045 343 25%
c s 361.49 43 9 0 639 2046 1 10763621 11186 1.7 14 8 2 6 87% 275 2766 343 25%
c e 361.49 41 9 0 639 2046 1 10763621 11186 1.7 14 8 2 6 87% 106 3493 268 20%
c s 361.50 41 9 0 639 2046 1 10763621 11186 1.7 14 8 2 6 87% 107 3170 268 20%
c e 361.50 41 9 0 639 2046 1 10763621 11186 1.7 14 8 2 6 87% 101 3205 265 19%
c i 361.55 41 9 0 639 2046 1 10766433 7355 1.7 13 8 2 6 87% 113 3205 264 19%
c
c seconds  switched     rate            size/glue tier1   binary      remaining
c         MB reductions    conflicts          size  tier2   irredundant
c          level   restarts        redundant    glue   trail      variables
c
c i 361.71 41 9 0 639 2046 1 10774830 11674 1.7 13 8 2 6 87% 126 3201 263 19%
c i 361.78 41 9 0 639 2046 1 10778143 13553 1.7 13 8 2 6 87% 136 3201 256 19%
c i 361.82 41 9 0 639 2046 1 10779871 14364 1.7 13 8 2 6 87% 148 3201 254 19%
c i 361.84 41 9 0 639 2046 1 10780665 14797 1.7 13 8 2 6 87% 161 3201 253 19%
c i 361.85 41 9 0 639 2046 1 10781186 15000 1.7 13 8 2 6 87% 167 3201 249 18%
c i 361.86 41 9 0 639 2046 1 10781404 15102 1.7 13 8 2 6 87% 174 3201 248 18%
c i 361.86 41 9 0 639 2046 1 10781570 15171 1.7 13 8 2 6 87% 180 3201 247 18%
c i 361.86 41 9 0 639 2046 1 10781591 15172 1.7 13 7 2 6 87% 183 3201 244 18%
c i 361.86 41 9 0 639 2046 1 10781606 15172 1.7 13 7 2 6 87% 187 3201 242 18%
c i 361.86 41 9 0 639 2046 1 10781632 15183 1.7 13 7 2 6 87% 191 3201 200 15%
c i 361.86 41 9 0 639 2046 1 10781633 15182 1.7 13 7 2 6 87% 191 3201 85 6%
c i 361.86 41 9 0 639 2046 1 10781635 15182 1.7 13 7 2 6 87% 192 3201 84 6%
c ] 361.86 41 9 0 639 2046 1 10781637 15182 1.7 13 7 2 6 87% 192 3201 36 3%
c 0 361.86 41 0 0 639 2046 0 10781637 15182 0.0 0 0 2 6 0% 192 3201 36 3%
c
c ---- [ result ] ------------------------------------------------------------
c
s UNSATISFIABLE
c
c ---- [ profiling ] ---------------------------------------------------------
c
c         337.42   93.24 %  search
c         337.42   93.24 %  stable
c          24.42    6.75 %  simplify
c          24.03    6.64 %  probe
c          16.19    4.47 %  vivify
c           7.63    2.11 %  sweep
c           1.29    0.36 %  reduce
c           0.33    0.09 %  walking
c           0.14    0.04 %  substitute
c           0.09    0.02 %  eliminate
c           0.05    0.01 %  factor
c           0.02    0.01 %  preprocess
c           0.02    0.00 %  subsume
c           0.01    0.00 %  congruence
c           0.01    0.00 %  transitive
c           0.00    0.00 %  backbone
c           0.00    0.00 %  lucky
c           0.00    0.00 %  parse
c =============================================
c         361.86  100.00 %  total
c
c ---- [ statistics ] --------------------------------------------------------
c
c conflicts:                         10781637            29794.77 per second
c congruent:                               53                4 %  variables
c decisions:                         11536983                1.07 per conflict
c eliminated:                            1044               76 %  variables
c factored:                                78                6 %  variables
c iterations:                              20                1 %  variables
c propagations:                    1323842790          3658404    per second
c reductions:                             639            16873    interval
c reordered:                               43           250736    interval
c rephased:                                66           163358    interval
c restarts:                              2046             5270    interval
c strengthened:                          1874                0 %  checks
c substituted:                            103                8 %  variables
c subsumed:                              1659                0 %  checks
c switched:                                 0                0    interval
c vivified:                            562331               44 %  checks
c walks:                                   22           490074    interval
c
c ---- [ glue usage ] --------------------------------------------------------
c
c stable glue 2 used 44473487 clauses 21.62% accumulated 67.83% tier1
c stable glue 3 used 23822569 clauses 11.58% accumulated 79.41%
c stable glue 4 used 11304152 clauses  5.49% accumulated 84.90%
c stable glue 5 used  7772023 clauses  3.78% accumulated 88.68%
c stable glue 6 used  5296785 clauses  2.57% accumulated 91.25% tier2
c
c ---- [ resources ] ---------------------------------------------------------
c
c maximum-resident-set-size:        424259584 bytes        405 MB
c process-time:                          6m 2s             361.86 seconds
c
c ---- [ shutting down ] -----------------------------------------------------
c
c exit 20
