c ---- [ banner ] ------------------------------------------------------------
c
c Kissat SAT Solver
c 
c Copyright (c) 2021-2024 Armin Biere University of Freiburg
c Copyright (c) 2019-2021 Armin Biere Johannes Kepler University Linz
c 
c Version 4.0.4 8af8e56f174b778aef3aa45af9f739b2a5f492c2
c gcc (GCC) 15.2.1 20260123 (Red Hat 15.2.1-7) -W -Wall -O3 -DNDEBUG
c Thu Apr 23 06:47:51 PM IST 2026 Linux krishnendu-LN 6.19.12-200.fc43.x86_64 x86_64
c
c ---- [ parsing ] -----------------------------------------------------------
c
c opened and reading DIMACS file:
c
c   /home/krishnendu/Research/fv-invariant-mining/data/circuits/cnf/miter_mult_11bit.cnf
c
c parsed 'p cnf 1368 5184' header
c closing input after reading 82324 bytes (80 KB)
c finished parsing after 0.00 seconds
c
c ---- [ options ] -----------------------------------------------------------
c
c --eliminateeffort=1200           (different from default '100')
c --stable=0                       (different from default '1')
c
c ---- [ solving ] -----------------------------------------------------------
c
c seconds switched rate     size/glue tier1  binary       remaining
c        MB reductions conflicts size  tier2   irredundant
c         level restarts redundant glue  trail       variables
c
c *  0.00  3 0 0 0  0 0   0   0 0.0 0 0 0 0 0% 1797 3385 1365 100%
c (  0.00  3 0 0 0  0 0   0   0 0.0 0 0 0 0 0% 1797 3385 1365 100%
c .  0.00  3 0 0 0  0 0   0   0 0.0 0 0 0 0 0% 1793 3385 1365 100%
c c  0.00  4 0 0 0  0 0   0   0 0.0 0 0 0 0 0% 1876 3383 1312 96%
c d  0.00  4 0 0 0  0 0   0   0 0.0 0 0 0 0 0% 1688 3383 1312 96%
c =  0.02  4 0 0 0  0 0   0   0 0.0 0 0 0 0 0% 1698 3373 1306 96%
c d  0.02  4 0 0 0  0 0   0   0 0.0 0 0 0 0 0% 1684 3373 1306 96%
c f  0.02  4 0 0 0  0 0   0   0 0.0 0 0 0 0 0% 1653 3352 1334 98%
c )  0.02  4 0 0 0  0 0   0   0 0.0 0 0 0 0 0% 1653 3352 1334 98%
c {  0.02  4 0 0 0  0 0   0   0 0.0 0 0 2 6 0% 1653 3352 1334 98%
c -  0.06  4 20 0 1 127 3 1000 593 3.1 30 10 3 12 80% 1674 3352 1334 98%
c -  0.09  5 22 0 2 255 3 2001 1041 2.8 28 10 2 11 75% 1680 3352 1334 98%
c u  0.13  5 20 0 2 328 3 3261 2071 3.7 35 10 2 11 80% 1687 3352 1334 98%
c v  0.14  5 20 0 2 328 3 3261 2027 3.7 35 10 2 11 80% 1687 3352 1334 98%
c w  0.14  5 20 0 2 328 3 3261 2013 3.7 35 10 2 11 80% 1687 3352 1334 98%
c x  0.14  5 20 0 2 328 3 3261 2013 3.7 35 10 2 11 80% 1703 3284 1334 98%
c =  0.16  5 20 0 2 328 3 3261 2013 3.7 35 10 2 11 80% 1727 3279 1322 97%
c d  0.16  5 20 0 2 328 3 3261 2013 3.7 35 10 2 11 80% 1691 3279 1322 97%
c t  0.16  5 20 0 2 328 3 3261 2013 3.7 35 10 2 11 80% 1678 3279 1322 97%
c f  0.16  5 20 0 2 328 3 3261 2013 3.7 35 10 2 11 80% 1676 3279 1324 97%
c
c seconds  switched  rate       size/glue  tier1     binary       remaining
c        MB reductions conflicts      size   tier2     irredundant
c         level restarts   redundant     glue    trail       variables
c
c u  0.16  5 20 0 2 328 3 3261 1981 3.7 35 10 2 11 80% 1677 3279 1324 97%
c v  0.17  5 20 0 2 328 3 3261 1856 3.7 35 10 2 11 80% 1677 3279 1324 97%
c w  0.17  5 20 0 2 328 3 3261 1854 3.7 35 10 2 11 80% 1677 3279 1324 97%
c x  0.17  5 20 0 2 328 3 3261 1854 3.7 35 10 2 11 80% 1677 3277 1324 97%
c =  0.19  5 20 0 2 328 3 3261 1854 3.7 35 10 2 11 80% 1701 3277 1312 96%
c d  0.19  5 20 0 2 328 3 3261 1854 3.7 35 10 2 11 80% 1665 3277 1312 96%
c -  0.19  5 20 0 3 354 3 3416 1311 3.6 35 10 2 9 79% 1669 3277 1312 96%
c -  0.24  5 21 0 4 511 3 5148 2021 3.2 30 9 2 9 73% 1682 3277 1312 96%
c -  0.30  6 20 0 5 609 3 7148 2680 3.4 30 9 2 7 77% 1683 3277 1312 96%
c -  0.40  6 19 0 6 762 3 9387 3311 3.5 31 9 2 6 79% 1693 3277 1312 96%
c o  0.42  6 20 0 6 842 3 10051 3950 3.6 32 9 2 6 79% 1696 3277 1312 96%
c u  0.42  5 20 0 6 844 3 10056 3540 3.6 32 9 2 6 79% 1708 3277 1312 96%
c v  0.43  5 20 0 6 844 3 10056 3458 3.6 32 9 2 6 79% 1708 3277 1312 96%
c w  0.43  5 20 0 6 844 3 10056 3377 3.6 32 9 2 6 79% 1708 3277 1312 96%
c t  0.46  5 20 0 6 844 3 10056 3377 3.6 32 9 2 6 79% 1706 3277 1312 96%
c -  0.53  5 20 0 7 1164 3 11836 3545 3.4 31 9 2 6 79% 1719 3277 1312 96%
c -  0.68  6 19 0 8 1214 3 14482 4089 3.6 32 9 2 5 82% 1729 3277 1312 96%
c s  0.77  6 20 0 8 1499 3 16300 5720 3.4 32 9 2 5 82% 1737 3269 1312 96%
c e  0.77  6 20 0 8 1499 3 16300 5720 3.4 32 9 2 5 82% 484 3998 809 59%
c s  0.77  6 20 0 8 1499 3 16300 5720 3.4 32 9 2 5 82% 490 3860 809 59%
c
c seconds  switched   rate        size/glue tier1   binary      remaining
c        MB reductions  conflicts       size  tier2   irredundant
c         level  restarts    redundant    glue   trail      variables
c
c e  0.77  6 20 0 8 1499 3 16300 5720 3.4 32 9 2 5 82% 471 3873 797 58%
c ^  0.77  6 20 0 8 1499 3 16300 5720 3.4 32 9 2 5 82% 471 3873 797 58%
c -  0.81  5 20 0 9 1532 3 17310 1731 3.4 32 9 1 5 82% 471 3873 797 58%
c o  0.90  6 20 0 9 2051 3 20271 4048 3.1 31 10 1 5 81% 472 3873 797 58%
c -  0.91  6 20 0 10 2061 3 20310 2774 3.1 31 10 1 5 81% 472 3873 797 58%
c u  0.92  6 20 0 10 2138 3 20594 2806 3.1 31 10 1 5 81% 473 3873 797 58%
c v  0.93  6 20 0 10 2138 3 20594 2334 3.1 31 10 1 5 81% 473 3873 797 58%
c w  0.94  6 20 0 10 2138 3 20594 2299 3.1 31 10 1 5 81% 473 3873 797 58%
c x  0.94  6 20 0 10 2138 3 20594 2298 3.1 31 10 1 5 81% 480 3687 797 58%
c t  0.94  6 20 0 10 2138 3 20594 2298 3.1 31 10 1 5 81% 474 3687 797 58%
c f  0.94  6 20 0 10 2138 3 20594 2298 3.1 31 10 1 5 81% 508 3611 816 60%
c u  0.94  6 20 0 10 2138 3 20594 2263 3.1 31 10 1 5 81% 508 3611 816 60%
c v  0.95  6 20 0 10 2138 3 20594 2121 3.1 31 10 1 5 81% 508 3611 816 60%
c w  0.96  6 20 0 10 2138 3 20594 2034 3.1 31 10 1 5 81% 508 3611 816 60%
c x  0.96  6 20 0 10 2138 3 20594 2034 3.1 31 10 1 5 81% 508 3608 816 60%
c -  1.04  6 20 0 11 2368 3 23472 3120 3.1 31 10 1 5 80% 510 3608 816 60%
c -  1.15  6 21 0 12 2874 3 26788 4165 3.0 30 10 1 5 78% 515 3608 816 60%
c -  1.26  6 21 0 13 3137 3 30252 5048 2.9 29 10 1 5 77% 517 3606 816 60%
c e  1.37  7 20 0 13 3415 3 32969 7583 2.9 29 10 1 5 78% 389 3813 705 52%
c 2  1.37  7 20 0 13 3415 3 32969 7583 2.9 29 10 1 5 78% 388 3813 705 52%
c
c seconds  switched    rate        size/glue  tier1   binary      remaining
c        MB  reductions  conflicts       size   tier2   irredundant
c         level   restarts    redundant     glue   trail      variables
c
c s  1.37  7 20 0 13 3415 3 32969 7583 2.9 29 10 1 5 78% 390 3781 705 52%
c e  1.37  7 20 0 13 3415 3 32969 7583 2.9 29 10 1 5 78% 387 3785 703 51%
c ^  1.37  7 20 0 13 3415 3 32969 7583 2.9 29 10 1 5 78% 387 3785 703 51%
c -  1.39  7 20 0 14 3418 3 33857 3673 2.9 29 10 1 5 77% 387 3785 703 51%
c u  1.42  6 20 0 14 3488 3 35559 4849 2.8 28 10 1 5 75% 389 3785 703 51%
c v  1.43  6 20 0 14 3488 3 35559 4385 2.8 28 10 1 5 75% 389 3785 703 51%
c w  1.44  6 20 0 14 3488 3 35559 4340 2.8 28 10 1 5 75% 389 3785 703 51%
c t  1.44  6 20 0 14 3488 3 35559 4340 2.8 28 10 1 5 75% 386 3785 703 51%
c f  1.44  6 20 0 14 3488 3 35559 4340 2.8 28 10 1 5 75% 394 3758 709 52%
c u  1.44  6 20 0 14 3488 3 35559 4291 2.8 28 10 1 5 75% 394 3758 709 52%
c v  1.46  6 20 0 14 3488 3 35559 4115 2.8 28 10 1 5 75% 394 3758 709 52%
c w  1.46  6 20 0 14 3488 3 35559 4097 2.8 28 10 1 5 75% 394 3758 709 52%
c x  1.46  6 20 0 14 3488 3 35559 4093 2.8 28 10 1 5 75% 398 3698 709 52%
c t  1.47  6 20 0 14 3488 3 35559 4093 2.8 28 10 1 5 75% 397 3698 709 52%
c -  1.51  6 20 0 15 3622 3 37598 4074 2.8 29 10 1 5 75% 398 3698 709 52%
c -  1.62  5 20 0 16 3629 2 41471 5050 3.1 30 10 1 5 77% 399 3698 709 52%
c o  1.67  6 20 0 16 3631 2 43114 6658 3.2 31 10 1 5 78% 399 3698 709 52%
c -  1.75  7 20 0 17 4085 2 45472 5914 3.1 31 10 1 5 78% 403 3698 709 52%
c -  1.90  7 20 0 18 4868 3 49596 6520 3.0 31 10 1 5 78% 403 3698 709 52%
c -  2.05  7 20 0 19 5408 3 53839 6964 2.9 30 11 1 4 78% 403 3698 709 52%
c
c seconds  switched    rate        size/glue  tier1   binary      remaining
c        MB  reductions  conflicts       size   tier2   irredundant
c         level   restarts    redundant     glue   trail      variables
c
c u  2.10  7 20 0 19 5605 3 54844 7256 2.9 30 11 1 4 78% 404 3698 709 52%
c v  2.11  7 20 0 19 5605 3 54844 6849 2.9 30 11 1 4 78% 404 3698 709 52%
c w  2.11  7 20 0 19 5605 3 54844 6842 2.9 30 11 1 4 78% 404 3698 709 52%
c x  2.12  7 20 0 19 5605 3 54844 6840 2.9 30 11 1 4 78% 404 3687 709 52%
c =  2.19  7 20 0 19 5605 3 54844 6840 2.9 30 11 1 4 78% 406 3683 708 52%
c d  2.19  7 20 0 19 5605 3 54844 6835 2.9 30 11 1 4 78% 403 3683 708 52%
c t  2.19  7 20 0 19 5605 3 54844 6835 2.9 30 11 1 4 78% 402 3683 708 52%
c u  2.20  7 20 0 19 5605 3 54844 6764 2.9 30 11 1 4 78% 402 3683 708 52%
c v  2.22  7 20 0 19 5605 3 54844 6111 2.9 30 11 1 4 78% 402 3683 708 52%
c w  2.22  7 20 0 19 5605 3 54844 6089 2.9 30 11 1 4 78% 402 3683 708 52%
c -  2.34  7 20 0 20 5736 3 58197 6332 2.9 30 10 1 4 78% 402 3683 708 52%
c -  2.50  7 20 0 21 5828 2 62670 7372 2.9 30 10 1 4 78% 402 3683 708 52%
c -  2.67  7 20 0 22 6428 2 67252 8194 2.9 30 10 1 4 78% 404 3683 708 52%
c e  2.77  7 20 0 22 6510 2 69340 10015 2.9 30 10 1 4 79% 303 3903 639 47%
c s  2.77  7 20 0 22 6510 2 69340 10015 2.9 30 10 1 4 79% 304 3872 639 47%
c e  2.77  7 20 0 22 6510 2 69340 10015 2.9 30 10 1 4 79% 301 3879 637 47%
c ^  2.77  7 20 0 22 6510 2 69340 10015 2.9 30 10 1 4 79% 301 3879 637 47%
c -  2.86  6 20 0 23 6698 2 71942 6502 2.9 30 10 1 4 79% 301 3879 637 47%
c o  2.98  7 19 0 23 6916 2 74649 9108 2.9 31 11 1 4 80% 301 3879 637 47%
c -  3.05  7 19 0 24 7077 2 76738 7267 2.9 31 11 1 4 80% 301 3879 637 47%
c
c seconds  switched    rate        size/glue  tier1   binary      remaining
c        MB  reductions  conflicts       size   tier2   irredundant
c         level   restarts    redundant     glue   trail      variables
c
c u  3.13  6 19 0 24 7506 2 78582 7753 2.8 30 11 1 4 80% 301 3879 637 47%
c v  3.15  6 19 0 24 7506 2 78582 7435 2.8 30 11 1 4 80% 301 3879 637 47%
c w  3.16  6 19 0 24 7506 2 78582 7308 2.8 30 11 1 4 80% 301 3879 637 47%
c x  3.16  6 19 0 24 7506 2 78582 7307 2.8 30 11 1 4 80% 302 3837 637 47%
c =  3.26  6 19 0 24 7506 2 78582 7307 2.8 30 11 1 4 80% 304 3835 636 47%
c d  3.26  6 19 0 24 7506 2 78582 7307 2.8 30 11 1 4 80% 302 3835 636 47%
c u  3.27  6 19 0 24 7506 2 78582 7235 2.8 30 11 1 4 80% 302 3835 636 47%
c v  3.29  7 19 0 24 7506 2 78582 6882 2.8 30 11 1 4 80% 302 3835 636 47%
c w  3.29  7 19 0 24 7506 2 78582 6549 2.8 30 11 1 4 80% 302 3835 636 47%
c x  3.30  7 19 0 24 7506 2 78582 6549 2.8 30 11 1 4 80% 302 3823 636 47%
c =  3.40  7 19 0 24 7506 2 78582 6549 2.8 30 11 1 4 80% 302 3817 635 46%
c -  3.50  6 19 0 25 8035 2 81636 6149 2.8 30 11 1 4 80% 302 3817 635 46%
c -  3.68  7 19 0 26 8834 2 86637 7004 2.7 30 11 1 4 80% 302 3817 635 46%
c -  3.87  7 20 0 27 9756 2 91737 7602 2.7 30 11 1 4 81% 302 3817 635 46%
c -  4.07  7 19 0 28 10127 2 96933 8671 2.7 31 11 1 4 81% 302 3817 635 46%
c -  4.27  7 19 0 29 10600 2 102226 9349 2.7 30 11 1 4 82% 302 3817 635 46%
c u  4.41  7 19 0 29 10803 2 106895 12886 2.7 30 11 1 4 81% 302 3817 635 46%
c v  4.45  8 19 0 29 10803 2 106895 12461 2.7 30 11 1 4 81% 302 3817 635 46%
c w  4.46  8 19 0 29 10803 2 106895 12431 2.7 30 11 1 4 81% 302 3817 635 46%
c -  4.60  7 19 0 30 10896 2 107611 8484 2.7 30 11 1 4 81% 302 3817 635 46%
c
c seconds  switched     rate         size/glue  tier1   binary      remaining
c        MB  reductions   conflicts        size   tier2   irredundant
c         level   restarts      redundant     glue   trail      variables
c
c -  4.79  7 20 0 31 11427 2 113089 9159 2.7 30 11 1 4 81% 303 3817 635 46%
c -  4.95  8 19 0 32 11427 2 118657 9428 2.8 31 11 1 4 82% 303 3817 635 46%
c o  4.96  7 19 0 32 11431 2 119107 9876 2.8 31 11 1 4 82% 303 3817 635 46%
c -  5.14  7 19 0 33 11663 2 124314 9480 2.8 32 11 1 4 82% 304 3817 635 46%
c e  5.27  8 19 0 33 12030 2 127904 12772 2.8 31 11 1 4 82% 203 4098 577 42%
c s  5.27  8 19 0 33 12030 2 127904 12772 2.8 31 11 1 4 82% 204 4059 577 42%
c e  5.27  8 19 0 33 12030 2 127904 12772 2.8 31 11 1 4 82% 196 4079 574 42%
c ^  5.27  8 19 0 33 12030 2 127904 12772 2.8 31 11 1 4 82% 196 4079 574 42%
c -  5.34  7 19 0 34 12162 2 130058 7508 2.8 32 11 1 4 82% 196 4079 574 42%
c -  5.56  8 19 0 35 12273 2 135889 7638 2.8 31 11 1 3 83% 196 4079 574 42%
c u  5.73  8 19 0 35 13054 2 139980 9376 2.7 30 11 1 3 83% 197 4079 574 42%
c v  5.76  8 19 0 35 13054 2 139980 8662 2.7 30 11 1 3 83% 197 4079 574 42%
c w  5.77  8 19 0 35 13054 2 139980 7836 2.7 30 11 1 3 83% 197 4079 574 42%
c x  5.77  8 19 0 35 13054 2 139980 7829 2.7 30 11 1 3 83% 197 3985 574 42%
c t  5.77  8 19 0 35 13054 2 139980 7829 2.7 30 11 1 3 83% 193 3985 574 42%
c -  5.83  6 19 0 36 13186 2 141805 6539 2.7 31 11 1 3 83% 193 3985 574 42%
c -  6.03  7 19 0 37 13917 2 147805 7831 2.7 31 11 1 3 84% 193 3985 574 42%
c -  6.14  7 19 0 38 14258 2 153889 9290 2.7 30 11 1 3 81% 193 3985 574 42%
c -  6.21  7 18 0 39 14258 2 160054 10669 2.6 29 11 1 3 77% 195 3985 574 42%
c -  6.34  7 18 0 40 14258 2 166300 12090 2.6 28 11 1 4 75% 196 3985 574 42%
c
c seconds  switched     rate          size/glue  tier1   binary      remaining
c        MB  reductions   conflicts         size   tier2   irredundant
c         level   restarts       redundant     glue   trail      variables
c
c o  6.44  7 18 0 40 14445 2 169149 14764 2.6 28 11 1 4 75% 197 3985 574 42%
c -  6.59  8 18 0 41 15125 2 172624 12278 2.6 28 11 1 3 76% 197 3985 574 42%
c u  6.85  8 18 0 41 16277 2 177853 16028 2.5 28 11 1 3 77% 198 3985 574 42%
c v  6.87  8 18 0 41 16277 2 177853 15640 2.5 28 11 1 3 77% 198 3985 574 42%
c w  6.88  8 18 0 41 16277 2 177853 15617 2.5 28 11 1 3 77% 198 3985 574 42%
c x  6.89  8 18 0 41 16277 2 177853 15616 2.5 28 11 1 3 77% 198 3967 574 42%
c t  7.00  8 18 0 41 16277 2 177853 15616 2.5 28 11 1 3 77% 197 3967 574 42%
c -  7.06  8 18 0 42 16475 2 179027 11043 2.5 28 11 1 3 77% 197 3967 574 42%
c -  7.32  8 19 0 43 16995 2 185507 11650 2.6 29 11 1 3 77% 197 3967 574 42%
c -  7.58  8 19 0 44 17887 2 192065 11989 2.5 29 11 1 3 78% 197 3967 574 42%
c -  7.87  8 19 0 45 18066 2 198698 12840 2.6 29 11 1 3 79% 197 3967 574 42%
c -  8.22  8 18 0 46 18066 2 205407 13188 2.7 30 11 1 3 80% 197 3967 574 42%
c e  8.54  8 18 0 46 18067 2 210824 18477 2.9 31 11 1 3 81% 126 4510 497 36%
c s  8.54  8 18 0 46 18067 2 210824 18477 2.9 31 11 1 3 81% 126 4369 497 36%
c e  8.54  8 18 0 46 18067 2 210824 18477 2.9 31 11 1 3 81% 123 4389 494 36%
c ^  8.54  8 18 0 46 18067 2 210824 18477 2.9 31 11 1 3 81% 123 4389 494 36%
c -  8.58  7 18 0 47 18220 2 212189 7422 2.8 31 11 1 3 81% 123 4389 494 36%
c -  8.80  7 18 0 48 18938 2 219045 9725 2.8 31 11 1 3 80% 123 4389 494 36%
c u  8.87  6 18 0 48 19181 2 220750 10255 2.8 31 11 1 3 80% 123 4389 494 36%
c v  8.90  7 18 0 48 19181 2 220750 9007 2.8 31 11 1 3 80% 123 4389 494 36%
c
c seconds  switched     rate         size/glue  tier1   binary      remaining
c        MB  reductions   conflicts        size   tier2   irredundant
c         level   restarts      redundant     glue   trail      variables
c
c w  8.97  8 18 0 48 19181 2 220750 8755 2.8 31 11 1 3 80% 123 4389 494 36%
c t  8.97  8 18 0 48 19181 2 220750 8755 2.8 31 11 1 3 80% 121 4389 494 36%
c -  9.13  8 18 0 49 19315 2 225973 8589 2.8 31 11 1 3 81% 121 4389 494 36%
c o  9.23  7 18 0 49 19465 2 229192 11353 2.8 30 11 1 3 81% 121 4389 494 36%
c -  9.36  7 18 0 50 20017 2 232975 9405 2.7 30 11 1 3 81% 121 4389 494 36%
c -  9.57  8 18 0 51 20427 2 240046 10159 2.7 30 11 1 3 81% 121 4389 494 36%
c -  9.80  8 18 0 52 21203 2 247188 10936 2.7 29 11 1 3 81% 121 4389 494 36%
c - 10.02  8 18 0 53 21481 2 254400 12387 2.6 29 11 1 3 81% 121 4389 494 36%
c - 10.29  8 18 0 54 22269 2 261681 12922 2.7 30 11 1 3 81% 121 4389 494 36%
c u 10.53  8 18 0 54 23252 2 268172 17652 2.6 29 11 1 3 81% 121 4389 494 36%
c v 10.56  9 18 0 54 23252 2 268172 17143 2.6 29 11 1 3 81% 121 4389 494 36%
c w 10.58  9 18 0 54 23252 2 268172 17028 2.6 29 11 1 3 81% 121 4389 494 36%
c x 10.59  9 18 0 54 23252 2 268172 17021 2.6 29 11 1 3 81% 121 4288 494 36%
c - 10.63  8 18 0 55 23278 2 269030 11632 2.6 29 11 1 3 81% 121 4288 494 36%
c - 10.88  8 18 0 56 23732 2 276446 12107 2.6 29 11 1 3 81% 121 4288 494 36%
c - 11.17  8 18 0 57 23973 2 283929 13217 2.7 30 11 1 3 82% 121 4288 494 36%
c - 11.47  7 18 0 58 24487 2 291479 13333 2.7 30 11 1 3 82% 121 4288 494 36%
c - 11.74  8 18 0 59 25492 2 299094 13323 2.7 30 11 1 3 83% 121 4288 494 36%
c o 11.81  8 18 0 59 25500 2 301928 15942 2.7 30 11 1 3 82% 121 4288 494 36%
c - 12.00  8 18 0 60 25970 2 306775 13952 2.7 30 11 1 3 82% 121 4288 494 36%
c
c seconds  switched     rate          size/glue  tier1   binary      remaining
c        MB  reductions   conflicts         size   tier2   irredundant
c         level   restarts       redundant     glue   trail      variables
c
c - 12.28  8 18 0 61 26021 2 314520 14177 2.8 32 11 1 3 83% 121 4288 494 36%
c s 12.49  8 18 0 61 26891 2 319644 18214 2.8 32 11 1 3 84% 121 4283 494 36%
c e 12.49  7 18 0 61 26891 2 319644 18214 2.8 32 11 1 3 84%  89 5137 428 31%
c s 12.49  7 18 0 61 26891 2 319644 18214 2.8 32 11 1 3 84%  89 4880 428 31%
c e 12.50  7 18 0 61 26891 2 319644 18214 2.8 32 11 1 3 84%  82 4969 422 31%
c ! 12.50  7 18 0 61 26891 2 319644 18214 2.8 32 11 1 3 84%  82 4969 422 31%
c u 12.55  8 18 0 61 26891 2 320921 9337 2.8 32 11 1 3 84%  82 4969 422 31%
c v 12.58  8 18 0 61 26891 2 320921 8330 2.8 32 11 1 3 84%  82 4969 422 31%
c w 12.61  8 18 0 61 26891 2 320921 7403 2.8 32 11 1 3 84%  82 4969 422 31%
c x 12.62  8 18 0 61 26891 2 320921 7400 2.8 32 11 1 3 84%  82 4768 422 31%
c t 12.83  8 18 0 61 26891 2 320921 7400 2.8 32 11 1 3 84%  81 4768 422 31%
c - 12.87  6 18 0 62 27119 2 322330 6174 2.8 31 11 1 3 84%  81 4768 422 31%
c - 13.05  7 18 0 63 27549 2 330206 8925 2.7 31 11 1 3 83%  81 4768 422 31%
c - 13.31  8 19 0 64 28701 2 338143 9785 2.7 31 12 1 3 83%  81 4768 422 31%
c - 13.56  8 19 0 65 29609 2 346143 10960 2.6 31 12 1 3 83%  81 4768 422 31%
c - 13.80  8 19 0 66 29906 2 354206 12589 2.7 31 11 1 3 83%  81 4768 422 31%
c - 14.08  8 19 0 67 30148 2 362330 13586 2.8 31 11 1 3 84%  81 4768 422 31%
c - 14.43  8 18 0 68 30864 2 370516 13609 2.7 31 11 1 3 84%  81 4768 422 31%
c u 14.72  9 18 0 68 31188 2 378093 19626 2.7 31 11 1 3 85%  81 4768 422 31%
c v 14.75  9 18 0 68 31188 2 378093 19181 2.7 31 11 1 3 85%  81 4768 422 31%
c
c seconds  switched     rate          size/glue  tier1   binary      remaining
c        MB  reductions   conflicts         size   tier2   irredundant
c         level   restarts       redundant     glue   trail      variables
c
c w 14.78 10 18 0 68 31188 2 378093 18939 2.7 31 11 1 3 85%  81 4768 422 31%
c x 14.80 10 18 0 68 31188 2 378093 18937 2.7 31 11 1 3 85%  81 4743 422 31%
c - 14.82  7 18 0 69 31189 2 378763 11913 2.7 31 11 1 3 85%  81 4743 422 31%
c o 14.96  7 18 0 69 31669 2 383475 15454 2.7 31 11 1 3 85%  81 4743 422 31%
c - 15.09  8 18 0 70 32293 2 387069 11986 2.7 31 12 1 3 85%  81 4743 422 31%
c - 15.44  8 18 0 71 32372 2 395436 13226 2.7 30 11 1 3 84%  81 4743 422 31%
c - 15.74  8 18 0 72 33452 2 403864 13954 2.6 30 12 1 3 84%  81 4743 422 31%
c - 16.02  7 18 0 73 34544 2 412349 14114 2.6 30 12 1 3 84%  81 4743 422 31%
c - 16.34  8 19 0 74 35681 2 420893 14361 2.5 30 12 1 3 84%  81 4743 422 31%
c - 16.63  7 19 0 75 36211 2 429496 14835 2.5 30 12 1 3 84%  81 4743 422 31%
c - 16.91  7 19 0 76 36689 2 438156 15126 2.5 30 12 1 3 84%  81 4743 422 31%
c u 17.02  8 19 0 76 37173 2 440592 15661 2.5 30 12 1 3 85%  81 4743 422 31%
c v 17.06  8 19 0 76 37173 2 440592 14874 2.5 30 12 1 3 85%  81 4743 422 31%
c w 17.07  8 19 0 76 37173 2 440592 14755 2.5 30 12 1 3 85%  81 4743 422 31%
c x 17.09  8 19 0 76 37173 2 440592 14754 2.5 30 12 1 3 85%  81 4736 422 31%
c - 17.29  8 18 0 77 37537 2 446875 14349 2.5 29 12 1 3 83%  81 4736 422 31%
c e 17.57  7 18 0 77 38128 2 454717 21346 2.5 29 12 1 3 83%  74 4798 418 31%
c s 17.57  7 18 0 77 38128 2 454717 21346 2.5 29 12 1 3 83%  74 4784 418 31%
c - 17.62  8 18 0 78 38276 2 455649 15594 2.5 29 12 1 3 83%  74 4784 418 31%
c - 17.92  9 19 0 79 38958 2 464480 15927 2.5 30 12 1 3 84%  74 4784 418 31%
c
c seconds  switched     rate          size/glue  tier1   binary      remaining
c        MB  reductions   conflicts         size   tier2   irredundant
c         level   restarts       redundant     glue   trail      variables
c
c - 18.20  7 18 0 80 39325 2 473369 15609 2.6 30 12 1 3 84%  74 4784 418 31%
c o 18.21  7 18 0 80 39353 2 473493 15718 2.6 30 12 1 3 84%  74 4784 418 31%
c - 18.50  7 18 0 81 39683 2 482314 14766 2.5 30 12 1 3 84%  74 4784 418 31%
c - 18.81  8 18 0 82 39937 2 491315 14832 2.5 29 12 1 3 85%  74 4784 418 31%
c - 19.09  8 18 0 83 40469 2 500371 15958 2.5 29 12 1 3 85%  74 4784 418 31%
c u 19.41  9 18 0 83 41238 2 508485 21902 2.5 29 12 1 3 85%  74 4784 418 31%
c v 19.47  9 18 0 83 41238 2 508485 20648 2.5 29 12 1 3 85%  74 4784 418 31%
c w 19.50 10 18 0 83 41238 2 508485 20581 2.5 29 12 1 3 85%  74 4784 418 31%
c - 19.53  7 18 0 84 41303 2 509481 14502 2.5 29 12 1 3 85%  74 4784 418 31%
c - 19.81  7 18 0 85 41466 2 518646 14516 2.5 29 12 1 3 85%  74 4784 418 31%
c - 20.14  8 18 0 86 41873 2 527865 15222 2.5 29 12 1 3 85%  74 4784 418 31%
c - 20.48  8 18 0 87 42462 2 537138 15840 2.5 29 12 1 3 86%  74 4784 418 31%
c - 20.78  7 17 0 88 42476 2 546466 14761 2.4 28 11 1 3 86%  74 4784 418 31%
c - 21.11  7 17 0 89 43413 2 555846 15358 2.4 28 12 1 3 86%  74 4784 418 31%
c - 21.45  7 17 0 90 44343 2 565279 16003 2.4 28 12 1 3 87%  74 4784 418 31%
c o 21.79  9 18 0 90 46001 2 574187 23259 2.4 28 12 1 3 87%  74 4784 418 31%
c - 21.82  7 18 0 91 46129 2 574766 16455 2.4 28 12 1 3 87%  74 4784 418 31%
c u 22.08  7 17 0 91 46544 2 581726 20024 2.3 28 12 1 3 87%  74 4784 418 31%
c v 22.11  8 17 0 91 46544 2 581726 19243 2.3 28 12 1 3 87%  74 4784 418 31%
c w 22.14 10 17 0 91 46544 2 581726 19156 2.3 28 12 1 3 87%  74 4784 418 31%
c
c seconds  switched     rate          size/glue  tier1   binary      remaining
c        MB  reductions   conflicts         size   tier2   irredundant
c         level   restarts       redundant     glue   trail      variables
c
c x 22.15 10 17 0 91 46544 2 581726 19153 2.3 28 12 1 3 87%  74 4759 418 31%
c - 22.55  8 17 0 92 47060 2 584306 14799 2.3 28 12 1 3 87%  74 4759 418 31%
c - 22.84  8 17 0 93 47465 2 593897 15905 2.3 28 12 1 3 87%  74 4759 418 31%
c - 23.17  9 17 0 94 48104 2 603541 16627 2.3 28 12 1 3 87%  74 4759 418 31%
c - 23.34 10 17 0 95 48599 2 613237 17349 2.3 27 12 1 3 83%  74 4759 418 31%
c e 23.42  8 17 0 95 48599 2 620910 22645 2.3 26 11 1 3 79%  72 4791 416 30%
c s 23.42  8 17 0 95 48599 2 620910 22645 2.3 26 11 1 3 79%  72 4779 416 30%
c - 23.51 10 17 0 96 49041 2 622983 17085 2.3 26 12 1 3 79%  72 4779 416 30%
c - 23.86  9 17 0 97 49793 2 632781 18308 2.3 27 12 1 3 80%  72 4779 416 30%
c - 24.23 10 17 0 98 50922 2 642630 18436 2.2 26 12 1 3 80%  72 4779 416 30%
c - 24.61 10 17 0 99 50945 2 652529 18658 2.4 27 11 1 3 82%  72 4779 416 30%
c u 24.98 11 16 0 99 51027 1 660563 24269 2.5 28 11 1 3 83%  72 4779 416 30%
c v 25.04 11 16 0 99 51027 1 660563 22630 2.5 28 11 1 3 83%  72 4779 416 30%
c w 25.07 12 16 0 99 51027 1 660563 18106 2.5 28 11 1 3 83%  72 4779 416 30%
c - 25.14  8 16 0 100 51425 2 662479 13720 2.5 28 11 1 3 83%  72 4779 416 30%
c - 25.52  9 17 0 101 52958 2 672480 15357 2.4 28 12 1 3 83%  72 4779 416 30%
c - 25.89  9 17 0 102 53674 2 682529 17168 2.4 28 12 1 3 83%  72 4779 416 30%
c o 26.17 10 17 0 102 53845 2 688599 22843 2.4 28 11 1 3 83%  72 4779 416 30%
c - 26.34 10 17 0 103 54618 2 692629 18777 2.4 28 12 1 3 83%  72 4779 416 30%
c - 26.77 10 17 0 104 56306 2 702778 18770 2.4 28 12 1 3 84%  72 4779 416 30%
c
c seconds  switched      rate          size/glue  tier1   binary      remaining
c        MB  reductions    conflicts         size   tier2   irredundant
c         level    restarts       redundant     glue   trail      variables
c
c - 27.20 10 18 0 105 57912 2 712976 18563 2.3 28 12 1 3 84%  72 4779 416 30%
c - 27.70 11 17 0 106 57913 2 723222 19453 2.4 29 12 1 3 84%  72 4779 416 30%
c - 28.22 11 17 0 107 57929 2 733518 19173 2.6 30 12 1 3 85%  72 4779 416 30%
c - 28.74 11 17 0 108 58361 2 743862 20742 2.6 29 11 1 3 85%  72 4779 416 30%
c u 28.85 11 17 0 108 58545 2 744956 19550 2.6 29 11 1 3 85%  72 4779 416 30%
c v 28.96 11 17 0 108 58545 2 744956 16768 2.6 29 11 1 3 85%  72 4779 416 30%
c w 29.01 11 17 0 108 58545 2 744956 16617 2.6 29 11 1 3 85%  72 4779 416 30%
c - 29.34 11 17 0 109 59265 2 754255 17662 2.6 30 11 1 3 86%  72 4779 416 30%
c - 29.73 11 17 0 110 60658 2 764696 17082 2.5 29 12 1 3 86%  72 4779 416 30%
c - 30.15 10 17 0 111 60725 2 775186 18860 2.6 29 11 1 3 85%  72 4779 416 30%
c - 30.63 11 17 0 112 61417 2 785721 20991 2.6 29 11 1 3 85%  72 4779 416 30%
c - 31.12 11 17 0 113 62649 2 796305 21233 2.5 29 12 1 3 85%  72 4779 416 30%
c - 31.60 10 18 0 114 64431 2 806935 20416 2.4 29 12 1 3 85%  72 4779 416 30%
c o 31.67 10 18 0 114 64858 2 808832 21935 2.4 29 12 1 3 85%  72 4779 416 30%
c - 32.03 11 18 0 115 65489 2 817612 20624 2.4 28 12 1 3 84%  72 4779 416 30%
c - 32.50 10 18 0 116 66483 2 828335 21179 2.4 28 12 1 3 85%  72 4779 416 30%
c u 32.86 11 18 0 116 66572 2 835019 26445 2.4 29 12 1 3 85%  72 4779 416 30%
c v 32.92 12 18 0 116 66572 2 835019 25755 2.4 29 12 1 3 85%  72 4779 416 30%
c w 32.95 12 18 0 116 66572 2 835019 25623 2.4 29 12 1 3 85%  72 4779 416 30%
c x 32.97 12 18 0 116 66572 2 835019 25617 2.4 29 12 1 3 85%  72 4760 416 30%
c
c seconds  switched      rate          size/glue  tier1   binary      remaining
c        MB  reductions    conflicts         size   tier2   irredundant
c         level    restarts       redundant     glue   trail      variables
c
c - 33.17 11 18 0 117 67167 2 839105 19765 2.4 29 12 1 3 85%  72 4760 416 30%
c - 33.61 11 18 0 118 67903 2 849921 20826 2.4 28 12 1 3 85%  72 4760 416 30%
c - 34.04 11 18 0 119 69215 2 860783 22021 2.4 29 12 1 3 85%  72 4760 416 30%
c - 34.46 11 18 0 120 69231 2 871691 23411 2.5 29 12 1 3 86%  72 4760 416 30%
c - 34.96 11 18 0 121 69251 2 882645 24096 2.6 30 12 1 3 86%  72 4760 416 30%
c - 35.48 12 18 0 122 69251 1 893645 23127 2.8 31 11 1 3 88%  72 4760 416 30%
c - 35.99 12 18 0 123 70123 1 904690 23000 2.8 32 11 1 3 88%  72 4760 416 30%
c - 36.46 12 18 0 124 70954 2 915780 22618 2.8 32 11 1 3 88%  72 4760 416 30%
c - 36.98 11 17 0 125 71922 2 926915 20727 2.6 30 11 1 3 88%  72 4760 416 30%
c u 37.23 11 17 0 125 72186 2 930873 20735 2.6 30 11 1 3 88%  72 4760 416 30%
c v 37.34 12 17 0 125 72186 2 930873 18048 2.6 30 11 1 3 88%  72 4760 416 30%
c w 37.38 12 17 0 125 72186 2 930873 17752 2.6 30 11 1 3 88%  72 4760 416 30%
c - 37.68 11 18 0 126 73553 2 938095 17335 2.5 29 12 1 3 88%  72 4760 416 30%
c o 37.71 11 18 0 126 73740 2 938905 17952 2.5 29 12 1 3 88%  72 4760 416 30%
c - 38.14 11 18 0 127 75354 2 949319 18896 2.5 29 12 1 3 88%  72 4760 416 30%
c - 38.63 11 18 0 128 76207 2 960588 19644 2.5 30 12 1 3 89%  72 4760 416 30%
c - 39.05 11 18 0 129 76456 2 971901 19850 2.6 30 12 1 3 89%  72 4760 416 30%
c - 39.48 11 17 0 130 76462 2 983259 19381 2.7 31 11 1 3 90%  72 4760 416 30%
c - 39.85 12 17 0 131 76462 1 994662 19374 2.8 31 11 1 3 91%  72 4760 416 30%
c - 40.39 11 17 0 132 78054 2 1006107 20811 2.7 31 11 1 3 90%  72 4760 416 30%
c
c seconds  switched      rate           size/glue  tier1   binary      remaining
c        MB  reductions     conflicts         size   tier2   irredundant
c         level    restarts        redundant     glue   trail      variables
c
c - 40.86 11 18 0 133 79918 2 1017596 21090 2.6 31 12 1 3 90%  72 4760 416 30%
c - 41.33 11 17 0 134 80347 2 1029128 20712 2.7 31 12 1 3 90%  72 4760 416 30%
c u 41.54 12 17 0 134 80648 2 1032529 22284 2.6 31 12 1 3 90%  72 4760 416 30%
c v 41.65 12 17 0 134 80648 2 1032529 20416 2.6 31 12 1 3 90%  72 4760 416 30%
c w 41.69 12 17 0 134 80648 2 1032529 19502 2.6 31 12 1 3 90%  72 4760 416 30%
c = 42.12 14 17 0 134 80648 2 1032529 19502 2.6 31 12 1 3 90%  72 4760 415 30%
c u 42.18 14 17 0 134 80648 2 1032529 19170 2.6 31 12 1 3 90%  72 4750 415 30%
c v 42.26 14 17 0 134 80648 2 1032529 18366 2.6 31 12 1 3 90%  72 4750 415 30%
c w 42.35 14 17 0 134 80648 2 1032529 17416 2.6 31 12 1 3 90%  72 4750 415 30%
c - 42.67 13 18 0 135 80875 2 1040704 17386 2.6 31 12 1 3 89%  71 4750 415 30%
c s 43.13 13 18 0 135 81483 2 1051589 27378 2.7 31 12 1 3 89%  71 4748 415 30%
c e 43.13 11 18 0 135 81483 2 1051589 27378 2.7 31 12 1 3 89%  71 4772 413 30%
c s 43.13 11 18 0 135 81483 2 1051589 27378 2.7 31 12 1 3 89%  71 4766 413 30%
c - 43.17 13 18 0 136 81639 2 1052323 18925 2.7 31 12 1 3 89%  71 4766 413 30%
c - 43.71 13 18 0 137 83058 2 1063984 19262 2.6 30 12 1 3 89%  71 4766 413 30%
c - 44.12 13 17 0 138 83257 2 1075689 19035 2.5 29 12 1 3 89%  71 4766 413 30%
c - 44.55 13 17 0 139 83303 2 1087437 16690 2.4 28 11 1 3 89%  71 4766 413 30%
c - 44.99 10 16 0 140 83307 1 1099227 16518 2.4 26 11 1 3 90%  71 4766 413 30%
c o 45.04 10 16 0 140 83319 1 1101087 17397 2.4 26 11 1 3 90%  71 4766 413 30%
c - 45.45 12 16 0 141 85145 2 1111059 18672 2.3 26 11 1 3 89%  71 4766 413 30%
c
c seconds  switched      rate           size/glue  tier1   binary      remaining
c        MB  reductions     conflicts         size   tier2   irredundant
c         level    restarts        redundant     glue   trail      variables
c
c - 45.91 12 17 0 142 86591 2 1122934 20231 2.3 26 12 1 3 88%  71 4766 413 30%
c - 46.42 12 16 0 143 86630 2 1134850 21366 2.4 27 11 1 3 89%  71 4766 413 30%
c u 46.69 11 17 0 143 87305 2 1140087 24971 2.4 27 11 1 3 89%  71 4766 413 30%
c v 46.76 11 17 0 143 87305 2 1140087 23870 2.4 27 11 1 3 89%  71 4766 413 30%
c w 46.79 12 17 0 143 87305 2 1140087 23690 2.4 27 11 1 3 89%  71 4766 413 30%
c x 46.82 12 17 0 143 87305 2 1140087 23688 2.4 27 11 1 3 89%  71 4760 413 30%
c - 47.10 12 16 0 144 87307 2 1146808 19610 2.4 27 11 1 3 89%  71 4760 413 30%
c - 47.59 12 17 0 145 88977 2 1158809 19806 2.3 27 11 1 3 89%  71 4760 413 30%
c - 48.09 12 17 0 146 90250 2 1170851 19505 2.3 26 12 1 3 89%  71 4760 413 30%
c - 48.56 12 17 0 147 90846 2 1182936 20290 2.3 27 12 1 3 89%  71 4760 413 30%
c - 49.03 12 17 0 148 91965 2 1195060 20097 2.3 27 12 1 3 89%  71 4760 413 30%
c - 49.50 12 17 0 149 92758 2 1207225 20455 2.3 27 12 1 3 90%  71 4760 413 30%
c - 50.00 12 16 0 150 93187 2 1219432 21008 2.4 27 12 1 3 90%  71 4760 413 30%
c - 50.59 12 17 0 151 94499 2 1231679 22466 2.3 28 12 1 3 89%  71 4760 413 30%
c - 51.01 12 17 0 152 94499 2 1243969 23922 2.5 29 11 1 3 90%  71 4760 413 30%
c u 51.47 12 17 0 152 94502 1 1253548 31655 2.7 30 11 1 3 90%  71 4760 413 30%
c v 51.57 12 17 0 152 94502 1 1253548 30251 2.7 30 11 1 3 90%  71 4760 413 30%
c w 51.64 18 17 0 152 94502 1 1253548 29712 2.7 30 11 1 3 90%  71 4760 413 30%
c o 51.69 18 17 0 152 94502 1 1253548 29712 2.7 30 11 1 3 90%  71 4760 413 30%
c - 51.83 15 17 0 153 94898 1 1256298 21853 2.6 30 11 1 3 90%  71 4760 413 30%
c
c seconds  switched      rate           size/glue  tier1   binary      remaining
c        MB  reductions     conflicts         size   tier2   irredundant
c         level    restarts        redundant     glue   trail      variables
c
c - 52.28 16 17 0 154 95191 1 1268667 23323 2.8 31 11 1 3 91%  71 4760 413 30%
c - 52.86 16 17 0 155 97048 2 1281077 23186 2.7 31 11 1 3 91%  71 4760 413 30%
c - 53.43 15 18 0 156 99253 2 1293527 22825 2.6 31 12 1 3 90%  71 4760 413 30%
c - 53.89 15 17 0 157 99259 2 1306017 22417 2.7 31 12 1 3 91%  71 4760 413 30%
c - 54.44 16 17 0 158 99937 2 1318548 22037 2.7 31 11 1 3 91%  71 4760 413 30%
c - 54.99 15 17 0 159 101352 2 1331118 23520 2.6 31 12 1 3 90%  71 4760 413 30%
c - 55.56 16 17 0 160 101562 2 1343728 24974 2.5 30 12 1 3 88%  71 4760 413 30%
c - 56.13 16 17 0 161 102688 2 1356378 25259 2.5 29 12 1 3 88%  71 4760 413 30%
c - 56.68 15 17 0 162 103285 2 1369067 25523 2.5 29 12 1 3 88%  71 4760 413 30%
c u 56.93 16 17 0 162 103285 2 1373007 27465 2.5 30 12 1 3 89%  71 4760 413 30%
c v 57.05 16 17 0 162 103285 2 1373007 25632 2.5 30 12 1 3 89%  71 4760 413 30%
c w 57.09 17 17 0 162 103285 2 1373007 25175 2.5 30 12 1 3 89%  71 4760 413 30%
c - 57.47 16 17 0 163 103663 2 1381794 23225 2.5 29 12 1 3 88%  71 4760 413 30%
c - 58.04 15 17 0 164 103781 1 1394561 24148 2.5 30 12 1 3 88%  71 4760 413 30%
c - 58.62 15 18 0 165 104210 1 1407368 25036 2.6 30 12 1 3 88%  71 4760 413 30%
c o 58.93 15 17 0 165 104222 1 1415259 32109 2.6 29 11 1 3 88%  71 4760 413 30%
c - 59.13 15 17 0 166 104531 1 1420214 26082 2.6 29 11 1 3 88%  71 4760 413 30%
c - 59.66 16 17 0 167 104628 1 1433099 25520 2.7 30 11 1 3 89%  71 4760 413 30%
c - 60.24 15 17 0 168 106160 1 1446022 25179 2.6 30 11 1 3 89%  71 4760 413 30%
c - 60.79 15 17 0 169 106668 1 1458984 24324 2.5 29 11 1 3 89%  71 4760 413 30%
c
c seconds  switched       rate           size/glue  tier1   binary      remaining
c        MB  reductions      conflicts         size   tier2   irredundant
c         level     restarts        redundant     glue   trail      variables
c
c - 61.40 15 17 0 170 107680 1 1471984 26335 2.5 28 12 1 3 87%  71 4760 413 30%
c - 62.04 15 18 0 171 109224 2 1485022 27421 2.4 28 12 1 3 87%  71 4760 413 30%
c - 62.67 16 18 0 172 110848 2 1498098 27682 2.3 29 12 1 3 88%  71 4760 413 30%
c u 62.79 16 18 0 172 110848 2 1498498 26255 2.3 29 12 1 3 88%  71 4760 413 30%
c v 62.93 16 18 0 172 110848 2 1498498 23923 2.3 29 12 1 3 88%  71 4760 413 30%
c w 62.99 16 18 0 172 110848 2 1498498 23687 2.3 29 12 1 3 88%  71 4760 413 30%
c - 63.54 15 18 0 173 112041 2 1511212 24824 2.3 28 12 1 3 86%  71 4760 413 30%
c - 64.17 15 18 0 174 112617 2 1524364 26712 2.3 29 12 1 3 86%  71 4760 413 30%
c - 64.82 16 18 0 175 113103 2 1537554 26468 2.3 29 12 1 3 87%  71 4760 413 30%
c - 65.51 15 18 0 176 113435 2 1550783 26814 2.4 28 12 1 3 87%  71 4760 413 30%
c - 65.98 16 17 0 177 113439 1 1564050 25952 2.4 28 12 1 3 87%  71 4760 413 30%
c - 66.62 16 17 0 178 113635 1 1577354 25533 2.4 28 12 1 3 88%  71 4760 413 30%
c o 66.99 15 17 0 178 114442 1 1585308 32319 2.4 28 12 1 3 87%  71 4760 413 30%
c - 67.26 15 17 0 179 115254 2 1590696 26751 2.3 28 12 1 3 87%  71 4760 413 30%
c - 67.78 16 17 0 180 115643 1 1604076 27404 2.4 29 12 1 3 88%  71 4760 413 30%
c - 68.43 16 17 0 181 116027 1 1617494 28873 2.4 28 12 1 3 87%  71 4760 413 30%
c u 69.17 17 18 0 181 117616 2 1630087 37569 2.3 28 12 1 3 87%  71 4760 413 30%
c v 69.31 17 18 0 181 117616 2 1630087 35845 2.3 28 12 1 3 87%  71 4760 413 30%
c w 69.38 18 18 0 181 117616 2 1630087 35179 2.3 28 12 1 3 87%  71 4760 413 30%
c - 69.43 16 18 0 182 117684 2 1630948 25972 2.3 28 12 1 3 87%  71 4760 413 30%
c
c seconds  switched       rate           size/glue  tier1   binary      remaining
c        MB  reductions      conflicts         size   tier2   irredundant
c         level     restarts        redundant     glue   trail      variables
c
c - 69.93 16 17 0 183 118196 1 1644438 25045 2.3 28 12 1 3 88%  71 4760 413 30%
c - 70.55 15 17 0 184 118741 1 1657965 26282 2.3 28 12 1 3 88%  71 4760 413 30%
c - 71.14 16 17 0 185 119864 2 1671530 28280 2.3 28 12 1 3 88%  71 4760 413 30%
c - 71.71 16 17 0 186 120399 1 1685131 28919 2.4 29 12 1 3 89%  71 4760 413 30%
c - 72.33 16 17 0 187 120941 1 1698769 29127 2.5 29 12 1 3 89%  71 4760 413 30%
c - 72.96 15 17 0 188 122476 2 1712444 28570 2.4 29 12 1 3 89%  71 4760 413 30%
c - 73.72 16 17 0 189 122913 2 1726156 30328 2.5 29 12 1 3 89%  71 4760 413 30%
c - 74.23 16 16 0 190 123176 1 1739903 29354 2.4 28 12 1 3 89%  71 4760 413 30%
c - 74.91 15 17 0 191 124884 2 1753687 28403 2.3 28 12 1 3 89%  71 4760 413 30%
c - 75.71 16 17 0 192 125316 2 1767507 31306 2.4 28 12 1 3 89%  71 4760 413 30%
c u 75.81 16 17 0 192 125316 2 1767840 30241 2.4 28 12 1 3 88%  71 4760 413 30%
c v 75.92 17 17 0 192 125316 2 1767840 29270 2.4 28 12 1 3 88%  71 4760 413 30%
c w 75.97 17 17 0 192 125316 2 1767840 29188 2.4 28 12 1 3 88%  71 4760 413 30%
c x 76.00 15 17 0 192 125316 2 1767840 29186 2.4 28 12 1 3 88%  72 4755 413 30%
c o 76.61 15 17 0 192 125316 2 1767840 29186 2.4 28 12 1 3 88%  72 4755 413 30%
c - 77.37 17 17 0 193 125532 1 1781364 31324 2.5 29 11 1 3 88%  73 4755 413 30%
c - 78.06 16 17 0 194 126392 1 1795256 30915 2.6 29 11 1 3 89%  73 4755 413 30%
c - 78.82 15 17 0 195 128212 2 1809185 30017 2.5 30 12 1 3 89%  73 4755 413 30%
c - 79.45 16 17 0 196 128833 2 1823151 30397 2.5 29 12 1 3 89%  73 4755 413 30%
c - 80.19 16 18 0 197 129763 2 1837152 31506 2.4 29 12 1 3 89%  73 4755 413 30%
c
c seconds  switched       rate           size/glue  tier1   binary      remaining
c        MB  reductions      conflicts         size   tier2   irredundant
c         level     restarts        redundant     glue   trail      variables
c
c - 80.86 17 17 0 198 129763 1 1851188 32178 2.5 29 12 1 3 90%  73 4755 413 30%
c - 81.54 16 17 0 199 130393 1 1865260 31054 2.5 29 12 1 3 90%  73 4755 413 30%
c - 82.22 16 18 0 200 131916 2 1879366 31761 2.4 29 12 1 3 90%  73 4755 413 30%
c - 82.91 17 18 0 201 133141 2 1893508 31390 2.4 29 12 1 3 90%  73 4755 413 30%
c - 83.47 17 17 0 202 133386 1 1907685 30809 2.4 28 12 1 3 90%  73 4755 413 30%
c u 83.81 17 17 0 202 133412 1 1911773 32034 2.4 28 12 1 3 89%  73 4755 413 30%
c v 83.96 17 17 0 202 133412 1 1911773 29403 2.4 28 12 1 3 89%  73 4755 413 30%
c w 84.04 17 17 0 202 133412 1 1911773 29082 2.4 28 12 1 3 89%  73 4755 413 30%
c t 84.05 17 17 0 202 133412 1 1911773 29082 2.4 28 12 1 3 89%  72 4755 413 30%
c - 84.56 16 18 0 203 134513 2 1921898 27618 2.3 28 12 1 3 89%  72 4755 413 30%
c - 85.18 17 17 0 204 135346 2 1936146 28826 2.3 28 12 1 3 89%  72 4755 413 30%
c - 85.83 17 17 0 205 135703 1 1950428 28428 2.4 28 12 1 3 89%  73 4755 413 30%
c o 86.20 16 17 0 205 136328 2 1957877 34999 2.4 28 12 1 3 90%  73 4755 413 30%
c - 86.59 16 17 0 206 137170 2 1964748 29698 2.3 28 12 1 3 89%  73 4755 413 30%
c s 86.80 16 17 0 206 137309 2 1968588 33067 2.3 28 12 1 3 89%  73 4753 413 30%
c e 86.80 14 17 0 206 137309 2 1968588 33067 2.3 28 12 1 3 89%  69 4787 411 30%
c s 86.80 14 17 0 206 137309 2 1968588 33067 2.3 28 12 1 3 89%  69 4783 411 30%
c - 87.30 16 18 0 207 138041 2 1979101 30598 2.3 28 12 1 3 89%  69 4783 411 30%
c - 87.89 17 17 0 208 138041 1 1993488 30203 2.4 28 12 1 3 90%  69 4783 411 30%
c - 88.52 16 16 0 209 138048 1 2007911 27894 2.4 27 12 1 3 89%  69 4783 411 30%
c
c seconds  switched       rate           size/glue  tier1   binary      remaining
c        MB  reductions      conflicts         size   tier2   irredundant
c         level     restarts        redundant     glue   trail      variables
c
c - 89.21 17 17 0 210 139329 1 2022368 29954 2.3 27 12 1 3 89%  69 4783 411 30%
c - 89.88 17 17 0 211 139617 1 2036859 31921 2.4 28 12 1 3 89%  69 4783 411 30%
c - 90.88 17 17 0 212 139840 1 2051384 33061 2.4 28 11 1 3 89%  69 4783 411 30%
c u 91.67 17 16 0 212 140195 1 2061970 39167 2.4 28 11 1 3 89%  69 4783 411 30%
c v 91.84 18 16 0 212 140195 1 2061970 37007 2.4 28 11 1 3 89%  69 4783 411 30%
c w 91.93 18 16 0 212 140195 1 2061970 36462 2.4 28 11 1 3 89%  69 4783 411 30%
c - 92.08 16 16 0 213 140201 1 2065945 28775 2.5 28 11 1 3 89%  69 4783 411 30%
c - 92.70 16 16 0 214 140881 1 2080539 29251 2.5 28 11 1 3 89%  69 4783 411 30%
c - 93.34 17 16 0 215 140893 1 2095168 29530 2.6 29 11 1 3 90%  69 4783 411 30%
c - 94.13 17 16 0 216 142893 1 2109830 30051 2.5 29 12 1 3 90%  69 4783 411 30%
c - 94.87 17 17 0 217 144126 1 2124527 30374 2.4 29 12 1 3 89%  69 4783 411 30%
c - 95.56 17 17 0 218 144397 1 2139258 32442 2.6 30 11 1 3 90%  69 4783 411 30%
c - 96.36 17 17 0 219 146373 2 2154023 32763 2.4 29 12 1 3 89%  69 4783 411 30%
c o 96.56 16 17 0 219 146602 2 2158037 35969 2.4 29 12 1 3 89%  69 4783 411 30%
c - 97.22 15 17 0 220 147030 2 2168821 32386 2.5 29 12 1 3 89%  69 4783 411 30%
c - 97.82 17 17 0 221 147410 1 2183654 31942 2.5 30 12 1 3 89%  69 4783 411 30%
c - 98.44 17 17 0 222 148176 1 2198521 31031 2.5 29 12 1 3 89%  69 4783 411 30%
c - 99.25 17 17 0 223 149313 1 2213421 31418 2.4 29 12 1 3 89%  69 4783 411 30%
c u 99.64 14 17 0 223 149862 2 2218334 33669 2.4 29 12 1 3 89%  69 4783 411 30%
c v 99.81 14 17 0 223 149862 2 2218334 31568 2.4 29 12 1 3 89%  69 4783 411 30%
c
c seconds  switched       rate           size/glue  tier1   binary      remaining
c        MB  reductions      conflicts         size   tier2   irredundant
c         level     restarts        redundant     glue   trail      variables
c
c w 99.90 14 17 0 223 149862 2 2218334 31232 2.4 29 12 1 3 89%  69 4783 411 30%
c - 100.39 14 17 0 224 150453 2 2228355 28872 2.4 29 12 1 3 89%  69 4783 411 30%
c - 101.10 14 17 0 225 150952 1 2243323 28939 2.4 29 12 1 3 90%  69 4783 411 30%
c - 101.79 14 16 0 226 151378 1 2258323 28223 2.4 28 12 1 3 90%  69 4783 411 30%
c - 102.47 14 17 0 227 152017 1 2273356 29902 2.5 29 12 1 3 90%  69 4783 411 30%
c - 103.21 14 17 0 228 153505 2 2288423 30320 2.4 29 12 1 3 90%  69 4783 411 30%
c - 103.96 14 17 0 229 154843 2 2303524 31390 2.3 28 12 1 3 89%  69 4783 411 30%
c - 104.53 14 17 0 230 155213 2 2318656 29851 2.2 27 12 1 3 89%  69 4783 411 30%
c - 105.32 14 17 0 231 155607 1 2333822 31393 2.3 28 12 1 3 89%  69 4783 411 30%
c - 106.01 12 17 0 232 155607 1 2349021 32329 2.5 29 12 1 3 89%  69 4783 411 30%
c - 106.71 12 17 0 233 156062 1 2364253 32707 2.5 29 12 1 3 89%  69 4783 411 30%
c - 107.36 14 16 0 234 156067 1 2379517 31932 2.6 30 11 1 3 90%  69 4783 411 30%
c u 107.58 14 16 0 234 156067 1 2381021 31820 2.6 30 11 1 3 90%  69 4783 411 30%
c v 107.74 14 16 0 234 156067 1 2381021 29470 2.6 30 11 1 3 90%  69 4783 411 30%
c w 107.82 14 16 0 234 156067 1 2381021 28706 2.6 30 11 1 3 90%  69 4783 411 30%
c o 107.83 14 16 0 234 156067 1 2381021 28706 2.6 30 11 1 3 90%  69 4783 411 30%
c - 108.49 14 16 0 235 157675 1 2394814 28574 2.5 29 12 1 3 90%  69 4783 411 30%
c - 109.25 14 17 0 236 158887 1 2410143 30945 2.5 29 12 1 3 89%  69 4783 411 30%
c - 110.04 14 17 0 237 159306 1 2425505 33123 2.5 29 12 1 3 88%  69 4783 411 30%
c - 110.77 14 17 0 238 160505 1 2440899 33456 2.5 29 12 1 3 89%  69 4783 411 30%
c
c seconds   switched       rate           size/glue  tier1   binary      remaining
c         MB  reductions      conflicts         size   tier2   irredundant
c          level     restarts        redundant     glue   trail      variables
c
c - 111.76 12 16 0 239 160941 1 2456327 33130 2.6 30 12 1 3 89%  69 4783 411 30%
c - 112.59 14 17 0 240 162561 1 2471787 33319 2.5 29 12 1 3 89%  69 4783 411 30%
c - 113.42 14 17 0 241 164690 2 2487278 33972 2.4 29 12 1 3 89%  69 4783 411 30%
c - 114.07 15 17 0 242 164690 1 2502802 34559 2.5 30 12 1 3 90%  69 4783 411 30%
c - 114.89 15 17 0 243 165663 1 2518358 34641 2.5 30 12 1 3 90%  69 4783 411 30%
c - 115.71 15 17 0 244 167460 2 2533948 34986 2.4 30 12 1 3 90%  69 4783 411 30%
c - 116.60 15 17 0 245 167866 1 2549570 35631 2.5 31 12 1 3 90%  69 4783 411 30%
c u 116.80 15 17 0 245 167903 2 2550063 33781 2.5 30 12 1 3 90%  70 4783 411 30%
c v 117.01 15 17 0 245 167903 2 2550063 31455 2.5 30 12 1 3 90%  70 4783 411 30%
c w 117.10 15 17 0 245 167903 2 2550063 31152 2.5 30 12 1 3 90%  70 4783 411 30%
c - 118.79 34 17 0 246 168895 2 2565226 31455 2.5 30 12 1 3 90%  70 4783 411 30%
c - 119.41 35 17 0 247 169106 1 2580911 30012 2.4 29 12 1 3 90%  70 4783 411 30%
c - 120.07 35 17 0 248 169420 1 2596628 29988 2.4 28 12 1 3 90%  70 4783 411 30%
c o 120.29 35 17 0 248 169499 1 2601700 34692 2.4 28 12 1 3 90%  70 4783 411 30%
c - 120.90 35 17 0 249 170312 1 2612377 32368 2.4 28 12 1 3 89%  70 4783 411 30%
c - 121.71 36 17 0 250 171108 1 2628157 34516 2.4 29 12 1 3 89%  70 4783 411 30%
c - 122.32 36 16 0 251 171414 1 2643968 33066 2.3 27 12 1 3 90%  70 4783 411 30%
c - 123.06 34 16 0 252 172436 1 2659811 32186 2.3 27 12 1 3 90%  70 4783 411 30%
c - 123.64 35 16 0 253 172557 1 2675685 31692 2.2 26 11 1 3 90%  70 4783 411 30%
c - 124.33 35 16 0 254 172929 1 2691592 32000 2.3 26 11 1 3 90%  70 4783 411 30%
c
c seconds   switched       rate           size/glue  tier1   binary      remaining
c         MB  reductions      conflicts         size   tier2   irredundant
c          level     restarts        redundant     glue   trail      variables
c
c - 125.14 35 16 0 255 174283 1 2707529 33581 2.2 26 12 1 3 90%  70 4783 411 30%
c - 126.01 36 16 0 256 174642 1 2723498 35307 2.4 27 11 1 3 90%  70 4783 411 30%
c u 126.28 36 16 0 256 174642 1 2725521 36260 2.4 27 11 1 3 90%  70 4783 411 30%
c v 126.40 36 16 0 256 174642 1 2725521 34754 2.4 27 11 1 3 90%  70 4783 411 30%
c w 126.47 36 16 0 256 174642 1 2725521 34600 2.4 27 11 1 3 90%  70 4783 411 30%
c x 126.50 36 16 0 256 174642 1 2725521 34590 2.4 27 11 1 3 90%  70 4760 411 30%
c - 127.30 36 17 0 257 176394 1 2739498 33895 2.4 28 12 1 3 90%  70 4760 411 30%
c - 128.16 36 17 0 258 176731 1 2755530 36235 2.5 29 11 1 3 90%  70 4760 411 30%
c - 129.24 37 16 0 259 177053 1 2771592 36898 2.7 31 11 1 3 91%  70 4760 411 30%
c s 129.48 37 16 0 259 177061 1 2777532 42738 2.8 31 11 1 3 91%  70 4759 411 30%
c - 130.09 37 16 0 260 178281 1 2787688 35974 2.7 31 11 1 3 91%  70 4759 411 30%
c - 131.03 37 17 0 261 179697 1 2803813 36108 2.6 30 12 1 3 90%  70 4759 411 30%
c - 131.83 37 17 0 262 181207 2 2819969 35679 2.5 30 12 1 3 90%  70 4759 411 30%
c o 132.51 37 17 0 262 181978 2 2833216 47744 2.5 30 12 1 3 90%  70 4759 411 30%
c - 132.70 37 17 0 263 182360 2 2836155 35865 2.5 30 12 1 3 90%  70 4759 411 30%
c - 133.56 37 18 0 264 183962 2 2852372 36159 2.4 30 12 1 3 90%  70 4759 411 30%
c - 134.52 37 17 0 265 184439 2 2868620 37834 2.5 30 12 1 3 90%  70 4759 411 30%
c - 135.39 37 17 0 266 184488 1 2884899 38629 2.6 30 12 1 3 90%  70 4759 411 30%
c - 136.24 37 16 0 267 184501 1 2901208 38758 2.7 30 11 1 3 91%  70 4759 411 30%
c u 136.75 37 16 0 267 184501 1 2907567 41468 2.7 30 11 1 3 91%  70 4759 411 30%
c
c seconds   switched       rate           size/glue  tier1   binary      remaining
c         MB  reductions      conflicts         size   tier2   irredundant
c          level     restarts        redundant     glue   trail      variables
c
c v 136.98 37 16 0 267 184501 1 2907567 38709 2.7 30 11 1 3 91%  70 4759 411 30%
c w 137.10 37 16 0 267 184501 1 2907567 34390 2.7 30 11 1 3 91%  70 4759 411 30%
c - 137.49 34 16 0 268 184957 1 2917548 30814 2.6 29 11 1 3 91%  70 4759 411 30%
c - 138.33 35 16 0 269 186419 1 2933919 32787 2.5 28 11 1 3 90%  70 4759 411 30%
c - 139.21 36 17 0 270 188960 2 2950321 33566 2.4 28 12 1 3 90%  70 4759 411 30%
c - 139.91 36 17 0 271 189452 1 2966753 33035 2.3 28 12 1 3 90%  70 4759 411 30%
c - 140.70 36 16 0 272 190310 1 2983216 32298 2.3 27 12 1 3 90%  70 4759 411 30%
c - 141.49 36 17 0 273 191047 1 2999709 34525 2.4 28 12 1 3 90%  70 4759 411 30%
c - 142.45 36 16 0 274 191359 1 3016232 34726 2.4 28 12 1 3 91%  70 4759 411 30%
c - 143.26 36 16 0 275 191372 1 3032784 35639 2.6 29 11 1 3 92%  70 4759 411 30%
c - 144.23 36 16 0 276 192221 1 3049369 37690 2.5 29 11 1 3 91%  70 4759 411 30%
c - 145.22 36 17 0 277 194379 1 3065983 37951 2.4 28 12 1 3 90%  70 4759 411 30%
c o 145.89 36 16 0 277 194974 1 3076941 47270 2.4 28 12 1 3 90%  70 4759 411 30%
c - 146.26 36 17 0 278 195235 1 3082628 39074 2.4 28 12 1 3 89%  70 4759 411 30%
c u 147.21 36 17 0 278 195235 1 3096143 50542 2.6 29 11 1 3 89%  70 4759 411 30%
c v 147.45 36 17 0 278 195235 1 3096143 48589 2.6 29 11 1 3 89%  70 4759 411 30%
c w 147.57 36 17 0 278 195235 1 3096143 48420 2.6 29 11 1 3 89%  70 4759 411 30%
c - 147.78 36 17 0 279 195772 1 3099302 37925 2.5 29 11 1 3 89%  70 4759 411 30%
c - 148.73 36 17 0 280 196357 1 3116006 39583 2.5 28 11 1 3 87%  70 4759 411 30%
c - 149.82 36 17 0 281 197113 1 3132739 39942 2.4 28 11 1 3 87%  70 4759 411 30%
c
c seconds   switched       rate           size/glue  tier1   binary      remaining
c         MB  reductions      conflicts         size   tier2   irredundant
c          level     restarts        redundant     glue   trail      variables
c
c - 150.94 36 17 0 282 198297 1 3149503 40620 2.4 28 12 1 3 86%  70 4759 411 30%
c - 152.02 36 18 0 283 199878 2 3166295 40523 2.3 28 12 1 3 86%  70 4759 411 30%
c - 152.94 36 17 0 284 200990 2 3183117 39137 2.3 27 12 1 3 87%  70 4759 411 30%
c - 153.86 36 18 0 285 202417 2 3199969 38549 2.2 27 12 1 3 87%  70 4759 411 30%
c - 154.62 36 17 0 286 202713 1 3216851 36885 2.1 26 12 1 3 88%  70 4759 411 30%
c - 155.72 36 17 0 287 203226 1 3233763 38364 2.2 26 12 1 3 88%  70 4759 411 30%
c - 156.68 36 17 0 288 204372 1 3250704 39748 2.2 26 12 1 3 88%  70 4759 411 30%
c - 157.45 36 17 0 289 205394 1 3267674 38517 2.1 25 12 1 3 88%  70 4759 411 30%
c - 158.09 34 16 0 290 205397 1 3284674 36245 2.1 24 11 1 3 88%  70 4759 411 30%
c u 158.54 34 16 0 290 205912 1 3291243 39431 2.1 24 11 1 3 88%  70 4759 411 30%
c v 158.71 34 16 0 290 205912 1 3291243 36935 2.1 24 11 1 3 88%  70 4759 411 30%
c w 158.79 34 16 0 290 205912 1 3291243 36069 2.1 24 11 1 3 88%  70 4759 411 30%
c x 158.82 34 16 0 290 205912 1 3291243 36069 2.1 24 11 1 3 88%  70 4750 411 30%
c - 159.19 35 16 0 291 206410 1 3301704 33709 2.0 23 11 1 3 86%  70 4750 411 30%
c - 159.94 35 16 0 292 207587 1 3318762 35796 2.0 23 12 1 3 84%  70 4750 411 30%
c o 160.63 36 16 0 292 207713 1 3333168 49788 2.2 25 11 1 3 86%  70 4750 411 30%
c - 160.79 36 16 0 293 208049 1 3335851 36969 2.2 25 11 1 3 86%  70 4750 411 30%
c - 161.67 36 16 0 294 209302 1 3352968 37465 2.2 25 12 1 3 85%  70 4750 411 30%
c - 162.62 36 17 0 295 211268 2 3370114 37925 2.1 26 12 1 3 86%  70 4750 411 30%
c - 163.57 36 17 0 296 212271 2 3387289 39680 2.2 26 12 1 3 85%  70 4750 411 30%
c
c seconds   switched       rate           size/glue  tier1   binary      remaining
c         MB  reductions      conflicts         size   tier2   irredundant
c          level     restarts        redundant     glue   trail      variables
c
c - 164.60 36 17 0 297 213178 2 3404494 41213 2.2 27 12 1 3 86%  70 4750 411 30%
c - 165.51 37 17 0 298 213234 1 3421727 40886 2.5 29 12 1 3 87%  70 4750 411 30%
c - 166.54 37 17 0 299 215028 2 3438989 40613 2.4 29 12 1 3 88%  70 4750 411 30%
c - 167.42 37 17 0 300 215764 1 3456280 40794 2.5 29 12 1 3 88%  70 4750 411 30%
c - 168.26 37 17 0 301 216169 1 3473600 39781 2.5 29 12 1 3 89%  70 4750 411 30%
c - 169.15 37 16 0 302 216908 1 3490949 39359 2.4 28 12 1 3 89%  70 4750 411 30%
c u 169.47 37 16 0 302 217230 1 3492992 38749 2.4 28 12 1 3 89%  70 4750 411 30%
c v 169.71 37 16 0 302 217230 1 3492992 35826 2.4 28 12 1 3 89%  70 4750 411 30%
c w 169.82 37 16 0 302 217230 1 3492992 35532 2.4 28 12 1 3 89%  70 4750 411 30%
c - 170.72 37 17 0 303 218465 1 3508327 36031 2.3 28 12 1 3 89%  70 4750 411 30%
c - 171.42 37 16 0 304 218465 1 3525733 35769 2.3 26 12 1 3 89%  70 4750 411 30%
c - 172.17 34 15 0 305 218732 1 3543168 34459 2.2 25 11 1 3 89%  70 4750 411 30%
c - 173.25 36 15 0 306 219448 1 3560632 38123 2.4 27 11 1 3 90%  70 4750 411 30%
c - 174.22 36 16 0 307 220845 1 3578126 39301 2.4 27 11 1 3 89%  70 4750 411 30%
c o 175.02 36 16 0 307 221616 1 3593215 53187 2.5 28 11 1 3 89%  70 4750 411 30%
c - 175.19 37 16 0 308 222038 1 3595647 39587 2.4 28 11 1 3 89%  70 4750 411 30%
c - 176.29 37 16 0 309 222479 1 3613196 40730 2.5 28 11 1 3 89%  70 4750 411 30%
c - 177.22 37 16 0 310 223703 1 3630774 41111 2.5 29 11 1 3 89%  70 4750 411 30%
c - 178.15 37 17 0 311 224698 1 3648380 41310 2.6 29 11 1 3 89%  70 4750 411 30%
c - 179.10 37 16 0 312 225480 1 3666015 40621 2.5 28 11 1 3 90%  70 4750 411 30%
c
c seconds   switched       rate           size/glue  tier1   binary      remaining
c         MB  reductions      conflicts         size   tier2   irredundant
c          level     restarts        redundant     glue   trail      variables
c
c - 180.11 37 17 0 313 227586 2 3683679 39829 2.3 27 12 1 3 89%  70 4750 411 30%
c u 181.36 37 17 0 313 228775 2 3701333 53230 2.3 27 12 1 3 89%  70 4750 411 30%
c v 181.63 37 17 0 313 228775 2 3701333 51068 2.3 27 12 1 3 89%  70 4750 411 30%
c w 181.78 37 17 0 313 228775 2 3701333 50618 2.3 27 12 1 3 89%  70 4750 411 30%
c - 183.09 39 17 0 314 228775 2 3701371 36982 2.3 27 12 1 3 89%  70 4750 411 30%
c - 184.06 39 17 0 315 229546 2 3719092 38412 2.3 27 12 1 3 89%  70 4750 411 30%
c - 185.02 39 16 0 316 229561 1 3736840 37938 2.3 27 12 1 2 89%  70 4750 411 30%
c - 185.86 39 15 0 317 229568 1 3754618 35768 2.3 26 11 1 2 90%  70 4750 411 30%
c - 186.77 39 15 0 318 230494 1 3772424 36248 2.2 25 11 1 3 90%  70 4750 411 30%
c - 187.81 39 16 0 319 232461 1 3790256 38069 2.2 25 12 1 2 90%  70 4750 411 30%
c - 188.92 39 16 0 320 233630 2 3808117 38595 2.2 25 12 1 2 90%  70 4750 411 30%
c - 189.84 39 16 0 321 235136 2 3826005 39691 2.2 26 12 1 2 90%  70 4750 411 30%
c - 190.62 39 16 0 322 235563 1 3843921 41451 2.3 27 12 1 2 90%  70 4750 411 30%
c - 191.54 39 16 0 323 235969 1 3861865 41004 2.4 27 11 1 2 91%  70 4750 411 30%
c o 191.61 39 16 0 323 235970 1 3863356 42431 2.4 27 11 1 2 91%  70 4750 411 30%
c - 192.39 39 15 0 324 236034 1 3879838 39453 2.4 26 11 1 2 90%  70 4750 411 30%
c - 193.14 39 15 0 325 236235 1 3897840 36598 2.3 25 11 1 2 90%  70 4750 411 30%
c - 194.03 39 15 0 326 237573 1 3915867 37050 2.2 24 11 1 2 90%  70 4750 411 30%
c u 194.28 39 15 0 326 237654 1 3916331 35441 2.2 24 11 1 2 90%  70 4750 411 30%
c v 194.45 39 15 0 326 237654 1 3916331 33289 2.2 24 11 1 2 90%  70 4750 411 30%
c
c seconds   switched       rate           size/glue  tier1   binary      remaining
c         MB  reductions      conflicts         size   tier2   irredundant
c          level     restarts        redundant     glue   trail      variables
c
c w 194.62 39 15 0 326 237654 1 3916331 30698 2.2 24 11 1 2 90%  70 4750 411 30%
c - 195.49 39 14 0 327 237874 1 3933922 35330 2.3 24 11 1 2 91%  70 4750 411 30%
c - 196.45 39 15 0 328 239818 1 3952006 38050 2.2 25 11 1 2 90%  71 4750 411 30%
c - 197.39 39 15 0 329 241206 2 3970116 37379 2.2 24 11 1 2 90%  71 4750 411 30%
c - 198.30 39 15 0 330 242508 2 3988254 37234 2.1 24 11 1 2 90%  71 4750 411 30%
c - 199.31 39 16 0 331 243714 2 4006419 38948 2.1 25 12 1 2 88%  71 4750 411 30%
c - 200.41 39 16 0 332 245475 2 4024613 40109 2.1 25 12 1 2 88%  71 4750 411 30%
c - 201.56 39 17 0 333 246389 2 4042833 41494 2.1 25 12 1 2 87%  71 4750 411 30%
c - 202.63 39 16 0 334 246552 1 4061082 42095 2.3 26 11 1 2 88%  71 4750 411 30%
c - 203.71 39 16 0 335 246576 1 4079357 39712 2.4 27 11 1 2 90%  71 4750 411 30%
c - 204.80 39 16 0 336 247952 1 4097661 40667 2.4 27 11 1 2 90%  71 4750 411 30%
c - 205.91 39 16 0 337 249702 2 4115992 41827 2.3 27 12 1 2 89%  71 4750 411 30%
c - 206.79 39 16 0 338 249999 1 4134349 40295 2.3 26 11 1 2 90%  71 4750 411 30%
c u 207.13 39 16 0 338 250002 1 4138020 41556 2.3 26 11 1 2 90%  71 4750 411 30%
c v 207.32 39 16 0 338 250002 1 4138020 39697 2.3 26 11 1 2 90%  71 4750 411 30%
c w 207.42 39 16 0 338 250002 1 4138020 39259 2.3 26 11 1 2 90%  71 4750 411 30%
c x 207.45 39 16 0 338 250002 1 4138020 39255 2.3 26 11 1 2 90%  71 4734 411 30%
c - 208.11 39 15 0 339 250345 1 4152734 36743 2.3 26 11 1 2 90%  71 4734 411 30%
c o 208.27 39 15 0 339 250355 1 4157330 41087 2.4 27 11 1 2 90%  71 4734 411 30%
c - 209.01 39 16 0 340 251728 2 4171145 38516 2.3 26 11 1 2 90%  71 4734 411 30%
c
c seconds   switched       rate           size/glue  tier1   binary      remaining
c         MB  reductions      conflicts         size   tier2   irredundant
c          level     restarts        redundant     glue   trail      variables
c
c - 210.00 39 16 0 341 253098 2 4189584 39446 2.2 26 12 1 2 89%  71 4734 411 30%
c - 211.16 39 16 0 342 254419 2 4208050 41037 2.2 25 12 1 2 88%  71 4734 411 30%
c - 212.29 39 17 0 343 256612 2 4226543 41633 2.1 26 12 1 2 88%  71 4734 411 30%
c - 213.36 39 17 0 344 256913 2 4245064 42708 2.3 27 12 1 2 89%  71 4734 411 30%
c - 214.60 39 17 0 345 258532 2 4263611 43037 2.2 27 12 1 2 89%  71 4734 411 30%
c - 215.78 39 17 0 346 259302 2 4282185 44138 2.3 28 12 1 2 89%  71 4734 411 30%
c - 216.77 39 17 0 347 259500 2 4300787 44347 2.4 28 12 1 2 89%  71 4734 411 30%
c - 217.85 39 17 0 348 260837 2 4319414 44490 2.4 29 12 1 2 89%  71 4734 411 30%
c - 218.86 40 17 0 349 261765 2 4338068 45092 2.5 30 12 1 2 90%  71 4734 411 30%
c - 220.01 40 17 0 350 263606 2 4356749 44849 2.4 29 12 1 2 89%  71 4734 411 30%
c u 220.80 40 17 0 350 263606 2 4366542 50091 2.4 28 12 1 2 90%  71 4734 411 30%
c v 221.06 40 17 0 350 263606 2 4366542 47786 2.4 28 12 1 2 90%  71 4734 411 30%
c w 221.19 40 17 0 350 263606 2 4366542 46857 2.4 28 12 1 2 90%  71 4734 411 30%
c - 221.66 40 17 0 351 264125 2 4375457 39899 2.4 28 12 1 2 90%  71 4734 411 30%
c - 222.61 40 17 0 352 265351 2 4394191 39738 2.3 27 12 1 2 90%  71 4734 411 30%
c - 223.52 40 17 0 353 265569 1 4412953 41324 2.4 28 12 1 2 90%  71 4734 411 30%
c - 224.55 40 17 0 354 266474 1 4431741 41147 2.4 28 12 1 2 90%  71 4734 411 30%
c - 225.28 40 16 0 355 266558 1 4450556 40628 2.4 27 11 1 2 90%  71 4734 411 30%
c - 225.97 40 15 0 356 266558 1 4469399 39090 2.4 26 11 1 2 90%  71 4734 411 30%
c o 226.05 40 15 0 356 266568 1 4471573 40585 2.4 25 11 1 2 90%  71 4734 411 30%
c
c seconds   switched       rate           size/glue  tier1   binary      remaining
c         MB  reductions      conflicts         size   tier2   irredundant
c          level     restarts        redundant     glue   trail      variables
c
c - 226.97 40 15 0 357 268293 1 4488268 41493 2.3 26 11 1 2 90%  71 4734 411 30%
c s 227.43 40 15 0 357 268597 1 4498620 49949 2.4 26 11 1 2 91%  72 4733 411 30%
c e 227.43 40 15 0 357 268597 1 4498620 49949 2.4 26 11 1 2 91%  71 4750 410 30%
c - 227.96 40 15 0 358 269447 1 4507163 41822 2.3 26 11 1 2 90%  71 4750 410 30%
c - 229.18 40 16 0 359 271917 2 4526084 42754 2.3 26 12 1 2 90%  71 4750 410 30%
c - 230.22 40 16 0 360 272346 2 4545031 40911 2.4 27 12 1 2 91%  71 4750 410 30%
c - 231.20 40 16 0 361 273169 2 4564005 39362 2.4 28 12 1 2 91%  71 4750 410 30%
c - 232.09 40 15 0 362 273312 1 4583006 40663 2.5 28 11 1 2 91%  71 4750 410 30%
c u 233.19 40 15 0 362 273333 1 4601823 54063 2.5 28 11 1 2 91%  71 4750 410 30%
c v 233.42 40 15 0 362 273333 1 4601823 52208 2.5 28 11 1 2 91%  71 4750 410 30%
c w 233.61 40 15 0 362 273333 1 4601823 50770 2.5 28 11 1 2 91%  71 4750 410 30%
c - 233.63 40 15 0 363 273364 1 4602033 40102 2.5 28 11 1 2 91%  71 4750 410 30%
c - 234.56 40 15 0 364 274398 1 4621087 39981 2.4 26 11 1 2 91%  71 4750 410 30%
c - 235.54 40 15 0 365 275983 1 4640166 38144 2.3 25 11 1 2 90%  71 4750 410 30%
c - 236.70 40 16 0 366 277997 2 4659270 39594 2.2 26 12 1 2 90%  71 4750 410 30%
c - 237.75 40 16 0 367 279367 2 4678401 40330 2.2 25 12 1 2 89%  71 4750 410 30%
c - 238.99 40 16 0 368 280675 2 4697558 42324 2.2 26 12 1 2 89%  71 4750 410 30%
c - 239.98 40 16 0 369 281037 2 4716742 43064 2.3 27 11 1 2 90%  71 4750 410 30%
c - 240.90 40 15 0 370 281058 1 4735951 43994 2.5 27 11 1 2 90%  71 4750 410 30%
c - 242.09 40 15 0 371 283312 2 4755186 44909 2.4 27 11 1 2 90%  71 4750 410 30%
c
c seconds   switched       rate           size/glue  tier1   binary      remaining
c         MB  reductions      conflicts         size   tier2   irredundant
c          level     restarts        redundant     glue   trail      variables
c
c - 243.05 40 15 0 372 283603 1 4774448 43195 2.4 27 11 1 2 90%  71 4750 410 30%
c o 243.28 40 15 0 372 283630 1 4779272 46204 2.4 26 11 1 2 90%  71 4750 410 30%
c - 244.14 40 15 0 373 284851 1 4793737 42695 2.3 26 11 1 2 90%  71 4750 410 30%
c - 245.24 40 15 0 374 285653 1 4813053 45731 2.4 27 11 1 2 90%  71 4750 410 30%
c - 246.46 40 16 0 375 287651 2 4832393 46775 2.3 27 11 1 2 90%  71 4750 410 30%
c u 247.44 40 16 0 375 289272 2 4843771 54286 2.3 27 12 1 2 90%  71 4750 410 30%
c v 247.70 40 16 0 375 289272 2 4843771 52064 2.3 27 12 1 2 90%  71 4750 410 30%
c w 247.91 40 16 0 375 289272 2 4843771 51508 2.3 27 12 1 2 90%  71 4750 410 30%
c - 248.42 40 17 0 376 290647 2 4851758 41468 2.2 27 12 1 2 90%  71 4750 410 30%
c - 249.62 40 17 0 377 291133 2 4871148 43207 2.3 27 12 1 2 89%  71 4750 410 30%
c - 250.93 40 17 0 378 291800 2 4890564 46486 2.4 28 12 1 2 88%  71 4750 410 30%
c - 252.01 40 17 0 379 292794 2 4910007 46396 2.4 28 12 1 2 88%  71 4750 410 30%
c - 253.35 40 17 0 380 294081 2 4929474 45230 2.3 27 12 1 2 88%  71 4750 410 30%
c - 254.49 40 17 0 381 295298 2 4948967 46432 2.4 28 12 1 2 88%  71 4750 410 30%
c - 255.81 40 17 0 382 297080 2 4968487 46264 2.4 29 12 1 2 89%  71 4750 410 30%
c - 257.03 40 17 0 383 298102 2 4988031 46213 2.4 29 12 1 2 89%  71 4750 410 30%
c - 258.39 40 17 0 384 298755 2 5007602 48069 2.5 29 12 1 2 88%  71 4750 410 30%
c - 259.69 40 18 0 385 300789 2 5027198 48322 2.4 29 12 1 2 88%  71 4750 410 30%
c - 260.80 40 17 0 386 302118 2 5046820 46440 2.3 28 12 1 2 88%  71 4750 410 30%
c - 261.75 40 17 0 387 302582 2 5066468 44163 2.2 26 12 1 2 89%  71 4750 410 30%
c
c seconds   switched       rate           size/glue  tier1   binary      remaining
c         MB  reductions      conflicts         size   tier2   irredundant
c          level     restarts        redundant     glue   trail      variables
c
c - 262.68 40 16 0 388 302634 1 5086140 43395 2.2 25 11 1 2 89%  71 4750 410 30%
c u 263.34 40 16 0 388 302634 1 5092540 45516 2.3 26 11 1 2 89%  71 4750 410 30%
c v 263.63 40 16 0 388 302634 1 5092540 42821 2.3 26 11 1 2 89%  71 4750 410 30%
c w 263.89 40 16 0 388 302634 1 5092540 41543 2.3 26 11 1 2 89%  71 4750 410 30%
c o 263.89 40 16 0 388 302634 1 5092540 41543 2.3 26 11 1 2 89%  71 4750 410 30%
c - 264.70 40 16 0 389 304070 2 5105837 38655 2.2 26 12 1 2 89%  71 4750 410 30%
c - 265.55 40 16 0 390 304900 2 5125561 39207 2.2 26 11 1 2 90%  71 4750 410 30%
c - 266.33 40 15 0 391 304900 1 5145310 38010 2.2 24 11 1 2 90%  71 4750 410 30%
c - 267.12 40 14 0 392 304900 1 5165084 36729 2.1 22 11 1 2 90%  71 4750 410 30%
c - 268.15 40 15 0 393 306903 1 5184882 39129 2.0 22 11 1 2 90%  72 4750 410 30%
c - 269.30 40 16 0 394 309639 2 5204706 39650 2.0 23 12 1 2 89%  72 4750 410 30%
c - 270.12 40 15 0 395 309954 2 5224556 39935 2.0 22 11 1 2 90%  72 4750 410 30%
c - 271.00 40 14 0 396 309968 1 5244431 41340 2.1 22 11 1 2 89%  72 4750 410 30%
c - 272.26 40 16 0 397 312843 2 5264331 42826 2.0 23 11 1 2 89%  72 4750 410 30%
c - 273.58 40 15 0 398 313183 2 5284257 44361 2.0 22 11 1 2 86%  72 4750 410 30%
c - 274.91 40 15 0 399 314800 2 5304206 44650 2.0 23 11 1 2 87%  72 4750 410 30%
c - 276.05 40 15 0 400 315779 2 5324180 44137 2.0 23 11 1 2 87%  72 4750 410 30%
c - 277.23 40 16 0 401 317793 2 5344182 44048 2.0 23 12 1 2 87%  72 4750 410 30%
c u 277.66 40 16 0 401 318273 2 5348162 46410 2.0 24 12 1 2 87%  72 4750 410 30%
c v 277.86 40 16 0 401 318273 2 5348162 44211 2.0 24 12 1 2 87%  72 4750 410 30%
c
c seconds   switched       rate           size/glue  tier1   binary      remaining
c         MB  reductions      conflicts         size   tier2   irredundant
c          level     restarts        redundant     glue   trail      variables
c
c w 277.97 40 16 0 401 318273 2 5348162 43915 2.0 24 12 1 2 87%  72 4750 410 30%
c x 278.01 40 16 0 401 318273 2 5348162 43906 2.0 24 12 1 2 87%  72 4729 410 30%
c - 280.16 40 16 0 402 318421 2 5364206 40267 2.0 23 11 1 2 87%  72 4729 410 30%
c - 281.01 40 15 0 403 318421 1 5384256 38997 1.9 21 11 1 2 88%  72 4729 410 30%
c - 281.97 40 14 0 404 319003 1 5404330 41199 2.0 22 11 1 2 88%  73 4728 410 30%
c o 282.46 40 15 0 404 319476 1 5414581 50698 2.1 23 11 1 2 89%  73 4728 410 30%
c - 283.13 40 15 0 405 321008 2 5424429 42454 2.1 23 11 1 2 89%  73 4728 410 30%
c - 284.52 40 15 0 406 322390 2 5444554 43791 2.2 25 11 1 2 89%  73 4728 410 30%
c - 285.81 40 16 0 407 323931 2 5464703 45902 2.3 26 11 1 2 89%  73 4728 410 30%
c - 287.04 40 16 0 408 325643 2 5484878 45745 2.2 26 12 1 2 90%  73 4728 410 30%
c - 288.20 40 16 0 409 326895 2 5505078 44532 2.2 26 12 1 2 90%  73 4728 410 30%
c - 289.07 40 16 0 410 327792 2 5525302 43157 2.1 25 12 1 2 89%  73 4728 410 30%
c - 290.09 40 16 0 411 329110 2 5545551 43796 2.1 25 12 1 2 89%  73 4728 410 30%
c - 291.40 40 16 0 412 330791 2 5565824 46017 2.1 25 12 1 2 89%  73 4728 410 30%
c - 292.27 40 15 0 413 330944 2 5586122 46090 2.1 23 11 1 2 89%  74 4728 410 30%
c - 293.53 40 15 0 414 331797 2 5606444 47719 2.2 24 11 1 2 90%  74 4728 410 30%
c u 294.06 40 15 0 414 331800 1 5610842 49366 2.2 24 11 1 2 90%  74 4728 410 30%
c v 294.31 40 15 0 414 331800 1 5610842 46990 2.2 24 11 1 2 90%  74 4728 410 30%
c w 294.53 40 15 0 414 331800 1 5610842 43109 2.2 24 11 1 2 90%  74 4728 410 30%
c - 295.53 40 15 0 415 332647 1 5626791 42168 2.3 25 11 1 2 90%  74 4728 410 30%
c
c seconds   switched       rate           size/glue  tier1   binary      remaining
c         MB  reductions      conflicts         size   tier2   irredundant
c          level     restarts        redundant     glue   trail      variables
c
c - 296.55 40 15 0 416 333141 1 5647162 42239 2.3 25 11 1 2 90%  74 4728 410 30%
c - 297.77 40 15 0 417 334649 1 5667558 42827 2.3 25 11 1 2 90%  74 4728 410 30%
c - 298.82 40 15 0 418 335886 1 5687979 43835 2.4 26 11 1 2 90%  74 4728 410 30%
c - 300.07 40 15 0 419 336945 1 5708425 45780 2.4 27 11 1 2 90%  74 4728 410 30%
c - 301.56 40 16 0 420 338497 2 5728894 47757 2.4 27 11 1 2 89%  74 4728 410 30%
c o 302.53 40 17 0 420 340732 2 5744689 60735 2.3 27 12 1 2 89%  74 4728 410 30%
c - 302.88 40 17 0 421 341506 2 5749387 46144 2.3 27 12 1 2 89%  74 4728 410 30%
c s 303.28 40 17 0 421 341643 2 5755705 52132 2.3 27 12 1 2 89%  74 4723 410 30%
c s 303.28 40 17 0 421 341643 2 5755705 52132 2.3 27 12 1 2 89%  74 4722 410 30%
c - 304.13 40 17 0 422 343088 2 5769905 45282 2.2 27 12 1 2 89%  74 4722 410 30%
c - 305.27 40 17 0 423 344171 2 5790447 44998 2.1 25 12 1 2 89%  74 4722 410 30%
c - 306.48 40 17 0 424 345449 2 5811013 46681 2.2 26 12 1 2 89%  74 4722 410 30%
c - 307.55 40 17 0 425 345599 2 5831605 48116 2.3 27 12 1 2 88%  74 4722 410 30%
c - 308.87 40 16 0 426 346120 1 5852221 49137 2.4 27 11 1 2 89%  74 4722 410 30%
c - 310.07 40 16 0 427 347769 2 5872861 48431 2.3 27 12 1 2 89%  74 4722 410 30%
c u 310.70 40 16 0 427 347769 1 5880436 52337 2.3 27 12 1 2 89%  74 4722 410 30%
c v 310.99 40 16 0 427 347769 1 5880436 49749 2.3 27 12 1 2 89%  74 4722 410 30%
c w 311.24 40 16 0 427 347769 1 5880436 47877 2.3 27 12 1 2 89%  74 4722 410 30%
c - 311.99 40 16 0 428 348661 2 5893525 43115 2.3 27 12 1 2 89%  74 4722 410 30%
c - 313.14 40 16 0 429 349788 2 5914213 43060 2.2 26 12 1 2 90%  74 4722 410 30%
c
c seconds   switched       rate           size/glue  tier1   binary      remaining
c         MB  reductions      conflicts         size   tier2   irredundant
c          level     restarts        redundant     glue   trail      variables
c
c - 314.32 40 15 0 430 350366 1 5934926 44471 2.3 26 11 1 2 90%  74 4722 410 30%
c - 315.47 40 15 0 431 350366 1 5955662 48678 2.6 28 11 1 2 91%  74 4722 410 30%
c - 316.68 40 15 0 432 352121 1 5976423 48288 2.5 27 11 1 2 91%  74 4722 410 30%
c - 318.08 40 16 0 433 354495 2 5997207 46852 2.4 27 11 1 2 90%  74 4722 410 30%
c - 319.29 40 16 0 434 355972 2 6018016 46097 2.3 27 12 1 2 91%  74 4722 410 30%
c - 320.38 40 16 0 435 357119 2 6038848 46227 2.4 27 12 1 2 90%  74 4722 410 30%
c - 321.51 40 16 0 436 357369 1 6059707 47088 2.5 28 11 1 2 91%  74 4722 410 30%
c - 322.97 40 16 0 437 358697 2 6080587 48838 2.5 28 11 1 2 91%  74 4722 410 30%
c o 323.23 40 16 0 437 359320 2 6084945 52558 2.5 28 11 1 2 91%  74 4722 410 30%
c - 324.40 40 16 0 438 360439 2 6101492 50676 2.5 28 11 1 2 90%  74 4722 410 30%
c - 325.61 40 16 0 439 360972 1 6122422 50478 2.5 28 11 1 2 90%  74 4722 410 30%
c - 326.86 40 15 0 440 361851 1 6143375 49815 2.6 29 11 1 2 90%  74 4722 410 30%
c u 328.04 40 16 0 440 363160 1 6157040 58248 2.5 29 11 1 2 90%  74 4722 410 30%
c v 328.39 40 16 0 440 363160 1 6157040 55790 2.5 29 11 1 2 90%  74 4722 410 30%
c w 328.55 40 16 0 440 363160 1 6157040 54642 2.5 29 11 1 2 90%  74 4722 410 30%
c - 329.05 40 16 0 441 364038 2 6164351 44209 2.5 28 12 1 2 90%  74 4722 410 30%
c - 330.48 40 16 0 442 364675 1 6185352 46625 2.4 28 11 1 2 88%  74 4722 410 30%
c - 331.93 40 17 0 443 366392 2 6206375 48452 2.4 27 12 1 2 87%  74 4722 410 30%
c - 333.34 40 16 0 444 366814 1 6227422 49328 2.4 27 11 1 2 87%  74 4722 410 30%
c - 334.41 40 16 0 445 366814 1 6248493 50156 2.5 27 11 1 2 88%  74 4722 410 30%
c
c seconds   switched       rate           size/glue  tier1   binary      remaining
c         MB  reductions      conflicts         size   tier2   irredundant
c          level     restarts        redundant     glue   trail      variables
c
c - 335.69 40 15 0 446 368213 1 6269588 50352 2.4 26 11 1 2 88%  74 4722 410 30%
c - 336.94 40 15 0 447 369902 2 6290707 49205 2.3 25 11 1 2 89%  75 4721 410 30%
c - 337.97 40 15 0 448 370911 2 6311850 47525 2.2 24 11 1 2 89%  75 4721 410 30%
c - 338.92 40 14 0 449 370913 1 6333017 45287 2.1 23 11 1 2 89%  75 4721 410 30%
c - 340.29 40 15 0 450 372121 1 6354206 48562 2.3 24 11 1 2 89%  75 4721 410 30%
c - 341.77 40 16 0 451 375012 2 6375419 49331 2.1 24 11 1 2 89%  75 4721 410 30%
c - 342.99 40 16 0 452 376207 2 6396656 48399 2.1 24 12 1 2 88%  75 4721 410 30%
c - 344.26 40 16 0 453 376661 2 6417917 50136 2.2 25 11 1 2 88%  75 4721 410 30%
c o 345.31 40 15 0 453 377369 2 6436766 63248 2.2 24 11 1 2 88%  75 4721 410 30%
c - 345.50 40 15 0 454 377785 2 6439201 50345 2.2 25 11 1 2 88%  75 4721 410 30%
c u 345.95 40 16 0 454 378001 2 6440602 48952 2.2 25 11 1 2 88%  76 4721 410 30%
c v 346.28 40 16 0 454 378001 2 6440602 46098 2.2 25 11 1 2 88%  76 4721 410 30%
c w 346.53 40 16 0 454 378001 2 6440602 45060 2.2 25 11 1 2 88%  76 4721 410 30%
c s 347.51 40 15 0 454 378838 2 6457586 57015 2.2 24 11 1 2 89%  76 4718 410 30%
c - 347.71 40 15 0 455 379216 2 6460511 45486 2.2 25 11 1 2 89%  76 4718 410 30%
c - 348.79 40 15 0 456 379545 1 6481841 45938 2.2 25 11 1 2 89%  76 4718 410 30%
c - 350.27 40 16 0 457 381253 2 6503195 47058 2.2 25 11 1 2 89%  76 4718 410 30%
c - 351.68 40 16 0 458 382768 2 6524576 49028 2.3 26 12 1 2 88%  76 4718 410 30%
c - 352.94 40 16 0 459 384214 2 6545978 49255 2.2 26 12 1 2 88%  76 4718 410 30%
c - 354.13 40 16 0 460 385393 2 6567403 48699 2.2 26 12 1 2 89%  76 4718 410 30%
c
c seconds   switched       rate           size/glue  tier1   binary      remaining
c         MB  reductions      conflicts         size   tier2   irredundant
c          level     restarts        redundant     glue   trail      variables
c
c - 355.43 40 16 0 461 387077 2 6588850 48564 2.2 26 12 1 2 89%  76 4718 410 30%
c - 356.67 40 17 0 462 389343 2 6610321 48712 2.1 26 12 1 2 89%  76 4718 410 30%
c - 357.96 40 17 0 463 390658 2 6631815 49494 2.2 26 12 1 2 89%  76 4718 410 30%
c - 359.35 40 17 0 464 391168 2 6653333 51565 2.3 27 12 1 2 88%  76 4718 410 30%
c - 361.13 40 17 0 465 391800 2 6674873 52901 2.4 28 12 1 2 88%  76 4718 410 30%
c - 362.53 40 17 0 466 393119 2 6696437 53512 2.4 28 12 1 2 88%  76 4718 410 30%
c - 364.15 40 17 0 467 394645 2 6718024 53904 2.4 28 12 1 2 88%  76 4718 410 30%
c u 365.33 40 17 0 467 395327 2 6731178 64066 2.4 29 12 1 2 88%  77 4718 410 30%
c v 365.78 40 17 0 467 395327 2 6731178 61008 2.4 29 12 1 2 88%  77 4718 410 30%
c w 366.02 40 17 0 467 395327 2 6731178 60616 2.4 29 12 1 2 88%  77 4718 410 30%
c - 366.64 40 17 0 468 395593 2 6739636 50630 2.4 28 12 1 2 87%  77 4718 410 30%
c - 367.83 40 17 0 469 396203 1 6761270 49997 2.3 27 12 1 2 87%  77 4718 410 30%
c - 369.27 40 17 0 470 397424 2 6782927 51015 2.4 27 12 1 2 87%  77 4718 410 30%
c o 370.33 40 17 0 470 398654 2 6798698 64896 2.3 27 12 1 2 86%  77 4718 410 30%
c - 370.65 40 17 0 471 398927 2 6804607 51588 2.3 27 12 1 2 86%  77 4718 410 30%
c - 371.89 40 17 0 472 399828 2 6826311 51520 2.4 28 12 1 2 87%  77 4718 410 30%
c - 373.27 40 17 0 473 400885 2 6848036 52354 2.4 27 12 1 2 87%  78 4718 410 30%
c - 374.74 40 17 0 474 402095 2 6869784 53830 2.3 27 12 1 2 86%  78 4718 410 30%
c - 376.23 40 16 0 475 402095 1 6891557 56745 2.6 28 11 1 2 88%  78 4718 410 30%
c - 377.44 40 16 0 476 403553 1 6913351 56994 2.5 27 11 1 2 89%  78 4718 410 30%
c
c seconds   switched       rate           size/glue  tier1   binary      remaining
c         MB  reductions      conflicts         size   tier2   irredundant
c          level     restarts        redundant     glue   trail      variables
c
c - 378.92 40 16 0 477 406038 2 6935168 53616 2.4 27 11 1 2 88%  79 4718 410 30%
c - 380.41 40 16 0 478 407297 2 6957010 54385 2.4 27 11 1 2 88%  79 4718 410 30%
c - 382.14 40 16 0 479 408699 2 6978873 55426 2.4 28 11 1 2 88%  79 4718 410 30%
c - 383.57 40 16 0 480 409446 1 7000760 55645 2.4 28 11 1 2 88%  79 4718 410 30%
c - 385.70 40 16 0 481 409506 1 7022671 58825 2.6 28 11 1 2 88%  79 4718 410 30%
c u 386.59 40 15 0 481 409506 1 7028797 62252 2.6 28 11 1 2 88%  79 4718 410 30%
c v 386.93 40 15 0 481 409506 1 7028797 60030 2.6 28 11 1 2 88%  79 4718 410 30%
c w 387.05 40 15 0 481 409506 1 7028797 59236 2.6 28 11 1 2 88%  79 4718 410 30%
c x 387.10 40 15 0 481 409506 1 7028797 59234 2.6 28 11 1 2 88%  79 4695 410 30%
c - 388.01 40 15 0 482 410151 1 7044602 54295 2.5 27 11 1 2 88%  79 4695 410 30%
c - 389.72 40 16 0 483 412673 2 7066557 54412 2.4 26 11 1 2 88%  79 4695 410 30%
c - 391.15 40 16 0 484 415117 2 7088534 52931 2.2 26 12 1 2 88%  79 4695 410 30%
c - 392.42 40 16 0 485 416323 2 7110534 51236 2.2 25 12 1 2 88%  79 4695 410 30%
c - 393.73 40 16 0 486 416815 2 7132557 52056 2.3 26 11 1 2 89%  79 4695 410 30%
c - 395.13 40 16 0 487 418387 2 7154603 53591 2.3 26 12 1 2 88%  79 4695 410 30%
c - 396.71 40 16 0 488 419221 2 7176672 55092 2.4 27 11 1 2 88%  79 4695 410 30%
c - 398.41 40 15 0 489 419222 1 7198763 58932 2.5 26 11 1 2 88%  79 4695 410 30%
c s 399.00 40 14 0 489 419236 1 7209499 68495 2.5 26 10 1 2 89%  79 4694 410 30%
c e 399.00 40 14 0 489 419236 1 7209499 68495 2.5 26 10 1 2 89%  78 4711 406 30%
c s 399.00 40 14 0 489 419236 1 7209499 68495 2.5 26 10 1 2 89%  78 4705 406 30%
c
c seconds   switched       rate           size/glue  tier1   binary      remaining
c         MB  reductions      conflicts         size   tier2   irredundant
c          level     restarts        redundant     glue   trail      variables
c
c o 399.01 40 14 0 489 419236 1 7209499 60555 2.5 26 10 1 2 89%  78 4705 406 30%
c - 399.81 40 15 0 490 420658 1 7220878 53860 2.4 26 11 1 2 89%  78 4705 406 30%
c - 401.24 40 15 0 491 422385 2 7243013 52813 2.4 26 11 1 2 89%  78 4705 406 30%
c - 402.84 40 16 0 492 424248 2 7265172 53650 2.4 27 11 1 2 89%  78 4705 406 30%
c - 404.37 41 16 0 493 424248 1 7287354 56149 2.7 29 11 1 2 90%  78 4705 406 30%
c - 405.76 41 16 0 494 426565 2 7309557 56550 2.6 29 11 1 2 90%  78 4705 406 30%
c - 407.12 41 16 0 495 427840 2 7331783 55532 2.6 29 11 1 2 90%  78 4705 406 30%
c u 407.63 41 16 0 495 427952 2 7333682 53384 2.6 29 11 1 2 90%  78 4705 406 30%
c v 408.05 41 16 0 495 427952 2 7333682 49817 2.6 29 11 1 2 90%  78 4705 406 30%
c w 408.30 41 16 0 495 427952 2 7333682 48861 2.6 29 11 1 2 90%  78 4705 406 30%
c - 409.59 41 16 0 496 428675 1 7354032 50390 2.7 29 11 1 2 90%  78 4705 406 30%
c - 410.94 41 16 0 497 428908 1 7376305 54728 2.9 30 10 1 2 91%  78 4705 406 30%
c - 412.60 41 16 0 498 430969 2 7398598 54291 2.7 29 11 1 2 91%  78 4705 406 30%
c - 414.08 41 16 0 499 433245 2 7420914 51758 2.6 29 11 1 2 90%  78 4705 406 30%
c - 415.71 41 16 0 500 434761 2 7443252 52508 2.5 29 11 1 2 90%  78 4705 406 30%
c - 416.83 41 16 0 501 435650 2 7465613 51354 2.4 27 11 1 2 90%  78 4705 406 30%
c - 417.85 41 15 0 502 435664 1 7487997 47484 2.4 26 11 1 2 90%  78 4705 406 30%
c - 419.01 41 15 0 503 436969 1 7510402 48346 2.3 25 11 1 2 90%  78 4705 406 30%
c - 420.60 41 15 0 504 438506 2 7532829 51370 2.4 26 11 1 2 90%  78 4705 406 30%
c - 421.92 41 15 0 505 439493 2 7555278 51356 2.3 26 11 1 2 90%  78 4705 406 30%
c
c seconds   switched       rate           size/glue  tier1   binary      remaining
c         MB  reductions      conflicts         size   tier2   irredundant
c          level     restarts        redundant     glue   trail      variables
c
c - 423.44 41 16 0 506 441521 2 7577750 51830 2.3 27 11 1 2 90%  78 4705 406 30%
c o 424.24 41 16 0 506 442582 2 7589904 62067 2.3 27 11 1 2 90%  78 4705 406 30%
c - 424.92 41 16 0 507 443143 2 7600244 51321 2.3 27 11 1 2 90%  78 4705 406 30%
c - 426.38 41 16 0 508 443650 1 7622760 52892 2.4 27 11 1 2 89%  78 4705 406 30%
c - 427.69 41 15 0 509 443650 1 7645299 53945 2.5 27 11 1 2 90%  78 4705 406 30%
c u 428.11 41 15 0 509 443673 1 7645569 52111 2.5 27 11 1 2 90%  79 4705 406 30%
c v 428.54 41 15 0 509 443673 1 7645569 49186 2.5 27 11 1 2 90%  79 4705 406 30%
c w 428.76 41 15 0 509 443673 1 7645569 46326 2.5 27 11 1 2 90%  79 4705 406 30%
c - 432.45 43 16 0 510 446395 2 7667864 47613 2.4 27 11 1 2 90%  79 4705 406 30%
c - 433.86 43 16 0 511 447439 2 7690447 49847 2.4 27 11 1 2 89%  79 4705 406 30%
c - 435.44 43 16 0 512 448867 2 7713053 51777 2.3 26 11 1 2 88%  79 4705 406 30%
c - 436.57 43 16 0 513 449738 1 7735681 51130 2.2 25 11 1 2 87%  79 4705 406 30%
c - 437.96 43 16 0 514 450697 1 7758330 51886 2.3 26 11 1 2 88%  79 4705 406 30%
c - 439.16 43 16 0 515 452246 1 7781002 51924 2.2 25 11 1 2 88%  79 4705 406 30%
c - 440.59 43 16 0 516 453769 2 7803695 54859 2.3 25 11 1 2 88%  79 4705 406 30%
c - 441.80 43 16 0 517 454370 1 7826410 55774 2.4 27 11 1 2 89%  79 4705 406 30%
c - 443.38 43 16 0 518 455952 1 7849147 54432 2.4 27 11 1 2 89%  79 4705 406 30%
c - 445.02 43 17 0 519 458059 2 7871906 55625 2.3 27 12 1 2 88%  79 4705 406 30%
c - 446.62 43 17 0 520 459297 2 7894688 56463 2.4 27 12 1 2 88%  79 4705 406 30%
c - 448.39 43 17 0 521 460782 2 7917491 57770 2.4 28 12 1 2 88%  79 4705 406 30%
c
c seconds   switched       rate           size/glue  tier1   binary      remaining
c         MB  reductions      conflicts         size   tier2   irredundant
c          level     restarts        redundant     glue   trail      variables
c
c - 450.21 43 17 0 522 462132 2 7940316 58976 2.3 27 12 1 2 87%  79 4705 406 30%
c - 451.65 43 16 0 523 462655 1 7963164 60143 2.4 27 11 1 2 88%  79 4705 406 30%
c u 452.06 43 16 0 523 462655 1 7964571 59148 2.5 27 11 1 2 88%  80 4705 406 30%
c v 452.44 43 16 0 523 462655 1 7964571 57192 2.5 27 11 1 2 88%  80 4705 406 30%
c w 452.56 43 16 0 523 462655 1 7964571 56315 2.5 27 11 1 2 88%  80 4705 406 30%
c x 452.60 43 16 0 523 462655 1 7964571 56308 2.5 27 11 1 2 88%  80 4690 406 30%
c - 453.78 43 15 0 524 463495 1 7986034 54816 2.3 25 11 1 2 88%  81 4690 406 30%
c i 454.74 43 14 0 524 463495 1 8004406 63332 2.3 23 10 1 2 89%  94 4690 405 30%
c o 454.74 43 14 0 524 463495 1 8004406 63332 2.3 23 10 1 2 89%  94 4690 405 30%
c - 455.04 43 15 0 525 464276 1 8008926 47060 2.2 23 11 1 2 89%  78 4690 405 30%
c s 455.26 43 15 0 525 464949 1 8012772 50171 2.2 23 11 1 2 89%  78 4680 405 30%
c - 456.44 43 15 0 526 467105 2 8031838 50054 2.2 24 11 1 2 89%  78 4680 405 30%
c - 457.97 43 16 0 527 468711 2 8054773 51963 2.1 24 11 1 2 89%  78 4680 405 30%
c - 459.28 43 16 0 528 470839 2 8077729 51649 2.1 24 12 1 2 89%  78 4680 405 30%
c - 460.66 43 16 0 529 471791 2 8100708 53035 2.1 24 11 1 2 89%  78 4680 405 30%
c - 462.06 43 16 0 530 472343 2 8123708 56981 2.3 25 11 1 2 90%  78 4680 405 30%
c - 463.71 43 16 0 531 474839 2 8146729 57214 2.2 25 12 1 2 89%  78 4680 405 30%
c - 465.34 43 16 0 532 476587 2 8169772 56354 2.2 25 12 1 2 88%  78 4680 405 30%
c - 466.76 43 16 0 533 476635 1 8192837 59830 2.5 27 11 1 2 89%  78 4680 405 30%
c - 468.00 44 15 0 534 476752 1 8215923 61838 2.7 28 10 1 2 90%  78 4680 405 30%
c
c seconds   switched       rate           size/glue  tier1   binary      remaining
c         MB  reductions      conflicts         size   tier2   irredundant
c          level     restarts        redundant     glue   trail      variables
c
c - 469.64 44 16 0 535 479664 2 8239033 58739 2.5 28 11 1 2 90%  79 4680 405 30%
c - 471.23 44 16 0 536 481728 2 8262165 55964 2.5 28 11 1 2 90%  79 4680 405 30%
c - 472.47 44 16 0 537 483465 2 8285316 54901 2.3 27 12 1 2 90%  79 4680 405 30%
c u 473.24 44 16 0 537 483890 2 8290847 56886 2.3 27 12 1 2 90%  80 4680 405 30%
c v 473.72 44 16 0 537 483890 2 8290847 53924 2.3 27 12 1 2 90%  80 4680 405 30%
c w 473.94 44 16 0 537 483890 2 8290847 53089 2.3 27 12 1 2 90%  80 4680 405 30%
c - 475.04 44 16 0 538 485352 2 8308490 50577 2.3 27 12 1 2 90%  80 4680 405 30%
c - 476.35 44 16 0 539 486712 2 8331684 51633 2.2 26 12 1 2 89%  80 4680 405 30%
c - 477.71 44 16 0 540 488042 2 8354900 54380 2.3 27 12 1 2 90%  80 4680 405 30%
c - 479.24 44 16 0 541 489813 2 8378138 55254 2.3 27 12 1 2 90%  80 4680 405 30%
c - 480.50 44 15 0 542 489975 2 8401397 56226 2.4 27 11 1 2 90%  80 4680 405 30%
c o 480.73 44 15 0 542 490299 2 8404780 58715 2.4 27 11 1 2 90%  80 4680 405 30%
c - 482.16 44 16 0 543 492093 2 8424677 57519 2.3 26 11 1 2 88%  80 4680 405 30%
c - 483.72 44 16 0 544 492806 2 8447979 57580 2.4 27 11 1 2 89%  80 4680 405 30%
c - 485.41 44 16 0 545 494345 2 8471302 56835 2.4 27 11 1 2 89%  80 4680 405 30%
c - 487.03 44 16 0 546 495018 1 8494649 57630 2.5 28 11 1 2 89%  80 4680 405 30%
c - 488.69 44 16 0 547 497648 2 8518015 56652 2.4 28 12 1 2 89%  80 4680 405 30%
c - 489.93 44 16 0 548 498116 2 8541403 55765 2.4 27 11 1 2 90%  80 4680 405 30%
c - 491.48 44 16 0 549 499040 1 8564813 58126 2.5 28 11 1 2 90%  80 4680 405 30%
c - 492.83 44 15 0 550 499558 1 8588244 59798 2.6 28 11 1 2 91%  80 4680 405 30%
c
c seconds   switched       rate           size/glue  tier1   binary      remaining
c         MB  reductions      conflicts         size   tier2   irredundant
c          level     restarts        redundant     glue   trail      variables
c
c - 494.16 44 15 0 551 501492 1 8611696 56917 2.4 27 11 1 2 91%  80 4680 405 30%
c u 495.47 44 16 0 551 502886 2 8624427 64923 2.3 27 11 1 2 91%  81 4680 405 30%
c v 495.98 44 16 0 551 502886 2 8624427 62552 2.3 27 11 1 2 91%  81 4680 405 30%
c w 496.22 44 16 0 551 502886 2 8624427 61974 2.3 27 11 1 2 91%  81 4680 405 30%
c - 496.93 44 16 0 552 503235 2 8635169 52837 2.4 27 11 1 2 90%  81 4680 405 30%
c - 498.33 44 16 0 553 504413 2 8658664 54790 2.3 26 11 1 2 89%  81 4680 405 30%
c - 499.90 44 16 0 554 506289 2 8682180 55980 2.2 26 12 1 2 88%  81 4680 405 30%
c - 501.39 44 16 0 555 506493 1 8705718 58045 2.4 27 11 1 2 88%  81 4680 405 30%
c - 502.99 44 16 0 556 508123 1 8729276 58433 2.4 27 11 1 2 88%  81 4680 405 30%
c - 504.42 44 15 0 557 508156 1 8752857 60550 2.7 29 11 1 2 89%  81 4680 405 30%
c - 506.00 44 16 0 558 510788 1 8776458 59927 2.5 28 11 1 2 89%  81 4680 405 30%
c - 507.53 44 16 0 559 512636 2 8800082 58097 2.4 27 12 1 2 88%  81 4680 405 30%
c o 508.48 44 16 0 559 513594 2 8816126 72133 2.4 27 12 1 2 88%  81 4680 405 30%
c - 509.07 44 16 0 560 514854 2 8823725 58107 2.3 27 12 1 2 88%  81 4680 405 30%
c - 510.49 44 16 0 561 515487 2 8847389 58240 2.3 27 12 1 2 88%  81 4680 405 30%
c s 511.85 44 16 0 561 515519 1 8868856 79029 2.6 28 11 1 2 89%  81 4677 405 30%
c e 511.85 44 16 0 561 515519 1 8868856 79029 2.6 28 11 1 2 89%  81 4691 404 30%
c s 511.85 44 16 0 561 515519 1 8868856 79029 2.6 28 11 1 2 89%  81 4686 404 30%
c - 512.04 44 16 0 562 515888 1 8871074 59843 2.5 28 11 1 2 89%  81 4686 404 30%
c - 513.43 44 15 0 563 516860 1 8894781 58701 2.4 27 11 1 2 90%  81 4686 404 30%
c
c seconds   switched       rate           size/glue  tier1   binary      remaining
c         MB  reductions      conflicts         size   tier2   irredundant
c          level     restarts        redundant     glue   trail      variables
c
c - 514.80 44 14 0 564 516860 1 8918508 56286 2.5 26 11 1 2 90%  81 4686 404 30%
c - 516.50 44 15 0 565 519058 1 8942256 59016 2.4 26 11 1 2 90%  81 4686 404 30%
c u 518.44 44 15 0 565 521167 1 8965191 74799 2.3 26 11 1 2 90%  83 4686 404 30%
c v 518.94 44 15 0 565 521167 1 8965191 72060 2.3 26 11 1 2 90%  83 4686 404 30%
c w 519.17 44 15 0 565 521167 1 8965191 71191 2.3 26 11 1 2 90%  83 4686 404 30%
c - 519.25 44 15 0 566 521298 1 8966025 52382 2.3 26 11 1 2 90%  83 4686 404 30%
c - 520.84 44 16 0 567 523183 2 8989816 53026 2.3 27 11 1 2 89%  83 4686 404 30%
c - 522.19 44 16 0 568 525901 2 9013628 53059 2.2 26 12 1 2 89%  83 4686 404 30%
c - 523.31 44 16 0 569 526404 2 9037460 52050 2.2 26 12 1 2 89%  83 4686 404 30%
c - 524.48 44 15 0 570 526652 1 9061313 51974 2.2 25 11 1 2 90%  83 4686 404 30%
c - 525.87 44 14 0 571 526677 1 9085187 52660 2.3 25 11 1 2 89%  83 4686 404 30%
c - 527.24 44 15 0 572 528631 1 9109084 54626 2.2 24 11 1 2 89%  83 4686 404 30%
c - 528.26 44 14 0 573 528636 1 9133000 54510 2.2 23 11 1 2 89%  83 4686 404 30%
c - 529.69 44 14 0 574 531114 1 9156938 54605 2.1 24 11 1 2 89%  83 4686 404 30%
c - 531.10 44 14 0 575 531979 1 9180896 55918 2.1 23 11 1 2 89%  83 4686 404 30%
c - 532.58 44 15 0 576 534872 2 9204875 56825 2.0 23 11 1 2 89%  83 4686 404 30%
c - 534.27 44 16 0 577 537068 2 9228875 56798 2.0 24 12 1 2 87%  83 4686 404 30%
c o 534.74 44 16 0 577 537520 2 9236402 63614 2.1 24 12 1 2 87%  83 4686 404 30%
c - 535.69 44 16 0 578 538271 2 9252895 57678 2.1 24 12 1 2 88%  83 4686 404 30%
c - 537.23 44 16 0 579 539684 2 9276938 58090 2.1 25 12 1 2 88%  83 4686 404 30%
c
c seconds   switched       rate           size/glue  tier1   binary      remaining
c         MB  reductions      conflicts         size   tier2   irredundant
c          level     restarts        redundant     glue   trail      variables
c
c - 538.67 44 15 0 580 539804 1 9301001 59147 2.3 26 11 1 2 90%  83 4686 404 30%
c u 539.85 44 15 0 580 541043 1 9313092 68142 2.3 26 11 1 2 90%  83 4686 404 30%
c v 540.21 44 15 0 580 541043 1 9313092 66610 2.3 26 11 1 2 90%  83 4686 404 30%
c w 540.40 44 15 0 580 541043 1 9313092 65982 2.3 26 11 1 2 90%  83 4686 404 30%
c x 540.46 44 15 0 580 541043 1 9313092 65965 2.3 26 11 1 2 90%  85 4656 404 30%
c t 540.46 44 15 0 580 541043 1 9313092 65965 2.3 26 11 1 2 90%  84 4656 404 30%
c - 541.40 44 15 0 581 541514 1 9325085 57771 2.4 27 11 1 2 90%  84 4656 404 30%
c - 542.85 44 15 0 582 542684 1 9349189 59505 2.5 28 11 1 2 89%  84 4656 404 30%
c - 544.51 44 16 0 583 544469 1 9373314 60228 2.5 28 11 1 2 89%  84 4656 404 30%
c - 546.12 44 15 0 584 545845 1 9397459 61614 2.6 28 11 1 2 90%  84 4656 404 30%
c - 547.64 44 16 0 585 547831 2 9421625 60601 2.4 27 11 1 2 90%  84 4656 404 30%
c - 549.14 44 15 0 586 548615 1 9445811 61792 2.6 28 11 1 2 90%  84 4656 404 30%
c - 550.81 44 16 0 587 550942 2 9470018 62459 2.5 28 11 1 2 89%  84 4656 404 30%
c - 552.40 44 16 0 588 552503 2 9494248 61408 2.5 28 11 1 2 89%  84 4656 404 30%
c - 554.08 44 16 0 589 555076 2 9518497 60567 2.4 28 12 1 2 89%  84 4656 404 30%
c - 555.54 44 16 0 590 555278 1 9542767 60948 2.5 28 11 1 2 90%  84 4656 404 30%
c - 557.21 44 15 0 591 556654 1 9567057 62193 2.5 28 11 1 2 90%  84 4656 404 30%
c - 558.83 44 16 0 592 558639 2 9591367 61760 2.5 28 11 1 2 90%  84 4656 404 30%
c - 560.26 44 16 0 593 560361 2 9615699 60694 2.5 28 11 1 2 90%  84 4656 404 30%
c - 561.56 44 15 0 594 560477 1 9640050 58614 2.4 26 11 1 2 90%  84 4656 404 30%
c
c seconds   switched       rate           size/glue  tier1   binary      remaining
c         MB  reductions      conflicts         size   tier2   irredundant
c          level     restarts        redundant     glue   trail      variables
c
c - 562.91 44 15 0 595 562161 1 9664423 58078 2.3 25 11 1 2 90%  84 4656 404 30%
c o 563.05 44 15 0 595 562401 1 9667079 60049 2.2 25 11 1 2 90%  84 4656 404 30%
c u 563.62 44 15 0 595 562632 1 9668560 58415 2.2 25 11 1 2 90%  84 4656 404 30%
c v 564.15 44 15 0 595 562632 1 9668560 55378 2.2 25 11 1 2 90%  84 4656 404 30%
c w 564.37 44 15 0 595 562632 1 9668560 54399 2.2 25 11 1 2 90%  84 4656 404 30%
c - 565.66 44 16 0 596 564291 1 9688816 53177 2.2 25 12 1 2 89%  84 4656 404 30%
c - 567.03 44 15 0 597 565545 1 9713229 54183 2.1 25 11 1 2 89%  84 4656 404 30%
c - 568.27 44 14 0 598 565545 1 9737663 55360 2.1 22 11 1 2 89%  86 4656 404 30%
c i 569.00 44 13 0 598 565545 1 9752606 63419 2.1 21 10 1 2 89%  98 4656 403 29%
c - 569.58 44 14 0 599 566105 1 9762117 50431 2.2 22 10 1 2 89%  83 4656 403 29%
c s 570.53 44 14 0 599 568198 1 9777838 62211 2.1 22 11 1 2 89%  83 4637 403 29%
c e 570.53 44 14 0 599 568198 1 9777838 62211 2.1 22 11 1 2 89%  81 4672 400 29%
c s 570.53 44 14 0 599 568198 1 9777838 62211 2.1 22 11 1 2 89%  81 4662 400 29%
c - 571.03 44 14 0 600 568199 1 9786592 50483 2.1 22 11 1 2 89%  81 4662 400 29%
c - 572.25 44 13 0 601 568440 1 9811087 52241 2.1 21 10 1 2 90%  82 4662 400 29%
c - 573.81 44 14 0 602 571257 1 9835603 54413 2.0 22 11 1 2 89%  82 4662 400 29%
c - 575.71 44 14 0 603 572652 1 9860139 54827 2.0 22 11 1 2 89%  82 4662 400 29%
c - 577.40 44 15 0 604 573660 1 9884695 57786 2.2 23 11 1 2 89%  82 4662 400 29%
c - 578.99 44 15 0 605 575263 1 9909271 59178 2.2 24 11 1 2 89%  82 4662 400 29%
c - 580.67 44 15 0 606 577022 2 9933869 59005 2.2 25 11 1 2 89%  82 4662 400 29%
c
c seconds   switched       rate           size/glue  tier1   binary      remaining
c         MB  reductions      conflicts         size   tier2   irredundant
c          level     restarts        redundant     glue   trail      variables
c
c i 581.84 44 15 0 606 577864 1 9955788 74116 2.2 24 11 1 2 89% 100 4662 399 29%
c - 582.03 44 15 0 607 578222 1 9958488 57445 2.2 24 11 1 2 89%  81 4662 399 29%
c - 583.59 44 15 0 608 581551 2 9983126 56924 2.1 24 11 1 2 89%  81 4662 399 29%
c - 585.43 44 15 0 609 582227 2 10007783 59509 2.3 25 11 1 2 89%  81 4662 399 29%
c u 587.35 19 15 0 609 583062 1 10031327 77084 2.3 25 11 1 2 89%  86 4641 399 29%
c v 587.74 19 15 0 609 583062 1 10031327 75444 2.3 25 11 1 2 89%  86 4641 399 29%
c w 587.94 20 15 0 609 583062 1 10031327 75198 2.3 25 11 1 2 89%  86 4641 399 29%
c x 588.01 20 15 0 609 583062 1 10031327 75185 2.3 25 11 1 2 89%  86 4610 399 29%
c - 588.11 20 15 0 610 583255 1 10032461 59476 2.3 25 11 1 2 89%  86 4610 399 29%
c - 589.54 20 15 0 611 583987 1 10057160 61131 2.5 26 11 1 2 89%  86 4610 399 29%
c - 591.17 20 15 0 612 585868 1 10081879 60081 2.4 26 11 1 2 89%  86 4610 399 29%
c - 592.68 20 15 0 613 586902 1 10106617 60982 2.5 26 11 1 2 89%  86 4610 399 29%
c o 592.73 20 15 0 613 586911 1 10107353 61675 2.5 26 11 1 2 89%  86 4610 399 29%
c - 594.30 20 15 0 614 589041 1 10131376 60178 2.4 26 11 1 2 89%  86 4610 399 29%
c - 595.97 20 15 0 615 589233 1 10156155 63965 2.6 27 10 1 2 89%  86 4610 399 29%
c - 597.72 20 16 0 616 592474 2 10180954 63978 2.3 26 11 1 2 89%  86 4610 399 29%
c - 599.49 20 16 0 617 594160 2 10205773 61039 2.2 25 11 1 2 87%  86 4610 399 29%
c - 601.44 20 16 0 618 594886 1 10230613 63163 2.3 26 11 1 2 87%  86 4610 399 29%
c - 603.27 20 16 0 619 596137 1 10255473 65246 2.4 27 11 1 2 87%  86 4610 399 29%
c - 604.90 20 15 0 620 597187 1 10280353 64205 2.4 27 11 1 2 88%  86 4610 399 29%
c
c seconds   switched       rate            size/glue  tier1   binary      remaining
c         MB  reductions      conflicts          size   tier2   irredundant
c          level     restarts         redundant     glue   trail      variables
c
c - 606.46 20 15 0 621 598052 1 10305252 65425 2.6 27 11 1 2 89%  86 4610 399 29%
c - 607.96 20 14 0 622 599320 1 10330171 64709 2.4 25 11 1 2 89%  89 4610 399 29%
c - 609.53 24 15 0 623 603059 2 10355112 61675 2.2 25 11 1 2 89%  89 4610 399 29%
c - 611.03 24 15 0 624 603772 1 10380071 62089 2.3 26 11 1 2 89%  89 4610 399 29%
c u 612.74 24 15 0 624 605485 2 10401936 77847 2.2 25 11 1 2 89%  90 4610 399 29%
c v 613.15 24 15 0 624 605485 2 10401936 76208 2.2 25 11 1 2 89%  90 4610 399 29%
c w 613.30 24 15 0 624 605485 2 10401936 75496 2.2 25 11 1 2 89%  90 4610 399 29%
c x 613.36 24 15 0 624 605485 2 10401936 75491 2.2 25 11 1 2 89%  94 4569 399 29%
c - 613.61 24 15 0 625 605702 2 10405050 60140 2.3 25 11 1 2 89%  94 4569 399 29%
c - 615.18 24 15 0 626 607238 2 10430051 60423 2.2 26 11 1 2 89%  94 4569 399 29%
c - 616.58 24 15 0 627 608559 1 10455070 59986 2.3 26 11 1 2 89%  94 4569 399 29%
c - 618.11 24 15 0 628 609906 1 10480109 59935 2.3 26 11 1 2 89%  94 4569 399 29%
c - 619.46 24 14 0 629 609909 1 10505168 62559 2.5 27 11 1 2 90%  94 4569 399 29%
c - 620.75 24 14 0 630 609910 1 10530248 64723 2.7 27 10 1 2 91%  94 4569 399 29%
c - 622.34 24 14 0 631 612088 1 10555348 65645 2.6 27 10 1 2 91%  95 4569 399 29%
c o 622.54 24 14 0 631 612281 1 10558711 67972 2.6 27 10 1 2 91%  95 4569 399 29%
c - 624.09 24 15 0 632 614733 1 10580467 63428 2.4 26 11 1 2 90%  95 4569 399 29%
c - 625.70 24 14 0 633 615801 1 10605607 63693 2.5 26 11 1 2 90%  95 4569 399 29%
c - 627.48 24 15 0 634 618380 1 10630767 64824 2.3 26 11 1 2 89%  95 4569 399 29%
c - 629.13 24 15 0 635 620837 2 10655947 62233 2.3 26 11 1 2 89%  95 4569 399 29%
c
c seconds   switched       rate            size/glue  tier1   binary      remaining
c         MB  reductions      conflicts          size   tier2   irredundant
c          level     restarts         redundant     glue   trail      variables
c
c - 630.68 24 15 0 636 621932 1 10681146 61764 2.3 26 11 1 2 89%  95 4569 399 29%
c - 632.38 24 15 0 637 623200 1 10706365 63734 2.3 26 11 1 2 89%  95 4569 399 29%
c - 634.33 24 15 0 638 623831 1 10731604 66463 2.5 27 11 1 2 89%  95 4569 399 29%
c s 634.88 24 15 0 638 623833 1 10741692 74792 2.5 27 11 1 2 89%  95 4562 399 29%
c e 634.88 24 15 0 638 623833 1 10741692 74792 2.5 27 11 1 2 89%  84 4606 395 29%
c s 634.88 24 15 0 638 623833 1 10741692 74792 2.5 27 11 1 2 89%  84 4605 395 29%
c - 635.79 24 15 0 639 624869 1 10756863 60856 2.4 26 11 1 2 89%  84 4605 395 29%
c u 637.56 24 15 0 639 626670 1 10780275 79150 2.3 25 11 1 2 88%  87 4605 395 29%
c v 637.98 24 15 0 639 626670 1 10780275 77679 2.3 25 11 1 2 88%  87 4605 395 29%
c w 638.18 24 15 0 639 626670 1 10780275 76982 2.3 25 11 1 2 88%  87 4605 395 29%
c x 638.25 24 15 0 639 626670 1 10780275 76975 2.3 25 11 1 2 88%  88 4589 395 29%
c t 640.53 41 15 0 639 626670 1 10780275 76975 2.3 25 11 1 2 88%  86 4589 395 29%
c - 640.67 41 15 0 640 626950 1 10782142 58871 2.3 25 11 1 2 88%  86 4589 395 29%
c - 642.40 41 15 0 641 628484 1 10807441 61169 2.3 25 11 1 2 87%  86 4589 395 29%
c - 644.05 41 15 0 642 630450 1 10832759 62065 2.2 25 11 1 2 87%  86 4589 395 29%
c - 645.96 41 15 0 643 630757 1 10858096 65404 2.4 26 11 1 2 87%  86 4589 395 29%
c - 647.76 41 15 0 644 631558 1 10883454 67407 2.5 26 10 1 2 88%  87 4589 395 29%
c - 649.31 41 15 0 645 633714 1 10908831 63910 2.3 25 11 1 2 88%  87 4589 395 29%
c - 651.06 41 16 0 646 636860 1 10934228 60789 2.2 25 11 1 2 88%  87 4589 395 29%
c - 652.97 41 15 0 647 637880 1 10959645 62823 2.2 24 11 1 2 86%  87 4589 395 29%
c
c seconds   switched       rate            size/glue  tier1   binary      remaining
c         MB  reductions      conflicts          size   tier2   irredundant
c          level     restarts         redundant     glue   trail      variables
c
c - 654.85 41 15 0 648 639331 1 10985081 65149 2.2 24 11 1 2 86%  87 4589 395 29%
c - 656.34 41 15 0 649 641290 1 11010536 64879 2.1 23 11 1 2 87%  88 4589 395 29%
c o 656.83 41 15 0 649 641489 1 11020984 71469 2.1 23 11 1 2 87%  88 4589 395 29%
c - 657.98 41 15 0 650 641872 1 11036012 63484 2.2 23 11 1 2 88%  89 4589 395 29%
c - 659.83 41 15 0 651 643404 1 11061509 64533 2.2 24 11 1 2 88%  90 4588 395 29%
c - 661.84 41 14 0 652 644161 1 11087024 70215 2.4 24 10 1 2 89%  91 4587 395 29%
c - 663.97 41 15 0 653 646272 1 11112559 71912 2.3 25 11 1 2 88%  91 4587 395 29%
c - 665.85 41 14 0 654 647669 1 11138113 68667 2.2 24 11 1 2 88%  93 4587 395 29%
c - 667.47 41 15 0 655 649715 1 11163686 67082 2.2 23 11 1 2 88%  93 4587 395 29%
c u 668.20 41 15 0 655 649743 1 11165842 63686 2.1 23 11 1 2 88% 112 4587 395 29%
c v 668.88 41 15 0 655 649743 1 11165842 59494 2.1 23 11 1 2 88% 113 4587 395 29%
c w 669.16 41 15 0 655 649743 1 11165842 58385 2.1 23 11 1 2 88% 113 4587 395 29%
c d 669.16 41 15 0 655 649743 1 11165842 58375 2.1 23 11 1 2 88% 111 4577 394 29%
c t 669.17 41 15 0 655 649743 1 11165842 58375 2.1 23 11 1 2 88% 110 4577 394 29%
c u 669.59 41 15 0 655 649743 1 11165842 54128 2.1 23 11 1 2 88% 128 4577 394 29%
c v 670.06 41 15 0 655 649743 1 11165842 51628 2.1 23 11 1 2 88% 131 4577 394 29%
c w 670.24 41 15 0 655 649743 1 11165842 50473 2.1 23 11 1 2 88% 131 4577 394 29%
c x 670.29 41 15 0 655 649743 1 11165842 50443 2.1 23 11 1 2 88% 136 4486 394 29%
c t 670.29 41 15 0 655 649743 1 11165842 50443 2.1 23 11 1 2 88% 128 4486 394 29%
c - 671.62 41 15 0 656 651720 1 11189278 50204 2.1 23 11 1 2 88% 128 4486 394 29%
c
c seconds   switched       rate            size/glue  tier1   binary      remaining
c         MB  reductions      conflicts          size   tier2   irredundant
c          level     restarts         redundant     glue   trail      variables
c
c - 672.95 41 15 0 657 652445 1 11214893 52335 2.1 23 11 1 2 88% 128 4486 394 29%
c - 674.44 41 15 0 658 653490 1 11240526 54621 2.2 24 11 1 2 89% 128 4486 394 29%
c - 675.60 41 14 0 659 654813 1 11266177 55132 2.2 23 11 1 2 89% 128 4486 394 29%
c - 677.46 41 14 0 660 655858 1 11291847 57725 2.3 24 11 1 2 89% 128 4486 394 29%
c - 679.13 41 14 0 661 656074 1 11317539 62726 2.4 25 10 1 2 89% 128 4486 394 29%
c - 680.86 41 14 0 662 658558 1 11343249 62922 2.4 25 10 1 2 89% 128 4486 394 29%
c - 682.36 41 14 0 663 660014 1 11368978 59326 2.2 23 10 1 2 88% 128 4486 394 29%
c - 683.79 41 14 0 664 661909 1 11394726 59113 2.2 24 11 1 2 89% 128 4486 394 29%
c - 685.44 41 15 0 665 663875 1 11420496 59799 2.2 24 11 1 2 88% 128 4486 394 29%
c - 686.80 41 15 0 666 665769 1 11446283 59922 2.2 24 11 1 2 88% 128 4486 394 29%
c - 688.10 41 15 0 667 667167 1 11472091 58693 2.1 23 11 1 2 88% 128 4486 394 29%
c o 689.20 41 14 0 667 667933 1 11491808 72820 2.1 23 11 1 2 88% 129 4486 394 29%
c - 689.73 41 14 0 668 668258 1 11497919 59825 2.1 23 11 1 2 88% 129 4486 394 29%
c - 691.25 41 14 0 669 669532 1 11523764 61834 2.2 23 11 1 2 88% 129 4486 394 29%
c - 692.91 41 15 0 670 672248 1 11549633 60936 2.0 23 11 1 2 88% 129 4486 394 29%
c u 694.04 41 15 0 670 672535 1 11559604 66882 2.0 22 11 1 2 87% 130 4486 394 29%
c v 694.45 41 15 0 670 672535 1 11559604 65265 2.0 22 11 1 2 87% 130 4486 394 29%
c w 694.61 41 15 0 670 672535 1 11559604 64298 2.0 22 11 1 2 87% 132 4486 394 29%
c x 694.67 41 15 0 670 672535 1 11559604 64293 2.0 22 11 1 2 87% 134 4463 394 29%
c t 694.67 41 15 0 670 672535 1 11559604 64293 2.0 22 11 1 2 87% 132 4463 394 29%
c
c seconds   switched       rate            size/glue  tier1   binary      remaining
c         MB  reductions      conflicts          size   tier2   irredundant
c          level     restarts         redundant     glue   trail      variables
c
c - 695.51 41 14 0 671 672762 1 11575518 58322 2.1 22 11 1 2 88% 132 4463 394 29%
c - 697.06 41 14 0 672 673748 1 11601421 61852 2.1 22 10 1 2 87% 132 4463 394 29%
c - 698.48 41 14 0 673 675039 1 11627343 62206 2.1 22 10 1 2 88% 133 4463 394 29%
c - 699.98 41 14 0 674 676255 1 11653286 63183 2.2 22 10 1 2 87% 133 4463 394 29%
c - 701.66 41 14 0 675 677576 1 11679248 64975 2.2 22 10 1 2 87% 134 4463 394 29%
c - 703.09 41 13 0 676 678651 1 11705229 63134 2.2 22 10 1 2 88% 134 4463 394 29%
c - 704.62 41 13 0 677 680236 1 11731229 61206 2.1 22 10 1 2 88% 135 4463 394 29%
c - 706.13 41 13 0 678 681156 1 11757248 62305 2.1 21 10 1 2 87% 135 4463 394 29%
c s 706.39 41 13 0 678 681358 1 11762480 66259 2.1 21 10 1 2 87% 135 4457 394 29%
c e 706.40 41 13 0 678 681358 1 11762480 66259 2.1 21 10 1 2 87%  94 4603 385 28%
c s 706.40 41 13 0 678 681358 1 11762480 66259 2.1 21 10 1 2 87%  95 4582 385 28%
c - 707.47 41 13 0 679 681726 1 11783286 61232 2.2 21 10 1 2 88%  95 4582 385 28%
c - 708.64 41 13 0 680 684105 1 11809343 59062 2.1 21 10 1 2 88%  95 4582 385 28%
c i 709.38 41 13 0 680 684206 1 11825172 70965 2.1 21 10 1 2 88% 102 4582 384 28%
c - 710.10 41 13 0 681 684574 1 11835420 58443 2.1 21 10 1 2 89%  96 4582 384 28%
c - 711.64 41 13 0 682 686199 1 11861515 62192 2.2 21 10 1 2 88%  96 4582 384 28%
c - 712.99 41 13 0 683 687534 1 11887630 59992 2.1 20 10 1 2 89%  97 4582 384 28%
c - 714.30 41 13 0 684 689099 1 11913764 58572 2.0 20 10 1 2 88%  97 4582 384 28%
c - 715.58 41 12 0 685 689797 1 11939920 58104 2.0 20 10 1 2 89%  99 4582 384 28%
c u 717.05 41 12 0 685 690361 1 11961057 63017 2.0 19 9 1 2 89% 226 4559 379 28%
c
c seconds   switched       rate            size/glue tier1   binary      remaining
c         MB  reductions      conflicts          size  tier2   irredundant
c          level     restarts         redundant    glue   trail      variables
c
c v 717.48 41 12 0 685 690361 1 11961057 56995 2.0 19 9 1 2 89% 228 4559 379 28%
c w 717.86 41 12 0 685 690361 1 11961057 44050 2.0 19 9 1 2 89% 227 4559 379 28%
c t 717.86 41 12 0 685 690361 1 11961057 43912 2.0 19 9 1 2 89% 207 4501 379 28%
c f 717.86 41 12 0 685 690361 1 11961057 43912 2.0 19 9 1 2 89% 208 4482 380 28%
c u 718.23 41 12 0 685 690361 1 11961057 39347 2.0 19 9 1 2 89% 247 4482 380 28%
c v 718.51 41 12 0 685 690361 1 11961057 36316 2.0 19 9 1 2 89% 250 4482 380 28%
c w 718.81 41 12 0 685 690361 1 11961057 35249 2.0 19 9 1 2 89% 250 4482 380 28%
c x 718.86 41 12 0 685 690361 1 11961057 35163 2.0 19 9 1 2 89% 269 3978 379 28%
c d 718.86 41 12 0 685 690361 1 11961057 35134 2.0 19 9 1 2 89% 272 3975 378 28%
c t 718.86 41 12 0 685 690361 1 11961057 35134 2.0 19 9 1 2 89% 240 3975 378 28%
c i 718.87 41 12 0 685 690361 1 11961057 35134 2.0 19 9 1 2 89% 240 3975 378 28%
c - 719.09 35 12 0 686 690459 1 11966093 33548 2.0 19 9 1 2 89% 197 3975 378 28%
c i 719.40 36 12 0 686 690511 1 11974390 38276 2.0 18 9 1 2 89% 210 3975 374 27%
c o 719.40 36 12 0 686 690511 1 11974390 38276 2.0 18 9 1 2 89% 210 3975 374 27%
c - 720.30 37 12 0 687 690954 1 11992288 37508 2.0 18 9 1 2 89% 200 3975 374 27%
c i 720.65 37 11 0 687 690989 1 12001072 42250 2.0 18 9 1 2 89% 208 3975 367 27%
c i 721.33 37 11 0 687 691083 1 12016062 52281 2.0 17 9 1 2 88% 218 3975 362 26%
c i 721.45 37 11 0 687 691083 1 12018464 54283 2.0 17 9 1 2 88% 228 3974 360 26%
c - 721.46 35 11 0 688 691083 1 12018498 28004 2.0 17 9 1 2 88% 290 3973 360 26%
c i 721.47 35 11 0 688 691083 1 12018624 28091 2.0 17 9 1 2 88% 296 3973 359 26%
c
c seconds   switched       rate            size/glue tier1   binary      remaining
c         MB  reductions      conflicts          size  tier2   irredundant
c          level     restarts         redundant    glue   trail      variables
c
c i 721.47 35 11 0 688 691083 1 12018655 28106 2.0 17 9 1 2 88% 300 3973 345 25%
c i 721.47 35 11 0 688 691083 1 12018659 28106 2.0 17 9 1 2 88% 301 3973 326 24%
c } 721.47 35 11 0 688 691083 1 12018665 28106 2.0 17 9 1 2 88% 305 3973 264 19%
c 0 721.47 35 11 0 688 691083 1 12018665 28106 2.0 17 9 1 2 88% 305 3973 264 19%
c
c ---- [ result ] ------------------------------------------------------------
c
s UNSATISFIABLE
c
c ---- [ profiling ] ---------------------------------------------------------
c
c         673.81   93.39 %  search
c         673.81   93.39 %  focused
c          47.63    6.60 %  simplify
c          47.55    6.59 %  probe
c          36.84    5.11 %  vivify
c          10.36    1.44 %  sweep
c           2.97    0.41 %  reduce
c           0.25    0.03 %  substitute
c           0.10    0.01 %  eliminate
c           0.08    0.01 %  factor
c           0.02    0.00 %  preprocess
c           0.02    0.00 %  subsume
c           0.01    0.00 %  congruence
c           0.01    0.00 %  transitive
c           0.00    0.00 %  backbone
c           0.00    0.00 %  parse
c           0.00    0.00 %  lucky
c =============================================
c         721.47  100.00 %  total
c
c ---- [ statistics ] --------------------------------------------------------
c
c conflicts:                         12018665            16658.61 per second
c congruent:                               53                4 %  variables
c decisions:                         18007506                1.50 per conflict
c eliminated:                             944               69 %  variables
c factored:                                56                4 %  variables
c iterations:                              12                1 %  variables
c propagations:                    1404032000          1946075    per second
c reductions:                             688            17469    interval
c reordered:                               49           245279    interval
c restarts:                            691083               17    interval
c strengthened:                          1261                0 %  checks
c substituted:                             86                6 %  variables
c subsumed:                               756                0 %  checks
c switched:                                 0                0    interval
c vivified:                            533911               33 %  checks
c
c ---- [ glue usage ] --------------------------------------------------------
c
c focused glue 1 used 244642160 clauses 78.83% accumulated 78.83% tier1
c focused glue 2 used  35898757 clauses 11.57% accumulated 90.40% tier2
c
c ---- [ resources ] ---------------------------------------------------------
c
c maximum-resident-set-size:        424259584 bytes        405 MB
c process-time:                         12m 1s             721.47 seconds
c
c ---- [ shutting down ] -----------------------------------------------------
c
c exit 20
