c ---- [ banner ] ------------------------------------------------------------
c
c Kissat SAT Solver
c 
c Copyright (c) 2021-2024 Armin Biere University of Freiburg
c Copyright (c) 2019-2021 Armin Biere Johannes Kepler University Linz
c 
c Version 4.0.4 8af8e56f174b778aef3aa45af9f739b2a5f492c2
c gcc (GCC) 15.2.1 20260123 (Red Hat 15.2.1-7) -W -Wall -O3 -DNDEBUG
c Thu Apr 23 06:47:51 PM IST 2026 Linux krishnendu-LN 6.19.12-200.fc43.x86_64 x86_64
c
c ---- [ parsing ] -----------------------------------------------------------
c
c opened and reading DIMACS file:
c
c   /home/krishnendu/Research/fv-invariant-mining/data/circuits/cnf/miter_mult_11bit.cnf
c
c parsed 'p cnf 1368 5184' header
c closing input after reading 82324 bytes (80 KB)
c finished parsing after 0.00 seconds
c
c ---- [ options ] -----------------------------------------------------------
c
c --decay=1                        (different from default '50')
c --eliminateeffort=1e3            (different from default '100')
c
c ---- [ solving ] -----------------------------------------------------------
c
c seconds switched rate     size/glue tier1  binary       remaining
c        MB reductions conflicts size  tier2   irredundant
c         level restarts redundant glue  trail       variables
c
c *  0.00  3 0 0 0  0 0   0   0 0.0 0 0 0 0 0% 1797 3385 1365 100%
c (  0.00  3 0 0 0  0 0   0   0 0.0 0 0 0 0 0% 1797 3385 1365 100%
c .  0.00  3 0 0 0  0 0   0   0 0.0 0 0 0 0 0% 1793 3385 1365 100%
c c  0.00  4 0 0 0  0 0   0   0 0.0 0 0 0 0 0% 1876 3383 1312 96%
c d  0.00  4 0 0 0  0 0   0   0 0.0 0 0 0 0 0% 1688 3383 1312 96%
c =  0.02  4 0 0 0  0 0   0   0 0.0 0 0 0 0 0% 1698 3373 1306 96%
c d  0.02  4 0 0 0  0 0   0   0 0.0 0 0 0 0 0% 1684 3373 1306 96%
c f  0.02  4 0 0 0  0 0   0   0 0.0 0 0 0 0 0% 1653 3352 1334 98%
c )  0.02  4 0 0 0  0 0   0   0 0.0 0 0 0 0 0% 1653 3352 1334 98%
c {  0.02  4 0 0 0  0 0   0   0 0.0 0 0 2 6 0% 1653 3352 1334 98%
c -  0.05  4 20 0 1 127 3 1000 593 3.1 30 10 3 12 80% 1674 3352 1334 98%
c }  0.05  4 20 1 1 127 3 1000 593 3.1 30 10 3 12 80% 1674 3352 1334 98%
c [  0.05  4 0 1 1 127 0 1000 593 0.0 0 0 2 6 0% 1674 3352 1334 98%
c B  0.05  4 44 1 1 127 10 1003 596 1.9 10 5 2 6 45% 1674 3352 1334 98%
c -  0.08  5 28 1 2 127 1 2000 1441 3.7 32 9 3 10 90% 1674 3352 1334 98%
c W  0.08  4 28 1 2 127 1 2005 1446 3.7 33 9 3 10 90% 1674 3352 1334 98%
c ]  0.09  4 25 2 2 128 1 2428 1767 2.9 31 11 3 10 91% 1674 3352 1334 98%
c {  0.09  4 20 2 2 128 3 2428 1767 3.1 30 10 3 12 80% 1674 3352 1334 98%
c c  0.12  5 17 2 2 335 2 3262 2150 2.5 26 10 3 12 85% 1681 3352 1333 98%
c d  0.12  5 17 2 2 335 2 3262 2150 2.5 26 10 3 12 85% 1679 3352 1333 98%
c
c seconds  switched  rate       size/glue  tier1     binary       remaining
c        MB reductions conflicts      size   tier2     irredundant
c         level restarts   redundant     glue    trail       variables
c
c u  0.12  5 17 2 2 335 2 3262 2015 2.5 26 10 3 12 85% 1680 3352 1333 98%
c v  0.13  5 17 2 2 335 2 3262 1918 2.5 26 10 3 12 85% 1680 3352 1333 98%
c w  0.13  5 17 2 2 335 2 3262 1908 2.5 26 10 3 12 85% 1680 3352 1333 98%
c x  0.13  5 17 2 2 335 2 3262 1908 2.5 26 10 3 12 85% 1696 3295 1333 98%
c =  0.15  5 17 2 2 335 2 3262 1908 2.5 26 10 3 12 85% 1722 3290 1320 97%
c d  0.15  5 17 2 2 335 2 3262 1908 2.5 26 10 3 12 85% 1683 3290 1320 97%
c t  0.15  5 17 2 2 335 2 3262 1908 2.5 26 10 3 12 85% 1670 3290 1320 97%
c f  0.15  5 17 2 2 335 2 3262 1908 2.5 26 10 3 12 85% 1668 3290 1322 97%
c u  0.15  5 17 2 2 335 2 3262 1888 2.5 26 10 3 12 85% 1668 3290 1322 97%
c v  0.16  5 17 2 2 335 2 3262 1843 2.5 26 10 3 12 85% 1668 3290 1322 97%
c w  0.16  5 17 2 2 335 2 3262 1780 2.5 26 10 3 12 85% 1668 3290 1322 97%
c x  0.16  5 17 2 2 335 2 3262 1780 2.5 26 10 3 12 85% 1668 3283 1322 97%
c =  0.18  5 17 2 2 335 2 3262 1780 2.5 26 10 3 12 85% 1688 3283 1312 96%
c d  0.18  5 17 2 2 335 2 3262 1780 2.5 26 10 3 12 85% 1658 3283 1312 96%
c -  0.18  5 17 2 3 335 2 3415 1471 2.6 25 10 2 11 83% 1660 3283 1312 96%
c }  0.18  5 17 3 3 335 2 3428 1483 2.6 26 10 2 11 83% 1660 3283 1312 96%
c [  0.18  5 25 3 3 335 1 3428 1483 2.9 31 11 3 10 91% 1660 3283 1312 96%
c I  0.21  5 22 3 3 335 1 4265 2236 3.0 30 10 3 10 89% 1660 3283 1312 96%
c ]  0.22  5 21 4 3 336 1 5103 2741 2.6 29 11 3 12 92% 1660 3283 1312 96%
c {  0.22  5 17 4 3 336 2 5103 2741 2.6 26 10 2 11 83% 1660 3283 1312 96%
c
c seconds  switched  rate       size/glue  tier1     binary       remaining
c        MB reductions conflicts      size   tier2     irredundant
c         level restarts   redundant     glue    trail       variables
c
c -  0.22  5 17 4 4 341 2 5148 2069 2.6 25 10 2 11 83% 1660 3283 1312 96%
c -  0.29  6 18 4 5 373 2 7152 3378 3.2 27 8 2 8 81% 1664 3283 1312 96%
c }  0.30  6 18 5 5 373 2 7455 3670 3.3 27 8 2 8 81% 1664 3283 1312 96%
c [  0.30  6 21 5 5 373 1 7455 3670 2.6 29 11 3 12 92% 1664 3283 1312 96%
c B  0.32  6 20 5 5 373 1 8036 4228 2.8 30 11 3 12 91% 1665 3283 1312 96%
c -  0.34  6 19 5 6 374 1 9389 4251 2.4 28 12 3 14 93% 1665 3283 1312 96%
c u  0.36  5 19 5 6 375 1 10057 4504 2.3 28 12 3 14 93% 1675 3283 1312 96%
c v  0.36  5 19 5 6 375 1 10057 4466 2.3 28 12 3 14 93% 1675 3283 1312 96%
c w  0.37  5 19 5 6 375 1 10057 4458 2.3 28 12 3 14 93% 1675 3283 1312 96%
c t  0.39  5 19 5 6 375 1 10057 4458 2.3 28 12 3 14 93% 1672 3283 1312 96%
c o  0.39  5 19 5 6 375 1 10057 4458 2.3 28 12 3 14 93% 1672 3283 1312 96%
c ]  0.40  5 19 6 6 375 1 10959 5100 2.3 28 12 3 14 94% 1672 3283 1312 96%
c {  0.40  5 18 6 6 375 2 10959 5100 3.3 27 8 2 8 81% 1672 3283 1312 96%
c -  0.42  6 19 6 7 605 2 11839 4431 2.9 26 9 2 9 81% 1674 3283 1312 96%
c -  0.47  6 19 6 8 1250 3 14486 5173 2.5 23 9 2 11 78% 1679 3283 1312 96%
c }  0.48  6 19 7 8 1328 3 15029 5608 2.4 22 9 2 11 77% 1681 3283 1312 96%
c [  0.48  6 19 7 8 1328 1 15029 5608 2.3 28 12 3 14 94% 1681 3283 1312 96%
c W  0.49  6 19 7 8 1328 1 15029 5608 2.3 28 12 3 14 94% 1681 3283 1312 96%
c s  0.51  6 18 7 8 1329 1 16301 6651 2.4 30 12 3 14 95% 1684 3275 1312 96%
c e  0.51  6 18 7 8 1329 1 16301 6651 2.4 30 12 3 14 95% 489 3959 809 59%
c
c seconds  switched   rate        size/glue  tier1    binary      remaining
c        MB reductions  conflicts       size   tier2    irredundant
c         level  restarts    redundant     glue    trail      variables
c
c 2  0.51  6 18 7 8 1329 1 16301 6651 2.4 30 12 3 14 95% 487 3959 809 59%
c s  0.51  6 18 7 8 1329 1 16301 6651 2.4 30 12 3 14 95% 492 3882 809 59%
c e  0.51  6 18 7 8 1329 1 16301 6651 2.4 30 12 3 14 95% 454 3914 792 58%
c ^  0.51  6 18 7 8 1329 1 16301 6651 2.4 30 12 3 14 95% 454 3914 792 58%
c -  0.53  6 18 7 9 1330 1 17315 1751 2.4 29 12 3 14 96% 454 3914 792 58%
c ]  0.58  6 17 8 9 1331 1 19856 2431 2.1 27 13 3 14 97% 454 3914 792 58%
c {  0.58  6 19 8 9 1331 3 19856 2431 2.4 22 9 2 11 77% 454 3914 792 58%
c o  0.58  6 19 8 9 1371 3 20076 2638 2.4 22 9 2 11 77% 454 3914 792 58%
c -  0.59  6 19 8 10 1433 3 20315 2288 2.4 23 9 2 11 77% 456 3914 792 58%
c u  0.60  6 19 8 10 1494 3 20604 2437 2.4 23 9 2 11 77% 457 3914 792 58%
c v  0.61  6 19 8 10 1494 3 20604 2283 2.4 23 9 2 11 77% 457 3914 792 58%
c w  0.61  6 19 8 10 1494 3 20604 2156 2.4 23 9 2 11 77% 457 3914 792 58%
c x  0.62  6 19 8 10 1494 3 20604 2153 2.4 23 9 2 11 77% 461 3772 792 58%
c t  0.62  6 19 8 10 1494 3 20604 2153 2.4 23 9 2 11 77% 457 3772 792 58%
c f  0.62  6 19 8 10 1494 3 20604 2153 2.4 23 9 2 11 77% 543 3583 837 61%
c u  0.62  6 19 8 10 1494 3 20604 2135 2.4 23 9 2 11 77% 543 3583 837 61%
c v  0.63  6 19 8 10 1494 3 20604 1984 2.4 23 9 2 11 77% 543 3583 837 61%
c w  0.63  6 19 8 10 1494 3 20604 1700 2.4 23 9 2 11 77% 543 3583 837 61%
c x  0.63  6 19 8 10 1494 3 20604 1700 2.4 23 9 2 11 77% 543 3581 837 61%
c =  0.64  6 19 8 10 1494 3 20604 1700 2.4 23 9 2 11 77% 545 3581 836 61%
c
c seconds  switched    rate        size/glue tier1    binary      remaining
c        MB  reductions  conflicts       size  tier2    irredundant
c         level   restarts    redundant    glue    trail      variables
c
c d  0.64  6 19 8 10 1494 3 20604 1699 2.4 23 9 2 11 77% 543 3581 836 61%
c f  0.64  6 19 8 10 1494 3 20604 1699 2.4 23 9 2 11 77% 547 3575 837 61%
c -  0.75  6 18 8 11 1750 3 23478 3655 2.7 26 10 2 11 82% 550 3575 837 61%
c }  0.83  7 18 9 11 2172 3 26015 6034 2.6 27 10 2 11 82% 558 3574 837 61%
c [  0.83  7 17 9 11 2172 1 26015 6034 2.1 27 13 3 14 97% 558 3574 837 61%
c O  0.83  7 17 9 11 2172 1 26015 6034 2.1 27 13 3 14 97% 558 3574 837 61%
c -  0.86  7 17 9 12 2172 1 26795 5170 2.0 27 13 2 14 97% 558 3574 837 61%
c -  0.96  7 17 9 13 2175 1 30260 4528 1.9 26 13 2 13 97% 558 3574 837 61%
c ]  1.01  7 17 10 13 2176 1 31753 5392 1.9 25 13 2 13 96% 558 3574 837 61%
c {  1.01  7 18 10 13 2176 3 31753 5392 2.6 27 10 2 11 82% 558 3574 837 61%
c e  1.05  7 19 10 13 2442 3 32955 6509 2.7 28 10 2 11 82% 398 3817 722 53%
c s  1.05  7 19 10 13 2442 3 32955 6509 2.7 28 10 2 11 82% 400 3786 722 53%
c e  1.05  7 19 10 13 2442 3 32955 6509 2.7 28 10 2 11 82% 400 3786 720 53%
c ^  1.05  7 19 10 13 2442 3 32955 6509 2.7 28 10 2 11 82% 400 3786 720 53%
c -  1.06  6 18 10 14 2461 3 33866 1969 2.6 27 10 2 10 80% 400 3786 720 53%
c u  1.10  6 18 10 14 2616 3 35565 3165 2.6 27 10 2 10 78% 401 3786 720 53%
c v  1.12  6 18 10 14 2616 3 35565 2538 2.6 27 10 2 10 78% 401 3786 720 53%
c w  1.13  6 18 10 14 2616 3 35565 2213 2.6 27 10 2 10 78% 401 3786 720 53%
c t  1.19  6 18 10 14 2616 3 35565 2213 2.6 27 10 2 10 78% 395 3786 720 53%
c f  1.19  6 18 10 14 2616 3 35565 2213 2.6 27 10 2 10 78% 398 3777 722 53%
c
c seconds   switched    rate        size/glue  tier1    binary      remaining
c        MB   reductions  conflicts       size   tier2    irredundant
c         level    restarts    redundant     glue    trail      variables
c
c u  1.19  6 18 10 14 2616 3 35565 2179 2.6 27 10 2 10 78% 398 3777 722 53%
c v  1.20  6 18 10 14 2616 3 35565 1817 2.6 27 10 2 10 78% 398 3777 722 53%
c w  1.21  6 18 10 14 2616 3 35565 1801 2.6 27 10 2 10 78% 398 3777 722 53%
c x  1.22  6 18 10 14 2616 3 35565 1800 2.6 27 10 2 10 78% 401 3721 722 53%
c -  1.27  6 18 10 15 2668 3 37608 3402 2.8 29 10 2 10 79% 401 3721 722 53%
c }  1.35  6 18 11 15 2703 2 40380 6047 3.0 30 10 2 10 80% 402 3721 722 53%
c [  1.35  6 17 11 15 2703 1 40380 6047 1.9 25 13 2 13 96% 402 3721 722 53%
c B  1.35  6 17 11 15 2703 1 40380 6047 1.9 25 13 2 13 96% 402 3721 722 53%
c o  1.35  6 17 11 15 2703 1 40380 6047 1.9 25 13 2 13 96% 402 3721 722 53%
c -  1.38  7 17 11 16 2704 1 41480 5734 1.9 25 13 2 13 97% 402 3721 722 53%
c -  1.49  7 17 11 17 2706 1 45480 4471 1.7 23 13 2 12 97% 402 3721 722 53%
c ]  1.50  7 17 12 17 2707 1 45868 4518 1.7 23 13 2 12 97% 402 3721 722 53%
c {  1.50  7 18 12 17 2707 2 45868 4518 3.0 30 10 2 10 80% 402 3721 722 53%
c -  1.62  8 19 12 18 3402 2 49604 4532 2.9 31 11 1 10 81% 403 3721 722 53%
c -  1.74  8 19 12 19 3782 2 53847 6214 2.9 31 11 1 9 81% 403 3721 722 53%
c u  1.76  8 19 12 19 3785 2 54828 6890 2.9 31 11 1 9 80% 403 3721 722 53%
c v  1.79  8 19 12 19 3785 2 54828 6828 2.9 31 11 1 9 80% 403 3721 722 53%
c w  1.79  8 19 12 19 3785 2 54828 6817 2.9 31 11 1 9 80% 403 3721 722 53%
c x  1.80  8 19 12 19 3785 2 54828 6816 2.9 31 11 1 9 80% 403 3715 722 53%
c =  1.86  8 19 12 19 3785 2 54828 6816 2.9 31 11 1 9 80% 405 3713 721 53%
c
c seconds   switched    rate        size/glue  tier1   binary      remaining
c        MB   reductions  conflicts       size   tier2   irredundant
c         level    restarts    redundant     glue   trail      variables
c
c d  1.86  8 19 12 19 3785 2 54828 6816 2.9 31 11 1 9 80% 403 3713 721 53%
c u  1.87  8 19 12 19 3785 2 54828 6782 2.9 31 11 1 9 80% 403 3713 721 53%
c v  1.90  8 19 12 19 3785 2 54828 6654 2.9 31 11 1 9 80% 403 3713 721 53%
c w  1.91  8 19 12 19 3785 2 54828 6630 2.9 31 11 1 9 80% 403 3713 721 53%
c }  2.06  7 19 13 19 4263 2 57347 8918 2.9 31 11 1 9 81% 403 3713 721 53%
c [  2.06  7 17 13 19 4263 1 57347 8918 1.7 23 13 2 12 97% 403 3713 721 53%
c W  2.07  7 17 13 19 4263 1 57347 8918 1.7 23 13 2 12 97% 403 3713 721 53%
c -  2.10  7 17 13 20 4263 1 58205 6758 1.7 23 13 2 12 97% 403 3713 721 53%
c -  2.24  6 16 13 21 4267 1 62678 4589 1.6 21 13 2 9 97% 403 3713 721 53%
c -  2.37  7 16 13 22 4269 1 67261 3820 1.6 22 13 2 8 96% 403 3713 721 53%
c ]  2.37  7 16 14 22 4269 1 67562 3944 1.6 22 13 2 8 96% 403 3713 721 53%
c {  2.37  7 19 14 22 4269 2 67562 3944 2.9 31 11 1 9 81% 403 3713 721 53%
c e  2.39  7 19 14 22 4292 2 69306 5503 2.8 30 11 1 9 78% 314 3884 673 49%
c s  2.40  7 19 14 22 4292 2 69306 5503 2.8 30 11 1 9 78% 316 3870 673 49%
c ^  2.40  7 19 14 22 4292 2 69306 5503 2.8 30 11 1 9 78% 316 3870 673 49%
c o  2.43  7 19 14 22 4296 2 70726 5644 2.9 31 11 1 9 79% 316 3870 673 49%
c -  2.46  7 19 14 23 4389 2 71951 4678 2.8 30 11 1 9 78% 317 3870 673 49%
c -  2.61  7 20 14 24 4847 2 76746 6295 2.9 31 11 1 8 79% 317 3870 673 49%
c u  2.67  7 20 14 24 5055 2 78534 7497 2.9 31 11 1 8 79% 318 3870 673 49%
c v  2.70  7 20 14 24 5055 2 78534 7219 2.9 31 11 1 8 79% 318 3870 673 49%
c
c seconds   switched    rate        size/glue  tier1   binary      remaining
c        MB   reductions  conflicts       size   tier2   irredundant
c         level    restarts    redundant     glue   trail      variables
c
c w  2.70  7 20 14 24 5055 2 78534 7145 2.9 31 11 1 8 79% 318 3870 673 49%
c x  2.71  7 20 14 24 5055 2 78534 7141 2.9 31 11 1 8 79% 323 3827 673 49%
c t  2.71  7 20 14 24 5055 2 78534 7141 2.9 31 11 1 8 79% 320 3827 673 49%
c -  2.84  8 19 14 25 5436 2 81645 5632 2.7 30 11 1 7 80% 320 3827 673 49%
c }  2.86  8 19 15 25 5443 2 82277 5673 2.7 30 11 1 7 81% 320 3827 673 49%
c [  2.86  8 16 15 25 5443 1 82277 5673 1.6 22 13 2 8 96% 320 3827 673 49%
c I  2.86  8 16 15 25 5443 1 82277 5673 1.6 22 13 2 8 96% 320 3827 673 49%
c -  2.93  6 16 15 26 5446 1 86646 5019 1.6 22 13 2 9 96% 320 3827 673 49%
c -  3.02  7 16 15 27 5449 1 91746 4246 1.6 22 13 2 10 96% 320 3827 673 49%
c -  3.13  7 16 15 28 5452 1 96943 4200 1.6 22 13 2 11 96% 320 3827 673 49%
c B  3.19  7 16 15 28 5454 1 100081 5814 1.6 22 13 2 11 96% 320 3827 673 49%
c -  3.23  7 16 15 29 5455 1 102235 4728 1.6 22 13 2 11 96% 320 3827 673 49%
c ]  3.29  7 16 16 29 5456 1 106049 7965 1.7 22 13 2 11 95% 320 3827 673 49%
c {  3.29  7 19 16 29 5456 2 106049 7965 2.7 30 11 1 7 81% 320 3827 673 49%
c u  3.32  7 19 16 29 5516 2 106815 8440 2.7 30 11 1 7 81% 320 3827 673 49%
c v  3.34  8 19 16 29 5516 2 106815 7979 2.7 30 11 1 7 81% 320 3827 673 49%
c w  3.34  8 19 16 29 5516 2 106815 7916 2.7 30 11 1 7 81% 320 3827 673 49%
c x  3.35  7 19 16 29 5516 2 106815 7916 2.7 30 11 1 7 81% 321 3823 673 49%
c -  3.44  6 19 16 30 5547 2 107622 6277 2.7 30 11 1 7 80% 321 3823 673 49%
c o  3.54  6 19 16 30 5870 2 110922 9362 2.7 30 11 1 7 81% 321 3823 673 49%
c
c seconds   switched    rate         size/glue  tier1   binary      remaining
c        MB   reductions  conflicts        size   tier2   irredundant
c         level    restarts     redundant     glue   trail      variables
c
c -  3.59  6 20 16 31 5948 2 113100 8638 2.7 30 11 1 6 81% 321 3823 673 49%
c -  3.78  7 19 16 32 6445 2 118668 10462 2.8 31 11 1 6 82% 321 3823 673 49%
c -  3.96  7 20 16 33 6876 2 124325 11391 2.8 32 11 1 6 82% 321 3823 673 49%
c }  3.97  7 20 17 33 6892 2 124387 11451 2.8 32 11 1 6 82% 321 3823 673 49%
c [  3.97  7 16 17 33 6892 1 124387 11451 1.7 22 13 2 11 95% 321 3823 673 49%
c W  3.97  7 16 17 33 6892 1 124387 11451 1.7 22 13 2 11 95% 321 3823 673 49%
c e  4.05  7 16 17 33 6894 1 127857 13383 1.7 22 13 2 11 94% 241 4132 610 45%
c s  4.05  7 16 17 33 6894 1 127857 13383 1.7 22 13 2 11 94% 241 4025 610 45%
c e  4.05  7 16 17 33 6894 1 127857 13383 1.7 22 13 2 11 94% 239 4033 607 44%
c ^  4.05  7 16 17 33 6894 1 127857 13383 1.7 22 13 2 11 94% 239 4033 607 44%
c -  4.09  6 16 17 34 6896 1 130069 6135 1.6 22 13 2 11 94% 239 4033 607 44%
c -  4.21  6 16 17 35 6898 1 135899 5853 1.6 22 13 2 11 94% 239 4033 607 44%
c u  4.31  7 16 17 35 6901 1 139868 7376 1.6 21 13 2 11 94% 239 4033 607 44%
c v  4.33  7 16 17 35 6901 1 139868 6303 1.6 21 13 2 11 94% 239 4033 607 44%
c w  4.36  7 16 17 35 6901 1 139868 5058 1.6 21 13 2 11 94% 239 4033 607 44%
c t  4.36  7 16 17 35 6901 1 139868 5058 1.6 21 13 2 11 94% 238 4033 607 44%
c -  4.40  6 16 17 36 6902 1 141815 3996 1.6 21 13 2 11 94% 238 4033 607 44%
c -  4.54  7 16 17 37 6905 1 147815 4235 1.6 21 13 2 11 94% 238 4033 607 44%
c O  4.56  7 16 17 37 6905 1 148612 4591 1.6 21 13 2 11 94% 238 4033 607 44%
c ]  4.57  7 16 18 37 6905 1 149022 4885 1.6 21 13 2 11 94% 238 4033 607 44%
c
c seconds   switched    rate         size/glue  tier1   binary      remaining
c        MB   reductions  conflicts        size   tier2   irredundant
c         level    restarts     redundant     glue   trail      variables
c
c {  4.57  7 20 18 37 6905 2 149022 4885 2.8 32 11 1 6 82% 238 4033 607 44%
c -  4.73  8 19 18 38 6939 2 153898 7961 3.0 33 11 1 5 83% 238 4033 607 44%
c -  4.94  9 18 18 39 6939 2 160062 12295 3.2 34 11 1 5 85% 238 4033 607 44%
c -  5.21 10 18 18 40 8232 2 166306 11365 3.1 34 11 1 5 86% 238 4033 607 44%
c o  5.21 10 18 18 40 8233 2 166306 11365 3.1 34 11 1 5 86% 238 4033 607 44%
c }  5.42  9 18 19 40 8569 2 171367 14308 3.0 33 11 1 5 86% 239 4032 607 44%
c [  5.42  9 16 19 40 8569 1 171367 14308 1.6 21 13 2 11 94% 239 4032 607 44%
c -  5.47  9 16 19 41 8570 1 172630 8725 1.6 21 13 2 11 94% 239 4032 607 44%
c B  5.61  9 16 19 41 8572 1 176352 9352 1.6 21 13 2 11 95% 239 4032 607 44%
c u  5.64  9 16 19 41 8574 1 177608 9912 1.6 21 13 2 11 95% 239 4032 607 44%
c v  5.67 10 16 19 41 8574 1 177608 9285 1.6 21 13 2 11 95% 239 4032 607 44%
c w  5.69 10 16 19 41 8574 1 177608 9112 1.6 21 13 2 11 95% 239 4032 607 44%
c x  5.70  9 16 19 41 8574 1 177608 9109 1.6 21 13 2 11 95% 241 3953 607 44%
c t  5.70  9 16 19 41 8574 1 177608 9109 1.6 21 13 2 11 95% 240 3953 607 44%
c -  5.72  7 16 19 42 8574 1 179034 6214 1.6 21 13 2 11 94% 240 3953 607 44%
c -  5.84  8 16 19 43 8577 1 185516 5667 1.6 21 14 2 11 94% 240 3953 607 44%
c -  5.98  7 16 19 44 8582 1 192073 5536 1.6 21 14 2 11 94% 240 3953 607 44%
c -  6.13  7 16 19 45 8583 1 198706 5462 1.5 21 14 2 11 93% 240 3953 607 44%
c ]  6.29  7 16 20 45 8584 1 205247 9441 1.5 21 14 2 11 93% 240 3953 607 44%
c {  6.29  7 18 20 45 8584 2 205247 9441 3.0 33 11 1 5 86% 240 3953 607 44%
c
c seconds   switched    rate         size/glue  tier1   binary      remaining
c        MB   reductions  conflicts        size   tier2   irredundant
c         level    restarts     redundant     glue   trail      variables
c
c -  6.29  7 18 20 46 8596 2 205415 6221 3.0 33 11 1 5 86% 240 3953 607 44%
c s  6.49  7 18 20 46 9658 2 210787 10576 2.9 32 11 1 5 87% 240 3952 607 44%
c e  6.49  7 18 20 46 9658 2 210787 10576 2.9 32 11 1 5 87% 151 4651 509 37%
c s  6.49  7 18 20 46 9658 2 210787 10576 2.9 32 11 1 5 87% 151 4456 509 37%
c e  6.49  7 18 20 46 9658 2 210787 10576 2.9 32 11 1 5 87% 145 4506 503 37%
c ^  6.49  7 18 20 46 9658 2 210787 10576 2.9 32 11 1 5 87% 145 4506 503 37%
c -  6.53  7 18 20 47 9994 2 212197 3188 2.9 32 11 1 5 87% 145 4506 503 37%
c -  6.72  7 18 20 48 10872 2 219052 6266 2.9 33 11 1 5 87% 145 4506 503 37%
c u  6.77  8 18 20 48 10872 2 220455 7300 2.9 33 11 1 5 87% 145 4506 503 37%
c v  6.79  8 18 20 48 10872 2 220455 6745 2.9 33 11 1 5 87% 145 4506 503 37%
c w  6.81  8 18 20 48 10872 2 220455 5939 2.9 33 11 1 5 87% 145 4506 503 37%
c x  6.82  7 18 20 48 10872 2 220455 5938 2.9 33 11 1 5 87% 147 4299 503 37%
c t  6.94  7 18 20 48 10872 2 220455 5938 2.9 33 11 1 5 87% 146 4299 503 37%
c -  7.08  8 18 20 49 10873 2 225981 9261 3.0 34 11 1 5 87% 146 4299 503 37%
c o  7.11  8 18 20 49 10878 2 227095 10348 3.1 34 11 1 5 87% 146 4299 503 37%
c }  7.28  9 18 21 49 11117 2 231987 15059 3.1 34 11 1 5 87% 146 4299 503 37%
c [  7.28  9 16 21 49 11117 1 231987 15059 1.5 21 14 2 11 93% 146 4299 503 37%
c W  7.28  8 16 21 49 11117 1 231987 15059 1.5 21 14 2 11 93% 146 4299 503 37%
c -  7.31  8 16 21 50 11117 1 232982 12310 1.5 21 14 2 11 93% 146 4299 503 37%
c -  7.47  8 16 21 51 11122 1 240054 10411 1.5 21 14 2 11 93% 146 4299 503 37%
c
c seconds   switched     rate         size/glue  tier1    binary      remaining
c        MB   reductions   conflicts        size   tier2    irredundant
c         level    restarts      redundant     glue    trail      variables
c
c -  7.62  7 16 21 52 11126 1 247196 7829 1.5 21 14 2 11 93% 146 4299 503 37%
c -  7.80  7 16 21 53 11130 1 254409 6670 1.5 21 14 2 11 93% 147 4299 503 37%
c -  8.01  7 16 21 54 11131 1 261689 7112 1.5 21 14 2 11 93% 147 4299 503 37%
c ]  8.03  7 16 22 54 11131 1 262719 7720 1.5 21 14 2 11 93% 147 4299 503 37%
c {  8.03  7 18 22 54 11131 2 262719 7720 3.1 34 11 1 5 87% 147 4299 503 37%
c u  8.11  7 18 22 54 11179 2 267987 12137 3.0 34 11 1 5 87% 147 4299 503 37%
c v  8.15  7 18 22 54 11179 2 267987 11583 3.0 34 11 1 5 87% 147 4299 503 37%
c w  8.16 10 18 22 54 11179 2 267987 11122 3.0 34 11 1 5 87% 147 4299 503 37%
c x  8.17 10 18 22 54 11179 2 267987 11121 3.0 34 11 1 5 87% 147 4274 503 37%
c -  8.19  8 18 22 55 11187 2 269037 8552 3.0 33 11 1 5 87% 147 4274 503 37%
c -  8.33  8 18 22 56 11369 2 276453 11399 2.9 32 11 1 5 86% 147 4274 503 37%
c -  8.51  9 18 22 57 11470 2 283937 14015 2.8 31 11 1 6 86% 147 4274 503 37%
c -  8.66  9 17 22 58 11551 2 291486 16468 2.8 31 11 1 6 85% 147 4274 503 37%
c }  8.76  9 17 23 58 11660 2 294235 18937 2.8 30 11 1 6 85% 147 4274 503 37%
c [  8.76  9 16 23 58 11660 1 294235 18937 1.5 21 14 2 11 93% 147 4274 503 37%
c I  8.76  9 16 23 58 11660 1 294235 18937 1.5 21 14 2 11 93% 147 4274 503 37%
c -  8.86 10 16 23 59 11663 1 299102 15593 1.5 21 14 2 11 93% 147 4274 503 37%
c -  9.03 10 16 23 60 11667 1 306783 11975 1.5 21 14 2 11 93% 147 4274 503 37%
c -  9.17  8 16 23 61 11672 1 314529 9601 1.5 21 14 2 11 92% 147 4274 503 37%
c s  9.27  8 16 23 61 11674 1 319088 11896 1.5 21 14 2 11 92% 147 4271 503 37%
c
c seconds   switched     rate          size/glue  tier1    binary      remaining
c        MB   reductions   conflicts         size   tier2    irredundant
c         level    restarts       redundant     glue    trail      variables
c
c e  9.28  8 16 23 61 11674 1 319088 11896 1.5 21 14 2 11 92%  82 5203 429 31%
c 2  9.28  8 16 23 61 11674 1 319088 11896 1.5 21 14 2 11 92%  81 5203 429 31%
c s  9.28  8 16 23 61 11674 1 319088 11896 1.5 21 14 2 11 92%  81 5016 429 31%
c e  9.28  8 16 23 61 11674 1 319088 11896 1.5 21 14 2 11 92%  74 5075 425 31%
c !  9.28  8 16 23 61 11674 1 319088 11896 1.5 21 14 2 11 92%  74 5075 425 31%
c o  9.28  8 16 23 61 11674 1 319088 4511 1.5 21 14 2 11 92%  74 5075 425 31%
c u  9.32  8 16 23 61 11674 1 320712 4703 1.5 21 14 2 11 93%  74 5075 425 31%
c v  9.33  8 16 23 61 11674 1 320712 4099 1.5 21 14 2 11 93%  74 5075 425 31%
c w  9.34  8 16 23 61 11674 1 320712 2885 1.5 21 14 2 11 93%  74 5075 425 31%
c x  9.35  8 16 23 61 11674 1 320712 2883 1.5 21 14 2 11 93%  78 4939 425 31%
c f  9.36  8 16 23 61 11674 1 320712 2883 1.5 21 14 2 11 93%  79 4909 426 31%
c u  9.36  8 16 23 61 11674 1 320712 2822 1.5 21 14 2 11 93%  79 4909 426 31%
c v  9.37  8 16 23 61 11674 1 320712 2589 1.5 21 14 2 11 93%  79 4909 426 31%
c w  9.38  8 16 23 61 11674 1 320712 2456 1.5 21 14 2 11 93%  79 4909 426 31%
c x  9.38  8 16 23 61 11674 1 320712 2456 1.5 21 14 2 11 93%  80 4873 426 31%
c -  9.42  7 16 23 62 11674 1 322340 1715 1.5 21 14 2 11 93%  80 4873 426 31%
c ]  9.50  7 16 24 62 11674 1 326146 2502 1.5 20 14 2 11 93%  80 4873 426 31%
c {  9.50  7 17 24 62 11674 2 326146 2502 2.8 30 11 1 6 85%  80 4873 426 31%
c -  9.57  8 17 24 63 11750 2 330214 4944 2.8 30 11 1 6 84%  80 4873 426 31%
c -  9.76  8 18 24 64 12442 2 338152 9130 2.7 30 11 1 6 83%  80 4873 426 31%
c
c seconds   switched     rate          size/glue  tier1   binary      remaining
c        MB   reductions   conflicts         size   tier2   irredundant
c         level    restarts       redundant     glue   trail      variables
c
c - 10.02  9 18 24 65 13307 2 346153 11911 2.7 30 11 1 6 84%  80 4873 426 31%
c - 10.26 10 18 24 66 13307 2 354215 15669 2.9 32 11 1 6 85%  80 4873 426 31%
c - 10.57 11 18 24 67 14218 2 362340 17135 2.9 32 11 1 6 85%  80 4873 426 31%
c } 10.59 11 18 25 67 14334 2 362823 17503 2.9 32 11 1 6 85%  80 4873 426 31%
c [ 10.59 11 16 25 67 14334 1 362823 17503 1.5 20 14 2 11 93%  80 4873 426 31%
c B 10.59 11 16 25 67 14334 1 362823 17503 1.5 20 14 2 11 93%  80 4873 426 31%
c - 10.78 11 16 25 68 14339 1 370526 13210 1.5 21 14 2 11 93%  80 4873 426 31%
c u 10.96 11 16 25 68 14343 1 377696 16764 1.5 21 14 2 11 93%  80 4873 426 31%
c v 11.04 12 16 25 68 14343 1 377696 16275 1.5 21 14 2 11 93%  80 4873 426 31%
c w 11.06 13 16 25 68 14343 1 377696 14831 1.5 21 14 2 11 93%  80 4873 426 31%
c - 11.16  8 16 25 69 14343 1 378773 7822 1.5 21 14 2 10 93%  80 4873 426 31%
c - 11.34  8 16 25 70 14347 1 387080 7287 1.6 21 14 2 10 93%  80 4873 426 31%
c - 11.53  9 16 25 71 14348 1 395446 7087 1.6 21 14 2 10 93%  80 4873 426 31%
c - 11.71  9 16 25 72 14355 1 403873 7008 1.6 21 14 2 10 93%  80 4873 426 31%
c W 11.77  8 16 25 72 14355 1 406534 8637 1.6 21 14 2 10 93%  80 4873 426 31%
c o 11.77  8 16 25 72 14355 1 406534 8637 1.6 21 14 2 10 93%  80 4873 426 31%
c ] 11.80  8 16 26 72 14355 1 407762 8982 1.6 21 14 2 10 93%  80 4873 426 31%
c { 11.80  8 18 26 72 14355 2 407762 8982 2.9 32 11 1 6 85%  80 4873 426 31%
c - 11.92  8 18 26 73 14717 2 412359 9269 2.9 32 11 1 6 85%  80 4873 426 31%
c - 12.27  8 17 26 74 15322 2 420904 13365 2.9 32 11 1 5 86%  81 4873 426 31%
c
c seconds   switched     rate          size/glue  tier1   binary      remaining
c        MB   reductions   conflicts         size   tier2   irredundant
c         level    restarts       redundant     glue   trail      variables
c
c - 12.58  9 17 26 75 15961 2 429506 16300 3.1 33 11 1 5 87%  81 4873 426 31%
c - 12.92  9 18 26 76 17276 2 438166 15784 2.9 33 11 1 5 87%  81 4873 426 31%
c u 13.00  9 18 26 76 17581 2 439937 16664 2.9 33 11 1 5 87%  81 4873 426 31%
c v 13.05  9 18 26 76 17581 2 439937 15785 2.9 33 11 1 5 87%  81 4873 426 31%
c w 13.07 12 18 26 76 17581 2 439937 15454 2.9 33 11 1 5 87%  81 4873 426 31%
c x 13.09 12 18 26 76 17581 2 439937 15448 2.9 33 11 1 5 87%  81 4865 426 31%
c - 13.31 11 18 26 77 17809 2 446884 14009 3.0 34 11 1 5 87%  81 4865 426 31%
c } 13.39 11 18 27 77 17809 2 449981 16992 3.1 34 11 1 5 87%  81 4865 426 31%
c [ 13.39 11 16 27 77 17809 1 449981 16992 1.6 21 14 2 10 93%  81 4865 426 31%
c s 13.49 11 16 27 77 17811 1 453759 18443 1.6 22 14 2 10 94%  81 4863 426 31%
c e 13.49 10 16 27 77 17811 1 453759 18443 1.6 22 14 2 10 94%  81 4866 425 31%
c s 13.49 10 16 27 77 17811 1 453759 18443 1.6 22 14 2 10 94%  81 4859 425 31%
c O 13.51 11 16 27 77 17812 1 454695 18433 1.6 22 14 2 10 94%  81 4859 425 31%
c - 13.55 11 16 27 78 17813 1 455659 12774 1.6 22 14 2 10 94%  81 4859 425 31%
c - 13.84  8 16 27 79 17818 1 464490 8919 1.6 21 14 1 9 94%  81 4859 425 31%
c - 14.11  9 16 27 80 17822 1 473378 6507 1.6 21 13 1 9 94%  81 4859 425 31%
c - 14.36  9 16 27 81 17823 1 482323 6152 1.5 21 13 1 9 94%  81 4859 425 31%
c - 14.62  7 16 27 82 17830 1 491324 5426 1.5 20 13 1 8 94%  81 4859 425 31%
c ] 14.73  8 15 28 82 17830 1 494808 6759 1.5 20 13 1 8 94%  81 4859 425 31%
c { 14.73  8 18 28 82 17830 2 494808 6759 3.1 34 11 1 5 87%  81 4859 425 31%
c
c seconds   switched     rate         size/glue  tier1   binary      remaining
c        MB   reductions   conflicts        size   tier2   irredundant
c         level    restarts      redundant     glue   trail      variables
c
c o 14.78  8 18 28 82 18207 2 496541 8169 3.1 34 11 1 5 87%  81 4859 425 31%
c - 14.91  9 18 28 83 18789 2 500380 7212 3.0 34 11 1 5 87%  81 4859 425 31%
c u 15.11  9 18 28 83 19407 2 507549 12603 2.9 33 11 1 5 86%  81 4859 425 31%
c v 15.14  9 18 28 83 19407 2 507549 11097 2.9 33 11 1 5 86%  81 4859 425 31%
c w 15.23 10 18 28 83 19407 2 507549 10077 2.9 33 11 1 5 86%  81 4859 425 31%
c - 15.28  9 18 28 84 19572 2 509490 7631 2.9 33 11 1 5 86%  81 4859 425 31%
c - 15.58  9 18 28 85 20895 2 518655 8972 2.8 33 12 1 5 87%  81 4859 425 31%
c - 15.90  8 18 28 86 21992 2 527874 10025 2.8 33 12 1 5 87%  81 4859 425 31%
c i 16.07  9 18 28 86 22526 2 533601 15105 2.8 33 12 1 5 87%  89 4859 424 31%
c - 16.17 10 19 28 87 22611 2 537148 11765 2.8 33 12 1 5 86%  81 4859 424 31%
c } 16.33  9 18 29 87 22699 2 542946 17172 2.8 32 12 1 5 86%  81 4859 424 31%
c [ 16.33  9 15 29 87 22699 1 542946 17172 1.5 20 13 1 8 94%  81 4859 424 31%
c B 16.33  9 15 29 87 22699 1 542946 17172 1.5 20 13 1 8 94%  81 4859 424 31%
c - 16.45 10 16 29 88 22701 1 546475 12854 1.5 20 13 1 8 94%  81 4859 424 31%
c - 16.72  8 16 29 89 22706 1 555857 10166 1.5 20 14 1 7 94%  81 4859 424 31%
c - 16.99  9 16 29 90 22712 1 565291 7457 1.5 21 14 1 7 94%  81 4859 424 31%
c - 17.24  8 16 29 91 22713 1 574778 6766 1.5 21 14 1 7 94%  81 4859 424 31%
c u 17.42  7 16 29 91 22717 1 580596 7713 1.5 20 14 1 7 94%  81 4853 424 31%
c v 17.44  7 16 29 91 22717 1 580596 6434 1.5 20 14 1 7 94%  81 4853 424 31%
c w 17.46  7 16 29 91 22717 1 580596 5336 1.5 20 14 1 7 94%  81 4853 424 31%
c
c seconds   switched     rate         size/glue  tier1   binary      remaining
c        MB   reductions   conflicts        size   tier2   irredundant
c         level    restarts      redundant     glue   trail      variables
c
c - 17.55  7 16 29 92 22720 1 584317 4580 1.5 20 14 1 7 94%  81 4853 424 31%
c ] 17.78  7 16 30 92 22724 1 593133 7269 1.5 20 14 1 7 93%  81 4853 424 31%
c { 17.78  7 18 30 92 22724 2 593133 7269 2.8 32 12 1 5 86%  81 4853 424 31%
c - 17.81  7 18 30 93 22889 2 593910 5274 2.8 32 12 1 5 86%  81 4853 424 31%
c o 17.87  7 19 30 93 22951 2 596719 7934 2.8 32 12 1 5 85%  81 4853 424 31%
c - 18.06  8 19 30 94 22989 2 603553 9279 2.8 32 11 1 4 85%  81 4853 424 31%
c - 18.36  8 19 30 95 24013 2 613250 11211 2.8 32 12 1 4 85%  81 4853 424 31%
c - 18.66  7 19 30 96 25348 2 622997 11956 2.7 32 12 1 4 86%  81 4853 424 31%
c - 18.94  8 19 30 97 25744 2 632796 13339 2.7 32 12 1 4 86%  81 4853 424 31%
c - 19.35  9 18 30 98 25752 2 642645 14060 2.8 32 11 1 4 86%  81 4853 424 31%
c } 19.52  9 18 31 98 26246 2 647568 18091 2.7 31 11 1 4 87%  81 4853 424 31%
c [ 19.52  9 16 31 98 26246 1 647568 18091 1.5 20 14 1 7 93%  81 4853 424 31%
c W 19.52  9 16 31 98 26246 1 647568 18091 1.5 20 14 1 7 93%  81 4853 424 31%
c - 19.65  7 16 31 99 26249 1 652544 12438 1.5 20 14 1 7 93%  81 4853 424 31%
c u 19.82  8 16 31 99 26252 1 659179 15085 1.5 20 14 1 7 94%  82 4853 424 31%
c v 19.87  8 16 31 99 26252 1 659179 13585 1.5 20 14 1 7 94%  82 4853 424 31%
c w 19.90 10 16 31 99 26252 1 659179 13091 1.5 20 14 1 7 94%  82 4853 424 31%
c x 19.91 10 16 31 99 26252 1 659179 13088 1.5 20 14 1 7 94%  82 4835 424 31%
c - 19.99  9 16 31 100 26255 1 662494 8747 1.5 20 14 1 7 94%  82 4835 424 31%
c - 20.22  9 16 31 101 26260 1 672495 7953 1.5 21 14 1 7 93%  82 4835 424 31%
c
c seconds   switched      rate         size/glue  tier1   binary      remaining
c        MB   reductions    conflicts        size   tier2   irredundant
c         level     restarts      redundant     glue   trail      variables
c
c - 20.45  9 16 31 102 26263 1 682544 7612 1.5 21 14 1 7 93%  82 4835 424 31%
c - 20.65  9 16 31 103 26267 1 692644 8002 1.6 21 13 1 7 93%  82 4835 424 31%
c - 20.87  9 16 31 104 26274 1 702792 7960 1.6 21 13 1 7 93%  82 4835 424 31%
c I 21.02  9 16 31 104 26275 1 710119 12969 1.6 22 13 1 7 93%  82 4835 424 31%
c o 21.02  9 16 31 104 26275 1 710119 12969 1.6 22 13 1 7 93%  82 4835 424 31%
c - 21.07  9 16 31 105 26275 1 712992 7481 1.6 21 13 1 7 93%  82 4835 424 31%
c - 21.22  9 16 31 106 26276 1 723238 7423 1.6 21 13 1 7 93%  82 4835 424 31%
c ] 21.26  9 16 32 106 26276 1 726078 9127 1.6 21 13 1 7 93%  82 4835 424 31%
c { 21.26  9 18 32 106 26276 2 726078 9127 2.7 31 11 1 4 87%  82 4835 424 31%
c - 21.49  9 18 32 107 27135 2 733533 9687 2.7 32 12 1 4 87%  82 4835 424 31%
c u 21.81 10 18 32 107 27216 2 743396 18771 2.9 33 11 1 4 87%  83 4835 424 31%
c v 21.86 10 18 32 107 27216 2 743396 17482 2.9 33 11 1 4 87%  83 4835 424 31%
c w 21.91 12 18 32 107 27216 2 743396 17120 2.9 33 11 1 4 87%  83 4835 424 31%
c = 22.12 12 18 32 107 27216 2 743396 17120 2.9 33 11 1 4 87%  85 4835 423 31%
c d 22.13 12 18 32 107 27216 2 743396 17117 2.9 33 11 1 4 87%  83 4835 423 31%
c u 22.14 12 18 32 107 27216 2 743396 17058 2.9 33 11 1 4 87%  83 4835 423 31%
c v 22.18 13 18 32 107 27216 2 743396 16795 2.9 33 11 1 4 87%  83 4835 423 31%
c w 22.24 13 18 32 107 27216 2 743396 15855 2.9 33 11 1 4 87%  83 4835 423 31%
c - 22.26  9 18 32 108 27231 2 743878 9790 2.9 33 11 1 4 87%  83 4835 423 31%
c - 22.56  9 18 32 109 27853 2 754270 11485 2.8 32 11 1 4 86%  83 4835 423 31%
c
c seconds   switched      rate          size/glue  tier1   binary      remaining
c        MB   reductions    conflicts         size   tier2   irredundant
c         level     restarts       redundant     glue   trail      variables
c
c - 22.94 10 18 32 110 28247 2 764710 12791 2.8 31 11 1 4 87%  83 4835 423 31%
c - 23.27 11 17 32 111 28368 2 775199 14900 2.8 31 11 1 4 86%  83 4834 423 31%
c - 23.66 11 18 32 112 29894 2 785734 15829 2.7 31 11 1 4 86%  83 4834 423 31%
c } 23.69 11 18 33 112 29894 2 787184 17211 2.7 31 11 1 4 86%  83 4834 423 31%
c [ 23.69 11 16 33 112 29894 1 787184 17211 1.6 21 13 1 7 93%  83 4834 423 31%
c B 23.69 11 16 33 112 29894 1 787184 17211 1.6 21 13 1 7 93%  83 4834 423 31%
c - 23.94 11 16 33 113 29900 1 796318 14036 1.6 21 13 1 7 93%  83 4834 423 31%
c - 24.22  9 16 33 114 29906 1 806949 10896 1.6 21 13 1 7 93%  83 4834 423 31%
c s 24.51 10 16 33 114 29908 1 817396 16049 1.6 21 13 1 7 93%  83 4831 423 31%
c e 24.51  9 16 33 114 29908 1 817396 16049 1.6 21 13 1 7 93%  83 4847 422 31%
c s 24.51  9 16 33 114 29908 1 817396 16049 1.6 21 13 1 7 93%  83 4824 422 31%
c - 24.52 10 16 33 115 29908 1 817627 9167 1.6 21 13 1 7 93%  83 4824 422 31%
c - 24.79  9 16 33 116 29915 1 828351 8280 1.6 21 13 1 6 93%  83 4824 422 31%
c u 24.93 10 16 33 116 29916 1 833266 9866 1.6 21 13 1 6 93%  83 4824 422 31%
c v 24.96 10 16 33 116 29916 1 833266 8726 1.6 21 13 1 6 93%  83 4824 422 31%
c w 25.01 10 16 33 116 29916 1 833266 7633 1.6 21 13 1 6 93%  83 4824 422 31%
c o 25.01 10 16 33 116 29916 1 833266 7633 1.6 21 13 1 6 93%  83 4824 422 31%
c - 25.20  8 15 33 117 29921 1 839122 5717 1.6 21 13 1 6 94%  83 4824 422 31%
c - 25.49  9 15 33 118 29923 1 849939 6427 1.6 21 13 1 6 94%  83 4824 422 31%
c ] 25.56  9 15 34 118 29923 1 852480 7750 1.6 21 13 1 6 94%  83 4824 422 31%
c
c seconds   switched      rate         size/glue  tier1   binary      remaining
c        MB   reductions    conflicts        size   tier2   irredundant
c         level     restarts      redundant     glue   trail      variables
c
c { 25.56  9 18 34 118 29923 2 852480 7750 2.7 31 11 1 4 86%  83 4824 422 31%
c - 25.90  9 17 34 119 30775 2 860802 8420 2.7 31 11 1 4 87%  83 4824 422 31%
c - 26.33  9 17 34 120 32555 2 871710 9453 2.8 32 12 1 4 88%  84 4824 422 31%
c - 26.76  9 17 34 121 33340 1 882664 9848 2.8 32 12 1 4 88%  84 4824 422 31%
c - 27.16  9 17 34 122 34153 1 893665 10835 2.8 32 12 1 4 88%  84 4824 422 31%
c - 27.58  9 17 34 123 35460 1 904712 10816 2.8 32 12 1 4 88%  84 4824 422 31%
c - 27.98  9 17 34 124 36143 1 915802 12351 2.8 32 12 1 4 87%  85 4824 422 31%
c } 28.15 10 17 35 124 36181 1 920627 16967 2.8 33 12 1 4 88%  85 4824 422 31%
c [ 28.15 10 15 35 124 36181 1 920627 16967 1.6 21 13 1 6 94%  85 4824 422 31%
c W 28.16  9 15 35 124 36181 1 920627 16967 1.6 21 13 1 6 94%  85 4824 422 31%
c - 28.33  8 15 35 125 36186 1 926938 12522 1.6 21 13 1 6 94%  85 4824 422 31%
c u 28.41  8 15 35 125 36187 1 928888 13145 1.6 21 13 1 6 94%  85 4824 422 31%
c v 28.45  8 15 35 125 36187 1 928888 11868 1.6 21 13 1 6 94%  85 4824 422 31%
c w 28.53  8 15 35 125 36187 1 928888 11121 1.6 21 13 1 6 94%  85 4824 422 31%
c x 28.54  8 15 35 125 36187 1 928888 11120 1.6 21 13 1 6 94%  86 4809 422 31%
c t 28.95  9 15 35 125 36187 1 928888 11120 1.6 21 13 1 6 94%  85 4809 422 31%
c - 29.20  9 15 35 126 36192 1 938118 8735 1.7 22 13 1 6 94%  85 4809 422 31%
c - 29.46 10 15 35 127 36195 1 949342 8036 1.7 22 13 1 6 94%  85 4809 422 31%
c - 29.70 10 15 35 128 36201 1 960612 8259 1.7 22 13 1 6 94%  85 4809 422 31%
c - 29.97 10 15 35 129 36207 1 971925 8058 1.7 21 13 1 6 93%  85 4809 422 31%
c
c seconds   switched      rate         size/glue  tier1   binary      remaining
c        MB   reductions    conflicts        size   tier2   irredundant
c         level     restarts      redundant     glue   trail      variables
c
c - 30.22 10 15 35 130 36210 1 983283 7862 1.7 21 13 1 6 93%  85 4809 422 31%
c - 30.53 10 15 35 131 36211 1 994684 7695 1.7 21 13 1 6 93%  85 4809 422 31%
c O 30.65 10 15 35 131 36211 1 999055 9386 1.7 21 13 1 6 94%  85 4809 422 31%
c o 30.65 10 15 35 131 36211 1 999055 9386 1.7 21 13 1 6 94%  85 4809 422 31%
c - 30.86 10 15 35 132 36214 1 1006130 7120 1.6 20 13 1 6 94%  85 4809 422 31%
c - 31.17 10 15 35 133 36221 1 1017619 7842 1.6 21 12 1 6 94%  85 4809 422 31%
c ] 31.24 10 15 36 133 36223 1 1020849 10001 1.7 21 12 1 6 94%  85 4809 422 31%
c { 31.24 10 17 36 133 36223 1 1020849 10001 2.8 33 12 1 4 88%  85 4809 422 31%
c - 31.46  9 17 36 134 36349 1 1029153 10541 2.9 33 11 1 4 88%  85 4809 422 31%
c u 31.51  9 17 36 134 36349 1 1030342 11285 2.9 33 11 1 4 88%  85 4809 422 31%
c v 31.55  9 17 36 134 36349 1 1030342 10339 2.9 33 11 1 4 88%  85 4809 422 31%
c w 31.66  9 17 36 134 36349 1 1030342 9520 2.9 33 11 1 4 88%  85 4809 422 31%
c - 31.99  9 18 36 135 37766 1 1040729 11717 2.8 32 12 1 4 87%  85 4809 422 31%
c e 32.26 10 18 36 135 37989 1 1049257 19566 2.8 32 12 1 4 87%  84 4819 421 31%
c - 32.35 11 17 36 136 38014 1 1052347 13185 2.8 32 11 1 4 87%  84 4819 421 31%
c - 32.76 11 18 36 137 39132 1 1064008 14138 2.8 32 11 1 4 87%  84 4819 421 31%
c - 33.11 11 17 36 138 39132 1 1075713 15050 2.8 31 11 1 4 87%  84 4819 421 31%
c - 33.46 11 17 36 139 39588 1 1087460 15508 2.8 31 11 1 4 88%  84 4819 421 31%
c } 33.76 11 17 37 139 39979 1 1096405 22256 2.7 30 11 1 4 88%  84 4819 421 31%
c [ 33.76 11 15 37 139 39979 1 1096405 22256 1.7 21 12 1 6 94%  84 4819 421 31%
c
c seconds   switched      rate           size/glue  tier1   binary      remaining
c        MB   reductions     conflicts         size   tier2   irredundant
c         level     restarts        redundant     glue   trail      variables
c
c B 33.76 11 15 37 139 39979 1 1096405 22256 1.7 21 12 1 6 94%  84 4819 421 31%
c - 33.84 11 15 37 140 39981 1 1099249 15752 1.7 21 12 1 6 94%  84 4819 421 31%
c - 34.18  9 15 37 141 39988 1 1111081 13252 1.7 21 13 1 6 94%  84 4819 421 31%
c - 34.48 10 15 37 142 39993 1 1122955 10263 1.7 21 13 1 6 93%  84 4819 421 31%
c - 34.82 10 15 37 143 39998 1 1134871 9768 1.7 21 12 1 6 93%  84 4819 421 31%
c u 34.90 10 15 37 143 40000 1 1137651 10867 1.7 21 12 1 6 93%  84 4819 421 31%
c v 34.93 10 15 37 143 40000 1 1137651 9406 1.7 21 12 1 6 93%  84 4819 421 31%
c w 34.98 10 15 37 143 40000 1 1137651 8653 1.7 21 12 1 6 93%  84 4819 421 31%
c - 35.17 10 14 37 144 40005 1 1146829 8259 1.7 21 12 1 6 93%  84 4819 421 31%
c - 35.44 10 15 37 145 40008 1 1158829 8485 1.7 21 12 1 6 93%  84 4819 421 31%
c - 35.70 10 15 37 146 40009 1 1170871 8132 1.7 21 12 1 6 93%  84 4819 421 31%
c - 35.99 10 15 37 147 40013 1 1182956 7836 1.7 21 13 1 6 93%  84 4819 421 31%
c ] 36.04 10 15 38 147 40015 1 1184767 8806 1.7 21 13 1 6 93%  84 4819 421 31%
c { 36.04 10 17 38 147 40015 1 1184767 8806 2.7 30 11 1 4 88%  84 4819 421 31%
c o 36.05 10 17 38 147 40043 1 1185266 9153 2.7 30 11 1 4 88%  84 4819 421 31%
c - 36.21 10 17 38 148 41202 1 1195081 9685 2.6 29 11 1 4 87%  84 4819 421 31%
c - 36.42 10 17 38 149 42236 1 1207247 10686 2.5 28 11 1 4 87%  84 4819 421 31%
c - 36.62 10 17 38 150 43177 1 1219453 11353 2.4 27 11 1 4 86%  84 4819 421 31%
c - 36.85 10 17 38 151 44188 1 1231700 11631 2.3 26 11 1 4 85%  84 4819 421 31%
c - 37.06 10 17 38 152 44729 1 1243988 12115 2.2 25 12 1 4 85%  84 4819 421 31%
c
c seconds   switched      rate           size/glue  tier1   binary      remaining
c        MB   reductions     conflicts         size   tier2   irredundant
c         level     restarts        redundant     glue   trail      variables
c
c u 37.20 10 17 38 152 44997 1 1250849 17536 2.2 25 12 1 4 84%  84 4819 421 31%
c v 37.25 10 17 38 152 44997 1 1250849 15971 2.2 25 12 1 4 84%  84 4819 421 31%
c w 37.31 10 17 38 152 44997 1 1250849 14280 2.2 25 12 1 4 84%  84 4819 421 31%
c - 37.41 10 16 38 153 45006 1 1256317 11451 2.2 25 11 1 4 83%  84 4819 421 31%
c } 37.61 10 16 39 153 45294 1 1268100 21240 2.1 24 11 1 4 81%  84 4819 421 31%
c [ 37.61 10 15 39 153 45294 1 1268100 21240 1.7 21 13 1 6 93%  84 4819 421 31%
c W 37.62 10 15 39 153 45294 1 1268100 21240 1.7 21 13 1 6 93%  84 4819 421 31%
c - 37.63 10 15 39 154 45294 1 1268686 12683 1.7 21 13 1 6 93%  84 4819 421 31%
c - 37.95 10 15 39 155 45301 1 1281095 11366 1.6 21 13 1 6 93%  84 4819 421 31%
c - 38.27 10 15 39 156 45308 1 1293544 9086 1.6 20 13 1 6 93%  84 4819 421 31%
c - 38.54 10 15 39 157 45312 1 1306034 9219 1.6 20 13 1 6 93%  84 4819 421 31%
c - 38.79 10 15 39 158 45320 1 1318564 9129 1.6 20 13 1 6 94%  84 4819 421 31%
c ] 38.95 10 15 40 158 45323 1 1326692 13512 1.6 20 13 1 6 94%  84 4819 421 31%
c { 38.95 10 16 40 158 45323 1 1326692 13512 2.1 24 11 1 4 81%  84 4819 421 31%
c - 39.10 10 16 40 159 45403 1 1331134 10738 2.2 24 11 1 4 81%  84 4819 421 31%
c o 39.28 10 16 40 159 45577 1 1337203 16530 2.2 25 11 1 4 82%  84 4819 421 31%
c - 39.51 11 16 40 160 45584 1 1343746 14307 2.3 26 11 1 4 82%  84 4819 421 31%
c - 39.99 11 16 40 161 45970 1 1356396 16340 2.4 27 11 1 4 83%  84 4819 421 31%
c - 40.51 11 16 40 162 46547 1 1369085 17186 2.5 27 11 1 4 84%  84 4819 421 31%
c u 40.56 11 16 40 162 46547 1 1370033 17229 2.5 27 11 1 4 84%  84 4819 421 31%
c
c seconds   switched      rate           size/glue  tier1   binary      remaining
c        MB   reductions     conflicts         size   tier2   irredundant
c         level     restarts        redundant     glue   trail      variables
c
c v 40.65 11 16 40 162 46547 1 1370033 15336 2.5 27 11 1 4 84%  84 4819 421 31%
c w 40.72 11 16 40 162 46547 1 1370033 14585 2.5 27 11 1 4 84%  84 4819 421 31%
c - 41.51 16 16 40 163 46764 1 1381812 16595 2.7 29 11 1 4 85%  84 4819 421 31%
c - 42.05 16 17 40 164 49138 2 1394579 17590 2.6 29 11 1 4 85%  84 4819 421 31%
c - 42.53 16 17 40 165 50864 2 1407386 17331 2.6 29 11 1 4 85%  84 4819 421 31%
c } 42.97 16 17 41 165 52664 2 1418164 25652 2.5 29 12 1 4 85%  84 4819 421 31%
c [ 42.97 16 15 41 165 52664 1 1418164 25652 1.6 20 13 1 6 94%  84 4819 421 31%
c I 42.97 16 15 41 165 52664 1 1418164 25652 1.6 20 13 1 6 94%  84 4819 421 31%
c - 43.01 16 15 41 166 52666 1 1420231 16978 1.6 20 13 1 6 94%  84 4819 421 31%
c - 43.29 16 15 41 167 52673 1 1433116 15323 1.6 20 13 1 6 94%  84 4819 421 31%
c - 43.57 13 15 41 168 52678 1 1446038 11632 1.5 20 13 1 6 93%  84 4819 421 31%
c - 43.85 14 15 41 169 52684 1 1458999 10733 1.5 20 13 1 6 93%  84 4819 421 31%
c - 44.13 14 15 41 170 52692 1 1471999 10644 1.5 20 13 1 6 93%  84 4819 421 31%
c - 44.43 14 15 41 171 52694 1 1485038 10401 1.5 20 13 1 6 93%  84 4819 421 31%
c u 44.71 14 15 41 171 52694 1 1495236 15315 1.5 20 13 1 6 93%  84 4819 421 31%
c v 44.74 14 15 41 171 52694 1 1495236 14112 1.5 20 13 1 6 93%  84 4819 421 31%
c w 44.81 14 15 41 171 52694 1 1495236 10429 1.5 20 13 1 6 93%  84 4819 421 31%
c x 44.83 14 15 41 171 52694 1 1495236 10423 1.5 20 13 1 6 93%  84 4802 421 31%
c - 44.90 14 15 41 172 52694 1 1498115 7875 1.5 20 13 1 6 93%  84 4802 421 31%
c - 45.20 14 15 41 173 52701 1 1511229 8172 1.5 20 13 1 6 92%  84 4802 421 31%
c
c seconds   switched      rate           size/glue  tier1   binary      remaining
c        MB   reductions     conflicts         size   tier2   irredundant
c         level     restarts        redundant     glue   trail      variables
c
c B 45.39 14 15 41 173 52707 1 1519942 12336 1.5 19 13 1 6 92%  84 4802 421 31%
c o 45.39 14 15 41 173 52707 1 1519942 12336 1.5 19 13 1 6 92%  84 4802 421 31%
c - 45.50 14 15 41 174 52708 1 1524381 8479 1.5 19 13 1 6 92%  84 4802 421 31%
c - 45.78 14 15 41 175 52713 1 1537572 8869 1.5 19 13 1 6 93%  84 4802 421 31%
c - 46.07 14 15 41 176 52721 1 1550800 8898 1.5 19 13 1 6 93%  84 4802 421 31%
c - 46.36 14 15 41 177 52724 1 1564066 10366 1.5 19 13 1 6 92%  84 4802 421 31%
c ] 46.41 14 15 42 177 52725 1 1566543 12339 1.6 19 13 1 6 91%  84 4802 421 31%
c { 46.41 14 17 42 177 52725 2 1566543 12339 2.5 29 12 1 4 85%  84 4802 421 31%
c - 46.75 13 18 42 178 54258 2 1577373 13119 2.4 28 12 1 4 84%  84 4802 421 31%
c - 47.19 15 17 42 179 54444 2 1590717 16625 2.5 28 11 1 4 82%  84 4802 421 31%
c - 47.60 15 18 42 180 55676 2 1604097 18539 2.4 28 12 1 4 81%  84 4802 421 31%
c - 48.03 15 18 42 181 57253 2 1617514 18538 2.3 27 12 1 4 79%  84 4802 421 31%
c e 48.17 15 18 42 181 57848 2 1621133 21672 2.3 27 12 1 4 79%  81 4811 420 31%
c u 48.43 15 18 42 181 58438 2 1626593 24481 2.3 27 12 1 4 80%  81 4811 420 31%
c v 48.53 15 18 42 181 58438 2 1626593 21968 2.3 27 12 1 4 80%  81 4811 420 31%
c w 48.59 15 18 42 181 58438 2 1626593 21588 2.3 27 12 1 4 80%  81 4811 420 31%
c - 48.77 15 18 42 182 58646 2 1630967 16008 2.3 27 12 1 4 80%  81 4811 420 31%
c - 49.21 15 18 42 183 58911 2 1644457 18756 2.4 28 11 1 4 81%  81 4811 420 31%
c - 49.76 16 18 42 184 60391 2 1657985 20389 2.5 29 12 1 4 82%  81 4811 420 31%
c } 50.09 16 18 43 184 61414 2 1666517 27914 2.4 29 12 1 4 82%  81 4811 420 31%
c
c seconds   switched      rate           size/glue  tier1   binary      remaining
c        MB   reductions     conflicts         size   tier2   irredundant
c         level     restarts        redundant     glue   trail      variables
c
c [ 50.09 16 15 43 184 61414 1 1666517 27914 1.6 19 13 1 6 91%  81 4811 420 31%
c W 50.10 16 15 43 184 61414 1 1666517 27914 1.6 19 13 1 6 91%  81 4811 420 31%
c - 50.24 16 15 43 185 61417 1 1671550 19578 1.6 19 13 1 6 91%  81 4811 420 31%
c - 50.61 16 15 43 186 61426 1 1685151 17241 1.6 19 12 1 6 91%  81 4811 420 31%
c - 51.01 13 14 43 187 61428 1 1698789 13740 1.6 19 12 1 6 91%  81 4811 420 31%
c - 51.37 13 14 43 188 61436 1 1712464 13324 1.6 19 12 1 6 91%  81 4811 420 31%
c - 51.74 13 15 43 189 61443 1 1726175 12506 1.6 20 12 1 6 92%  81 4811 420 31%
c - 52.15 14 14 43 190 61444 1 1739922 11500 1.6 19 12 1 5 92%  81 4811 420 31%
c - 52.46 14 14 43 191 61448 1 1753706 11130 1.6 19 12 1 5 92%  81 4811 420 31%
c u 52.69 14 14 43 191 61454 1 1764075 15282 1.6 19 12 1 5 93%  82 4811 420 31%
c v 52.73 14 14 43 191 61454 1 1764075 13873 1.6 19 12 1 5 93%  82 4811 420 31%
c w 52.78 14 14 43 191 61454 1 1764075 10736 1.6 19 12 1 5 93%  82 4811 420 31%
c o 52.78 14 14 43 191 61454 1 1764075 10736 1.6 19 12 1 5 93%  82 4811 420 31%
c - 52.85 14 14 43 192 61457 1 1767527 8268 1.6 19 12 1 5 93%  82 4811 420 31%
c O 53.14 14 14 43 192 61459 1 1780856 14044 1.6 19 12 1 5 93%  82 4811 420 31%
c - 53.16 14 14 43 193 61459 1 1781383 9042 1.5 19 12 1 5 93%  82 4811 420 31%
c - 53.49 14 14 43 194 61468 1 1795276 9931 1.6 19 12 1 5 93%  82 4811 420 31%
c ] 53.59 14 14 44 194 61471 1 1799547 12874 1.6 19 12 1 5 93%  82 4811 420 31%
c { 53.59 14 18 44 194 61471 2 1799547 12874 2.4 29 12 1 4 82%  82 4811 420 31%
c - 53.96 13 19 44 195 63253 2 1809206 12389 2.4 28 12 1 4 82%  82 4811 420 31%
c
c seconds   switched      rate           size/glue  tier1   binary      remaining
c        MB   reductions     conflicts         size   tier2   irredundant
c         level     restarts        redundant     glue   trail      variables
c
c - 54.47 15 19 44 196 63924 2 1823170 15358 2.4 29 12 1 4 82%  82 4811 420 31%
c - 55.00 15 19 44 197 64917 2 1837174 17375 2.4 29 12 1 4 82%  82 4811 420 31%
c - 55.53 15 19 44 198 66399 2 1851209 18236 2.4 29 12 1 4 82%  82 4811 420 31%
c - 56.11 16 19 44 199 66720 2 1865280 19723 2.5 30 12 1 4 82%  82 4811 420 31%
c - 56.72 14 18 44 200 66720 2 1879386 20071 2.9 32 11 1 4 83%  82 4811 420 31%
c - 57.26 16 18 44 201 67234 2 1893530 19987 2.9 32 11 1 4 84%  82 4811 420 31%
c u 57.92 16 18 44 201 69211 2 1907704 30379 2.8 32 11 1 4 85%  82 4811 420 31%
c v 58.11 16 18 44 201 69211 2 1907704 28772 2.8 32 11 1 4 85%  82 4811 420 31%
c w 58.18 16 18 44 201 69211 2 1907704 28522 2.8 32 11 1 4 85%  82 4811 420 31%
c - 58.19 16 18 44 202 69211 2 1907709 17752 2.8 32 11 1 4 85%  82 4811 420 31%
c } 58.21 16 18 45 202 69316 2 1908378 18360 2.8 32 11 1 4 85%  82 4811 420 31%
c [ 58.21 16 14 45 202 69316 1 1908378 18360 1.6 19 12 1 5 93%  82 4811 420 31%
c B 58.21 16 14 45 202 69316 1 1908378 18360 1.6 19 12 1 5 93%  82 4811 420 31%
c - 58.56 16 14 45 203 69324 1 1921922 16235 1.6 19 12 1 5 93%  82 4811 420 31%
c - 58.94 13 15 45 204 69330 1 1936169 13488 1.6 20 12 1 5 93%  82 4811 420 31%
c - 59.36 13 15 45 205 69337 1 1950451 12129 1.6 20 12 1 5 93%  82 4811 420 31%
c o 59.72 14 14 45 205 69344 1 1964313 19909 1.6 20 12 1 5 93%  82 4811 420 31%
c - 59.74 14 14 45 206 69344 1 1964768 11539 1.6 20 12 1 5 93%  82 4811 420 31%
c - 60.15 14 14 45 207 69346 1 1979121 10469 1.6 19 12 1 5 94%  82 4811 420 31%
c - 60.51 14 14 45 208 69349 1 1993509 10088 1.6 19 12 1 5 94%  82 4811 420 31%
c
c seconds   switched      rate           size/glue  tier1   binary      remaining
c        MB   reductions     conflicts         size   tier2   irredundant
c         level     restarts        redundant     glue   trail      variables
c
c - 60.85 14 14 45 209 69358 1 2007933 10768 1.6 19 12 1 5 94%  82 4811 420 31%
c - 61.23 14 14 45 210 69361 1 2022390 11516 1.6 19 12 1 5 93%  82 4811 420 31%
c W 61.61 14 14 45 210 69369 1 2035847 16744 1.5 19 12 1 5 93%  82 4811 420 31%
c - 61.65 14 14 45 211 69370 1 2036882 10881 1.5 19 12 1 5 93%  82 4811 420 31%
c - 62.00 14 14 45 212 69376 1 2051407 11239 1.5 19 12 1 5 94%  82 4811 420 31%
c u 62.20 14 14 45 212 69377 1 2057581 12897 1.5 19 12 1 5 94%  82 4811 420 31%
c v 62.24 14 14 45 212 69377 1 2057581 11578 1.5 19 12 1 5 94%  82 4811 420 31%
c w 62.28 14 14 45 212 69377 1 2057581 10075 1.5 19 12 1 5 94%  82 4811 420 31%
c ] 62.90  8 14 46 212 69377 1 2063140 12123 1.5 19 12 1 5 94%  82 4811 420 31%
c { 62.90  8 18 46 212 69377 2 2063140 12123 2.8 32 11 1 4 85%  82 4811 420 31%
c - 62.99  7 18 46 213 69671 2 2065968 9845 2.8 32 11 1 4 85%  82 4811 420 31%
c - 63.46  7 18 46 214 71190 2 2080562 13480 2.8 32 11 1 4 84%  82 4811 420 31%
c - 64.02  9 18 46 215 73323 2 2095190 15128 2.7 31 12 1 4 85%  82 4811 420 31%
c - 64.52  9 18 46 216 74151 2 2109852 16516 2.6 31 12 1 4 85%  82 4811 420 31%
c - 65.05  9 18 46 217 74894 2 2124548 18242 2.6 30 12 1 4 84%  82 4811 420 31%
c - 65.61  9 18 46 218 76375 2 2139279 18797 2.5 30 12 1 4 85%  82 4811 420 31%
c - 66.22  9 18 46 219 77229 2 2154044 20199 2.5 29 12 1 4 85%  82 4811 420 31%
c o 66.26  9 18 46 219 77230 2 2154844 20967 2.5 29 12 1 4 85%  82 4811 420 31%
c - 66.95 10 18 46 220 77688 2 2168843 21183 2.6 31 12 1 4 86%  82 4811 420 31%
c } 67.40 10 18 47 220 78255 2 2181184 32226 2.7 31 11 1 4 86%  82 4811 420 31%
c
c seconds   switched      rate           size/glue  tier1   binary      remaining
c        MB   reductions     conflicts         size   tier2   irredundant
c         level     restarts        redundant     glue   trail      variables
c
c [ 67.40 10 14 47 220 78255 1 2181184 32226 1.5 19 12 1 5 94%  82 4811 420 31%
c I 67.40 10 14 47 220 78255 1 2181184 32226 1.5 19 12 1 5 94%  82 4811 420 31%
c - 67.46 11 14 47 221 78257 1 2183676 21019 1.5 19 12 1 5 94%  82 4811 420 31%
c - 67.80 11 14 47 222 78265 1 2198543 18212 1.5 19 12 1 5 94%  82 4811 420 31%
c - 68.16  8 15 47 223 78269 1 2213442 14945 1.5 19 13 1 5 94%  82 4811 420 31%
c u 68.21  8 15 47 223 78269 1 2213741 13531 1.5 19 13 1 5 94%  82 4811 420 31%
c v 68.26  8 15 47 223 78269 1 2213741 11308 1.5 19 13 1 5 94%  82 4811 420 31%
c w 68.27  8 15 47 223 78269 1 2213741 11130 1.5 19 13 1 5 94%  82 4811 420 31%
c - 68.59  8 15 47 224 78279 1 2228375 11231 1.5 19 13 1 5 93%  82 4811 420 31%
c - 68.93  9 15 47 225 78284 1 2243341 11456 1.5 19 13 1 5 93%  82 4811 420 31%
c - 69.27  8 15 47 226 78285 1 2258341 11569 1.5 19 13 1 5 93%  82 4811 420 31%
c - 69.65  9 15 47 227 78292 1 2273374 11527 1.5 19 13 1 5 93%  82 4811 420 31%
c - 70.03  9 15 47 228 78300 1 2288440 11466 1.5 18 13 1 5 93%  82 4811 420 31%
c - 70.38  9 15 47 229 78306 1 2303541 11631 1.5 18 13 1 5 94%  82 4811 420 31%
c - 70.73  9 15 47 230 78314 1 2318673 11528 1.4 18 13 1 5 93%  82 4811 420 31%
c B 70.81  9 14 47 230 78315 1 2322331 13113 1.4 18 13 1 5 93%  82 4811 420 31%
c - 71.07  8 15 47 231 78316 1 2333838 11552 1.5 18 13 1 5 93%  82 4811 420 31%
c - 71.43  8 14 47 232 78317 1 2349037 11725 1.5 18 12 1 5 93%  82 4811 420 31%
c - 71.80  9 14 47 233 78317 1 2364269 11515 1.5 18 12 1 5 93%  82 4811 420 31%
c ] 71.94  9 14 48 233 78317 1 2369646 13969 1.5 18 12 1 5 93%  82 4811 420 31%
c
c seconds   switched      rate           size/glue  tier1   binary      remaining
c        MB   reductions     conflicts         size   tier2   irredundant
c         level     restarts        redundant     glue   trail      variables
c
c { 71.94  9 18 48 233 78317 2 2369646 13969 2.7 31 11 1 4 86%  82 4811 420 31%
c o 71.94  9 18 48 233 78361 2 2369859 14069 2.7 31 11 1 4 86%  82 4811 420 31%
c u 72.19  9 18 48 233 78894 2 2376214 19112 2.6 30 12 1 4 86%  82 4811 420 31%
c v 72.24  9 18 48 233 78894 2 2376214 17884 2.6 30 12 1 4 86%  82 4811 420 31%
c w 72.30  9 18 48 233 78894 2 2376214 17262 2.6 30 12 1 4 86%  82 4811 420 31%
c x 72.32  9 18 48 233 78894 2 2376214 17262 2.6 30 12 1 4 86%  82 4803 420 31%
c s 72.32  9 18 48 233 78894 2 2376214 17262 2.6 30 12 1 4 86%  82 4802 420 31%
c - 72.45  9 18 48 234 79509 2 2379534 12741 2.6 31 12 1 4 86%  82 4802 420 31%
c - 73.04 10 18 48 235 80680 2 2394831 16196 2.6 30 12 1 4 85%  82 4802 420 31%
c - 73.63 10 18 48 236 81641 2 2410160 17844 2.5 29 12 1 4 85%  82 4802 420 31%
c - 74.06 10 18 48 237 83000 2 2425523 18483 2.4 28 12 1 4 82%  82 4802 420 31%
c - 74.70 10 18 48 238 85259 2 2440917 19827 2.4 28 12 1 3 82%  82 4802 420 31%
c - 75.26 10 18 48 239 85441 2 2456345 20884 2.5 29 12 1 3 83%  82 4802 420 31%
c - 75.83 11 17 48 240 85450 2 2471807 20590 2.6 29 11 1 3 85%  82 4802 420 31%
c - 76.31 11 17 48 241 87005 2 2487299 21327 2.5 28 11 1 3 82%  83 4802 420 31%
c } 76.78 11 17 49 241 87527 2 2497257 30456 2.6 29 11 1 3 83%  83 4802 420 31%
c [ 76.78 11 14 49 241 87527 1 2497257 30456 1.5 18 12 1 5 93%  83 4802 420 31%
c W 76.79 11 14 49 241 87527 1 2497257 30456 1.5 18 12 1 5 93%  83 4802 420 31%
c - 76.98 11 14 49 242 87531 1 2502823 21833 1.5 18 12 1 5 93%  83 4802 420 31%
c - 77.45 11 15 49 243 87540 1 2518380 18549 1.4 18 13 1 5 94%  83 4802 420 31%
c
c seconds   switched      rate           size/glue  tier1   binary      remaining
c        MB   reductions     conflicts         size   tier2   irredundant
c         level     restarts        redundant     glue   trail      variables
c
c - 77.89  8 14 49 244 87544 1 2533968 14826 1.4 18 13 1 5 94%  83 4802 420 31%
c u 78.29  9 14 49 244 87551 1 2545078 17529 1.4 18 12 1 5 94%  83 4802 420 31%
c v 78.35  9 14 49 244 87551 1 2545078 15680 1.4 18 12 1 5 94%  83 4802 420 31%
c w 78.44  9 14 49 244 87551 1 2545078 13443 1.4 18 12 1 5 94%  83 4802 420 31%
c - 78.56  8 14 49 245 87554 1 2549588 10903 1.4 18 12 1 5 94%  83 4802 420 31%
c - 78.99  9 14 49 246 87557 1 2565241 11277 1.4 18 12 1 5 94%  83 4802 420 31%
c - 79.42  9 14 49 247 87559 1 2580925 11402 1.4 17 12 1 5 94%  83 4802 420 31%
c - 79.76  8 14 49 248 87568 1 2596642 12226 1.4 17 12 1 5 94%  83 4802 420 31%
c - 80.13  8 14 49 249 87573 1 2612390 11927 1.4 17 12 1 5 94%  83 4802 420 31%
c - 80.54  9 14 49 250 87582 1 2628170 11911 1.4 17 12 1 5 94%  83 4802 420 31%
c - 80.90  8 14 49 251 87587 1 2643981 12536 1.5 17 12 1 5 94%  83 4802 420 31%
c O 81.12  9 14 49 251 87588 1 2652618 16363 1.4 17 12 1 5 94%  83 4802 420 31%
c o 81.12  9 14 49 251 87588 1 2652618 16363 1.4 17 12 1 5 94%  83 4802 420 31%
c - 81.38  8 14 49 252 87588 1 2659824 11923 1.4 17 12 1 5 94%  83 4802 420 31%
c ] 81.40  8 14 50 252 87588 1 2660792 12376 1.4 17 12 1 5 94%  83 4802 420 31%
c { 81.40  8 17 50 252 87588 2 2660792 12376 2.6 29 11 1 3 83%  83 4802 420 31%
c - 81.92  8 17 50 253 88527 2 2675698 15886 2.5 28 11 1 3 81%  83 4802 420 31%
c - 82.60 10 16 50 254 88886 1 2691604 18474 2.6 28 11 1 3 83%  83 4802 420 31%
c - 83.20 10 16 50 255 88897 1 2707541 18763 2.6 28 11 1 3 84%  83 4802 420 31%
c u 83.70 10 15 50 255 88904 1 2720357 28156 2.6 27 10 1 3 85%  83 4802 420 31%
c
c seconds   switched      rate           size/glue  tier1   binary      remaining
c        MB   reductions     conflicts         size   tier2   irredundant
c         level     restarts        redundant     glue   trail      variables
c
c v 83.78 10 15 50 255 88904 1 2720357 26704 2.6 27 10 1 3 85%  83 4802 420 31%
c w 83.96 16 15 50 255 88904 1 2720357 22086 2.6 27 10 1 3 85%  83 4802 420 31%
c - 84.10 13 15 50 256 89219 1 2723509 16533 2.6 28 10 1 3 85%  83 4802 420 31%
c - 84.88 14 15 50 257 91100 1 2739509 18745 2.8 29 10 1 3 86%  83 4802 420 31%
c - 85.64 14 16 50 258 92827 1 2755540 19527 2.7 29 11 1 3 86%  83 4802 420 31%
c - 86.24 14 15 50 259 93513 1 2771602 19141 2.6 28 11 1 3 87%  83 4802 420 31%
c - 86.92 14 15 50 260 94730 1 2787695 21188 2.6 28 11 1 3 85%  83 4802 420 31%
c } 87.40 14 15 51 260 95258 1 2798317 30326 2.6 28 11 1 3 85%  83 4802 420 31%
c [ 87.40 14 14 51 260 95258 1 2798317 30326 1.4 17 12 1 5 94%  83 4802 420 31%
c - 87.59 14 14 51 261 95262 1 2803820 21620 1.5 18 12 1 5 94%  83 4802 420 31%
c B 87.92 14 14 51 261 95268 1 2815281 28031 1.5 18 12 1 5 95%  83 4802 420 31%
c - 88.08 14 14 51 262 95271 1 2819975 19396 1.5 18 12 1 5 95%  83 4802 420 31%
c - 88.57 11 14 51 263 95276 1 2836163 15957 1.5 18 12 1 5 94%  83 4802 420 31%
c - 89.10 11 14 51 264 95286 1 2852380 14993 1.5 19 12 1 5 95%  83 4802 420 31%
c - 89.57 11 14 51 265 95288 1 2868629 14934 1.6 19 12 1 5 95%  83 4802 420 31%
c - 90.05 11 14 51 266 95292 1 2884908 15713 1.6 19 12 1 5 95%  83 4802 420 31%
c - 90.48 11 14 51 267 95302 1 2901218 16214 1.6 20 12 1 5 94%  83 4802 420 31%
c u 90.56 11 14 51 267 95302 1 2902081 15658 1.6 20 12 1 5 93%  83 4802 420 31%
c v 90.61 11 14 51 267 95302 1 2902081 14167 1.6 20 12 1 5 93%  83 4802 420 31%
c w 90.66 11 14 51 267 95302 1 2902081 13323 1.6 20 12 1 5 93%  83 4802 420 31%
c
c seconds   switched      rate           size/glue  tier1   binary      remaining
c        MB   reductions     conflicts         size   tier2   irredundant
c         level     restarts        redundant     glue   trail      variables
c
c o 90.66 11 14 51 267 95302 1 2902081 13323 1.6 20 12 1 5 93%  83 4802 420 31%
c - 91.21 11 14 51 268 95307 1 2917559 12437 1.6 20 12 1 5 94%  83 4802 420 31%
c - 91.76 11 15 51 269 95317 1 2933930 12461 1.6 20 12 1 5 94%  83 4802 420 31%
c - 92.23 11 14 51 270 95319 1 2950331 13682 1.6 20 12 1 5 93%  83 4802 420 31%
c - 92.68 11 14 51 271 95320 1 2966763 14374 1.7 20 12 1 5 93%  83 4802 420 31%
c ] 93.09 12 14 52 271 95320 1 2981894 23083 1.7 20 12 1 5 93%  83 4802 420 31%
c { 93.09 12 15 52 271 95320 1 2981894 23083 2.6 28 11 1 3 85%  83 4802 420 31%
c - 93.15 11 15 52 272 95619 1 2983226 14763 2.6 27 11 1 3 85%  83 4802 420 31%
c - 93.86 13 16 52 273 98793 2 2999719 17747 2.5 28 11 1 3 86%  83 4802 420 31%
c - 94.49 14 17 52 274 100397 2 3016241 19634 2.5 28 11 1 3 87%  83 4802 420 31%
c - 95.15 15 16 52 275 100517 2 3032794 21026 2.7 30 11 1 3 88%  83 4802 420 31%
c - 95.88 14 17 52 276 101585 2 3049378 21953 2.7 30 11 1 3 88%  83 4802 420 31%
c - 96.49 14 16 52 277 102297 2 3065992 21512 2.6 29 11 1 3 88%  83 4802 420 31%
c - 97.26 14 17 52 278 103821 2 3082636 22586 2.6 30 11 1 3 89%  83 4802 420 31%
c u 97.67 13 17 52 278 104133 2 3090319 28375 2.6 30 11 1 3 89%  84 4802 420 31%
c v 97.79 15 17 52 278 104133 2 3090319 26141 2.6 30 11 1 3 89%  84 4802 420 31%
c w 98.02 16 17 52 278 104133 2 3090319 24855 2.6 30 11 1 3 89%  84 4802 420 31%
c - 98.46 14 17 52 279 105099 2 3099311 20269 2.6 30 12 1 3 88%  84 4802 420 31%
c - 99.05 14 17 52 280 105692 2 3116015 21790 2.5 29 12 1 3 87%  84 4802 420 31%
c } 99.59 14 17 53 280 106676 2 3129681 32729 2.5 29 12 1 3 87%  84 4802 420 31%
c
c seconds   switched       rate           size/glue  tier1   binary      remaining
c        MB   reductions      conflicts         size   tier2   irredundant
c         level      restarts        redundant     glue   trail      variables
c
c [ 99.59 14 14 53 280 106676 1 3129681 32729 1.7 20 12 1 5 93%  84 4802 420 31%
c W 99.62 12 14 53 280 106676 1 3129681 32729 1.7 20 12 1 5 93%  84 4802 420 31%
c - 99.72 12 14 53 281 106678 1 3132749 21679 1.7 21 12 1 5 93%  84 4802 420 31%
c - 100.26 12 15 53 282 106688 1 3149512 19452 1.7 21 12 1 5 93%  84 4802 420 31%
c - 100.74  9 15 53 283 106693 1 3166305 15835 1.7 21 12 1 5 94%  84 4802 420 31%
c - 101.22  9 14 53 284 106704 1 3183127 14643 1.7 21 12 1 5 94%  84 4802 420 31%
c - 101.68  9 14 53 285 106706 1 3199979 14710 1.7 21 12 1 5 94%  84 4802 420 31%
c - 102.23  9 14 53 286 106711 1 3216861 14669 1.7 20 12 1 5 94%  84 4802 420 31%
c - 102.72  9 14 53 287 106720 1 3233772 14326 1.6 20 12 1 5 95%  84 4802 420 31%
c - 103.17  9 14 53 288 106727 1 3250713 13219 1.6 19 12 1 5 95%  84 4802 420 31%
c - 103.55  9 14 53 289 106735 1 3267683 13862 1.6 19 12 1 5 94%  84 4802 420 31%
c s 103.57  9 14 53 289 106735 1 3268549 14371 1.6 19 12 1 5 94%  84 4801 420 31%
c o 103.57  9 14 53 289 106735 1 3268549 14371 1.6 19 12 1 5 94%  84 4801 420 31%
c - 104.07  9 14 53 290 106737 1 3284684 13097 1.5 19 12 1 5 95%  84 4801 420 31%
c u 104.13  9 14 53 290 106737 1 3285062 12327 1.5 19 12 1 5 95%  84 4801 420 31%
c v 104.15  9 14 53 290 106737 1 3285062 11406 1.5 19 12 1 5 95%  84 4801 420 31%
c w 104.16  9 14 53 290 106737 1 3285062 11137 1.5 19 12 1 5 95%  84 4801 420 31%
c - 104.64  9 14 53 291 106738 1 3301713 11226 1.5 19 12 1 5 95%  84 4801 420 31%
c I 104.77 10 14 53 291 106738 1 3307334 13834 1.5 19 12 1 5 96%  84 4801 420 31%
c - 105.01  9 14 53 292 106738 1 3318772 12206 1.5 19 12 1 5 95%  84 4801 420 31%
c
c seconds    switched       rate           size/glue  tier1   binary      remaining
c         MB   reductions      conflicts         size   tier2   irredundant
c          level      restarts        redundant     glue   trail      variables
c
c ] 105.20 10 14 54 292 106740 1 3327581 17062 1.5 19 12 1 5 95%  84 4801 420 31%
c { 105.20 10 17 54 292 106740 2 3327581 17062 2.5 29 12 1 3 87%  84 4801 420 31%
c - 105.37  9 17 54 293 106925 2 3335862 13550 2.4 28 12 1 3 87%  84 4801 420 31%
c - 105.74  9 17 54 294 107309 2 3352980 15314 2.3 26 12 1 3 87%  84 4801 420 31%
c - 106.13  9 16 54 295 107530 1 3370126 16093 2.2 25 11 1 3 87%  84 4801 420 31%
c - 106.51 11 16 54 296 108366 1 3387301 16850 2.1 24 11 1 4 85%  84 4801 420 31%
c - 106.87 11 16 54 297 108861 1 3404505 17686 2.0 23 11 1 4 84%  84 4801 420 31%
c - 107.19 11 16 54 298 109413 1 3421738 18657 2.0 23 11 1 4 81%  84 4801 420 31%
c - 107.56 11 16 54 299 109828 1 3439000 18368 1.9 22 11 1 4 82%  84 4801 420 31%
c - 107.93 11 15 54 300 110421 1 3456291 18530 1.9 21 11 1 4 80%  84 4801 420 31%
c - 108.36 11 15 54 301 111174 1 3473611 18677 1.9 21 11 1 4 81%  84 4801 420 31%
c } 108.65 11 15 55 301 111446 1 3485975 27965 1.8 21 11 1 4 81%  84 4801 420 31%
c [ 108.65 11 14 55 301 111446 1 3485975 27965 1.5 19 12 1 5 95%  84 4801 420 31%
c u 108.73 11 14 55 301 111446 1 3486390 27563 1.5 19 12 1 5 95%  84 4801 420 31%
c v 108.82 11 14 55 301 111446 1 3486390 24857 1.5 19 12 1 5 95%  84 4801 420 31%
c w 108.92 11 14 55 301 111446 1 3486390 20132 1.5 19 12 1 5 95%  84 4801 420 31%
c - 109.04  9 14 55 302 111449 1 3490960 14924 1.5 18 12 1 5 95%  84 4801 420 31%
c B 109.09  9 14 55 302 111451 1 3492669 15642 1.5 18 12 1 5 95%  84 4801 420 31%
c - 109.50  9 14 55 303 111459 1 3508338 15914 1.6 19 12 1 5 94%  84 4801 420 31%
c - 109.97  9 15 55 304 111466 1 3525745 15591 1.6 20 12 1 5 93%  84 4801 420 31%
c
c seconds    switched       rate           size/glue  tier1   binary      remaining
c         MB   reductions      conflicts         size   tier2   irredundant
c          level      restarts        redundant     glue   trail      variables
c
c - 110.50  9 15 55 305 111474 1 3543181 15125 1.6 20 12 1 5 93%  84 4801 420 31%
c - 111.01  9 15 55 306 111476 1 3560646 15050 1.6 20 13 1 5 94%  84 4801 420 31%
c - 111.53  9 15 55 307 111483 1 3578139 14599 1.6 20 13 1 5 94%  84 4801 420 31%
c - 112.02  9 15 55 308 111491 1 3595661 14527 1.6 20 13 1 5 94%  84 4801 420 31%
c ] 112.05  9 15 56 308 111491 1 3596861 15187 1.6 20 13 1 5 94%  84 4801 420 31%
c { 112.05  9 15 56 308 111491 1 3596861 15187 1.8 21 11 1 4 81%  84 4801 420 31%
c o 112.14 10 15 56 308 111517 1 3601128 18664 1.8 21 11 1 4 80%  84 4801 420 31%
c - 112.63 11 16 56 309 112589 1 3613212 18682 1.9 22 11 1 4 81%  84 4801 420 31%
c - 113.41 12 16 56 310 113725 1 3630790 21647 2.0 23 12 1 4 82%  84 4801 420 31%
c - 114.15 12 17 56 311 115700 2 3648396 22608 2.0 23 12 1 4 82%  85 4801 420 31%
c - 114.96 12 17 56 312 115988 1 3666032 24283 2.1 24 12 1 4 83%  85 4801 420 31%
c - 115.83 12 17 56 313 117085 1 3683696 25700 2.1 25 12 1 4 83%  85 4801 420 31%
c u 116.31 12 17 56 313 118028 2 3694296 32480 2.1 25 12 1 4 84%  85 4801 420 31%
c v 116.46 12 17 56 313 118028 2 3694296 30740 2.1 25 12 1 4 84%  85 4801 420 31%
c w 116.52 12 17 56 313 118028 2 3694296 29890 2.1 25 12 1 4 84%  85 4801 420 31%
c x 116.55 12 17 56 313 118028 2 3694296 29886 2.1 25 12 1 4 84%  85 4787 420 31%
c t 116.55 12 17 56 313 118028 2 3694296 29886 2.1 25 12 1 4 84%  83 4787 420 31%
c - 116.89 13 17 56 314 118677 2 3701388 22527 2.1 25 12 1 4 84%  83 4787 420 31%
c - 117.48 13 17 56 315 118914 1 3719109 24039 2.1 24 12 1 4 82%  83 4787 420 31%
c - 118.16 13 17 56 316 119574 1 3736857 25325 2.1 25 12 1 4 82%  83 4787 420 31%
c
c seconds    switched       rate           size/glue  tier1   binary      remaining
c         MB   reductions      conflicts         size   tier2   irredundant
c          level      restarts        redundant     glue   trail      variables
c
c - 119.08 11 17 56 317 120577 1 3754633 26859 2.3 26 12 1 4 84%  83 4787 420 31%
c } 119.49 12 17 57 317 121149 1 3766204 37229 2.3 27 12 1 4 83%  83 4787 420 31%
c [ 119.49 12 15 57 317 121149 1 3766204 37229 1.6 20 13 1 5 94%  83 4787 420 31%
c W 119.54 12 15 57 317 121149 1 3766204 37229 1.6 20 13 1 5 94%  83 4787 420 31%
c - 119.71 13 15 57 318 121154 1 3772438 26847 1.6 20 12 1 5 94%  83 4787 420 31%
c e 119.93 13 15 57 318 121157 1 3780145 31824 1.6 20 13 1 5 94%  81 4805 419 31%
c - 120.21 13 15 57 319 121162 1 3790270 23083 1.6 19 13 1 5 93%  81 4805 419 31%
c - 120.71 13 14 57 320 121170 1 3808130 18622 1.5 19 12 1 5 92%  81 4805 419 31%
c - 121.24 10 14 57 321 121178 1 3826019 17056 1.5 19 12 1 5 93%  81 4805 419 31%
c - 121.79 10 14 57 322 121179 1 3843936 17292 1.5 19 12 1 5 92%  81 4805 419 31%
c - 122.26 10 14 57 323 121188 1 3861881 17004 1.5 19 12 1 5 92%  81 4805 419 31%
c - 122.79 10 15 57 324 121194 1 3879854 17525 1.6 19 13 1 5 92%  81 4805 419 31%
c - 123.32 10 15 57 325 121205 1 3897854 17643 1.6 19 12 1 5 91%  81 4805 419 31%
c u 123.74 11 14 57 325 121209 1 3908947 22453 1.6 19 12 1 5 91%  81 4805 419 31%
c v 123.81 11 14 57 325 121209 1 3908947 20151 1.6 19 12 1 5 91%  81 4805 419 31%
c w 124.01 11 14 57 325 121209 1 3908947 17347 1.6 19 12 1 5 91%  81 4805 419 31%
c o 124.01 11 14 57 325 121209 1 3908947 17347 1.6 19 12 1 5 91%  81 4805 419 31%
c - 124.23 10 14 57 326 121210 1 3915881 13477 1.5 19 12 1 5 92%  81 4805 419 31%
c - 124.78 10 15 57 327 121211 1 3933937 14588 1.5 19 13 1 5 92%  81 4805 419 31%
c - 125.34 10 15 57 328 121211 1 3952020 14594 1.6 19 12 1 5 93%  81 4805 419 31%
c
c seconds    switched       rate           size/glue  tier1   binary      remaining
c         MB   reductions      conflicts         size   tier2   irredundant
c          level      restarts        redundant     glue   trail      variables
c
c O 125.78 11 14 57 328 121215 1 3967273 21195 1.5 19 12 1 5 93%  81 4805 419 31%
c - 125.87 10 15 57 329 121217 1 3970132 14613 1.5 19 12 1 5 93%  81 4805 419 31%
c ] 126.50 11 15 58 329 121225 1 3986097 20740 1.5 19 13 1 5 93%  81 4805 419 31%
c { 126.50 11 17 58 329 121225 1 3986097 20740 2.3 27 12 1 4 83%  81 4805 419 31%
c - 126.57 10 17 58 330 121516 2 3988270 15243 2.3 27 12 1 4 83%  81 4805 419 31%
c - 127.28 12 17 58 331 121628 1 4006435 18974 2.4 27 11 1 4 84%  81 4805 419 31%
c - 128.13 11 16 58 332 121650 1 4024628 21747 2.6 28 11 1 4 85%  81 4805 419 31%
c - 129.03 13 17 58 333 123843 1 4042848 22000 2.5 28 11 1 4 86%  81 4805 419 31%
c - 129.75 13 16 58 334 124591 1 4061097 22256 2.5 28 11 1 4 87%  81 4805 419 31%
c - 130.43 13 16 58 335 126223 2 4079373 22647 2.3 27 11 1 4 87%  81 4805 419 31%
c - 131.39 11 16 58 336 126227 1 4097677 24141 2.5 28 11 1 4 89%  81 4805 419 31%
c - 132.29 13 16 58 337 127671 1 4116008 24862 2.5 28 11 1 4 89%  81 4805 419 31%
c u 132.95 13 17 58 337 128850 2 4130164 35642 2.4 28 11 1 4 88%  81 4805 419 31%
c v 133.18 13 17 58 337 128850 2 4130164 32560 2.4 28 11 1 4 88%  81 4805 419 31%
c w 133.40 18 17 58 337 128850 2 4130164 30895 2.4 28 11 1 4 88%  81 4805 419 31%
c - 133.60 15 17 58 338 129521 2 4134366 21233 2.4 28 12 1 4 88%  81 4805 419 31%
c - 134.31 15 17 58 339 130974 2 4152750 22030 2.3 27 12 1 4 88%  81 4805 419 31%
c } 134.87 15 17 59 339 131242 2 4166727 35010 2.4 28 12 1 4 88%  81 4805 419 31%
c [ 134.87 15 15 59 339 131242 1 4166727 35010 1.5 19 13 1 5 93%  81 4805 419 31%
c - 135.01 14 15 59 340 131245 1 4171161 23550 1.5 20 13 1 5 93%  81 4805 419 31%
c
c seconds    switched       rate           size/glue  tier1   binary      remaining
c         MB   reductions      conflicts         size   tier2   irredundant
c          level      restarts        redundant     glue   trail      variables
c
c B 135.17 13 15 59 340 131248 1 4176388 27381 1.6 20 13 1 5 93%  81 4805 419 31%
c o 135.17 13 15 59 340 131248 1 4176388 27381 1.6 20 13 1 5 93%  81 4805 419 31%
c - 135.69 14 15 59 341 131255 1 4189601 20912 1.5 20 13 1 5 93%  81 4805 419 31%
c - 136.41 14 15 59 342 131263 1 4208067 18157 1.5 19 13 1 5 94%  81 4805 419 31%
c - 137.16 12 14 59 343 131271 1 4226561 16435 1.5 19 13 1 5 94%  81 4805 419 31%
c - 137.77 12 14 59 344 131272 1 4245081 16710 1.5 19 12 1 5 94%  81 4805 419 31%
c - 138.40 14 14 59 345 131282 1 4263628 17492 1.6 19 12 1 5 94%  81 4805 419 31%
c - 139.02 14 14 59 346 131288 1 4282202 17739 1.6 20 12 1 5 93%  81 4805 419 31%
c - 139.62 12 14 59 347 131300 1 4300804 17159 1.6 20 12 1 5 92%  81 4805 419 31%
c - 140.40 12 14 59 348 131303 1 4319431 16360 1.6 20 12 1 5 92%  81 4805 419 31%
c - 141.08 12 14 59 349 131304 1 4338085 16733 1.6 20 12 1 5 93%  81 4805 419 31%
c - 141.78 14 14 59 350 131304 1 4356767 17426 1.7 20 12 1 5 93%  81 4805 419 31%
c u 141.89 14 14 59 350 131304 1 4358090 17292 1.7 20 12 1 5 93%  81 4805 419 31%
c v 142.00 14 14 59 350 131304 1 4358090 15735 1.7 20 12 1 5 93%  81 4805 419 31%
c w 142.06 14 14 59 350 131304 1 4358090 15020 1.7 20 12 1 5 93%  81 4805 419 31%
c ] 142.10 13 14 60 350 131304 1 4359364 15708 1.7 20 12 1 5 93%  81 4805 419 31%
c { 142.10 13 17 60 350 131304 2 4359364 15708 2.4 28 12 1 4 88%  81 4805 419 31%
c - 142.69 14 17 60 351 131718 2 4375475 18369 2.4 28 12 1 4 87%  81 4805 419 31%
c - 143.43 13 16 60 352 131765 1 4394210 21150 2.6 29 11 1 4 89%  81 4805 419 31%
c - 144.20 14 15 60 353 131767 1 4412971 21409 2.9 31 11 1 3 90%  81 4805 419 31%
c
c seconds    switched       rate           size/glue  tier1   binary      remaining
c         MB   reductions      conflicts         size   tier2   irredundant
c          level      restarts        redundant     glue   trail      variables
c
c - 144.90 14 15 60 354 131767 1 4431759 22013 3.1 32 10 1 3 91%  81 4805 419 31%
c o 145.55 14 15 60 354 133352 1 4446402 34583 3.0 32 11 1 3 91%  81 4805 419 31%
c - 145.77 13 15 60 355 134065 1 4450575 23821 2.9 32 11 1 3 91%  81 4805 419 31%
c - 146.72 13 16 60 356 136158 2 4469418 24810 2.9 32 11 1 3 90%  81 4805 419 31%
c - 147.53 15 16 60 357 138152 2 4488286 24220 2.6 31 12 1 3 90%  81 4805 419 31%
c - 148.20 15 16 60 358 138355 2 4507180 23032 2.5 28 11 1 3 90%  81 4805 419 31%
c - 149.01 15 15 60 359 139031 2 4526101 23605 2.5 28 11 1 3 91%  81 4805 419 31%
c - 149.87 15 16 60 360 141382 2 4545050 25053 2.4 28 12 1 3 90%  81 4805 419 31%
c } 150.17 15 17 61 360 142248 2 4551618 30548 2.4 28 12 1 3 89%  81 4805 419 31%
c [ 150.17 15 14 61 360 142248 1 4551618 30548 1.7 20 12 1 5 93%  81 4805 419 31%
c W 150.17 13 14 61 360 142248 1 4551618 30548 1.7 20 12 1 5 93%  81 4805 419 31%
c - 150.73 13 14 61 361 142255 1 4564024 23791 1.7 20 12 1 4 93%  81 4805 419 31%
c - 151.36 13 14 61 362 142262 1 4583024 22440 1.7 20 12 1 4 93%  81 4805 419 31%
c u 151.82 13 13 61 362 142269 1 4592757 25307 1.7 20 12 1 4 93%  81 4805 419 31%
c v 151.94 13 13 61 362 142269 1 4592757 22868 1.7 20 12 1 4 93%  81 4805 419 31%
c w 152.11 13 13 61 362 142269 1 4592757 19579 1.7 20 12 1 4 93%  81 4805 419 31%
c = 153.10 20 13 61 362 142269 1 4592757 19579 1.7 20 12 1 4 93%  81 4785 418 31%
c u 153.17 20 13 61 362 142269 1 4592757 19240 1.7 20 12 1 4 93%  81 4785 418 31%
c v 153.25 20 13 61 362 142269 1 4592757 18399 1.7 20 12 1 4 93%  81 4785 418 31%
c w 153.37 20 13 61 362 142269 1 4592757 17000 1.7 20 12 1 4 93%  81 4785 418 31%
c
c seconds    switched       rate           size/glue  tier1   binary      remaining
c         MB   reductions      conflicts         size   tier2   irredundant
c          level      restarts        redundant     glue   trail      variables
c
c - 153.64 17 13 61 363 142274 1 4602050 14671 1.7 20 12 1 4 93%  80 4785 418 31%
c - 154.16 17 13 61 364 142278 1 4621103 15614 1.7 19 11 1 4 93%  80 4785 418 31%
c - 154.71 17 13 61 365 142284 1 4640181 15911 1.7 19 11 1 4 93%  80 4785 418 31%
c - 155.23 17 13 61 366 142293 1 4659285 16087 1.7 19 11 1 4 93%  80 4785 418 31%
c - 155.94 17 13 61 367 142300 1 4678417 15349 1.7 19 11 1 4 94%  80 4785 418 31%
c - 156.59 17 13 61 368 142308 1 4697574 15126 1.6 19 11 1 4 94%  80 4785 418 31%
c - 157.11 17 13 61 369 142310 1 4716758 15813 1.6 18 11 1 4 94%  80 4785 418 31%
c - 157.69 17 13 61 370 142310 1 4735967 16256 1.6 19 11 1 4 94%  80 4785 418 31%
c - 158.31 17 13 61 371 142316 1 4755202 16026 1.6 19 11 1 4 94%  80 4785 418 31%
c - 158.91 17 13 61 372 142325 1 4774465 16050 1.6 19 11 1 4 94%  80 4785 418 31%
c ] 158.92 17 13 62 372 142325 1 4774985 16324 1.6 19 11 1 4 94%  80 4785 418 31%
c { 158.92 17 17 62 372 142325 2 4774985 16324 2.4 28 12 1 3 89%  80 4785 418 31%
c o 158.95 17 16 62 372 142333 2 4775865 16968 2.3 28 12 1 3 89%  80 4785 418 31%
c - 159.57 19 17 62 373 143067 2 4793753 19746 2.3 28 12 1 3 89%  80 4785 418 31%
c - 160.34 19 17 62 374 143960 2 4813066 21966 2.3 27 12 1 3 88%  80 4785 418 31%
c - 161.07 19 16 62 375 143961 1 4832405 22441 2.3 27 11 1 3 89%  80 4785 418 31%
c u 161.23 19 16 62 375 143961 1 4834352 23287 2.3 27 11 1 3 89%  81 4785 418 31%
c v 161.32 19 16 62 375 143961 1 4834352 21866 2.3 27 11 1 3 89%  81 4785 418 31%
c w 161.53 19 16 62 375 143961 1 4834352 19397 2.3 27 11 1 3 89%  81 4785 418 31%
c t 161.54 19 16 62 375 143961 1 4834352 19397 2.3 27 11 1 3 89%  80 4785 418 31%
c
c seconds    switched       rate           size/glue  tier1   binary      remaining
c         MB   reductions      conflicts         size   tier2   irredundant
c          level      restarts        redundant     glue   trail      variables
c
c - 162.22 19 16 62 376 145266 2 4851769 20579 2.3 26 12 1 3 88%  80 4785 418 31%
c - 162.85 19 16 62 377 146013 2 4871159 22235 2.2 26 12 1 3 87%  80 4785 418 31%
c - 163.49 19 16 62 378 146560 1 4890577 22383 2.2 25 12 1 3 86%  80 4785 418 31%
c - 164.34 20 16 62 379 147861 1 4910019 23685 2.2 26 12 1 3 87%  80 4785 418 31%
c - 165.39 18 16 62 380 149178 2 4929486 26004 2.3 27 12 1 3 88%  80 4785 418 31%
c - 166.41 18 17 62 381 150447 2 4948979 27757 2.4 28 12 1 3 87%  80 4785 418 31%
c - 167.32 18 16 62 382 151398 2 4968499 27254 2.3 27 12 1 3 88%  80 4785 418 31%
c } 167.66 18 16 63 382 151406 1 4979194 33969 2.3 26 11 1 3 88%  80 4785 418 31%
c [ 167.66 18 13 63 382 151406 1 4979194 33969 1.6 19 11 1 4 94%  80 4785 418 31%
c I 167.66 18 13 63 382 151406 1 4979194 33969 1.6 19 11 1 4 94%  80 4785 418 31%
c - 167.88 19 13 63 383 151412 1 4988043 24581 1.6 19 11 1 4 93%  80 4785 418 31%
c - 168.47 19 14 63 384 151420 1 5007615 21335 1.6 19 12 1 4 93%  80 4785 418 31%
c - 169.05 19 14 63 385 151430 1 5027211 19941 1.6 19 12 1 4 93%  80 4785 418 31%
c - 169.67 19 14 63 386 151436 1 5046832 18539 1.6 19 12 1 4 93%  80 4785 418 31%
c - 170.25 19 14 63 387 151441 1 5066479 18570 1.5 19 12 1 4 93%  80 4785 418 31%
c u 170.84 19 14 63 387 151450 1 5082766 24998 1.5 19 12 1 4 94%  80 4785 418 31%
c v 170.91 19 14 63 387 151450 1 5082766 23431 1.5 19 12 1 4 94%  80 4785 418 31%
c w 171.16 19 14 63 387 151450 1 5082766 19723 1.5 19 12 1 4 94%  80 4785 418 31%
c o 171.16 19 14 63 387 151450 1 5082766 19723 1.5 19 12 1 4 94%  80 4785 418 31%
c - 171.26 17 14 63 388 151451 1 5086153 15243 1.5 19 12 1 4 94%  80 4785 418 31%
c
c seconds    switched       rate           size/glue  tier1   binary      remaining
c         MB   reductions      conflicts         size   tier2   irredundant
c          level      restarts        redundant     glue   trail      variables
c
c - 171.85 17 14 63 389 151458 1 5105851 15745 1.5 19 12 1 4 94%  80 4785 418 31%
c - 172.41 17 14 63 390 151466 1 5125574 15453 1.5 19 12 1 4 95%  80 4785 418 31%
c - 172.96 17 14 63 391 151468 1 5145322 15475 1.5 19 12 1 4 95%  80 4785 418 31%
c e 172.98 17 14 63 391 151468 1 5145849 15630 1.5 19 12 1 4 95%  80 4799 417 31%
c - 173.49 17 14 63 392 151468 1 5165095 15649 1.5 18 12 1 4 95%  80 4799 417 31%
c - 174.06 17 14 63 393 151475 1 5184894 15642 1.5 18 12 1 4 95%  80 4799 417 31%
c - 174.70 17 14 63 394 151483 1 5204718 16878 1.5 19 12 1 4 95%  80 4799 417 31%
c B 174.94 18 14 63 394 151487 1 5213161 22140 1.6 19 12 1 4 94%  80 4799 417 31%
c - 175.30 19 14 63 395 151493 1 5224567 17457 1.6 19 12 1 4 94%  80 4799 417 31%
c ] 175.95 19 14 64 395 151499 1 5243903 26365 1.6 19 12 1 4 94%  80 4799 417 31%
c { 175.95 19 16 64 395 151499 1 5243903 26365 2.3 26 11 1 3 88%  80 4799 417 31%
c - 175.97 17 16 64 396 151499 1 5244441 17194 2.3 26 11 1 3 88%  80 4799 417 31%
c - 176.78 19 16 64 397 152603 1 5264340 21004 2.3 27 11 1 3 88%  80 4799 417 31%
c - 177.49 18 15 64 398 152695 1 5284265 23277 2.5 28 11 1 3 89%  80 4799 417 31%
c - 178.23 18 15 64 399 152695 1 5304215 23439 2.7 29 11 1 3 90%  80 4799 417 31%
c - 179.01 18 14 64 400 153034 1 5324189 24136 2.8 29 10 1 3 90%  80 4799 417 31%
c u 179.71 19 14 64 400 153365 1 5338024 33357 2.8 28 10 1 3 90%  80 4799 417 31%
c v 179.83 19 14 64 400 153365 1 5338024 31329 2.8 28 10 1 3 90%  80 4799 417 31%
c w 179.93 19 14 64 400 153365 1 5338024 30078 2.8 28 10 1 3 90%  80 4799 417 31%
c x 179.95 19 14 64 400 153365 1 5338024 30076 2.8 28 10 1 3 90%  80 4794 417 31%
c
c seconds    switched       rate           size/glue  tier1   binary      remaining
c         MB   reductions      conflicts         size   tier2   irredundant
c          level      restarts        redundant     glue   trail      variables
c
c - 181.30 27 14 64 401 154248 1 5344191 21744 2.7 28 10 1 3 90%  80 4794 417 31%
c - 182.15 27 15 64 402 156558 1 5364216 23143 2.6 28 11 1 3 89%  80 4794 417 31%
c - 183.04 25 15 64 403 157236 1 5384266 24902 2.7 29 11 1 3 90%  80 4794 417 31%
c o 183.05 25 15 64 403 157253 1 5384561 25185 2.7 29 11 1 3 90%  80 4794 417 31%
c - 183.92 25 16 64 404 158656 1 5404340 25962 2.7 29 11 1 3 89%  80 4794 417 31%
c - 184.79 25 16 64 405 159758 1 5424439 26162 2.8 30 11 1 3 90%  80 4794 417 31%
c - 185.62 25 16 64 406 161590 1 5444563 25679 2.6 29 11 1 3 90%  80 4794 417 31%
c } 186.15 26 15 65 406 162091 1 5460401 35316 2.5 28 11 1 3 90%  80 4794 417 31%
c [ 186.15 26 14 65 406 162091 1 5460401 35316 1.6 19 12 1 4 94%  80 4794 417 31%
c W 186.19 26 14 65 406 162091 1 5460401 35316 1.6 19 12 1 4 94%  80 4794 417 31%
c - 186.34 27 14 65 407 162094 1 5464713 24469 1.6 19 12 1 4 94%  80 4794 417 31%
c - 187.00 27 14 65 408 162104 1 5484888 21565 1.6 19 12 1 4 94%  80 4794 417 31%
c - 187.71 27 14 65 409 162112 1 5505088 19876 1.6 19 12 1 4 94%  80 4794 417 31%
c - 188.33 27 13 65 410 162120 1 5525312 19667 1.6 18 12 1 4 94%  80 4794 417 31%
c - 189.00 27 13 65 411 162124 1 5545561 18692 1.6 18 11 1 4 94%  80 4794 417 31%
c - 189.61 27 13 65 412 162135 1 5565834 18639 1.6 18 11 1 4 94%  80 4794 417 31%
c - 190.23 24 13 65 413 162143 1 5586134 18140 1.5 18 11 1 4 94%  80 4794 417 31%
c u 190.70 25 13 65 413 162151 1 5600083 23263 1.5 17 11 1 4 94%  80 4794 417 31%
c v 190.77 25 13 65 413 162151 1 5600083 21840 1.5 17 11 1 4 94%  80 4794 417 31%
c w 190.85 25 13 65 413 162151 1 5600083 17281 1.5 17 11 1 4 94%  80 4794 417 31%
c
c seconds    switched       rate           size/glue  tier1   binary      remaining
c         MB   reductions      conflicts         size   tier2   irredundant
c          level      restarts        redundant     glue   trail      variables
c
c - 191.03 24 13 65 414 162151 1 5606458 14977 1.5 17 11 1 4 94%  80 4794 417 31%
c - 191.60 26 13 65 415 162153 1 5626804 17054 1.5 18 12 1 4 93%  80 4794 417 31%
c - 192.20 24 14 65 416 162153 1 5647175 16542 1.5 18 12 1 4 93%  80 4794 417 31%
c - 192.87 24 14 65 417 162160 1 5667571 16644 1.5 18 12 1 4 94%  80 4794 417 31%
c - 193.49 24 13 65 418 162168 1 5687991 16410 1.5 17 12 1 4 94%  80 4794 417 31%
c - 194.07 24 13 65 419 162181 1 5708436 16744 1.5 17 12 1 4 94%  80 4794 417 31%
c O 194.17 24 13 65 419 162182 1 5711511 18317 1.5 17 12 1 4 94%  80 4794 417 31%
c o 194.17 24 13 65 419 162182 1 5711511 18317 1.5 17 12 1 4 94%  80 4794 417 31%
c ] 194.51 25 13 66 419 162183 1 5720200 19282 1.4 17 12 1 4 94%  80 4794 417 31%
c { 194.51 25 15 66 419 162183 1 5720200 19282 2.5 28 11 1 3 90%  80 4794 417 31%
c - 194.79 24 15 66 420 162279 1 5728907 16857 2.5 27 11 1 3 90%  80 4794 417 31%
c - 195.59 26 15 66 421 162718 1 5749400 18875 2.4 26 11 1 3 90%  80 4794 417 31%
c - 196.62 27 14 66 422 162777 1 5769919 21779 2.5 26 10 1 3 90%  80 4794 417 31%
c - 197.85 27 15 66 423 164366 1 5790461 23902 2.5 26 11 1 3 89%  80 4794 417 31%
c s 198.19 27 15 66 423 165224 1 5797045 28699 2.5 26 11 1 3 89%  80 4793 417 31%
c - 199.00 27 15 66 424 166424 1 5811027 24671 2.4 26 11 1 3 88%  80 4793 417 31%
c - 200.08 27 15 66 425 168238 1 5831618 25069 2.4 26 11 1 3 88%  80 4793 417 31%
c - 201.10 27 15 66 426 169189 1 5852233 25740 2.3 25 11 1 3 88%  80 4793 417 31%
c u 202.07 27 15 66 426 169617 1 5869052 34593 2.3 25 11 1 3 88%  80 4793 417 31%
c v 202.25 27 15 66 426 169617 1 5869052 32160 2.3 25 11 1 3 88%  80 4793 417 31%
c
c seconds    switched       rate           size/glue  tier1   binary      remaining
c         MB   reductions      conflicts         size   tier2   irredundant
c          level      restarts        redundant     glue   trail      variables
c
c w 202.64 27 15 66 426 169617 1 5869052 27913 2.3 25 11 1 3 88%  80 4793 417 31%
c - 202.82 27 15 66 427 169988 1 5872873 20974 2.3 25 11 1 3 88%  80 4793 417 31%
c - 203.89 25 15 66 428 170410 1 5893537 24546 2.5 27 11 1 3 88%  80 4793 417 31%
c - 204.88 25 15 66 429 171618 1 5914226 25535 2.5 27 11 1 3 88%  81 4793 417 31%
c - 205.60 27 14 66 430 171688 1 5934938 23994 2.4 25 10 1 3 89%  81 4793 417 31%
c } 206.03 27 14 67 430 171688 1 5949315 32816 2.4 24 10 1 3 89%  81 4793 417 31%
c [ 206.03 27 13 67 430 171688 1 5949315 32816 1.4 17 12 1 4 94%  81 4793 417 31%
c - 206.24 27 14 67 431 171693 1 5955675 21462 1.5 17 12 1 4 95%  81 4793 417 31%
c B 206.76 27 14 67 431 171701 1 5971362 28838 1.5 18 12 1 4 95%  81 4793 417 31%
c - 206.93 27 14 67 432 171702 1 5976436 20379 1.5 18 12 1 4 95%  81 4793 417 31%
c - 207.60 27 14 67 433 171712 1 5997221 19695 1.5 18 12 1 4 95%  81 4793 417 31%
c - 208.32 27 14 67 434 171718 1 6018030 18083 1.5 18 12 1 4 95%  81 4793 417 31%
c - 208.97 27 14 67 435 171724 1 6038862 18870 1.5 18 12 1 4 94%  81 4793 417 31%
c - 209.65 27 13 67 436 171733 1 6059718 18829 1.5 18 12 1 4 95%  81 4793 417 31%
c - 210.30 27 13 67 437 171744 1 6080598 18656 1.5 18 12 1 4 94%  81 4793 417 31%
c - 210.92 27 13 67 438 171749 1 6101502 18656 1.5 17 11 1 4 93%  81 4793 417 31%
c - 211.62 27 13 67 439 171750 1 6122431 18915 1.6 18 11 1 4 94%  81 4793 417 31%
c - 212.36 27 13 67 440 171750 1 6143383 18994 1.6 18 12 1 4 94%  81 4793 417 31%
c u 212.51 27 13 67 440 171750 1 6144969 18625 1.6 18 12 1 4 94%  83 4793 417 31%
c v 212.58 27 13 67 440 171750 1 6144969 17030 1.6 18 12 1 4 94%  83 4793 417 31%
c
c seconds    switched       rate           size/glue  tier1   binary      remaining
c         MB   reductions      conflicts         size   tier2   irredundant
c          level      restarts        redundant     glue   trail      variables
c
c w 212.61 27 13 67 440 171750 1 6144969 16426 1.6 18 12 1 4 94%  83 4793 417 31%
c t 212.61 27 13 67 440 171750 1 6144969 16426 1.6 18 12 1 4 94%  81 4793 417 31%
c o 212.61 27 13 67 440 171750 1 6144969 16426 1.6 18 12 1 4 94%  81 4793 417 31%
c - 213.38 24 14 67 441 171762 1 6164359 15377 1.5 18 12 1 4 95%  81 4793 417 31%
c - 214.03 24 14 67 442 171771 1 6185360 16972 1.5 18 12 1 4 94%  81 4793 417 31%
c - 214.72 26 14 67 443 171780 1 6206383 17984 1.6 19 12 1 4 94%  81 4793 417 31%
c - 215.46 24 14 67 444 171781 1 6227431 16885 1.6 19 12 1 4 94%  81 4793 417 31%
c W 215.99 25 14 67 444 171788 1 6240063 21313 1.6 19 12 1 4 95%  81 4793 417 31%
c - 216.31 24 14 67 445 171794 1 6248503 16933 1.6 19 12 1 4 94%  81 4793 417 31%
c ] 216.96 26 14 68 445 171802 1 6269174 29197 1.6 19 12 1 4 93%  81 4793 417 31%
c { 216.96 26 14 68 445 171802 1 6269174 29197 2.4 24 10 1 3 89%  81 4793 417 31%
c - 216.98 26 14 68 446 171866 1 6269598 18205 2.4 24 10 1 3 89%  81 4793 417 31%
c - 217.95 25 14 68 447 173470 1 6290716 21786 2.5 26 10 1 3 90%  81 4793 417 31%
c - 218.85 27 14 68 448 175169 1 6311859 23087 2.4 25 10 1 3 90%  81 4793 417 31%
c - 219.77 25 15 68 449 177003 1 6333026 24386 2.4 26 11 1 3 90%  81 4793 417 31%
c - 220.78 25 15 68 450 179181 2 6354216 25736 2.4 26 11 1 3 89%  81 4793 417 31%
c - 221.61 27 15 68 451 179685 1 6375429 25812 2.3 26 11 1 3 89%  81 4793 417 31%
c - 222.55 25 16 68 452 181733 2 6396667 26743 2.3 26 11 1 3 89%  81 4793 417 31%
c - 223.35 27 15 68 453 181895 1 6417928 27459 2.3 25 11 1 3 88%  81 4793 417 31%
c u 223.90 27 15 68 453 182833 2 6427818 33234 2.2 25 11 1 3 88%  81 4793 417 31%
c
c seconds    switched       rate           size/glue  tier1   binary      remaining
c         MB   reductions      conflicts         size   tier2   irredundant
c          level      restarts        redundant     glue   trail      variables
c
c v 224.05 27 15 68 453 182833 2 6427818 30544 2.2 25 11 1 3 88%  82 4793 417 31%
c w 224.47 27 15 68 453 182833 2 6427818 27433 2.2 25 11 1 3 88%  82 4793 417 31%
c - 225.00 25 15 68 454 183047 1 6439212 23679 2.3 26 11 1 3 89%  82 4793 417 31%
c - 226.03 25 16 68 455 184188 1 6460520 26188 2.4 27 11 1 3 89%  82 4793 417 31%
c o 226.80 27 16 68 455 185358 2 6479057 41209 2.4 26 11 1 3 89%  82 4793 417 31%
c - 226.91 27 16 68 456 185488 2 6481850 26789 2.4 26 11 1 3 89%  82 4793 417 31%
c - 227.89 27 16 68 457 186627 2 6503204 27366 2.3 26 11 1 3 88%  82 4793 417 31%
c } 228.28 27 16 69 457 186761 1 6511233 34411 2.3 26 11 1 3 88%  82 4793 417 31%
c [ 228.28 27 14 69 457 186761 1 6511233 34411 1.6 19 12 1 4 93%  82 4793 417 31%
c I 228.51 27 14 69 457 186766 1 6517727 36720 1.6 19 12 1 4 93%  82 4793 417 31%
c - 228.75 27 14 69 458 186769 1 6524581 27359 1.6 19 12 1 4 93%  82 4793 417 31%
c - 229.52 27 14 69 459 186777 1 6545982 26030 1.7 20 12 1 4 94%  82 4793 417 31%
c - 230.31 27 14 69 460 186789 1 6567407 23137 1.7 21 12 1 4 94%  82 4793 417 31%
c - 231.12 27 14 69 461 186791 1 6588855 22341 1.8 21 12 1 4 94%  82 4793 417 31%
c - 231.85 27 14 69 462 186802 1 6610325 22233 1.8 22 12 1 4 94%  82 4793 417 31%
c - 232.54 27 14 69 463 186811 1 6631819 22598 1.9 23 12 1 4 94%  82 4793 417 31%
c - 233.24 27 14 69 464 186821 1 6653337 21557 1.9 23 12 1 4 94%  82 4793 417 31%
c - 234.05 27 14 69 465 186822 1 6674879 21136 1.9 24 12 1 4 94%  82 4793 417 31%
c - 234.76 27 14 69 466 186823 1 6696442 21339 2.0 24 12 1 4 94%  82 4793 417 31%
c u 235.56 27 14 69 466 186830 1 6717663 27706 1.8 22 12 1 4 94%  82 4793 417 31%
c
c seconds    switched       rate           size/glue  tier1   binary      remaining
c         MB   reductions      conflicts         size   tier2   irredundant
c          level      restarts        redundant     glue   trail      variables
c
c v 235.67 27 14 69 466 186830 1 6717663 25310 1.8 22 12 1 4 94%  82 4793 417 31%
c w 235.81 27 14 69 466 186830 1 6717663 20588 1.8 22 12 1 4 94%  82 4793 417 31%
c - 237.08 26 14 69 467 186830 1 6718030 15716 1.8 22 12 1 4 94%  82 4793 417 31%
c - 237.74 28 14 69 468 186838 1 6739640 18864 1.9 23 12 1 4 94%  82 4793 417 31%
c - 238.52 29 14 69 469 186851 1 6761274 19641 1.9 24 13 1 4 94%  82 4793 417 31%
c - 239.21 29 14 69 470 186854 1 6782931 18346 1.8 23 13 1 4 94%  82 4793 417 31%
c B 239.87 29 14 69 470 186864 1 6804461 27968 1.8 22 13 1 4 94%  82 4793 417 31%
c - 239.88 26 14 69 471 186864 1 6804610 17538 1.8 22 13 1 4 94%  82 4793 417 31%
c ] 240.09 27 14 70 471 186868 1 6811829 23909 1.8 22 13 1 4 94%  82 4793 417 31%
c { 240.09 27 16 70 471 186868 1 6811829 23909 2.3 26 11 1 3 88%  82 4793 417 31%
c - 240.41 28 16 70 472 187488 1 6826312 19986 2.2 25 11 1 3 88%  82 4793 417 31%
c o 240.57 28 16 70 472 187579 1 6832058 24230 2.2 25 11 1 3 88%  82 4793 417 31%
c - 241.01 28 15 70 473 187877 1 6848037 21383 2.2 24 11 1 3 88%  82 4793 417 31%
c - 241.60 28 15 70 474 188159 1 6869785 21370 2.1 23 11 1 3 88%  82 4793 417 31%
c - 242.26 28 14 70 475 188405 1 6891556 21518 2.0 22 11 1 3 88%  82 4793 417 31%
c - 242.90 28 14 70 476 188751 1 6913351 22407 2.0 21 11 1 3 87%  82 4793 417 31%
c - 243.55 28 14 70 477 189269 1 6935171 23150 1.9 20 10 1 3 87%  82 4793 417 31%
c - 244.17 28 14 70 478 190091 1 6957012 23876 1.9 20 10 1 3 86%  82 4793 417 31%
c - 244.78 28 14 70 479 191245 1 6978876 23592 1.8 19 11 1 3 85%  82 4793 417 31%
c - 245.48 28 13 70 480 191784 1 7000762 23608 1.8 19 10 1 3 86%  82 4793 417 31%
c
c seconds    switched       rate           size/glue  tier1   binary      remaining
c         MB   reductions      conflicts         size   tier2   irredundant
c          level      restarts        redundant     glue   trail      variables
c
c u 245.98 28 13 70 480 192216 1 7014513 31955 1.8 19 10 1 3 86%  82 4793 417 31%
c v 246.07 28 13 70 480 192216 1 7014513 29733 1.8 19 10 1 3 86%  82 4793 417 31%
c w 246.25 28 13 70 480 192216 1 7014513 22112 1.8 19 10 1 3 86%  82 4793 417 31%
c - 246.50 28 13 70 481 192259 1 7022670 19449 1.8 18 10 1 3 86%  82 4793 417 31%
c - 247.03 28 13 70 482 192715 1 7044601 22329 1.8 18 10 1 3 82%  82 4793 417 31%
c - 247.72 28 13 70 483 193256 1 7066556 22578 1.8 18 10 1 3 83%  82 4793 417 31%
c } 247.73 28 13 71 483 193256 1 7067156 22981 1.8 18 10 1 3 83%  82 4793 417 31%
c [ 247.73 28 14 71 483 193256 1 7067156 22981 1.8 22 13 1 4 94%  82 4793 417 31%
c - 248.45 28 14 71 484 193269 1 7088533 21765 1.8 21 12 1 4 94%  83 4793 417 31%
c W 248.90 28 14 71 484 193271 1 7100372 27504 1.7 21 12 1 4 94%  83 4793 417 31%
c - 249.29 28 14 71 485 193277 1 7110533 20775 1.7 21 12 1 4 94%  83 4793 417 31%
c - 250.04 28 14 71 486 193285 1 7132555 19686 1.7 20 12 1 4 94%  83 4793 417 31%
c - 250.78 28 13 71 487 193291 1 7154601 19604 1.7 19 12 1 4 94%  83 4793 417 31%
c - 251.55 28 13 71 488 193301 1 7176669 20057 1.7 19 11 1 4 94%  83 4793 417 31%
c - 252.37 28 13 71 489 193312 1 7198760 19987 1.7 19 11 1 4 94%  83 4793 417 31%
c - 253.16 28 13 71 490 193317 1 7220874 20381 1.7 18 11 1 4 94%  83 4793 417 31%
c - 253.95 28 13 71 491 193318 1 7243009 20915 1.7 18 11 1 4 93%  83 4793 417 31%
c s 254.07 28 13 71 491 193318 1 7247123 24376 1.7 18 11 1 4 93%  83 4791 417 31%
c o 254.07 28 13 71 491 193318 1 7247123 24376 1.7 18 11 1 4 93%  83 4791 417 31%
c ] 254.37 28 13 72 491 193318 1 7254456 25558 1.7 18 11 1 4 94%  83 4791 417 31%
c
c seconds    switched       rate           size/glue  tier1   binary      remaining
c         MB   reductions      conflicts         size   tier2   irredundant
c          level      restarts        redundant     glue   trail      variables
c
c { 254.37 28 13 72 491 193318 1 7254456 25558 1.8 18 10 1 3 83%  83 4791 417 31%
c - 254.87 28 13 72 492 194710 1 7265167 22887 1.8 19 10 1 3 84%  83 4791 417 31%
c - 255.75 29 14 72 493 196447 1 7287349 24913 1.9 20 11 1 3 85%  84 4790 417 31%
c - 256.82 27 15 72 494 199120 1 7309552 26636 1.9 21 11 1 3 86%  84 4790 417 31%
c u 257.31 28 15 72 494 199800 2 7318400 33190 2.0 22 11 1 3 86%  84 4790 417 31%
c v 257.42 28 15 72 494 199800 2 7318400 30526 2.0 22 11 1 3 86%  84 4790 417 31%
c w 257.89 28 15 72 494 199800 2 7318400 26881 2.0 22 11 1 3 86%  84 4790 417 31%
c - 258.41 29 15 72 495 200898 2 7331779 22686 1.9 22 11 1 3 86%  84 4790 417 31%
c - 259.22 29 15 72 496 201163 1 7354027 22425 1.9 21 11 1 3 87%  84 4790 417 31%
c - 260.23 29 15 72 497 202963 2 7376300 25339 1.9 22 11 1 3 88%  84 4790 417 31%
c - 261.11 29 15 72 498 203529 1 7398594 26017 1.9 21 11 1 3 88%  84 4790 417 31%
c - 262.01 29 15 72 499 204735 1 7420909 26234 1.9 21 11 1 3 88%  84 4790 417 31%
c - 262.96 29 15 72 500 206520 1 7443248 28015 1.9 22 11 1 3 88%  84 4790 417 31%
c - 263.91 27 15 72 501 207311 1 7465609 29390 2.0 23 11 1 3 88%  84 4790 417 31%
c - 264.71 27 14 72 502 207311 1 7487993 30166 2.3 24 10 1 3 89%  84 4790 417 31%
c - 266.04 27 14 72 503 208426 1 7510398 31469 2.5 26 10 1 3 90%  84 4790 417 31%
c } 266.65 28 14 73 503 209840 1 7523372 40722 2.4 26 11 1 3 90%  84 4790 417 31%
c [ 266.65 28 13 73 503 209840 1 7523372 40722 1.7 18 11 1 4 94%  84 4790 417 31%
c O 266.65 28 13 73 503 209840 1 7523372 40722 1.7 18 11 1 4 94%  84 4790 417 31%
c - 267.04 27 13 73 504 209846 1 7532826 30195 1.6 18 11 1 4 94%  84 4790 417 31%
c
c seconds    switched       rate           size/glue  tier1   binary      remaining
c         MB   reductions      conflicts         size   tier2   irredundant
c          level      restarts        redundant     glue   trail      variables
c
c - 268.02 29 13 73 505 209854 1 7555275 26299 1.6 18 11 1 4 95%  84 4790 417 31%
c - 268.90 29 13 73 506 209868 1 7577748 22389 1.6 18 11 1 4 95%  84 4790 417 31%
c - 269.68 29 13 73 507 209870 1 7600243 21627 1.6 18 11 1 4 95%  84 4790 417 31%
c - 270.55 29 13 73 508 209881 1 7622760 20415 1.6 18 11 1 4 96%  84 4790 417 31%
c u 270.92 29 13 73 508 209884 1 7629368 21997 1.6 18 11 1 4 96%  84 4790 417 31%
c v 270.99 29 13 73 508 209884 1 7629368 20280 1.6 18 11 1 4 96%  84 4790 417 31%
c w 271.10 29 13 73 508 209884 1 7629368 18790 1.6 18 11 1 4 96%  84 4790 417 31%
c o 271.10 29 13 73 508 209884 1 7629368 18790 1.6 18 11 1 4 96%  84 4790 417 31%
c - 271.71 26 13 73 509 209891 1 7645299 17050 1.6 17 11 1 4 96%  84 4790 417 31%
c - 272.41 28 13 73 510 209900 1 7667862 18892 1.6 18 11 1 4 96%  84 4790 417 31%
c - 273.12 28 13 73 511 209902 1 7690445 19488 1.6 19 11 1 4 95%  84 4790 417 31%
c - 273.93 28 13 73 512 209902 1 7713050 18597 1.6 18 11 1 4 95%  84 4790 417 31%
c - 274.65 28 13 73 513 209912 1 7735678 18873 1.6 18 11 1 4 95%  84 4790 417 31%
c - 275.35 28 12 73 514 209922 1 7758327 19867 1.7 18 11 1 4 94%  84 4790 417 31%
c - 276.14 28 12 73 515 209932 1 7780999 20280 1.7 18 11 1 4 94%  84 4790 417 31%
c - 276.81 28 12 73 516 209935 1 7803693 20194 1.7 18 10 1 4 93%  84 4790 417 31%
c ] 277.34 28 12 74 516 209945 1 7820577 27642 1.7 17 10 1 4 93%  84 4790 417 31%
c { 277.34 28 14 74 516 209945 1 7820577 27642 2.4 26 11 1 3 90%  84 4790 417 31%
c - 277.50 28 14 74 517 209954 1 7826409 20626 2.4 25 11 1 3 90%  84 4790 417 31%
c - 278.40 29 14 74 518 211049 1 7849146 23620 2.4 25 11 1 3 90%  84 4790 417 31%
c
c seconds    switched       rate           size/glue  tier1   binary      remaining
c         MB   reductions      conflicts         size   tier2   irredundant
c          level      restarts        redundant     glue   trail      variables
c
c - 279.53 27 15 74 519 212770 1 7871906 26038 2.5 27 11 1 3 90%  84 4790 417 31%
c - 280.45 27 15 74 520 214192 1 7894687 26463 2.4 26 11 1 3 90%  84 4790 417 31%
c - 281.40 29 15 74 521 216033 1 7917490 26657 2.3 25 11 1 3 90%  84 4790 417 31%
c - 282.25 29 15 74 522 216949 1 7940315 26858 2.2 24 11 1 3 90%  84 4790 417 31%
c u 282.69 29 15 74 522 217017 1 7947440 31763 2.2 24 11 1 3 90%  84 4790 417 31%
c v 282.81 29 15 74 522 217017 1 7947440 29306 2.2 24 11 1 3 90%  84 4790 417 31%
c w 283.02 29 15 74 522 217017 1 7947440 26274 2.2 24 11 1 3 90%  84 4790 417 31%
c x 283.04 29 15 74 522 217017 1 7947440 26268 2.2 24 11 1 3 90%  84 4754 417 31%
c - 283.69 27 15 74 523 218520 1 7963163 24253 2.2 24 11 1 3 89%  84 4754 417 31%
c - 284.47 28 15 74 524 219327 1 7986032 24843 2.1 23 11 1 3 89%  84 4754 417 31%
c i 285.16 28 15 74 524 220308 1 8004563 39665 2.1 23 11 1 3 88%  91 4754 416 30%
c o 285.16 28 15 74 524 220308 1 8004563 39665 2.1 23 11 1 3 88%  91 4754 416 30%
c - 285.39 29 15 74 525 221058 2 8008924 26798 2.1 23 11 1 3 88%  83 4754 416 30%
c - 286.48 29 15 74 526 221868 1 8031837 28039 2.1 23 11 1 3 89%  83 4754 416 30%
c e 287.09 29 15 74 526 222843 1 8048031 39423 2.1 23 11 1 3 89%  82 4820 411 30%
c s 287.09 29 15 74 526 222843 1 8048031 39423 2.1 23 11 1 3 89%  82 4805 411 30%
c - 287.40 29 14 74 527 223276 1 8054772 28215 2.1 23 11 1 3 89%  82 4805 411 30%
c - 288.31 29 14 74 528 223755 1 8077728 28628 2.1 22 11 1 3 89%  82 4805 411 30%
c - 289.15 29 14 74 529 225055 1 8100707 28671 2.1 22 11 1 3 89%  82 4805 411 30%
c } 289.24 29 14 75 529 225063 1 8103402 30373 2.1 22 11 1 3 89%  82 4805 411 30%
c
c seconds    switched       rate           size/glue  tier1   binary      remaining
c         MB   reductions      conflicts         size   tier2   irredundant
c          level      restarts        redundant     glue   trail      variables
c
c [ 289.24 29 12 75 529 225063 1 8103402 30373 1.7 17 10 1 4 93%  82 4805 411 30%
c B 289.24 29 12 75 529 225063 1 8103402 30373 1.7 17 10 1 4 93%  82 4805 411 30%
c - 290.00 29 12 75 530 225075 1 8123707 25629 1.6 17 10 1 4 93%  82 4805 411 30%
c - 290.84 29 12 75 531 225084 1 8146730 21871 1.6 16 10 1 4 94%  82 4805 411 30%
c - 291.65 29 12 75 532 225093 1 8169774 21064 1.6 16 10 1 4 94%  82 4805 411 30%
c - 292.45 29 11 75 533 225099 1 8192839 20032 1.5 15 10 1 4 94%  82 4805 411 30%
c - 293.27 29 11 75 534 225108 1 8215926 20191 1.5 15 10 1 4 95%  83 4804 411 30%
c - 294.08 29 12 75 535 225122 1 8239035 21813 1.5 16 10 1 4 95%  83 4804 411 30%
c - 294.79 29 12 75 536 225124 1 8262165 21917 1.6 17 11 1 4 93%  83 4804 411 30%
c u 295.19 29 12 75 536 225125 1 8272995 27274 1.6 17 11 1 4 92%  98 4804 411 30%
c v 295.26 29 12 75 536 225125 1 8272995 25338 1.6 17 11 1 4 92%  98 4804 411 30%
c w 295.49 29 12 75 536 225125 1 8272995 21163 1.6 17 11 1 4 92%  98 4804 411 30%
c - 295.85 26 13 75 537 225125 1 8285317 17410 1.6 17 11 1 4 91%  98 4804 411 30%
c - 296.56 26 13 75 538 225132 1 8308491 17621 1.5 17 11 1 4 90%  98 4804 411 30%
c - 297.23 26 13 75 539 225140 1 8331685 17570 1.5 17 11 1 4 92%  98 4804 411 30%
c - 297.98 28 13 75 540 225154 1 8354901 17980 1.5 17 11 1 4 92%  98 4804 411 30%
c - 298.73 26 13 75 541 225156 1 8378138 17891 1.5 16 11 1 4 92%  98 4804 411 30%
c - 299.46 26 13 75 542 225169 1 8401397 17975 1.5 16 11 1 4 93%  98 4804 411 30%
c ] 300.05 28 13 76 542 225176 1 8420274 25427 1.4 16 11 1 4 93%  98 4804 411 30%
c { 300.05 28 14 76 542 225176 1 8420274 25427 2.1 22 11 1 3 89%  98 4804 411 30%
c
c seconds    switched       rate           size/glue  tier1   binary      remaining
c         MB   reductions      conflicts         size   tier2   irredundant
c          level      restarts        redundant     glue   trail      variables
c
c o 300.07 28 14 76 542 225215 1 8420766 25751 2.1 22 11 1 3 89%  98 4804 411 30%
c - 300.20 28 14 76 543 225408 1 8424679 19007 2.0 22 11 1 3 89%  98 4804 411 30%
c - 301.00 28 14 76 544 227138 1 8447982 22257 2.0 21 11 1 3 89%  98 4804 411 30%
c - 301.81 29 15 76 545 228845 2 8471306 24219 2.0 22 11 1 3 87%  98 4804 411 30%
c - 302.63 29 14 76 546 229939 2 8494652 24854 1.9 21 11 1 3 87%  98 4804 411 30%
c - 303.38 29 14 76 547 230348 1 8518018 25673 1.9 20 11 1 3 87%  98 4804 411 30%
c - 304.39 29 14 76 548 231486 1 8541407 27622 1.9 21 11 1 3 87%  98 4804 411 30%
c - 305.20 29 14 76 549 231500 1 8564816 28355 2.0 20 10 1 3 87%  98 4804 411 30%
c - 306.04 29 13 76 550 232531 1 8588247 27555 2.0 20 10 1 3 88%  98 4804 411 30%
c u 306.80 29 13 76 550 233474 1 8605045 37600 1.9 20 10 1 3 88% 101 4804 411 30%
c v 306.95 29 13 76 550 233474 1 8605045 34451 1.9 20 10 1 3 88% 101 4804 411 30%
c w 307.35 29 13 76 550 233474 1 8605045 27116 1.9 20 10 1 3 88% 101 4804 411 30%
c t 308.74 29 13 76 550 233474 1 8605045 27116 1.9 20 10 1 3 88% 100 4804 411 30%
c - 308.93 29 13 76 551 233701 1 8611699 22390 1.9 20 10 1 3 88% 100 4804 411 30%
c - 309.81 29 14 76 552 236223 1 8635173 25411 1.9 20 11 1 3 88% 100 4804 411 30%
c - 310.78 27 14 76 553 237419 1 8658667 27220 2.0 21 10 1 3 89% 101 4803 411 30%
c - 311.86 29 14 76 554 238916 1 8682182 29479 2.0 21 10 1 3 86% 102 4803 411 30%
c - 312.70 29 14 76 555 239967 1 8705719 29634 2.0 21 10 1 3 87% 102 4803 411 30%
c } 313.15 29 14 77 555 240602 1 8717324 38549 2.0 21 10 1 3 87% 102 4803 411 30%
c [ 313.15 29 13 77 555 240602 1 8717324 38549 1.4 16 11 1 4 93% 102 4803 411 30%
c
c seconds    switched       rate           size/glue  tier1   binary      remaining
c         MB   reductions      conflicts         size   tier2   irredundant
c          level      restarts        redundant     glue   trail      variables
c
c W 313.20 29 13 77 555 240602 1 8717324 38549 1.4 16 11 1 4 93% 102 4803 411 30%
c - 313.65 29 13 77 556 240608 1 8729278 27568 1.4 16 11 1 4 93% 102 4803 411 30%
c - 314.43 29 13 77 557 240619 1 8752857 24819 1.4 16 11 1 4 94% 102 4803 411 30%
c - 315.21 29 12 77 558 240631 1 8776458 22202 1.4 16 11 1 4 94% 102 4803 411 30%
c - 316.00 29 12 77 559 240633 1 8800080 21851 1.5 16 11 1 4 94% 102 4803 411 30%
c - 316.89 29 12 77 560 240646 1 8823723 21189 1.5 15 10 1 4 94% 102 4803 411 30%
c - 317.84 29 12 77 561 240657 1 8847388 21044 1.5 15 10 1 4 94% 102 4803 411 30%
c - 318.70 29 12 77 562 240663 1 8871074 21936 1.5 15 10 1 4 94% 102 4803 411 30%
c - 319.49 29 11 77 563 240664 1 8894781 21546 1.5 15 10 1 4 93% 103 4803 411 30%
c s 319.72 29 12 77 563 240664 1 8900537 23509 1.5 15 10 1 4 93% 103 4716 411 30%
c e 319.72 29 12 77 563 240664 1 8900537 23509 1.5 15 10 1 4 93%  92 4768 407 30%
c s 319.72 29 12 77 563 240664 1 8900537 23509 1.5 15 10 1 4 93%  92 4736 407 30%
c e 319.72 29 12 77 563 240664 1 8900537 23509 1.5 15 10 1 4 93%  90 4754 406 30%
c o 319.72 29 12 77 563 240664 1 8900537 22883 1.5 15 10 1 4 93%  90 4754 406 30%
c - 320.45 29 12 77 564 240668 1 8918508 20825 1.5 15 10 1 4 94%  90 4754 406 30%
c - 321.32 29 12 77 565 240679 1 8942256 20270 1.5 15 10 1 4 94%  90 4754 406 30%
c u 321.51 29 12 77 565 240679 1 8944235 19331 1.5 15 10 1 4 94%  92 4754 406 30%
c v 321.58 29 12 77 565 240679 1 8944235 17146 1.5 15 10 1 4 94%  92 4754 406 30%
c w 321.61 29 12 77 565 240679 1 8944235 16740 1.5 15 10 1 4 94%  92 4754 406 30%
c t 321.61 29 12 77 565 240679 1 8944235 16740 1.5 15 10 1 4 94%  90 4754 406 30%
c
c seconds    switched       rate           size/glue  tier1   binary      remaining
c         MB   reductions      conflicts         size   tier2   irredundant
c          level      restarts        redundant     glue   trail      variables
c
c - 322.34 26 12 77 566 240692 1 8966026 16888 1.4 15 11 1 4 94%  90 4754 406 30%
c - 323.06 26 12 77 567 240695 1 8989816 17502 1.4 15 11 1 4 94%  90 4754 406 30%
c ] 323.23 26 12 78 567 240695 1 8995801 19832 1.4 15 11 1 4 94%  90 4754 406 30%
c { 323.23 26 14 78 567 240695 1 8995801 19832 2.0 21 10 1 3 87%  90 4754 406 30%
c - 323.93 29 14 78 568 241170 1 9013627 20800 2.1 22 10 1 3 88%  90 4754 406 30%
c - 325.05 27 14 78 569 242517 1 9037459 24035 2.3 24 10 1 3 89%  90 4754 406 30%
c - 325.97 27 14 78 570 243474 1 9061312 24990 2.3 24 10 1 3 89%  90 4754 406 30%
c - 326.74 29 14 78 571 244553 1 9085186 25322 2.2 22 10 1 3 89%  91 4754 406 30%
c - 327.83 27 14 78 572 246000 1 9109081 27930 2.3 23 10 1 3 89%  91 4754 406 30%
c - 328.63 29 13 78 573 246441 1 9132997 27307 2.2 22 10 1 3 89%  91 4754 406 30%
c - 329.60 29 13 78 574 248210 1 9156934 27113 2.1 21 10 1 3 89%  92 4754 406 30%
c - 330.65 27 14 78 575 250644 2 9180893 28105 2.1 22 10 1 3 89%  93 4754 406 30%
c - 331.51 29 14 78 576 252102 1 9204872 28133 2.0 21 10 1 3 89%  93 4754 406 30%
c - 332.31 29 13 78 577 252102 1 9228873 27653 2.0 20 10 1 3 89%  95 4754 406 30%
c i 332.61 29 13 78 577 252102 1 9238323 33397 2.0 19 10 1 3 89% 109 4754 405 30%
c - 333.24 29 13 78 578 253736 1 9252893 25220 2.0 20 10 1 3 89%  87 4754 405 30%
c - 334.28 29 14 78 579 255784 1 9276936 27807 2.0 20 10 1 3 88%  87 4754 405 30%
c u 334.99 29 13 78 579 256155 1 9291288 34946 2.0 20 10 1 3 88%  88 4639 405 30%
c v 335.19 29 13 78 579 256155 1 9291288 31187 2.0 20 10 1 3 88%  88 4639 405 30%
c w 335.52 29 13 78 579 256155 1 9291288 24312 2.0 20 10 1 3 88%  88 4639 405 30%
c
c seconds    switched       rate           size/glue  tier1   binary      remaining
c         MB   reductions      conflicts         size   tier2   irredundant
c          level      restarts        redundant     glue   trail      variables
c
c t 335.52 29 13 78 579 256155 1 9291288 24312 2.0 20 10 1 3 88%  87 4639 405 30%
c o 335.95 29 14 78 579 257168 1 9300615 32431 2.0 20 10 1 3 88%  87 4639 405 30%
c - 335.97 29 14 78 580 257234 1 9300998 22775 2.0 20 10 1 3 88%  87 4639 405 30%
c } 336.20 29 14 79 580 257499 1 9307392 27567 2.0 20 10 1 3 88%  87 4639 405 30%
c [ 336.20 29 12 79 580 257499 1 9307392 27567 1.4 15 11 1 4 94%  87 4639 405 30%
c I 336.20 29 12 79 580 257499 1 9307392 27567 1.4 15 11 1 4 94%  87 4639 405 30%
c - 336.70 29 12 79 581 257510 1 9325083 23430 1.4 16 11 1 4 94%  87 4639 405 30%
c - 337.40 29 13 79 582 257520 1 9349186 20472 1.4 16 11 1 4 94%  87 4639 405 30%
c - 338.06 29 13 79 583 257529 1 9373311 18894 1.4 16 11 1 4 94%  87 4639 405 30%
c - 338.78 26 12 79 584 257535 1 9397456 18144 1.4 16 11 1 4 94%  87 4639 405 30%
c - 339.57 28 13 79 585 257544 1 9421624 19114 1.5 16 11 1 4 94%  87 4639 405 30%
c - 340.30 28 12 79 586 257558 1 9445811 19288 1.5 16 11 1 4 92%  87 4639 405 30%
c - 341.09 28 12 79 587 257560 1 9470019 19199 1.5 16 11 1 4 92%  87 4639 405 30%
c - 341.80 28 12 79 588 257561 1 9494247 19400 1.5 15 10 1 4 92%  87 4639 405 30%
c - 342.51 28 12 79 589 257571 1 9518495 18931 1.5 15 10 1 4 92%  87 4639 405 30%
c - 343.28 28 12 79 590 257581 1 9542764 18851 1.5 15 10 1 4 92%  87 4639 405 30%
c - 344.00 28 11 79 591 257591 1 9567053 18761 1.4 14 10 1 4 92%  87 4639 405 30%
c - 344.81 28 11 79 592 257597 1 9591363 18937 1.4 14 10 1 4 93%  87 4639 405 30%
c - 345.59 28 11 79 593 257607 1 9615694 19520 1.4 14 10 1 4 93%  87 4639 405 30%
c - 346.38 28 11 79 594 257621 1 9640045 19414 1.4 13 9 1 4 93%  88 4639 405 30%
c
c seconds    switched       rate           size/glue tier1   binary      remaining
c         MB   reductions      conflicts         size  tier2   irredundant
c          level      restarts        redundant    glue   trail      variables
c
c u 346.69 28 11 79 594 257622 1 9646923 20007 1.4 13 9 1 4 93%  89 4639 405 30%
c v 346.76 28 11 79 594 257622 1 9646923 18180 1.4 13 9 1 4 93%  89 4639 405 30%
c w 346.81 28 11 79 594 257622 1 9646923 16489 1.4 13 9 1 4 93%  89 4639 405 30%
c x 346.83 28 11 79 594 257622 1 9646923 16472 1.4 13 9 1 4 93%  90 4536 405 30%
c d 346.83 28 11 79 594 257622 1 9646923 16472 1.4 13 9 1 4 93%  88 4536 404 30%
c t 346.83 28 11 79 594 257622 1 9646923 16472 1.4 13 9 1 4 93%  86 4536 404 30%
c u 346.91 28 11 79 594 257622 1 9646923 16157 1.4 13 9 1 4 93%  86 4536 404 30%
c v 346.97 28 11 79 594 257622 1 9646923 15728 1.4 13 9 1 4 93%  86 4536 404 30%
c w 347.00 28 11 79 594 257622 1 9646923 15307 1.4 13 9 1 4 93%  86 4536 404 30%
c B 347.12 28 11 79 594 257622 1 9650763 16737 1.4 14 10 1 4 93%  86 4536 404 30%
c - 347.54 26 11 79 595 257623 1 9664417 15355 1.4 14 10 1 4 94%  86 4536 404 30%
c ] 347.93 27 11 80 595 257624 1 9677484 19500 1.4 14 10 1 4 94%  86 4536 404 30%
c { 347.93 27 14 80 595 257624 1 9677484 19500 2.0 20 10 1 3 88%  86 4536 404 30%
c - 348.27 28 14 80 596 257851 1 9688810 17562 2.0 20 10 1 3 88%  86 4536 404 30%
c - 349.32 27 14 80 597 258825 1 9713224 22376 2.3 23 10 1 3 89%  86 4536 404 30%
c o 349.61 28 14 80 597 258826 1 9720090 28996 2.4 24 10 1 3 89%  86 4536 404 30%
c - 350.55 27 14 80 598 260234 1 9737657 25584 2.4 24 10 1 3 89%  86 4536 404 30%
c - 351.72 30 14 80 599 262373 1 9762111 26846 2.3 24 10 1 3 89%  86 4536 404 30%
c - 352.89 27 15 80 600 264424 2 9786587 27551 2.3 24 10 1 3 89%  86 4536 404 30%
c s 353.85 29 15 80 600 265312 1 9807241 42834 2.3 23 10 1 3 89%  86 4518 404 30%
c
c seconds    switched       rate           size/glue  tier1   binary      remaining
c         MB   reductions      conflicts         size   tier2   irredundant
c          level      restarts        redundant     glue   trail      variables
c
c e 353.85 29 15 80 600 265312 1 9807241 42834 2.3 23 10 1 3 89%  83 4603 397 29%
c s 353.86 29 15 80 600 265312 1 9807241 42834 2.3 23 10 1 3 89%  83 4556 397 29%
c - 354.03 29 15 80 601 265543 1 9811081 26760 2.3 23 10 1 3 89%  83 4556 397 29%
c - 354.90 29 14 80 602 266396 1 9835596 26587 2.2 22 10 1 3 89%  83 4556 397 29%
c - 355.90 27 14 80 603 268635 1 9860131 27334 2.1 22 11 1 3 89%  83 4556 397 29%
c - 357.05 27 14 80 604 269004 1 9884689 30044 2.2 22 10 1 3 88%  83 4556 397 29%
c - 358.54 29 13 80 605 269225 1 9909265 32426 2.3 22 10 1 3 88%  83 4556 397 29%
c - 359.69 30 13 80 606 270602 1 9933862 33212 2.3 22 10 1 3 88%  83 4556 397 29%
c - 360.74 30 14 80 607 272052 1 9958479 32683 2.2 22 10 1 3 88%  83 4556 397 29%
c - 361.79 27 14 80 608 273790 1 9983118 32077 2.1 21 10 1 3 89%  84 4556 397 29%
c } 362.51 28 13 81 608 273884 1 10003930 43882 2.1 20 10 1 3 89%  84 4556 397 29%
c [ 362.51 28 11 81 608 273884 1 10003930 43882 1.4 14 10 1 4 94%  84 4556 397 29%
c W 362.54 28 11 81 608 273884 1 10003934 43884 1.4 14 10 1 4 94%  84 4556 397 29%
c - 362.72 29 11 81 609 273886 1 10007776 30633 1.4 14 10 1 4 94%  84 4556 397 29%
c u 363.01 29 11 81 609 273889 1 10011131 29198 1.4 14 10 1 4 94%  89 4556 397 29%
c v 363.31 29 11 81 609 273889 1 10011131 24508 1.4 14 10 1 4 94%  90 4556 397 29%
c w 363.39 29 11 81 609 273889 1 10011131 22682 1.4 14 10 1 4 94%  90 4556 397 29%
c t 363.39 29 11 81 609 273889 1 10011131 22682 1.4 14 10 1 4 94%  88 4556 397 29%
c - 364.10 29 11 81 610 273898 1 10032453 20634 1.4 14 10 1 4 94%  88 4556 397 29%
c - 364.84 29 11 81 611 273911 1 10057151 18876 1.4 14 10 1 4 94%  88 4556 397 29%
c
c seconds    switched       rate            size/glue  tier1   binary      remaining
c         MB   reductions      conflicts          size   tier2   irredundant
c          level      restarts         redundant     glue   trail      variables
c
c - 365.58 26 11 81 612 273914 1 10081870 18389 1.4 14 10 1 4 94%  88 4556 397 29%
c - 366.34 28 11 81 613 273928 1 10106609 18484 1.4 14 10 1 4 94%  88 4556 397 29%
c - 367.11 28 11 81 614 273937 1 10131367 18615 1.4 13 10 1 4 93%  89 4556 397 29%
c - 367.86 28 11 81 615 273945 1 10156147 18678 1.4 13 10 1 4 93%  89 4556 397 29%
c - 368.62 28 11 81 616 273946 1 10180948 19405 1.4 14 10 1 4 93%  89 4556 397 29%
c - 369.42 28 11 81 617 273951 1 10205768 19275 1.4 13 10 1 4 93%  90 4556 397 29%
c - 370.27 28 11 81 618 273961 1 10230607 19642 1.4 13 9 1 4 93%  90 4556 397 29%
c - 371.21 28 11 81 619 273975 1 10255467 18878 1.4 13 9 1 4 94%  92 4556 397 29%
c i 371.33 28 11 81 619 273976 1 10258947 19592 1.4 13 9 1 4 94% 103 4556 396 29%
c o 371.33 28 11 81 619 273976 1 10258947 19592 1.4 13 9 1 4 94% 103 4556 396 29%
c - 372.11 26 11 81 620 273977 1 10280347 16490 1.4 13 9 1 4 95% 108 4556 396 29%
c - 372.97 26 10 81 621 273991 1 10305246 17108 1.4 12 9 1 4 95% 109 4556 396 29%
c i 373.79 27 10 81 621 274000 1 10328584 22085 1.4 12 9 1 4 96% 121 4556 394 29%
c - 373.83 26 10 81 622 274002 1 10330165 14762 1.4 12 9 1 4 96% 123 4556 394 29%
c - 374.60 26 10 81 623 274008 1 10355105 16329 1.4 12 9 1 4 95% 123 4556 394 29%
c O 374.91 27 10 81 623 274009 1 10367006 21730 1.4 12 9 1 4 95% 123 4556 394 29%
c - 375.37 26 10 81 624 274009 1 10380065 17540 1.4 12 9 1 4 95% 123 4556 394 29%
c u 375.52 26 10 81 624 274009 1 10382390 16215 1.4 12 9 1 4 95% 237 4072 394 29%
c v 375.56 26 10 81 624 274009 1 10382390 14988 1.4 12 9 1 4 95% 222 4072 394 29%
c w 375.60 26 10 81 624 274009 1 10382390 12915 1.4 12 9 1 4 95% 221 4072 394 29%
c
c seconds    switched       rate            size/glue tier1   binary      remaining
c         MB   reductions      conflicts          size  tier2   irredundant
c          level      restarts         redundant    glue   trail      variables
c
c x 375.62 26 10 81 624 274009 1 10382390 12860 1.4 12 9 1 4 95% 237 3672 394 29%
c d 375.62 26 10 81 624 274009 1 10382390 12860 1.4 12 9 1 4 95% 233 3672 392 29%
c t 375.62 26 10 81 624 274009 1 10382390 12860 1.4 12 9 1 4 95% 188 3672 392 29%
c u 375.68 26 10 81 624 274009 1 10382390 11751 1.4 12 9 1 4 95% 191 3672 392 29%
c v 375.71 26 10 81 624 274009 1 10382390 11003 1.4 12 9 1 4 95% 191 3672 392 29%
c w 375.73 26 10 81 624 274009 1 10382390 10571 1.4 12 9 1 4 95% 191 3672 392 29%
c = 377.27  8 10 81 624 274009 1 10382390 10571 1.4 12 9 1 4 95% 193 3670 391 29%
c d 377.27  8 10 81 624 274009 1 10382390 10571 1.4 12 9 1 4 95% 191 3670 391 29%
c - 377.92  8 10 81 625 274010 1 10405045 12449 1.4 12 9 1 4 94% 192 3670 391 29%
c ] 378.30  9 10 82 625 274010 1 10419017 17554 1.4 12 9 1 4 94% 193 3670 391 29%
c { 378.30  9 13 82 625 274010 1 10419017 17554 2.1 20 10 1 3 89% 193 3670 391 29%
c - 378.62  8 12 82 626 274010 1 10430046 15236 2.0 19 9 1 3 88% 194 3670 391 29%
c i 378.81  8 12 82 626 274010 1 10437302 19850 2.0 19 9 1 3 88% 205 3670 386 28%
c i 379.23  9 12 82 626 274010 1 10449192 29432 2.1 19 9 1 3 88% 215 3670 385 28%
c - 379.53  8 12 82 627 274010 1 10455065 14775 2.1 19 9 1 3 88% 181 3670 385 28%
c i 379.55  8 12 82 627 274010 1 10455687 15044 2.1 18 9 1 3 88% 190 3670 384 28%
c i 379.65  8 11 82 627 274010 1 10458743 16990 2.1 18 9 1 3 88% 203 3670 383 28%
c i 379.69  8 11 82 627 274010 1 10459552 17673 2.2 18 9 1 3 88% 215 3670 382 28%
c i 379.73  8 11 82 627 274010 1 10460540 18115 2.1 18 8 1 3 88% 227 3670 365 27%
c i 379.74  8 11 82 627 274010 1 10460734 18262 2.2 18 8 1 3 88% 234 3670 362 26%
c
c seconds    switched       rate            size/glue tier1   binary      remaining
c         MB   reductions      conflicts          size  tier2   irredundant
c          level      restarts         redundant    glue   trail      variables
c
c i 379.75  8 11 82 627 274010 1 10461011 18459 2.2 18 8 1 3 88% 249 3670 349 26%
c i 379.76  8 11 82 627 274010 1 10461423 18663 2.2 18 8 1 3 88% 263 3670 348 25%
c i 379.77  8 11 82 627 274010 1 10461743 18866 2.2 18 8 1 3 88% 269 3670 346 25%
c i 379.77  8 11 82 627 274010 1 10461808 18903 2.2 18 8 1 3 88% 270 3669 345 25%
c i 379.77  8 11 82 627 274010 1 10461855 18906 2.2 18 8 1 3 88% 277 3669 320 23%
c i 379.78  8 11 82 627 274010 1 10461979 18935 2.2 18 8 1 3 88% 284 3669 310 23%
c i 379.78  8 11 82 627 274010 1 10461995 18942 2.2 18 8 1 3 88% 286 3669 306 22%
c i 379.78  8 11 82 627 274010 1 10462045 18946 2.2 18 8 1 3 88% 291 3669 284 21%
c i 379.78  8 11 82 627 274010 1 10462065 18946 2.2 18 8 1 3 88% 299 3669 269 20%
c i 379.78  8 11 82 627 274010 1 10462092 18948 2.2 18 8 1 3 88% 304 3669 248 18%
c i 379.78  8 11 82 627 274010 1 10462103 18950 2.2 18 8 1 3 88% 306 3669 164 12%
c i 379.78  8 11 82 627 274010 1 10462104 18950 2.2 18 8 1 3 88% 306 3669 161 12%
c } 379.78  8 11 82 627 274010 1 10462106 18950 2.2 18 8 1 3 88% 306 3669 102 7%
c 0 379.78  8 11 82 627 274010 1 10462106 18950 2.2 18 8 1 3 88% 306 3669 102 7%
c
c ---- [ result ] ------------------------------------------------------------
c
s UNSATISFIABLE
c
c ---- [ profiling ] ---------------------------------------------------------
c
c         355.47   93.60 %  search
c         185.07   48.73 %  focused
c         170.40   44.87 %  stable
c          24.29    6.40 %  simplify
c          23.89    6.29 %  probe
c          15.43    4.06 %  vivify
c           8.25    2.17 %  sweep
c           1.30    0.34 %  reduce
c           0.34    0.09 %  walking
c           0.14    0.04 %  substitute
c           0.08    0.02 %  eliminate
c           0.05    0.01 %  factor
c           0.02    0.00 %  preprocess
c           0.01    0.00 %  subsume
c           0.01    0.00 %  congruence
c           0.01    0.00 %  transitive
c           0.00    0.00 %  backbone
c           0.00    0.00 %  lucky
c           0.00    0.00 %  parse
c =============================================
c         379.78  100.00 %  total
c
c ---- [ statistics ] --------------------------------------------------------
c
c chronological:                            1                0 %  conflicts
c conflicts:                         10462106            27547.66 per second
c congruent:                               54                4 %  variables
c decisions:                         12858348                1.23 per conflict
c eliminated:                             956               70 %  variables
c factored:                                79                6 %  variables
c iterations:                              25                2 %  variables
c propagations:                    1398688857          3682872    per second
c reductions:                             627            16686    interval
c reordered:                               43           243305    interval
c rephased:                                60           174368    interval
c restarts:                            274010               38    interval
c strengthened:                          1341                0 %  checks
c substituted:                             89                7 %  variables
c subsumed:                               850                0 %  checks
c switched:                                82           127587    interval
c vivified:                            475093               41 %  checks
c walks:                                   20           523105    interval
c
c ---- [ glue usage ] --------------------------------------------------------
c
c focused glue 1 used 82185895 clauses 75.24% accumulated 75.24% tier1
c focused glue 2 used 12550009 clauses 11.49% accumulated 86.73%
c focused glue 3 used  4307710 clauses  3.94% accumulated 90.68% tier2
c
c stable glue 1 used 87970301 clauses 72.37% accumulated 72.37% tier1
c stable glue 2 used 15936113 clauses 13.11% accumulated 85.48%
c stable glue 3 used  5063484 clauses  4.17% accumulated 89.65%
c stable glue 4 used  2695020 clauses  2.22% accumulated 91.86% tier2
c
c ---- [ resources ] ---------------------------------------------------------
c
c maximum-resident-set-size:        429355008 bytes        409 MB
c process-time:                         6m 20s             379.78 seconds
c
c ---- [ shutting down ] -----------------------------------------------------
c
c exit 20
