c --- [ banner ] -------------------------------------------------------------
c 
c CaDiCaL SAT Solver
c Copyright (c) 2016-2025
c A. Biere, M. Fleury, N. Froleyks, K. Fazekas, F. Pollitt, T. Faller
c JKU Linz, University of Freiburg, TU Wien
c 
c Version 3.0.0 7b99c07f0bcab5824a5a3ce62c7066554017f641
c g++ (GCC) 15.2.1 20260123 (Red Hat 15.2.1-7) -Wall -Wextra -O3 -DNDEBUG
c Sat Feb 21 12:26:06 IST 2026 Linux kfed 6.18.8-100.fc42.x86_64 x86_64
c 
c --- [ proof tracing ] ------------------------------------------------------
c 
c will not generate nor write DRAT proof
c 
c --- [ parsing input ] ------------------------------------------------------
c 
c reading DIMACS file from 'data/circuits/cnf/miter_mult_12bit.cnf'
c opening file to read 'data/circuits/cnf/miter_mult_12bit.cnf'
c found 'p cnf 1631 6185' header
c parsed 6185 clauses in 0.00 seconds process time
c closing file 'data/circuits/cnf/miter_mult_12bit.cnf'
c after reading 100117 bytes 0.1 MB
c 
c --- [ options ] ------------------------------------------------------------
c 
c   --arena=true                   (same as default 'true')
c   --arenacompact=true            (same as default 'true')
c   --arenasort=true               (same as default 'true')
c   --arenatype=3                  (same as default '3')
c   --backbone=1                   (same as default '1')
c   --backboneeffort=20            (same as default '20')
c   --backbonemaxrounds=1000       (same as default '1e3')
c   --backbonerounds=100           (same as default '100')
c   --backbonethresh=5             (same as default '5')
c   --binary=true                  (same as default 'true')
c   --block=false                  (same as default 'false')
c   --blockmaxclslim=100000        (same as default '1e5')
c   --blockminclslim=2             (same as default '2')
c   --blockocclim=100              (same as default '1e2')
c   --bump=true                    (same as default 'true')
c   --bumpreason=true              (same as default 'true')
c   --bumpreasondepth=1            (same as default '1')
c   --bumpreasonlimit=10           (same as default '10')
c   --bumpreasonrate=100           (same as default '100')
c   --check=false                  (same as default 'false')
c   --checkassumptions=true        (same as default 'true')
c   --checkconstraint=true         (same as default 'true')
c   --checkfailed=true             (same as default 'true')
c   --checkfrozen=false            (same as default 'false')
c   --checkproof=3                 (same as default '3')
c   --checkwitness=true            (same as default 'true')
c   --chrono=1                     (same as default '1')
c   --chronoalways=false           (same as default 'false')
c   --chronolevelim=100            (same as default '1e2')
c   --chronoreusetrail=true        (same as default 'true')
c   --compact=true                 (same as default 'true')
c   --compactint=2000              (same as default '2e3')
c   --compactlim=100               (same as default '1e2')
c   --compactmin=100               (same as default '1e2')
c   --condition=false              (same as default 'false')
c   --conditioneffort=100          (same as default '100')
c   --conditionint=10000           (same as default '1e4')
c   --conditionmaxeff=10000000     (same as default '1e7')
c   --conditionmaxrat=100          (same as default '100')
c   --conditionmineff=0            (same as default '0')
c   --congruence=true              (same as default 'true')
c   --congruenceand=true           (same as default 'true')
c   --congruenceandarity=1000000   (same as default '1e6')
c   --congruencebinaries=true      (same as default 'true')
c   --congruenceite=true           (same as default 'true')
c   --congruencexor=true           (same as default 'true')
c   --congruencexorarity=4         (same as default '4')
c   --congruencexorcounts=1        (same as default '1')
c   --cover=false                  (same as default 'false')
c   --covereffort=4                (same as default '4')
c   --covermaxclslim=100000        (same as default '1e5')
c   --covermaxeff=100000000        (same as default '1e8')
c   --coverminclslim=2             (same as default '2')
c   --covermineff=0                (same as default '0')
c   --decompose=true               (same as default 'true')
c   --decomposerounds=2            (same as default '2')
c   --deduplicate=true             (same as default 'true')
c   --deduplicateallinit=false     (same as default 'false')
c   --eagersubsume=true            (same as default 'true')
c   --eagersubsumelim=20           (same as default '20')
c   --elim=true                    (same as default 'true')
c   --elimands=true                (same as default 'true')
c   --elimbackward=true            (same as default 'true')
c   --elimboundmax=16              (same as default '16')
c   --elimboundmin=0               (same as default '0')
c   --elimclslim=100               (same as default '1e2')
c   --elimdef=false                (same as default 'false')
c   --elimdefcores=1               (same as default '1')
c   --elimdefticks=200000          (same as default '2e5')
c   --elimeffort=1000              (same as default '1e3')
c   --elimequivs=true              (same as default 'true')
c   --elimint=2000                 (same as default '2e3')
c   --elimites=true                (same as default 'true')
c   --elimlimited=true             (same as default 'true')
c   --elimmaxeff=2000000000        (same as default '2e9')
c   --elimmineff=10000000          (same as default '1e7')
c   --elimocclim=100               (same as default '1e2')
c   --elimprod=1                   (same as default '1')
c   --elimrounds=2                 (same as default '2')
c   --elimsubst=true               (same as default 'true')
c   --elimsum=1                    (same as default '1')
c   --elimxorlim=5                 (same as default '5')
c   --elimxors=true                (same as default 'true')
c   --emadecisions=100000          (same as default '1e5')
c   --emagluefast=33               (same as default '33')
c   --emaglueslow=100000           (same as default '1e5')
c   --emajump=100000               (same as default '1e5')
c   --emalevel=100000              (same as default '1e5')
c   --emasize=100000               (same as default '1e5')
c   --ematrailfast=100             (same as default '1e2')
c   --ematrailslow=100000          (same as default '1e5')
c   --exteagerreasons=true         (same as default 'true')
c   --exteagerrecalc=true          (same as default 'true')
c   --externallrat=false           (same as default 'false')
c   --factor=true                  (same as default 'true')
c   --factorcandrounds=2           (same as default '2')
c   --factorcheck=1                (same as default '1')
c   --factordelay=4                (same as default '4')
c   --factoreffort=50              (same as default '50')
c   --factoriniticks=300           (same as default '300')
c   --factorsize=5                 (same as default '5')
c   --factorthresh=7               (same as default '7')
c   --factorunbump=true            (same as default 'true')
c   --fastelim=true                (same as default 'true')
c   --fastelimbound=8              (same as default '8')
c   --fastelimclslim=100           (same as default '1e2')
c   --fastelimocclim=100           (same as default '100')
c   --fastelimrounds=4             (same as default '4')
c   --flush=false                  (same as default 'false')
c   --flushfactor=3                (same as default '3')
c   --flushint=100000              (same as default '1e5')
c   --forcephase=false             (same as default 'false')
c   --frat=0                       (same as default '0')
c   --idrup=false                  (same as default 'false')
c   --ilb=0                        (same as default '0')
c   --incdecay=1                   (same as default '1')
c   --incdecayint=1000000          (same as default '1e6')
c   --inprobeint=100               (same as default '100')
c   --inprobing=true               (same as default 'true')
c   --inprocessing=true            (same as default 'true')
c   --instantiate=false            (same as default 'false')
c   --instantiateclslim=3          (same as default '3')
c   --instantiateocclim=1          (same as default '1')
c   --instantiateonce=true         (same as default 'true')
c   --lidrup=false                 (same as default 'false')
c   --lrat=false                   (same as default 'false')
c   --lucky=true                   (same as default 'true')
c   --luckyassumptions=true        (same as default 'true')
c   --luckyearly=true              (same as default 'true')
c   --luckylate=true               (same as default 'true')
c   --minimize=true                (same as default 'true')
c   --minimizedepth=1000           (same as default '1e3')
c   --minimizeticks=true           (same as default 'true')
c   --otfs=true                    (same as default 'true')
c   --phase=true                   (same as default 'true')
c   --preprocessinit=2000000       (same as default '2e6')
c   --preprocesslight=true         (same as default 'true')
c   --probe=true                   (same as default 'true')
c   --probeeffort=8                (same as default '8')
c   --probehbr=true                (same as default 'true')
c   --probethresh=0                (same as default '0')
c   --profile=2                    (same as default '2')
c   --quiet=false                  (same as default 'false')
c   --radixsortlim=32              (same as default '32')
c   --randec=false                 (same as default 'false')
c   --randecfocused=true           (same as default 'true')
c   --randecinit=1000              (same as default '1e3')
c   --randecint=500                (same as default '500')
c   --randeclength=10              (same as default '10')
c   --randecstable=false           (same as default 'false')
c   --realtime=false               (same as default 'false')
c   --recomputetier=true           (same as default 'true')
c   --reduce=true                  (same as default 'true')
c   --reduceinit=300               (same as default '300')
c   --reduceint=25                 (same as default '25')
c   --reduceopt=1                  (same as default '1')
c   --reducetarget=75              (same as default '75')
c   --reducetier1glue=2            (same as default '2')
c   --reducetier2glue=6            (same as default '6')
c   --reluctant=true               (same as default 'true')
c   --reluctantint=1024            (same as default '1024')
c   --reluctantmax=1048576         (same as default '1048576')
c   --rephase=1                    (same as default '1')
c   --rephaseint=1000              (same as default '1e3')
c   --report=true                  (same as default 'true')
c   --reportall=false              (same as default 'false')
c   --reportsolve=false            (same as default 'false')
c   --restart=true                 (same as default 'true')
c   --restartint=2                 (same as default '2')
c   --restartmarginfocused=10      (same as default '10')
c   --restartmarginstable=25       (same as default '25')
c   --restartreusetrail=true       (same as default 'true')
c   --restoreall=0                 (same as default '0')
c   --restoreflush=false           (same as default 'false')
c   --reverse=false                (same as default 'false')
c   --score=true                   (same as default 'true')
c   --scorefactor=950              (same as default '950')
c   --seed=0                       (same as default '0')
c   --shrink=3                     (same as default '3')
c   --shrinkreap=true              (same as default 'true')
c   --shuffle=false                (same as default 'false')
c   --shufflequeue=true            (same as default 'true')
c   --shufflerandom=false          (same as default 'false')
c   --shufflescores=true           (same as default 'true')
c   --stabilize=true               (same as default 'true')
c   --stabilizeinit=1000           (same as default '1e3')
c   --stabilizeonly=false          (same as default 'false')
c   --stats=false                  (same as default 'false')
c   --stubbornIOfocused=false      (same as default 'false')
c   --subsume=true                 (same as default 'true')
c   --subsumebinlim=10000          (same as default '1e4')
c   --subsumeclslim=100            (same as default '1e2')
c   --subsumeeffort=1000           (same as default '1e3')
c   --subsumelimited=true          (same as default 'true')
c   --subsumemaxeff=100000000      (same as default '1e8')
c   --subsumemineff=0              (same as default '0')
c   --subsumeocclim=100            (same as default '1e2')
c   --subsumestr=true              (same as default 'true')
c   --sweep=true                   (same as default 'true')
c   --sweepclauses=1024            (same as default '1024')
c   --sweepcomplete=false          (same as default 'false')
c   --sweepcountbinary=true        (same as default 'true')
c   --sweepdepth=2                 (same as default '2')
c   --sweepeffort=100              (same as default '1e2')
c   --sweepfliprounds=1            (same as default '1')
c   --sweepmaxclauses=300000       (same as default '3e5')
c   --sweepmaxdepth=3              (same as default '3')
c   --sweepmaxvars=8192            (same as default '8192')
c   --sweeprand=false              (same as default 'false')
c   --sweepthresh=5                (same as default '5')
c   --sweepvars=256                (same as default '256')
c   --target=1                     (same as default '1')
c   --terminateint=10              (same as default '10')
c   --ternary=true                 (same as default 'true')
c   --ternaryeffort=8              (same as default '8')
c   --ternarymaxadd=1000           (same as default '1e3')
c   --ternaryocclim=100            (same as default '1e2')
c   --ternaryrounds=2              (same as default '2')
c   --ternarythresh=6              (same as default '6')
c   --tier1limit=50                (same as default '50')
c   --tier1minglue=0               (same as default '0')
c   --tier2limit=90                (same as default '90')
c   --tier2minglue=0               (same as default '0')
c   --transred=true                (same as default 'true')
c   --transredeffort=100           (same as default '1e2')
c   --transredmaxeff=100000000     (same as default '1e8')
c   --transredmineff=0             (same as default '0')
c   --verbose=1                    (different from default '0')
c   --veripb=0                     (same as default '0')
c   --vivify=true                  (same as default 'true')
c   --vivifycalctier=false         (same as default 'false')
c   --vivifydemote=false           (same as default 'false')
c   --vivifyeffort=50              (same as default '50')
c   --vivifyflush=true             (same as default 'true')
c   --vivifyinst=true              (same as default 'true')
c   --vivifyirred=true             (same as default 'true')
c   --vivifyirredeff=3             (same as default '3')
c   --vivifyonce=0                 (same as default '0')
c   --vivifyretry=0                (same as default '0')
c   --vivifyschedmax=5000          (same as default '5e3')
c   --vivifythresh=20              (same as default '20')
c   --vivifytier1=true             (same as default 'true')
c   --vivifytier1eff=4             (same as default '4')
c   --vivifytier2=true             (same as default 'true')
c   --vivifytier2eff=2             (same as default '2')
c   --vivifytier3=true             (same as default 'true')
c   --vivifytier3eff=1             (same as default '1')
c   --walk=true                    (same as default 'true')
c   --walkeffort=80                (same as default '80')
c   --walkfullocc=false            (same as default 'false')
c   --walkmaxeff=10000000          (same as default '1e7')
c   --walkmineff=0                 (same as default '0')
c   --walknonstable=true           (same as default 'true')
c   --walkredundant=false          (same as default 'false')
c   --warmup=true                  (same as default 'true')
c 
c --- [ solving ] ------------------------------------------------------------
c 
c time measured in process time since initialization
c 
c  seconds  reduction conflicts       size tier2     variables
c         MB    restarts   redundant    glue  trail       remaining
c          level     rate       size/glu tier1 irredundant
c 
c *  0.00  5  0 0   0  0    0    0 0.0 0 0 2 6  0% 6183 1628 100%
c l  0.00  6  0 0   0  0    0    0 0.0 0 0 2 6  0% 6183 1628 100%
c (  0.00  6  0 0   0  0    0    0 0.0 0 0 2 6  0% 6183 1628 100%
c .  0.00  6  0 0   0  0    0    0 0.0 0 0 2 6  0% 6179 1628 100%
c c  0.00  7  0 0   0  0    0    0 0.0 0 0 2 6  0% 6279 1628 100%
c d  0.01  7  0 0   0  0    0    0 0.0 0 0 2 6  0% 6049 1564 96%
c d  0.01  7  0 0   0  0    0    0 0.0 0 0 2 6  0% 6049 1564 96%
c k  0.01  7  0 0   0  0    0    0 0.0 0 0 2 6  0% 6049 1564 96%
c =  0.01  7  0 0   0  0    0    0 0.0 0 0 2 6  0% 6043 1561 96%
c d  0.01  7  0 0   0  0    0    0 0.0 0 0 2 6  0% 6043 1561 96%
c 2  0.01  7  0 0   0  0    0    0 0.0 0 0 2 6  0% 6043 1561 96%
c f  0.01  7  0 0   0  0    0    0 0.0 0 0 2 6  0% 5979 1618 99%
c e  0.01  7  0 0   0  0    0    0 0.0 0 0 2 6  0% 5349 1114 68%
c s  0.01  7  0 0   0  0    0    0 0.0 0 0 2 6  0% 5349 1114 68%
c P  0.02  7  0 0   0  0    0    0 0.0 0 0 2 6  0% 5349 1114 68%
c )  0.02  7  0 0   0  0    0    0 0.0 0 0 2 6  0% 5349 1114 68%
c l  0.02  7  0 0   0  0    0    0 0.0 0 0 2 6  0% 5349 1114 68%
c {  0.02  7  0 0   0  0    0    0 0.0 0 0 2 6  0% 5349 1114 68%
c .  0.03  7 21 1   0  1  300  226 2.6 40 15 2 6 59% 5349 1114 68%
c G  0.03  7 21 1   0  1  300   83 2.6 40 15 2 6 59% 5349 1114 68%
c 
c  seconds  reduction conflicts       size   tier2     variables
c         MB    restarts   redundant     glue   trail       remaining
c          level     rate       size/glue  tier1 irredundant
c 
c C  0.03  7 21 1   0  1  300   83 2.6 40 15 2 6 59% 5349 1114 68%
c -  0.03  7 21 1   0  1  300   83 2.6 40 15 2 6 59% 5349 1114 68%
c .  0.05  7 20 2  15  1  736  368 2.4 35 15 2 6 56% 5349 1114 68%
c G  0.05  7 20 2  15  1  736  165 2.4 35 15 2 6 56% 5349 1114 68%
c C  0.05  8 20 2  15  1  736  165 2.4 35 15 2 6 56% 5349 1114 68%
c -  0.05  8 20 2  15  1  736  165 2.4 35 15 2 6 56% 5349 1114 68%
c }  0.06  8 20 2  15  1 1001  279 2.1 31 15 2 6 55% 5349 1114 68%
c [  0.06  8  0 2  15  0 1001  279 0.0 0 0 2 6  0% 5349 1114 68%
c ~  0.06  8  0 2  15  0 1001  279 0.0 0 0 2 6  0% 5349 1114 68%
c O  0.06  8 39 2  15 40 1002  280 1.5 6 4 2 6  6% 5349 1114 68%
c i  0.06  8 23 2  15  2 1031  298 2.1 4 2 2 6  4% 5349 1113 68%
c .  0.07  8 120 3  15  2 1414  589 1.7 19 11 2 6 49% 5349 1113 68%
c G  0.07  8 120 3  15  2 1414  262 1.7 19 11 2 6 49% 5345 1113 68%
c C  0.07  8 120 3  15  2 1414  262 1.7 19 11 2 6 49% 5345 1113 68%
c -  0.07  8 120 3  15  2 1414  262 1.7 19 11 2 6 49% 5345 1113 68%
c 2  0.07  8 115 3  15  2 1439  278 1.7 19 11 2 6 49% 5345 1113 68%
c d  0.07  8 115 3  15  2 1439  276 1.7 19 11 2 6 49% 5341 1111 68%
c p  0.07  8 115 3  15  2 1439  362 1.7 19 11 2 6 49% 5341 1111 68%
c c  0.07  8 115 3  15  2 1439  362 1.7 19 11 2 6 49% 5349 1111 68%
c k  0.07  8 115 3  15  2 1439  362 1.7 19 11 2 6 49% 5349 1111 68%
c 
c  seconds   reduction conflicts       size   tier2     variables
c         MB     restarts   redundant     glue   trail       remaining
c           level     rate       size/glue  tier1 irredundant
c 
c 2  0.07  8 115 3  15  2 1439  362 1.7 19 11 2 6 49% 5349 1111 68%
c =  0.08  8 115 3  15  2 1439  362 1.7 19 11 2 6 49% 5349 1111 68%
c u  0.08  8 115 3  15  2 1439  337 1.7 19 11 2 6 49% 5345 1111 68%
c v  0.08  8 115 3  15  2 1439  329 1.7 19 11 2 6 49% 5345 1111 68%
c w  0.08  8 115 3  15  2 1439  328 1.7 19 11 2 6 49% 5345 1111 68%
c x  0.08  8 115 3  15  2 1439  328 1.7 19 11 2 6 49% 5343 1111 68%
c t  0.08  8 115 3  15  2 1439  328 1.7 19 11 2 6 49% 5341 1111 68%
c k  0.08  8 115 3  15  2 1439  328 1.7 19 11 2 6 49% 5341 1111 68%
c 2  0.08  8 115 3  15  2 1439  328 1.7 19 11 2 6 49% 5341 1111 68%
c f  0.08  8 115 3  15  2 1439  326 1.7 19 11 2 6 49% 5334 1120 69%
c .  0.10  8 51 4  16  2 2357 1109 2.2 24 11 2 6 54% 5334 1120 69%
c G  0.10  8 51 4  16  2 2357  452 2.2 24 11 2 6 54% 5334 1120 69%
c C  0.10  8 51 4  16  2 2357  452 2.2 24 11 2 6 54% 5334 1120 69%
c -  0.10  8 51 4  16  2 2357  452 2.2 24 11 2 6 54% 5334 1120 69%
c ~  0.12  8 41 4  16  1 3003  966 2.2 24 11 2 6 54% 5334 1120 69%
c G  0.12  8 41 4  16  1 3003  966 2.2 24 11 2 6 54% 5334 1120 69%
c C  0.12  8 41 4  16  1 3003  966 2.2 24 11 2 6 54% 5334 1120 69%
c I  0.12  8 41 4  16  1 3004  967 2.2 24 11 2 6 86% 5334 1120 69%
c ]  0.12  8 38 4  17  1 3212 1141 2.2 24 11 2 6 76% 5334 1120 69%
c {  0.12  8 20 4  17  1 3212 1141 2.1 31 15 2 6 83% 5334 1120 69%
c 
c  seconds  reduction conflicts       size   tier2     variables
c         MB    restarts   redundant     glue   trail       remaining
c          level     rate       size/glue  tier1 irredundant
c 
c .  0.13  8 20 5  17  1 3570 1456 2.1 29 14 2 6 83% 5334 1120 69%
c G  0.13  8 20 5  17  1 3570  650 2.1 29 14 2 6 83% 5334 1120 69%
c C  0.13  8 20 5  17  1 3570  650 2.1 29 14 2 6 83% 5334 1120 69%
c -  0.13  8 20 5  17  1 3570  650 2.1 29 14 2 6 83% 5334 1120 69%
c s  0.14  8 21 5  38  1 3851  899 2.0 29 14 2 6 82% 5312 1120 69%
c t  0.14  8 21 5  38  1 3851  899 2.0 29 14 2 6 82% 5306 1120 69%
c e  0.14  8 21 5  38  1 3851  572 2.0 29 14 2 6 82% 5221 976 60%
c s  0.14  8 21 5  38  1 3851  569 2.0 29 14 2 6 82% 5166 976 60%
c e  0.14  8 21 5  38  1 3851  556 2.0 29 14 2 6 82% 5164 970 59%
c 2  0.15  8 21 5  38  1 3939  634 2.0 29 14 2 6 81% 5164 970 59%
c d  0.15  8 21 5  38  1 3939  633 2.0 29 14 2 6 81% 5163 969 59%
c d  0.15  8 21 5  38  1 3939  633 2.0 29 14 2 6 81% 5163 969 59%
c p  0.15  8 21 5  38  1 3939  715 2.0 29 14 2 6 81% 5163 969 59%
c k  0.15  8 21 5  38  1 3939  715 2.0 29 14 2 6 81% 5163 969 59%
c 2  0.15  8 21 5  38  1 3939  715 2.0 29 14 2 6 81% 5163 969 59%
c u  0.15  8 21 5  38  1 3939  671 2.0 29 14 2 6 81% 5163 969 59%
c v  0.15  8 21 5  38  1 3939  629 2.0 29 14 2 6 81% 5163 969 59%
c w  0.15  8 21 5  38  1 3939  628 2.0 29 14 2 6 81% 5163 969 59%
c t  0.15  8 21 5  38  1 3939  628 2.0 29 14 2 6 81% 5161 969 59%
c k  0.15  8 21 5  38  1 3939  628 2.0 29 14 2 6 81% 5161 969 59%
c 
c  seconds  reduction conflicts       size   tier2     variables
c         MB    restarts   redundant     glue   trail      remaining
c          level     rate       size/glue  tier1 irredundant
c 
c 2  0.15  8 21 5  38  1 3939  628 2.0 29 14 2 6 81% 5161 969 59%
c f  0.15  8 21 5  38  1 3939  626 2.0 29 14 2 6 77% 5092 1026 63%
c .  0.18  8 22 6  60  1 5064 1650 2.1 28 14 4 12 72% 5092 1026 63%
c G  0.18  8 22 6  60  1 5064 1011 2.1 28 14 4 12 72% 5092 1026 63%
c C  0.18  8 22 6  60  1 5064 1011 2.1 28 14 4 12 72% 5092 1026 63%
c -  0.18  8 22 6  60  1 5064 1011 2.1 28 14 4 12 72% 5092 1026 63%
c ~  0.21  8 22 6  66  1 6009 1916 2.4 31 13 4 11 72% 5092 1026 63%
c O  0.21  8 22 6  66  1 6010 1917 2.4 31 13 4 11 72% 5092 1026 63%
c 2  0.23  8 22 6  93  1 6542 2355 2.4 31 13 4 12 69% 5092 1026 63%
c d  0.23  8 22 6  93  1 6542 2355 2.4 31 13 4 12 69% 5092 1026 63%
c p  0.23  8 22 6  93  1 6542 2365 2.4 31 13 4 12 69% 5092 1026 63%
c c  0.23  8 22 6  93  1 6542 2365 2.4 31 13 4 12 69% 5092 1026 63%
c k  0.23  8 22 6  93  1 6542 2365 2.4 31 13 4 12 69% 5092 1026 63%
c 2  0.23  8 22 6  93  1 6542 2365 2.4 31 13 4 12 69% 5092 1026 63%
c =  0.23  8 22 6  93  1 6542 2365 2.4 31 13 4 12 69% 5090 1024 63%
c d  0.23  8 22 6  93  1 6542 2365 2.4 31 13 4 12 69% 5090 1024 63%
c u  0.23  8 22 6  93  1 6542 2322 2.4 31 13 4 12 69% 5090 1024 63%
c v  0.24  8 22 6  93  1 6542 2316 2.4 31 13 4 12 69% 5090 1024 63%
c w  0.24  8 22 6  93  1 6542 2316 2.4 31 13 4 12 69% 5090 1024 63%
c x  0.24  8 22 6  93  1 6542 2316 2.4 31 13 4 12 69% 5079 1024 63%
c 
c  seconds  reduction conflicts       size   tier2      variables
c         MB    restarts   redundant     glue    trail       remaining
c          level     rate       size/glue  tier1  irredundant
c 
c t  0.24  8 22 6  93  1 6542 2316 2.4 31 13 4 12 69% 5079 1024 63%
c k  0.24  8 22 6  93  1 6542 2316 2.4 31 13 4 12 69% 5079 1024 63%
c 2  0.24  8 22 6  93  1 6542 2316 2.4 31 13 4 12 69% 5079 1024 63%
c f  0.24  8 22 6  93  1 6542 2315 2.4 31 13 4 12 64% 4976 1109 68%
c .  0.25  8 22 7 129  2 6845 2582 2.4 31 13 4 12 64% 4976 1109 68%
c G  0.25  8 22 7 129  2 6845 1871 2.4 31 13 4 12 64% 4976 1109 68%
c C  0.25  8 22 7 129  2 6845 1871 2.4 31 13 4 12 64% 4976 1109 68%
c -  0.25  8 22 7 129  2 6845 1871 2.4 31 13 4 12 64% 4976 1109 68%
c G  0.32  8 22 7 131  1 8714 3467 2.6 32 12 4 11 68% 4976 1109 68%
c C  0.32  9 22 7 131  1 8714 3467 2.6 32 12 4 11 68% 4976 1109 68%
c .  0.33  9 22 8 140  1 8914 3647 2.6 32 12 4 11 69% 4976 1109 68%
c G  0.33  9 22 8 140  1 8914 2656 2.6 32 12 4 11 69% 4976 1109 68%
c C  0.33  8 22 8 140  1 8914 2656 2.6 32 12 4 11 69% 4976 1109 68%
c -  0.33  8 22 8 140  1 8914 2656 2.6 32 12 4 11 69% 4976 1109 68%
c }  0.34  8 22 8 140  1 8947 2686 2.6 32 12 4 11 70% 4976 1109 68%
c [  0.34  8 38 8 140  1 8947 2686 2.2 24 11 2 6 77% 4976 1109 68%
c 2  0.35  8 35 8 140  1 9240 2954 2.3 24 10 5 12 77% 4976 1109 68%
c d  0.35  8 35 8 140  1 9240 2954 2.3 24 10 5 12 77% 4976 1109 68%
c p  0.35  8 35 8 140  1 9240 3107 2.3 24 10 5 12 77% 4976 1109 68%
c k  0.35  8 35 8 140  1 9240 3107 2.3 24 10 5 12 77% 4976 1109 68%
c 
c  seconds  reduction conflicts       size   tier2      variables
c         MB    restarts   redundant     glue    trail       remaining
c          level     rate       size/glue  tier1  irredundant
c 
c 2  0.35  8 35 8 140  1 9240 3107 2.3 24 10 5 12 77% 4976 1109 68%
c =  0.36  8 35 8 140  1 9240 3106 2.3 24 10 5 12 77% 4974 1107 68%
c d  0.36  8 35 8 140  1 9240 3106 2.3 24 10 5 12 77% 4974 1107 68%
c u  0.36  8 35 8 140  1 9240 2993 2.3 24 10 5 12 77% 4972 1107 68%
c v  0.36  8 35 8 140  1 9240 2974 2.3 24 10 5 12 77% 4972 1107 68%
c w  0.37  8 35 8 140  1 9240 2969 2.3 24 10 5 12 77% 4972 1107 68%
c t  0.37  8 35 8 140  1 9240 2969 2.3 24 10 5 12 77% 4972 1107 68%
c k  0.37  8 35 8 140  1 9240 2969 2.3 24 10 5 12 77% 4972 1107 68%
c 2  0.37  8 35 8 140  1 9240 2969 2.3 24 10 5 12 77% 4972 1107 68%
c f  0.37  8 35 8 140  1 9240 2965 2.3 24 10 5 12 77% 4973 1110 68%
c ~  0.40  8 34 8 140  1 10011 3632 2.2 26 12 5 12 87% 4973 1110 68%
c B  0.40  8 34 8 140  1 10012 3633 2.2 26 12 5 12 87% 4973 1110 68%
c .  0.46  8 29 9 141  1 11276 4293 2.0 26 13 5 12 88% 4973 1110 68%
c G  0.46  8 29 9 141  1 11276 2792 2.0 26 13 5 12 88% 4973 1110 68%
c C  0.47  9 29 9 141  1 11276 2792 2.0 26 13 5 12 88% 4973 1110 68%
c -  0.47  9 29 9 141  1 11276 2792 2.0 26 13 5 12 88% 4973 1110 68%
c 2  0.50  9 28 9 142  1 12025 3221 2.0 27 13 5 12 89% 4973 1110 68%
c d  0.50  9 28 9 142  1 12025 3221 2.0 27 13 5 12 89% 4973 1110 68%
c p  0.50  9 28 9 142  1 12025 3302 2.0 27 13 5 12 89% 4973 1110 68%
c k  0.50  9 28 9 142  1 12025 3302 2.0 27 13 5 12 89% 4973 1110 68%
c 
c  seconds  reductions conflicts       size   tier2      variables
c         MB    restarts    redundant     glue    trail       remaining
c          level     rate        size/glue  tier1  irredundant
c 
c 2  0.50  9 28 9 142  1 12025 3302 2.0 27 13 5 12 89% 4973 1110 68%
c =  0.51  9 28 9 142  1 12025 3302 2.0 27 13 5 12 89% 4973 1110 68%
c u  0.51  9 28 9 142  1 12025 3195 2.0 27 13 5 12 89% 4973 1110 68%
c v  0.52  9 28 9 142  1 12025 3169 2.0 27 13 5 12 89% 4973 1110 68%
c w  0.52  9 28 9 142  1 12025 3164 2.0 27 13 5 12 89% 4973 1110 68%
c t  0.52  9 28 9 142  1 12025 3164 2.0 27 13 5 12 89% 4973 1110 68%
c k  0.52  9 28 9 142  1 12025 3164 2.0 27 13 5 12 89% 4973 1110 68%
c 2  0.52  9 28 9 142  1 12025 3164 2.0 27 13 5 12 89% 4973 1110 68%
c f  0.52  9 28 9 142  1 12025 3164 2.0 27 13 5 12 89% 4973 1110 68%
c ]  0.56  9 26 9 143  1 13121 3916 2.1 28 14 5 12 90% 4973 1110 68%
c {  0.56  9 22 9 143  1 13121 3916 2.6 32 12 4 11 70% 4973 1110 68%
c s  0.57  9 22 9 150  1 13503 4227 2.6 31 12 3 6 71% 4968 1110 68%
c t  0.57  9 22 9 150  1 13503 4227 2.6 31 12 3 6 71% 4968 1110 68%
c e  0.58  9 22 9 150  1 13503 3677 2.6 31 12 3 6 71% 4957 1053 65%
c s  0.58  9 22 9 150  1 13503 3668 2.6 31 12 3 6 71% 4948 1053 65%
c e  0.58  9 22 9 150  1 13503 3660 2.6 31 12 3 6 71% 4945 1051 64%
c .  0.60  9 22 10 162  1 13931 4056 2.5 31 12 3 6 67% 4945 1051 64%
c G  0.60  9 22 10 162  1 13931 2009 2.5 31 12 3 6 67% 4945 1051 64%
c C  0.60  9 22 10 162  1 13931 2009 2.5 31 12 3 6 67% 4945 1051 64%
c -  0.60  9 22 10 162  1 13931 2009 2.5 31 12 3 6 67% 4945 1051 64%
c 
c  seconds  reductions  conflicts       size   tier2     variables
c         MB     restarts    redundant     glue   trail       remaining
c          level      rate        size/glue  tier1 irredundant
c 
c 2  0.64  9 22 10 208  2 14890 2904 2.5 30 12 3 6 68% 4945 1051 64%
c d  0.64  9 22 10 208  2 14890 2904 2.5 30 12 3 6 68% 4945 1051 64%
c p  0.64  9 22 10 208  2 14890 2958 2.5 30 12 3 6 68% 4945 1051 64%
c c  0.64  9 22 10 208  2 14890 2958 2.5 30 12 3 6 68% 4945 1051 64%
c k  0.64  9 22 10 208  2 14890 2958 2.5 30 12 3 6 68% 4945 1051 64%
c 2  0.64  9 22 10 208  2 14890 2958 2.5 30 12 3 6 68% 4945 1051 64%
c u  0.64  9 22 10 208  2 14890 2924 2.5 30 12 3 6 68% 4945 1051 64%
c v  0.64  9 22 10 208  2 14890 2922 2.5 30 12 3 6 68% 4945 1051 64%
c w  0.64  9 22 10 208  2 14890 2922 2.5 30 12 3 6 68% 4945 1051 64%
c x  0.64  9 22 10 208  2 14890 2922 2.5 30 12 3 6 68% 4942 1051 64%
c t  0.64  9 22 10 208  2 14890 2922 2.5 30 12 3 6 68% 4941 1051 64%
c k  0.64  9 22 10 208  2 14890 2922 2.5 30 12 3 6 68% 4941 1051 64%
c 2  0.64  9 22 10 208  2 14890 2922 2.5 30 12 3 6 68% 4941 1051 64%
c f  0.64  9 22 10 208  2 14890 2921 2.5 30 12 3 6 67% 4935 1058 65%
c ~  0.65  9 22 10 221  2 15015 3044 2.6 31 12 3 6 68% 4935 1058 65%
c #  0.65  9 22 10 221  2 15016 3045 2.6 31 12 3 6 68% 4935 1058 65%
c .  0.76  9 21 11 257  2 16881 4776 2.8 32 11 3 6 75% 4935 1058 65%
c G  0.76  9 21 11 257  2 16881 2910 2.8 32 11 3 6 75% 4935 1058 65%
c C  0.76  9 21 11 257  2 16881 2910 2.8 32 11 3 6 75% 4935 1058 65%
c -  0.76  9 21 11 257  2 16881 2910 2.8 32 11 3 6 75% 4935 1058 65%
c 
c  seconds  reductions  conflicts       size   tier2     variables
c         MB     restarts    redundant     glue   trail       remaining
c          level      rate        size/glue  tier1 irredundant
c 
c 2  0.81  9 21 11 397  2 17831 3735 2.8 32 11 3 6 76% 4935 1058 65%
c d  0.81  9 21 11 397  2 17831 3735 2.8 32 11 3 6 76% 4935 1058 65%
c p  0.81  9 21 11 397  2 17831 3839 2.8 32 11 3 6 76% 4935 1058 65%
c k  0.81  9 21 11 397  2 17831 3839 2.8 32 11 3 6 76% 4935 1058 65%
c 2  0.81  9 21 11 397  2 17831 3839 2.8 32 11 3 6 76% 4935 1058 65%
c =  0.82  9 21 11 397  2 17831 3839 2.8 32 11 3 6 76% 4934 1057 65%
c d  0.82  9 21 11 397  2 17831 3839 2.8 32 11 3 6 76% 4934 1057 65%
c u  0.83  9 21 11 397  2 17831 3760 2.8 32 11 3 6 76% 4934 1057 65%
c v  0.83  9 21 11 397  2 17831 3753 2.8 32 11 3 6 76% 4934 1057 65%
c w  0.83  9 21 11 397  2 17831 3753 2.8 32 11 3 6 76% 4934 1057 65%
c t  0.83  9 21 11 397  2 17831 3753 2.8 32 11 3 6 76% 4934 1057 65%
c k  0.83  9 21 11 397  2 17831 3753 2.8 32 11 3 6 76% 4934 1057 65%
c 2  0.83  9 21 11 397  2 17831 3752 2.8 32 11 3 6 76% 4934 1057 65%
c f  0.83  9 21 11 397  2 17831 3752 2.8 32 11 3 6 76% 4934 1057 65%
c .  0.94  9 21 12 483  2 20131 5849 2.8 32 11 3 6 75% 4934 1057 65%
c G  0.94  9 21 12 483  2 20131 3600 2.8 32 11 3 6 75% 4934 1057 65%
c C  0.94  9 21 12 483  2 20131 3600 2.8 32 11 3 6 75% 4934 1057 65%
c -  0.94  9 21 12 483  2 20131 3600 2.8 32 11 3 6 75% 4934 1057 65%
c 2  0.96  9 21 12 483  2 20842 4274 2.8 32 11 3 6 73% 4934 1057 65%
c d  0.96  9 21 12 483  2 20842 4274 2.8 32 11 3 6 73% 4934 1057 65%
c 
c  seconds  reductions  conflicts       size   tier2     variables
c         MB     restarts    redundant     glue   trail       remaining
c          level      rate        size/glue  tier1 irredundant
c 
c p  0.96  9 21 12 483  2 20842 4326 2.8 32 11 3 6 73% 4934 1057 65%
c k  0.96  9 21 12 483  2 20842 4326 2.8 32 11 3 6 73% 4934 1057 65%
c 2  0.96  9 21 12 483  2 20842 4326 2.8 32 11 3 6 73% 4934 1057 65%
c =  0.97  9 21 12 483  2 20842 4326 2.8 32 11 3 6 73% 4934 1057 65%
c u  0.98  9 21 12 483  2 20842 4252 2.8 32 11 3 6 73% 4934 1057 65%
c v  0.98  9 21 12 483  2 20842 4238 2.8 32 11 3 6 73% 4934 1057 65%
c w  0.98  9 21 12 483  2 20842 4238 2.8 32 11 3 6 73% 4934 1057 65%
c t  0.98  9 21 12 483  2 20842 4238 2.8 32 11 3 6 73% 4934 1057 65%
c k  0.98  9 21 12 483  2 20842 4238 2.8 32 11 3 6 73% 4934 1057 65%
c 2  0.98  9 21 12 483  2 20842 4238 2.8 32 11 3 6 73% 4934 1057 65%
c f  0.98  9 21 12 483  2 20842 4238 2.8 32 11 3 6 73% 4934 1057 65%
c ~  0.99  9 21 12 498  2 21016 4402 2.8 32 11 3 6 73% 4934 1057 65%
c B  0.99  9 21 12 498  2 21017 4403 2.8 32 11 3 6 73% 4934 1057 65%
c }  1.02  9 21 12 630  2 21549 4784 2.8 32 11 2 3 74% 4934 1057 65%
c [  1.02  9 26 12 630  1 21549 4784 2.1 28 14 5 12 89% 4934 1057 65%
c .  1.15  9 24 13 631  1 23679 6377 2.2 30 14 5 12 89% 4934 1057 65%
c G  1.15  9 24 13 631  1 23679 2932 2.2 30 14 5 12 89% 4934 1057 65%
c C  1.15  9 24 13 631  1 23679 2932 2.2 30 14 5 12 89% 4934 1057 65%
c -  1.15  9 24 13 631  1 23679 2932 2.2 30 14 5 12 89% 4934 1057 65%
c 2  1.16  9 24 13 631  1 23919 3124 2.2 30 14 5 12 89% 4934 1057 65%
c 
c  seconds  reductions  conflicts       size   tier2      variables
c         MB     restarts    redundant     glue    trail       remaining
c          level      rate        size/glue  tier1  irredundant
c 
c d  1.16  9 24 13 631  1 23919 3124 2.2 30 14 5 12 89% 4934 1057 65%
c p  1.16  9 24 13 631  1 23919 3203 2.2 30 14 5 12 89% 4934 1057 65%
c k  1.16  9 24 13 631  1 23919 3203 2.2 30 14 5 12 89% 4934 1057 65%
c 2  1.16  9 24 13 631  1 23919 3203 2.2 30 14 5 12 89% 4934 1057 65%
c u  1.17  9 24 13 631  1 23919 3009 2.2 30 14 5 12 89% 4934 1057 65%
c v  1.17  9 24 13 631  1 23919 2981 2.2 30 14 5 12 89% 4934 1057 65%
c w  1.17  9 24 13 631  1 23919 2972 2.2 30 14 5 12 89% 4934 1057 65%
c t  1.17  9 24 13 631  1 23919 2972 2.2 30 14 5 12 89% 4934 1057 65%
c k  1.17  9 24 13 631  1 23919 2972 2.2 30 14 5 12 89% 4934 1057 65%
c 2  1.17  9 24 13 631  1 23919 2972 2.2 30 14 5 12 89% 4934 1057 65%
c f  1.17  9 24 13 631  1 23919 2972 2.2 30 14 5 12 89% 4934 1057 65%
c s  1.26  9 23 13 631  1 26909 5124 2.1 30 14 5 12 88% 4932 1057 65%
c t  1.26  9 23 13 631  1 26909 5124 2.1 30 14 5 12 88% 4932 1057 65%
c e  1.26  9 23 13 631  1 26909 5087 2.1 30 14 5 12 88% 4931 1054 65%
c s  1.26  9 23 13 631  1 26909 5078 2.1 30 14 5 12 88% 4929 1054 65%
c e  1.26  9 23 13 631  1 26909 5078 2.1 30 14 5 12 88% 4929 1054 65%
c .  1.28  9 23 14 631  1 27525 5586 2.1 30 14 5 12 88% 4929 1054 65%
c G  1.28  9 23 14 631  1 27525 2553 2.1 30 14 5 12 88% 4929 1054 65%
c C  1.28  9 23 14 631  1 27525 2553 2.1 30 14 5 12 88% 4929 1054 65%
c -  1.28  9 23 14 631  1 27525 2553 2.1 30 14 5 12 88% 4929 1054 65%
c 
c  seconds  reductions  conflicts       size   tier2      variables
c         MB     restarts    redundant     glue    trail       remaining
c          level      rate        size/glue  tier1  irredundant
c 
c 2  1.28  9 23 14 631  1 27525 2553 2.1 30 14 5 12 88% 4929 1054 65%
c d  1.28  9 23 14 631  1 27525 2553 2.1 30 14 5 12 88% 4929 1054 65%
c p  1.28  9 23 14 631  1 27525 2578 2.1 30 14 5 12 88% 4929 1054 65%
c c  1.28  9 23 14 631  1 27525 2578 2.1 30 14 5 12 88% 4929 1054 65%
c k  1.28  9 23 14 631  1 27525 2578 2.1 30 14 5 12 88% 4929 1054 65%
c 2  1.28  9 23 14 631  1 27525 2578 2.1 30 14 5 12 88% 4929 1054 65%
c =  1.29  9 23 14 631  1 27525 2578 2.1 30 14 5 12 88% 4929 1054 65%
c u  1.29  9 23 14 631  1 27525 2517 2.1 30 14 5 12 88% 4929 1054 65%
c v  1.29  9 23 14 631  1 27525 2506 2.1 30 14 5 12 88% 4929 1054 65%
c w  1.29  9 23 14 631  1 27525 2506 2.1 30 14 5 12 88% 4929 1054 65%
c x  1.29  9 23 14 631  1 27525 2506 2.1 30 14 5 12 88% 4922 1054 65%
c t  1.29  9 23 14 631  1 27525 2506 2.1 30 14 5 12 88% 4919 1054 65%
c k  1.29  9 23 14 631  1 27525 2506 2.1 30 14 5 12 88% 4919 1054 65%
c 2  1.29  9 23 14 631  1 27525 2506 2.1 30 14 5 12 88% 4919 1054 65%
c f  1.30  9 23 14 631  1 27525 2506 2.1 30 14 5 12 88% 4917 1056 65%
c ~  1.31  9 22 14 632  1 28017 2947 2.1 30 14 5 12 88% 4917 1056 65%
c W  1.34  9 22 14 632  1 28018 2948 2.1 30 14 5 12 88% 4917 1056 65%
c .  1.43  9 21 15 634  1 31672 5630 2.0 29 14 5 12 87% 4917 1056 65%
c G  1.43  9 21 15 634  1 31672 2465 2.0 29 14 5 12 87% 4917 1056 65%
c C  1.44  9 21 15 634  1 31672 2465 2.0 29 14 5 12 87% 4917 1056 65%
c 
c  seconds  reductions  conflicts       size   tier2      variables
c         MB     restarts    redundant     glue    trail       remaining
c          level      rate        size/glue  tier1  irredundant
c 
c -  1.44  9 21 15 634  1 31672 2465 2.0 29 14 5 12 87% 4917 1056 65%
c 2  1.44  9 21 15 634  1 31672 2465 2.0 29 14 5 12 87% 4917 1056 65%
c d  1.44  9 21 15 634  1 31672 2465 2.0 29 14 5 12 87% 4917 1056 65%
c p  1.44  9 21 15 634  1 31672 2517 2.0 29 14 5 12 87% 4917 1056 65%
c k  1.44  9 21 15 634  1 31672 2517 2.0 29 14 5 12 87% 4917 1056 65%
c 2  1.44  9 21 15 634  1 31672 2517 2.0 29 14 5 12 87% 4917 1056 65%
c u  1.44  9 21 15 634  1 31672 2457 2.0 29 14 5 12 87% 4917 1056 65%
c v  1.44  9 21 15 634  1 31672 2434 2.0 29 14 5 12 87% 4917 1056 65%
c w  1.44  9 21 15 634  1 31672 2434 2.0 29 14 5 12 87% 4917 1056 65%
c t  1.44  9 21 15 634  1 31672 2434 2.0 29 14 5 12 87% 4917 1056 65%
c k  1.44  9 21 15 634  1 31672 2434 2.0 29 14 5 12 87% 4917 1056 65%
c 2  1.44  9 21 15 634  1 31672 2434 2.0 29 14 5 12 87% 4917 1056 65%
c f  1.44  9 21 15 634  1 31672 2434 2.0 29 14 5 12 87% 4917 1056 65%
c ]  1.52  9 21 15 637  1 34860 4963 2.0 28 14 5 12 86% 4917 1056 65%
c {  1.52  9 21 15 637  2 34860 4963 2.8 32 11 2 3 74% 4917 1056 65%
c ~  1.57  9 21 15 797  2 36018 5946 2.8 32 11 2 3 73% 4917 1056 65%
c W  1.57  9 21 15 797  2 36019 5947 2.8 32 11 2 3 73% 4917 1056 65%
c .  1.58  9 21 16 822  2 36124 6045 2.8 32 12 2 3 73% 4917 1056 65%
c G  1.58  9 21 16 822  2 36124 2804 2.8 32 12 2 3 73% 4917 1056 65%
c C  1.58  9 21 16 822  2 36124 2804 2.8 32 12 2 3 73% 4917 1056 65%
c 
c  seconds  reductions  conflicts       size   tier2     variables
c         MB     restarts    redundant     glue   trail       remaining
c          level      rate        size/glue  tier1 irredundant
c 
c -  1.58  9 21 16 822  2 36124 2804 2.8 32 12 2 3 73% 4917 1056 65%
c 2  1.58  9 21 16 822  2 36124 2804 2.8 32 12 2 3 73% 4917 1056 65%
c d  1.58  9 21 16 822  2 36124 2804 2.8 32 12 2 3 73% 4917 1056 65%
c p  1.58  9 21 16 822  2 36124 2873 2.8 32 12 2 3 73% 4917 1056 65%
c k  1.58  9 21 16 822  2 36124 2873 2.8 32 12 2 3 73% 4917 1056 65%
c 2  1.58  9 21 16 822  2 36124 2873 2.8 32 12 2 3 73% 4917 1056 65%
c u  1.58  9 21 16 822  2 36124 2827 2.8 32 12 2 3 73% 4917 1056 65%
c v  1.59  9 21 16 822  2 36124 2813 2.8 32 12 2 3 73% 4917 1056 65%
c w  1.59  9 21 16 822  2 36124 2813 2.8 32 12 2 3 73% 4917 1056 65%
c x  1.59  9 21 16 822  2 36124 2813 2.8 32 12 2 3 73% 4864 1056 65%
c t  1.59  9 21 16 822  2 36124 2813 2.8 32 12 2 3 73% 4858 1056 65%
c k  1.59  9 21 16 822  2 36124 2813 2.8 32 12 2 3 73% 4858 1056 65%
c 2  1.59  9 21 16 822  2 36124 2813 2.8 32 12 2 3 73% 4858 1056 65%
c f  1.59  9 21 16 822  2 36124 2813 2.8 32 12 2 3 73% 4858 1056 65%
c .  1.83  9 21 17 1273  2 40875 6963 2.6 31 12 2 3 74% 4858 1056 65%
c G  1.83  9 21 17 1273  2 40875 3531 2.6 31 12 2 3 74% 4858 1056 65%
c C  1.83  9 21 17 1273  2 40875 3531 2.6 31 12 2 3 74% 4858 1056 65%
c -  1.83  9 21 17 1273  2 40875 3531 2.6 31 12 2 3 74% 4858 1056 65%
c 2  1.83  9 21 17 1273  2 40875 3531 2.6 31 12 2 3 74% 4858 1056 65%
c d  1.83  9 21 17 1273  2 40875 3531 2.6 31 12 2 3 74% 4858 1056 65%
c 
c  seconds  reductions   conflicts       size   tier2     variables
c         MB     restarts     redundant     glue   trail       remaining
c          level       rate        size/glue  tier1 irredundant
c 
c p  1.83  9 21 17 1273  2 40875 3595 2.6 31 12 2 3 74% 4858 1056 65%
c k  1.83  9 21 17 1273  2 40875 3595 2.6 31 12 2 3 74% 4858 1056 65%
c 2  1.83  9 21 17 1273  2 40875 3595 2.6 31 12 2 3 74% 4858 1056 65%
c =  1.85  9 21 17 1273  2 40875 3595 2.6 31 12 2 3 74% 4856 1054 65%
c d  1.85  9 21 17 1273  2 40875 3595 2.6 31 12 2 3 74% 4856 1054 65%
c u  1.85  9 21 17 1273  2 40875 3351 2.6 31 12 2 3 74% 4854 1054 65%
c v  1.85  9 21 17 1273  2 40875 3330 2.6 31 12 2 3 74% 4854 1054 65%
c w  1.85  9 21 17 1273  2 40875 3325 2.6 31 12 2 3 74% 4854 1054 65%
c t  1.85  9 21 17 1273  2 40875 3325 2.6 31 12 2 3 74% 4854 1054 65%
c k  1.85  9 21 17 1273  2 40875 3325 2.6 31 12 2 3 74% 4854 1054 65%
c 2  1.85  9 21 17 1273  2 40875 3325 2.6 31 12 2 3 74% 4854 1054 65%
c f  1.85  9 21 17 1273  2 40875 3325 2.6 31 12 2 3 74% 4854 1054 65%
c s  2.11  9 21 17 2147  2 44714 6647 2.6 32 13 2 3 78% 4851 1054 65%
c t  2.11  9 21 17 2147  2 44714 6647 2.6 32 13 2 3 78% 4851 1054 65%
c e  2.11  9 21 17 2147  2 44714 6069 2.6 32 13 2 3 78% 4847 1048 64%
c s  2.12  9 21 17 2147  2 44714 6061 2.6 32 13 2 3 78% 4847 1048 64%
c e  2.12  9 21 17 2147  2 44714 6061 2.6 32 13 2 3 78% 4847 1048 64%
c ~  2.14  9 21 17 2222  2 45020 6334 2.6 32 13 2 3 78% 4847 1048 64%
c F  2.14  9 21 17 2222  2 45021 6335 2.6 32 13 2 3 78% 4847 1048 64%
c .  2.20  9 21 18 2422  2 45929 6724 2.5 32 13 2 3 78% 4847 1048 64%
c 
c  seconds  reductions   conflicts       size   tier2     variables
c         MB     restarts     redundant     glue   trail       remaining
c          level       rate        size/glue  tier1 irredundant
c 
c G  2.20  9 21 18 2422  2 45929 3274 2.5 32 13 2 3 78% 4847 1048 64%
c C  2.20  9 21 18 2422  2 45929 3274 2.5 32 13 2 3 78% 4847 1048 64%
c -  2.20  9 21 18 2422  2 45929 3274 2.5 32 13 2 3 78% 4847 1048 64%
c 2  2.20  9 21 18 2422  2 45929 3274 2.5 32 13 2 3 78% 4847 1048 64%
c d  2.20  9 21 18 2422  2 45929 3274 2.5 32 13 2 3 78% 4847 1048 64%
c p  2.20  9 21 18 2422  2 45929 3337 2.5 32 13 2 3 78% 4847 1048 64%
c k  2.20  9 21 18 2422  2 45929 3337 2.5 32 13 2 3 78% 4847 1048 64%
c 2  2.20  9 21 18 2422  2 45929 3337 2.5 32 13 2 3 78% 4847 1048 64%
c u  2.21  9 21 18 2422  2 45929 3049 2.5 32 13 2 3 78% 4847 1048 64%
c v  2.21  9 21 18 2422  2 45929 3003 2.5 32 13 2 3 78% 4847 1048 64%
c w  2.21  9 21 18 2422  2 45929 2997 2.5 32 13 2 3 78% 4847 1048 64%
c t  2.21  9 21 18 2422  2 45929 2997 2.5 32 13 2 3 78% 4847 1048 64%
c k  2.21  9 21 18 2422  2 45929 2997 2.5 32 13 2 3 78% 4847 1048 64%
c 2  2.21  9 21 18 2422  2 45929 2997 2.5 32 13 2 3 78% 4847 1048 64%
c f  2.21  9 21 18 2422  2 45929 2997 2.5 32 13 2 3 78% 4845 1050 64%
c }  2.33  9 20 18 2462  2 48671 5430 2.6 32 13 2 3 78% 4845 1050 64%
c [  2.33  9 21 18 2462  1 48671 5430 2.0 28 14 5 12 86% 4845 1050 64%
c .  2.44  9 20 19 2463  1 51287 7477 2.0 28 14 5 12 86% 4845 1050 64%
c G  2.44  9 20 19 2463  1 51287 3424 2.0 28 14 5 12 86% 4845 1050 64%
c C  2.44  9 20 19 2463  1 51287 3424 2.0 28 14 5 12 86% 4845 1050 64%
c 
c  seconds  reductions   conflicts       size   tier2      variables
c         MB     restarts     redundant     glue    trail       remaining
c          level       rate        size/glue  tier1  irredundant
c 
c -  2.44  9 20 19 2463  1 51287 3424 2.0 28 14 5 12 86% 4845 1050 64%
c 2  2.44  9 20 19 2463  1 51287 3424 2.0 28 14 5 12 86% 4845 1050 64%
c d  2.44  9 20 19 2463  1 51287 3424 2.0 28 14 5 12 86% 4845 1050 64%
c p  2.44  9 20 19 2463  1 51287 3483 2.0 28 14 5 12 86% 4845 1050 64%
c c  2.44  9 20 19 2463  1 51287 3483 2.0 28 14 5 12 86% 4845 1050 64%
c k  2.44  9 20 19 2463  1 51287 3483 2.0 28 14 5 12 86% 4845 1050 64%
c 2  2.44  9 20 19 2463  1 51287 3483 2.0 28 14 5 12 86% 4845 1050 64%
c =  2.45  9 20 19 2463  1 51287 3483 2.0 28 14 5 12 86% 4845 1050 64%
c u  2.46  9 20 19 2463  1 51287 3326 2.0 28 14 5 12 86% 4845 1050 64%
c v  2.46  9 20 19 2463  1 51287 3314 2.0 28 14 5 12 86% 4845 1050 64%
c w  2.46  9 20 19 2463  1 51287 3313 2.0 28 14 5 12 86% 4845 1050 64%
c x  2.46  9 20 19 2463  1 51287 3313 2.0 28 14 5 12 86% 4806 1050 64%
c t  2.46  9 20 19 2463  1 51287 3313 2.0 28 14 5 12 86% 4806 1050 64%
c k  2.46  9 20 19 2463  1 51287 3313 2.0 28 14 5 12 86% 4806 1050 64%
c 2  2.46  9 20 19 2463  1 51287 3313 2.0 28 14 5 12 86% 4806 1050 64%
c f  2.46  9 20 19 2463  1 51287 3313 2.0 28 14 5 12 86% 4806 1050 64%
c ~  2.61  9 20 19 2464  1 55021 5546 2.0 28 14 5 12 85% 4806 1050 64%
c O  2.61  9 20 19 2464  1 55022 5547 2.0 28 14 5 12 85% 4806 1050 64%
c .  2.70  9 20 20 2464  1 56949 6680 2.0 28 14 5 12 84% 4806 1050 64%
c G  2.70  9 20 20 2464  1 56949 3210 2.0 28 14 5 12 84% 4806 1050 64%
c 
c  seconds  reductions   conflicts       size   tier2      variables
c         MB     restarts     redundant     glue    trail       remaining
c          level       rate        size/glue  tier1  irredundant
c 
c C  2.70  9 20 20 2464  1 56949 3210 2.0 28 14 5 12 84% 4806 1050 64%
c -  2.70  9 20 20 2464  1 56949 3210 2.0 28 14 5 12 84% 4806 1050 64%
c 2  2.70  9 20 20 2464  1 56949 3210 2.0 28 14 5 12 84% 4806 1050 64%
c d  2.70  9 20 20 2464  1 56949 3210 2.0 28 14 5 12 84% 4806 1050 64%
c p  2.70  9 20 20 2464  1 56949 3265 2.0 28 14 5 12 84% 4806 1050 64%
c k  2.70  9 20 20 2464  1 56949 3265 2.0 28 14 5 12 84% 4806 1050 64%
c 2  2.70  9 20 20 2464  1 56949 3265 2.0 28 14 5 12 84% 4806 1050 64%
c u  2.71  9 20 20 2464  1 56949 3172 2.0 28 14 5 12 84% 4806 1050 64%
c v  2.71  9 20 20 2464  1 56949 3156 2.0 28 14 5 12 84% 4806 1050 64%
c w  2.71  9 20 20 2464  1 56949 3154 2.0 28 14 5 12 84% 4806 1050 64%
c t  2.71  9 20 20 2464  1 56949 3153 2.0 28 14 5 12 84% 4806 1050 64%
c k  2.71  9 20 20 2464  1 56949 3153 2.0 28 14 5 12 84% 4806 1050 64%
c 2  2.71  9 20 20 2464  1 56949 3153 2.0 28 14 5 12 84% 4806 1050 64%
c f  2.71  9 20 20 2464  1 56949 3153 2.0 28 14 5 12 84% 4806 1050 64%
c .  3.02  9 20 21 2465  1 62914 7030 1.9 28 14 5 12 84% 4806 1050 64%
c G  3.02  9 20 21 2465  1 62914 3278 1.9 28 14 5 12 84% 4806 1050 64%
c C  3.02  9 20 21 2465  1 62914 3278 1.9 28 14 5 12 84% 4806 1050 64%
c -  3.02  9 20 21 2465  1 62914 3278 1.9 28 14 5 12 84% 4806 1050 64%
c 2  3.02  9 20 21 2465  1 62914 3278 1.9 28 14 5 12 84% 4806 1050 64%
c d  3.02  9 20 21 2465  1 62914 3278 1.9 28 14 5 12 84% 4806 1050 64%
c 
c  seconds  reductions   conflicts       size   tier2      variables
c         MB     restarts     redundant     glue    trail       remaining
c          level       rate        size/glue  tier1  irredundant
c 
c p  3.02  9 20 21 2465  1 62914 3331 1.9 28 14 5 12 84% 4806 1050 64%
c k  3.02  9 20 21 2465  1 62914 3331 1.9 28 14 5 12 84% 4806 1050 64%
c 2  3.02  9 20 21 2465  1 62914 3331 1.9 28 14 5 12 84% 4806 1050 64%
c u  3.02  9 20 21 2465  1 62914 3144 1.9 28 14 5 12 84% 4806 1050 64%
c v  3.03  9 20 21 2465  1 62914 3103 1.9 28 14 5 12 84% 4806 1050 64%
c w  3.03  9 20 21 2465  1 62914 3103 1.9 28 14 5 12 84% 4806 1050 64%
c t  3.03  9 20 21 2465  1 62914 3103 1.9 28 14 5 12 84% 4806 1050 64%
c k  3.03  9 20 21 2465  1 62914 3103 1.9 28 14 5 12 84% 4806 1050 64%
c 2  3.03  9 20 21 2465  1 62914 3103 1.9 28 14 5 12 84% 4806 1050 64%
c f  3.03  9 20 21 2465  1 62914 3103 1.9 28 14 5 12 84% 4806 1050 64%
c ]  3.12  9 19 21 2467  1 65036 4340 1.9 28 14 5 12 84% 4806 1050 64%
c {  3.12  9 20 21 2467  2 65036 4340 2.6 32 13 2 3 78% 4806 1050 64%
c ~  3.16  9 20 21 2536  2 66023 5193 2.6 33 13 2 3 79% 4806 1050 64%
c B  3.16  9 20 21 2536  2 66024 5194 2.6 33 13 2 3 79% 4806 1050 64%
c s  3.20  9 20 21 2594  2 66809 5885 2.6 33 13 2 3 79% 4806 1050 64%
c t  3.20  9 20 21 2594  2 66809 5885 2.6 33 13 2 3 79% 4806 1050 64%
c e  3.20  9 20 21 2594  2 66809 5658 2.6 33 13 2 3 79% 4802 1042 64%
c s  3.20  9 20 21 2594  2 66809 5657 2.6 33 13 2 3 79% 4801 1042 64%
c e  3.20  9 20 21 2594  2 66809 5657 2.6 33 13 2 3 79% 4801 1042 64%
c .  3.32  9 20 22 2627  2 69184 7931 2.7 34 12 2 3 79% 4801 1042 64%
c 
c  seconds  reductions   conflicts       size   tier2     variables
c         MB     restarts     redundant     glue   trail       remaining
c          level       rate        size/glue  tier1 irredundant
c 
c G  3.32  9 20 22 2627  2 69184 3866 2.7 34 12 2 3 79% 4801 1042 64%
c C  3.32  9 20 22 2627  2 69184 3866 2.7 34 12 2 3 79% 4801 1042 64%
c -  3.32  9 20 22 2627  2 69184 3866 2.7 34 12 2 3 79% 4801 1042 64%
c 2  3.32  9 20 22 2627  2 69184 3866 2.7 34 12 2 3 79% 4801 1042 64%
c d  3.32  9 20 22 2627  2 69184 3866 2.7 34 12 2 3 79% 4801 1042 64%
c p  3.32  9 20 22 2627  2 69184 3916 2.7 34 12 2 3 79% 4801 1042 64%
c k  3.32  9 20 22 2627  2 69184 3916 2.7 34 12 2 3 79% 4801 1042 64%
c 2  3.32  9 20 22 2627  2 69184 3916 2.7 34 12 2 3 79% 4801 1042 64%
c =  3.34  9 20 22 2627  2 69184 3916 2.7 34 12 2 3 79% 4801 1042 64%
c u  3.35  9 20 22 2627  2 69184 3730 2.7 34 12 2 3 79% 4801 1042 64%
c v  3.35  9 20 22 2627  2 69184 3670 2.7 34 12 2 3 79% 4801 1042 64%
c w  3.35  9 20 22 2627  2 69184 3669 2.7 34 12 2 3 79% 4801 1042 64%
c t  3.35  9 20 22 2627  2 69184 3669 2.7 34 12 2 3 79% 4801 1042 64%
c k  3.35  9 20 22 2627  2 69184 3669 2.7 34 12 2 3 79% 4801 1042 64%
c 2  3.35  9 20 22 2627  2 69184 3669 2.7 34 12 2 3 79% 4801 1042 64%
c f  3.35  9 20 22 2627  2 69184 3669 2.7 34 12 2 3 79% 4795 1046 64%
c .  3.66  9 20 23 2886  2 75759 9755 2.9 35 12 1 2 77% 4795 1046 64%
c G  3.66  9 20 23 2886  2 75759 4179 2.9 35 12 1 2 77% 4795 1046 64%
c C  3.66 10 20 23 2886  2 75759 4179 2.9 35 12 1 2 77% 4795 1046 64%
c -  3.66 10 20 23 2886  2 75759 4179 2.9 35 12 1 2 77% 4795 1046 64%
c 
c  seconds  reductions   conflicts       size   tier2     variables
c         MB     restarts     redundant     glue   trail       remaining
c          level       rate        size/glue  tier1 irredundant
c 
c 2  3.66 10 20 23 2886  2 75759 4179 2.9 35 12 1 2 77% 4795 1046 64%
c d  3.66 10 20 23 2886  2 75759 4179 2.9 35 12 1 2 77% 4795 1046 64%
c p  3.66 10 20 23 2886  2 75759 4231 2.9 35 12 1 2 77% 4795 1046 64%
c k  3.66 10 20 23 2886  2 75759 4231 2.9 35 12 1 2 77% 4795 1046 64%
c 2  3.66 10 20 23 2886  2 75759 4231 2.9 35 12 1 2 77% 4795 1046 64%
c u  3.66 10 20 23 2886  2 75759 4157 2.9 35 12 1 2 77% 4795 1046 64%
c v  3.67 10 20 23 2886  2 75759 4128 2.9 35 12 1 2 77% 4795 1046 64%
c w  3.67 10 20 23 2886  2 75759 4128 2.9 35 12 1 2 77% 4795 1046 64%
c x  3.67 10 20 23 2886  2 75759 4128 2.9 35 12 1 2 77% 4787 1046 64%
c t  3.67 10 20 23 2886  2 75759 4128 2.9 35 12 1 2 77% 4786 1046 64%
c k  3.67 10 20 23 2886  2 75759 4128 2.9 35 12 1 2 77% 4786 1046 64%
c 2  3.67 10 20 23 2886  2 75759 4128 2.9 35 12 1 2 77% 4786 1046 64%
c f  3.67 10 20 23 2886  2 75759 4128 2.9 35 12 1 2 77% 4786 1046 64%
c ~  3.76 10 20 23 3006  2 78025 6198 2.9 35 12 1 2 77% 4786 1046 64%
c W  3.80 10 20 23 3006  2 78026 6199 2.9 35 12 1 2 77% 4786 1046 64%
c .  4.00 10 20 24 3535  2 82641 10348 2.9 35 12 1 2 75% 4786 1046 64%
c G  4.00 10 20 24 3535  2 82641 4788 2.9 35 12 1 2 75% 4786 1046 64%
c C  4.00 10 20 24 3535  2 82641 4788 2.9 35 12 1 2 75% 4786 1046 64%
c -  4.00 10 20 24 3535  2 82641 4788 2.9 35 12 1 2 75% 4786 1046 64%
c 2  4.00 10 20 24 3535  2 82641 4788 2.9 35 12 1 2 75% 4786 1046 64%
c 
c  seconds  reductions   conflicts       size   tier2     variables
c         MB     restarts     redundant     glue   trail       remaining
c          level       rate        size/glue  tier1 irredundant
c 
c d  4.00 10 20 24 3535  2 82641 4788 2.9 35 12 1 2 75% 4786 1046 64%
c p  4.00 10 20 24 3535  2 82641 4833 2.9 35 12 1 2 75% 4786 1046 64%
c k  4.00 10 20 24 3535  2 82641 4833 2.9 35 12 1 2 75% 4786 1046 64%
c 2  4.00 10 20 24 3535  2 82641 4833 2.9 35 12 1 2 75% 4786 1046 64%
c u  4.00 10 20 24 3535  2 82641 4632 2.9 35 12 1 2 75% 4786 1046 64%
c v  4.01 10 20 24 3535  2 82641 4591 2.9 35 12 1 2 75% 4786 1046 64%
c w  4.01 10 20 24 3535  2 82641 4591 2.9 35 12 1 2 75% 4786 1046 64%
c t  4.01 10 20 24 3535  2 82641 4591 2.9 35 12 1 2 75% 4786 1046 64%
c k  4.01 10 20 24 3535  2 82641 4591 2.9 35 12 1 2 75% 4786 1046 64%
c 2  4.01 10 20 24 3535  2 82641 4591 2.9 35 12 1 2 75% 4786 1046 64%
c f  4.01 10 20 24 3535  2 82641 4591 2.9 35 12 1 2 75% 4786 1046 64%
c }  4.38 10 20 24 3846  2 88261 9888 2.9 35 12 1 2 78% 4786 1046 64%
c [  4.38 10 19 24 3846  1 88261 9888 1.9 28 14 5 12 83% 4786 1046 64%
c .  4.50 10 19 25 3847  1 89827 11304 2.0 29 14 5 12 84% 4786 1046 64%
c G  4.50 10 19 25 3847  1 89827 4993 2.0 29 14 5 12 84% 4786 1046 64%
c C  4.50 10 19 25 3847  1 89827 4993 2.0 29 14 5 12 84% 4786 1046 64%
c -  4.50 10 19 25 3847  1 89827 4993 2.0 29 14 5 12 84% 4786 1046 64%
c 2  4.50 10 19 25 3847  1 89827 4993 2.0 29 14 5 12 84% 4786 1046 64%
c d  4.50 10 19 25 3847  1 89827 4993 2.0 29 14 5 12 84% 4786 1046 64%
c p  4.50 10 19 25 3847  1 89827 5039 2.0 29 14 5 12 84% 4786 1046 64%
c 
c  seconds  reductions   conflicts       size   tier2      variables
c         MB     restarts     redundant     glue    trail       remaining
c          level       rate        size/glue  tier1  irredundant
c 
c c  4.50 10 19 25 3847  1 89827 5039 2.0 29 14 5 12 84% 4786 1046 64%
c k  4.50 10 19 25 3847  1 89827 5039 2.0 29 14 5 12 84% 4786 1046 64%
c 2  4.50 10 19 25 3847  1 89827 5039 2.0 29 14 5 12 84% 4786 1046 64%
c u  4.51 10 19 25 3847  1 89827 4751 2.0 29 14 5 12 84% 4786 1046 64%
c v  4.52 10 19 25 3847  1 89827 4686 2.0 29 14 5 12 84% 4786 1046 64%
c w  4.52 10 19 25 3847  1 89827 4686 2.0 29 14 5 12 84% 4786 1046 64%
c t  4.52 10 19 25 3847  1 89827 4686 2.0 29 14 5 12 84% 4786 1046 64%
c k  4.52 10 19 25 3847  1 89827 4686 2.0 29 14 5 12 84% 4786 1046 64%
c 2  4.52 10 19 25 3847  1 89827 4686 2.0 29 14 5 12 84% 4786 1046 64%
c f  4.52 10 19 25 3847  1 89827 4686 2.0 29 14 5 12 84% 4786 1046 64%
c ~  4.58 10 19 25 3848  1 91027 5625 2.0 29 14 5 12 84% 4786 1046 64%
c B  4.58 10 19 25 3848  1 91028 5626 2.0 29 14 5 12 84% 4786 1046 64%
c s  4.66 10 19 25 3849  1 93258 7239 2.0 29 15 5 12 84% 4786 1046 64%
c t  4.66 10 19 25 3849  1 93258 7239 2.0 29 15 5 12 84% 4786 1046 64%
c e  4.66 10 19 25 3849  1 93258 7239 2.0 29 15 5 12 84% 4786 1046 64%
c s  4.67 10 19 25 3849  1 93258 7228 2.0 29 15 5 12 84% 4786 1046 64%
c ^  4.67 10 19 25 3849  1 93258 7228 2.0 29 15 5 12 84% 4786 1046 64%
c .  4.83 10 19 26 3850  1 97320 9960 1.9 29 15 5 12 84% 4786 1046 64%
c G  4.83 10 19 26 3850  1 97320 4284 1.9 29 15 5 12 84% 4786 1046 64%
c C  4.83 10 19 26 3850  1 97320 4284 1.9 29 15 5 12 84% 4786 1046 64%
c 
c  seconds  reductions   conflicts       size   tier2      variables
c         MB     restarts     redundant     glue    trail       remaining
c          level       rate        size/glue  tier1  irredundant
c 
c -  4.83 10 19 26 3850  1 97320 4284 1.9 29 15 5 12 84% 4786 1046 64%
c 2  4.83 10 19 26 3850  1 97320 4284 1.9 29 15 5 12 84% 4786 1046 64%
c d  4.83 10 19 26 3850  1 97320 4284 1.9 29 15 5 12 84% 4786 1046 64%
c p  4.83 10 19 26 3850  1 97320 4326 1.9 29 15 5 12 84% 4786 1046 64%
c k  4.83 10 19 26 3850  1 97320 4326 1.9 29 15 5 12 84% 4786 1046 64%
c 2  4.83 10 19 26 3850  1 97320 4326 1.9 29 15 5 12 84% 4786 1046 64%
c =  4.85 10 19 26 3850  1 97320 4326 1.9 29 15 5 12 84% 4786 1046 64%
c u  4.85 10 19 26 3850  1 97320 4182 1.9 29 15 5 12 84% 4786 1046 64%
c v  4.86 10 19 26 3850  1 97320 4157 1.9 29 15 5 12 84% 4786 1046 64%
c w  4.86 10 19 26 3850  1 97320 4156 1.9 29 15 5 12 84% 4786 1046 64%
c t  4.86 10 19 26 3850  1 97320 4156 1.9 29 15 5 12 84% 4786 1046 64%
c k  4.86 10 19 26 3850  1 97320 4156 1.9 29 15 5 12 84% 4786 1046 64%
c 2  4.86 10 19 26 3850  1 97320 4156 1.9 29 15 5 12 84% 4786 1046 64%
c f  4.86 10 19 26 3850  1 97320 4156 1.9 29 15 5 12 84% 4786 1046 64%
c ~  5.13 10 19 26 3856  1 105030 10776 1.9 29 15 5 12 84% 4786 1046 64%
c W  5.16 10 19 26 3856  1 105031 10777 1.9 29 15 5 12 84% 4786 1046 64%
c .  5.17 10 19 27 3856  1 105121 10828 1.9 29 15 5 12 84% 4786 1046 64%
c G  5.17 10 19 27 3856  1 105121 4210 1.9 29 15 5 12 84% 4786 1046 64%
c C  5.17  9 19 27 3856  1 105121 4210 1.9 29 15 5 12 84% 4786 1046 64%
c -  5.17  9 19 27 3856  1 105121 4210 1.9 29 15 5 12 84% 4786 1046 64%
c 
c  seconds  reductions   conflicts        size   tier2      variables
c         MB     restarts      redundant     glue    trail       remaining
c          level       rate         size/glue  tier1  irredundant
c 
c 2  5.17  9 19 27 3856  1 105121 4210 1.9 29 15 5 12 84% 4786 1046 64%
c d  5.17  9 19 27 3856  1 105121 4210 1.9 29 15 5 12 84% 4786 1046 64%
c p  5.17  9 19 27 3856  1 105121 4251 1.9 29 15 5 12 84% 4786 1046 64%
c k  5.17  9 19 27 3856  1 105121 4251 1.9 29 15 5 12 84% 4786 1046 64%
c 2  5.17  9 19 27 3856  1 105121 4251 1.9 29 15 5 12 84% 4786 1046 64%
c u  5.17  9 19 27 3856  1 105121 4045 1.9 29 15 5 12 84% 4786 1046 64%
c v  5.17  9 19 27 3856  1 105121 3984 1.9 29 15 5 12 84% 4786 1046 64%
c w  5.18  9 19 27 3856  1 105121 3984 1.9 29 15 5 12 84% 4786 1046 64%
c t  5.18  9 19 27 3856  1 105121 3984 1.9 29 15 5 12 84% 4786 1046 64%
c k  5.18  9 19 27 3856  1 105121 3984 1.9 29 15 5 12 84% 4786 1046 64%
c 2  5.18  9 19 27 3856  1 105121 3984 1.9 29 15 5 12 84% 4786 1046 64%
c f  5.18  9 19 27 3856  1 105121 3984 1.9 29 15 5 12 84% 4786 1046 64%
c .  5.47  9 19 28 3858  1 113226 8920 1.9 28 15 5 12 84% 4786 1046 64%
c G  5.47  9 19 28 3858  1 113226 3616 1.9 28 15 5 12 84% 4786 1046 64%
c C  5.47  9 19 28 3858  1 113226 3616 1.9 28 15 5 12 84% 4786 1046 64%
c -  5.47  9 19 28 3858  1 113226 3616 1.9 28 15 5 12 84% 4786 1046 64%
c 2  5.47  9 19 28 3858  1 113226 3616 1.9 28 15 5 12 84% 4786 1046 64%
c d  5.47  9 19 28 3858  1 113226 3616 1.9 28 15 5 12 84% 4786 1046 64%
c p  5.47  9 19 28 3858  1 113226 3657 1.9 28 15 5 12 84% 4786 1046 64%
c k  5.47  9 19 28 3858  1 113226 3657 1.9 28 15 5 12 84% 4786 1046 64%
c 
c  seconds  reductions   conflicts        size   tier2      variables
c         MB     restarts      redundant     glue    trail       remaining
c          level       rate         size/glue  tier1  irredundant
c 
c 2  5.47  9 19 28 3858  1 113226 3657 1.9 28 15 5 12 84% 4786 1046 64%
c u  5.47  9 19 28 3858  1 113226 3432 1.9 28 15 5 12 84% 4786 1046 64%
c v  5.48  9 19 28 3858  1 113226 3382 1.9 28 15 5 12 84% 4786 1046 64%
c w  5.48  9 19 28 3858  1 113226 3379 1.9 28 15 5 12 84% 4786 1046 64%
c x  5.48  9 19 28 3858  1 113226 3378 1.9 28 15 5 12 84% 4762 1046 64%
c t  5.48  9 19 28 3858  1 113226 3378 1.9 28 15 5 12 84% 4762 1046 64%
c k  5.48  9 19 28 3858  1 113226 3378 1.9 28 15 5 12 84% 4762 1046 64%
c 2  5.48  9 19 28 3858  1 113226 3378 1.9 28 15 5 12 84% 4762 1046 64%
c f  5.48  9 19 28 3858  1 113226 3378 1.9 28 15 5 12 84% 4762 1046 64%
c ]  5.65  9 19 28 3858  1 118168 6744 1.9 28 15 5 12 84% 4762 1046 64%
c {  5.65  9 20 28 3858  2 118168 6744 2.9 35 12 1 2 78% 4762 1046 64%
c ~  5.74  9 20 28 4129  2 120031 8445 2.9 36 12 1 2 78% 4762 1046 64%
c #  5.74  9 20 28 4129  2 120032 8446 2.9 36 12 1 2 78% 4762 1046 64%
c .  5.81  9 20 29 4275  2 121639 9863 2.9 35 12 1 2 77% 4762 1046 64%
c G  5.81  9 20 29 4275  2 121639 4432 2.9 35 12 1 2 77% 4762 1046 64%
c C  5.82 10 20 29 4275  2 121639 4432 2.9 35 12 1 2 77% 4762 1046 64%
c -  5.82 10 20 29 4275  2 121639 4432 2.9 35 12 1 2 77% 4762 1046 64%
c 2  5.82 10 20 29 4275  2 121639 4432 2.9 35 12 1 2 77% 4762 1046 64%
c d  5.82 10 20 29 4275  2 121639 4432 2.9 35 12 1 2 77% 4762 1046 64%
c p  5.82 10 20 29 4275  2 121639 4472 2.9 35 12 1 2 77% 4762 1046 64%
c 
c  seconds  reductions   conflicts        size   tier2     variables
c         MB     restarts      redundant     glue   trail       remaining
c          level       rate         size/glue  tier1 irredundant
c 
c k  5.82 10 20 29 4275  2 121639 4472 2.9 35 12 1 2 77% 4762 1046 64%
c 2  5.82 10 20 29 4275  2 121639 4472 2.9 35 12 1 2 77% 4762 1046 64%
c u  5.82 10 20 29 4275  2 121639 4377 2.9 35 12 1 2 77% 4762 1046 64%
c v  5.82 10 20 29 4275  2 121639 4309 2.9 35 12 1 2 77% 4762 1046 64%
c w  5.83 10 20 29 4275  2 121639 4293 2.9 35 12 1 2 77% 4762 1046 64%
c t  5.83 10 20 29 4275  2 121639 4293 2.9 35 12 1 2 77% 4762 1046 64%
c k  5.83 10 20 29 4275  2 121639 4293 2.9 35 12 1 2 77% 4762 1046 64%
c 2  5.83 10 20 29 4275  2 121639 4293 2.9 35 12 1 2 77% 4762 1046 64%
c f  5.83 10 20 29 4275  2 121639 4293 2.9 35 12 1 2 77% 4762 1046 64%
c s  5.94 10 20 29 4382  2 123975 6449 2.9 35 12 1 2 77% 4762 1046 64%
c t  5.94 10 20 29 4382  2 123975 6449 2.9 35 12 1 2 77% 4762 1046 64%
c e  5.94 10 20 29 4382  2 123975 3502 2.9 35 12 1 2 77% 4920 875 54%
c s  5.95 10 20 29 4382  2 123975 3473 2.9 35 12 1 2 77% 4881 875 54%
c e  5.95 10 20 29 4382  2 123975 3443 2.9 35 12 1 2 77% 4883 873 54%
c G  5.95 10 20 29 4382  2 123975 3443 2.9 35 12 1 2 77% 4883 873 54%
c C  5.95  8 20 29 4382  2 123975 3443 2.9 35 12 1 2 77% 4883 873 54%
c .  6.20  9 21 30 4978  2 130358 8801 2.8 35 12 1 2 84% 4883 873 54%
c G  6.21  9 21 30 4978  2 130358 3939 2.8 35 12 1 2 84% 4883 873 54%
c C  6.21  9 21 30 4978  2 130358 3939 2.8 35 12 1 2 84% 4883 873 54%
c -  6.21  9 21 30 4978  2 130358 3939 2.8 35 12 1 2 84% 4883 873 54%
c 
c  seconds  reductions   conflicts        size   tier2     variables
c         MB     restarts      redundant     glue   trail      remaining
c          level       rate         size/glue  tier1 irredundant
c 
c 2  6.21  9 21 30 4978  2 130358 3931 2.8 35 12 1 2 84% 4883 873 54%
c d  6.21  9 21 30 4978  2 130358 3931 2.8 35 12 1 2 84% 4883 873 54%
c p  6.21  9 21 30 4978  2 130358 3952 2.8 35 12 1 2 84% 4883 873 54%
c k  6.21  9 21 30 4978  2 130358 3952 2.8 35 12 1 2 84% 4883 873 54%
c 2  6.21  9 21 30 4978  2 130358 3952 2.8 35 12 1 2 84% 4883 873 54%
c u  6.21  9 21 30 4978  2 130358 3738 2.8 35 12 1 2 84% 4871 873 54%
c v  6.22  9 21 30 4978  2 130358 3695 2.8 35 12 1 2 84% 4871 873 54%
c w  6.22  9 21 30 4978  2 130358 3695 2.8 35 12 1 2 84% 4871 873 54%
c t  6.22  9 21 30 4978  2 130358 3695 2.8 35 12 1 2 84% 4871 873 54%
c k  6.22  9 21 30 4978  2 130358 3695 2.8 35 12 1 2 84% 4871 873 54%
c 2  6.22  9 21 30 4978  2 130358 3695 2.8 35 12 1 2 84% 4871 873 54%
c f  6.22  9 21 30 4978  2 130358 3695 2.8 35 12 1 2 81% 4811 901 55%
c ~  6.61  9 21 30 5583  2 136033 9209 2.9 36 12 1 2 88% 4811 901 55%
c B  6.61  9 21 30 5583  2 136034 9210 2.9 36 12 1 2 88% 4811 901 55%
c .  6.75 10 21 31 5719  2 139384 12335 2.9 36 12 1 2 88% 4811 901 55%
c G  6.75 10 21 31 5719  2 139384 5044 2.9 36 12 1 2 88% 4811 901 55%
c C  6.75 10 21 31 5719  2 139384 5044 2.9 36 12 1 2 88% 4811 901 55%
c -  6.75 10 21 31 5719  2 139384 5044 2.9 36 12 1 2 88% 4811 901 55%
c 2  6.75 10 21 31 5719  2 139384 5044 2.9 36 12 1 2 88% 4811 901 55%
c d  6.75 10 21 31 5719  2 139384 5044 2.9 36 12 1 2 88% 4811 901 55%
c 
c  seconds  reductions   conflicts        size   tier2     variables
c         MB     restarts      redundant     glue   trail      remaining
c          level       rate         size/glue  tier1 irredundant
c 
c p  6.75 10 21 31 5719  2 139384 5085 2.9 36 12 1 2 88% 4811 901 55%
c k  6.75 10 21 31 5719  2 139384 5085 2.9 36 12 1 2 88% 4811 901 55%
c 2  6.75 10 21 31 5719  2 139384 5085 2.9 36 12 1 2 88% 4811 901 55%
c =  6.77 10 21 31 5719  2 139384 5085 2.9 36 12 1 2 88% 4811 901 55%
c u  6.77 10 21 31 5719  2 139384 4762 2.9 36 12 1 2 88% 4811 901 55%
c v  6.78 10 21 31 5719  2 139384 4689 2.9 36 12 1 2 88% 4811 901 55%
c w  6.78 10 21 31 5719  2 139384 4687 2.9 36 12 1 2 88% 4811 901 55%
c t  6.78 10 21 31 5719  2 139384 4687 2.9 36 12 1 2 88% 4811 901 55%
c k  6.78 10 21 31 5719  2 139384 4687 2.9 36 12 1 2 88% 4811 901 55%
c 2  6.78 10 21 31 5719  2 139384 4687 2.9 36 12 1 2 88% 4811 901 55%
c f  6.78 10 21 31 5719  2 139384 4687 2.9 36 12 1 2 88% 4805 904 55%
c .  7.18 10 20 32 5969  2 148718 13170 2.9 35 12 1 2 85% 4805 904 55%
c G  7.18 10 20 32 5969  2 148718 5658 2.9 35 12 1 2 85% 4805 904 55%
c C  7.18 11 20 32 5969  2 148718 5658 2.9 35 12 1 2 85% 4805 904 55%
c -  7.18 11 20 32 5969  2 148718 5658 2.9 35 12 1 2 85% 4805 904 55%
c 2  7.18 11 20 32 5969  2 148718 5658 2.9 35 12 1 2 85% 4805 904 55%
c d  7.18 11 20 32 5969  2 148718 5658 2.9 35 12 1 2 85% 4805 904 55%
c p  7.19 11 20 32 5969  2 148718 5692 2.9 35 12 1 2 85% 4805 904 55%
c c  7.19 11 20 32 5969  2 148718 5692 2.9 35 12 1 2 85% 4805 904 55%
c k  7.19 11 20 32 5969  2 148718 5692 2.9 35 12 1 2 85% 4805 904 55%
c 
c  seconds  reductions   conflicts        size   tier2     variables
c         MB     restarts      redundant     glue   trail      remaining
c          level       rate         size/glue  tier1 irredundant
c 
c 2  7.19 11 20 32 5969  2 148718 5692 2.9 35 12 1 2 85% 4805 904 55%
c u  7.19 11 20 32 5969  2 148718 5528 2.9 35 12 1 2 85% 4805 904 55%
c v  7.20 11 20 32 5969  2 148718 5477 2.9 35 12 1 2 85% 4805 904 55%
c w  7.20 11 20 32 5969  2 148718 5477 2.9 35 12 1 2 85% 4805 904 55%
c t  7.20 11 20 32 5969  2 148718 5477 2.9 35 12 1 2 85% 4805 904 55%
c k  7.20 11 20 32 5969  2 148718 5477 2.9 35 12 1 2 85% 4805 904 55%
c 2  7.20 11 20 32 5969  2 148718 5477 2.9 35 12 1 2 85% 4805 904 55%
c f  7.20 11 20 32 5969  2 148718 5477 2.9 35 12 1 2 85% 4805 904 55%
c ~  7.40 11 21 32 6337  2 153034 9373 2.9 35 12 1 2 85% 4805 904 55%
c W  7.45 11 21 32 6337  2 153035 9374 2.9 35 12 1 2 85% 4805 904 55%
c }  7.46 11 21 32 6344  2 153097 9426 2.9 35 12 1 2 85% 4805 904 55%
c [  7.46 11 19 32 6344  1 153097 9426 1.9 28 15 5 12 104% 4805 904 55%
c .  7.69 11 19 33 6345  1 158358 13724 1.9 29 15 5 12 103% 4805 904 55%
c G  7.70 11 19 33 6345  1 158358 5936 1.9 29 15 5 12 103% 4805 904 55%
c C  7.70 11 19 33 6345  1 158358 5936 1.9 29 15 5 12 103% 4805 904 55%
c -  7.70 11 19 33 6345  1 158358 5936 1.9 29 15 5 12 103% 4805 904 55%
c 2  7.70 11 19 33 6345  1 158358 5936 1.9 29 15 5 12 103% 4805 904 55%
c d  7.70 11 19 33 6345  1 158358 5936 1.9 29 15 5 12 103% 4805 904 55%
c p  7.70 11 19 33 6345  1 158358 5964 1.9 29 15 5 12 103% 4805 904 55%
c k  7.70 11 19 33 6345  1 158358 5964 1.9 29 15 5 12 103% 4805 904 55%
c 
c  seconds  reductions   conflicts        size   tier2       variables
c         MB     restarts      redundant     glue    trail       remaining
c          level       rate         size/glue  tier1   irredundant
c 
c 2  7.70 11 19 33 6345  1 158358 5964 1.9 29 15 5 12 103% 4805 904 55%
c u  7.70 11 19 33 6345  1 158358 5644 1.9 29 15 5 12 103% 4805 904 55%
c v  7.71 11 19 33 6345  1 158358 5594 1.9 29 15 5 12 103% 4805 904 55%
c w  7.71 11 19 33 6345  1 158358 5593 1.9 29 15 5 12 103% 4805 904 55%
c t  7.71 11 19 33 6345  1 158358 5593 1.9 29 15 5 12 103% 4805 904 55%
c k  7.71 11 19 33 6345  1 158358 5593 1.9 29 15 5 12 103% 4805 904 55%
c 2  7.71 11 19 33 6345  1 158358 5593 1.9 29 15 5 12 103% 4805 904 55%
c f  7.71 11 19 33 6345  1 158358 5593 1.9 29 15 5 12 103% 4805 904 55%
c s  7.92 11 19 33 6345  1 163716 8668 1.9 28 15 5 12 102% 4804 904 55%
c t  7.92 11 19 33 6345  1 163716 8668 1.9 28 15 5 12 102% 4804 904 55%
c e  7.92 11 19 33 6345  1 163716 8524 1.9 28 15 5 12 102% 4808 899 55%
c s  7.92 11 19 33 6345  1 163716 8507 1.9 28 15 5 12 102% 4808 899 55%
c e  7.92 11 19 33 6345  1 163716 8507 1.9 28 15 5 12 102% 4808 899 55%
c .  8.12 11 19 34 6345  1 168306 10965 1.8 28 15 5 12 101% 4808 899 55%
c G  8.12 11 19 34 6345  1 168306 4937 1.8 28 15 5 12 101% 4808 899 55%
c C  8.12  9 19 34 6345  1 168306 4937 1.8 28 15 5 12 101% 4808 899 55%
c -  8.12  9 19 34 6345  1 168306 4937 1.8 28 15 5 12 101% 4808 899 55%
c 2  8.12  9 19 34 6345  1 168306 4937 1.8 28 15 5 12 101% 4808 899 55%
c d  8.12  9 19 34 6345  1 168306 4937 1.8 28 15 5 12 101% 4808 899 55%
c p  8.13  9 19 34 6345  1 168306 4964 1.8 28 15 5 12 101% 4808 899 55%
c 
c  seconds  reductions   conflicts        size   tier2       variables
c         MB     restarts      redundant     glue    trail       remaining
c          level       rate         size/glue  tier1   irredundant
c 
c k  8.13  9 19 34 6345  1 168306 4964 1.8 28 15 5 12 101% 4808 899 55%
c 2  8.13  9 19 34 6345  1 168306 4964 1.8 28 15 5 12 101% 4808 899 55%
c u  8.13  9 19 34 6345  1 168306 4856 1.8 28 15 5 12 101% 4808 899 55%
c v  8.13  9 19 34 6345  1 168306 4794 1.8 28 15 5 12 101% 4808 899 55%
c w  8.13  9 19 34 6345  1 168306 4794 1.8 28 15 5 12 101% 4808 899 55%
c x  8.14  9 19 34 6345  1 168306 4794 1.8 28 15 5 12 101% 4793 899 55%
c t  8.14  9 19 34 6345  1 168306 4794 1.8 28 15 5 12 101% 4793 899 55%
c k  8.14  9 19 34 6345  1 168306 4794 1.8 28 15 5 12 101% 4793 899 55%
c 2  8.14  9 19 34 6345  1 168306 4794 1.8 28 15 5 12 101% 4793 899 55%
c f  8.14  9 19 34 6345  1 168306 4794 1.8 28 15 5 12 100% 4787 902 55%
c ~  8.24  9 19 34 6347  1 171036 6280 1.8 28 15 5 12 100% 4787 902 55%
c I  8.24  9 19 34 6347  1 171037 6281 1.8 28 15 5 12 100% 4787 902 55%
c .  8.46  9 19 35 6352  1 178562 11373 1.8 28 15 5 12 98% 4787 902 55%
c G  8.46  9 19 35 6352  1 178562 4571 1.8 28 15 5 12 98% 4787 902 55%
c C  8.46 10 19 35 6352  1 178562 4571 1.8 28 15 5 12 98% 4787 902 55%
c -  8.46 10 19 35 6352  1 178562 4571 1.8 28 15 5 12 98% 4787 902 55%
c 2  8.46 10 19 35 6352  1 178562 4571 1.8 28 15 5 12 98% 4787 902 55%
c d  8.46 10 19 35 6352  1 178562 4571 1.8 28 15 5 12 98% 4787 902 55%
c p  8.46 10 19 35 6352  1 178562 4600 1.8 28 15 5 12 98% 4787 902 55%
c k  8.46 10 19 35 6352  1 178562 4600 1.8 28 15 5 12 98% 4787 902 55%
c 
c  seconds  reductions   conflicts        size   tier2      variables
c         MB     restarts      redundant     glue    trail      remaining
c          level       rate         size/glue  tier1  irredundant
c 
c 2  8.46 10 19 35 6352  1 178562 4600 1.8 28 15 5 12 98% 4787 902 55%
c u  8.47 10 19 35 6352  1 178562 4491 1.8 28 15 5 12 98% 4787 902 55%
c v  8.47 10 19 35 6352  1 178562 4452 1.8 28 15 5 12 98% 4787 902 55%
c w  8.47 10 19 35 6352  1 178562 4451 1.8 28 15 5 12 98% 4787 902 55%
c t  8.47 10 19 35 6352  1 178562 4451 1.8 28 15 5 12 98% 4787 902 55%
c k  8.47 10 19 35 6352  1 178562 4451 1.8 28 15 5 12 98% 4787 902 55%
c 2  8.47 10 19 35 6352  1 178562 4451 1.8 28 15 5 12 98% 4787 902 55%
c f  8.47 10 19 35 6352  1 178562 4451 1.8 28 15 5 12 98% 4787 902 55%
c .  8.77 10 18 36 6358  1 189127 11558 1.8 27 15 5 12 97% 4787 902 55%
c G  8.77 10 18 36 6358  1 189127 4575 1.8 27 15 5 12 97% 4787 902 55%
c C  8.77 10 18 36 6358  1 189127 4575 1.8 27 15 5 12 97% 4787 902 55%
c -  8.77 10 18 36 6358  1 189127 4575 1.8 27 15 5 12 97% 4787 902 55%
c 2  8.77 10 18 36 6358  1 189127 4575 1.8 27 15 5 12 97% 4787 902 55%
c d  8.77 10 18 36 6358  1 189127 4575 1.8 27 15 5 12 97% 4787 902 55%
c p  8.77 10 18 36 6358  1 189127 4602 1.8 27 15 5 12 97% 4787 902 55%
c k  8.77 10 18 36 6358  1 189127 4602 1.8 27 15 5 12 97% 4787 902 55%
c 2  8.77 10 18 36 6358  1 189127 4602 1.8 27 15 5 12 97% 4787 902 55%
c u  8.78 10 18 36 6358  1 189127 4414 1.8 27 15 5 12 97% 4787 902 55%
c v  8.78 10 18 36 6358  1 189127 4373 1.8 27 15 5 12 97% 4787 902 55%
c w  8.78 10 18 36 6358  1 189127 4373 1.8 27 15 5 12 97% 4787 902 55%
c 
c  seconds  reductions   conflicts        size   tier2      variables
c         MB     restarts      redundant     glue    trail      remaining
c          level       rate         size/glue  tier1  irredundant
c 
c t  8.78 10 18 36 6358  1 189127 4373 1.8 27 15 5 12 97% 4787 902 55%
c k  8.78 10 18 36 6358  1 189127 4373 1.8 27 15 5 12 97% 4787 902 55%
c 2  8.78 10 18 36 6358  1 189127 4373 1.8 27 15 5 12 97% 4787 902 55%
c f  8.78 10 18 36 6358  1 189127 4373 1.8 27 15 5 12 97% 4787 902 55%
c ~  8.81 10 18 36 6358  1 190037 5059 1.8 27 15 5 12 97% 4787 902 55%
c B  8.81 10 18 36 6358  1 190038 5060 1.8 27 15 5 12 97% 4787 902 55%
c .  9.12 10 19 37 6360  1 200002 12258 1.8 27 15 5 12 95% 4787 902 55%
c G  9.12 10 19 37 6360  1 200002 4839 1.8 27 15 5 12 95% 4787 902 55%
c C  9.12 10 19 37 6360  1 200002 4839 1.8 27 15 5 12 95% 4787 902 55%
c -  9.12 10 19 37 6360  1 200002 4839 1.8 27 15 5 12 95% 4787 902 55%
c 2  9.12 10 19 37 6360  1 200002 4839 1.8 27 15 5 12 95% 4787 902 55%
c d  9.12 10 19 37 6360  1 200002 4839 1.8 27 15 5 12 95% 4787 902 55%
c p  9.13 10 19 37 6360  1 200002 4863 1.8 27 15 5 12 95% 4787 902 55%
c k  9.13 10 19 37 6360  1 200002 4863 1.8 27 15 5 12 95% 4787 902 55%
c 2  9.13 10 19 37 6360  1 200002 4863 1.8 27 15 5 12 95% 4787 902 55%
c =  9.15 10 19 37 6360  1 200002 4863 1.8 27 15 5 12 95% 4787 902 55%
c u  9.15 10 19 37 6360  1 200002 4644 1.8 27 15 5 12 95% 4787 902 55%
c v  9.15 10 19 37 6360  1 200002 4595 1.8 27 15 5 12 95% 4787 902 55%
c w  9.16 10 19 37 6360  1 200002 4595 1.8 27 15 5 12 95% 4787 902 55%
c t  9.16 10 19 37 6360  1 200002 4595 1.8 27 15 5 12 95% 4787 902 55%
c 
c  seconds  reductions   conflicts        size   tier2      variables
c         MB     restarts      redundant     glue    trail      remaining
c          level       rate         size/glue  tier1  irredundant
c 
c k  9.16 10 19 37 6360  1 200002 4595 1.8 27 15 5 12 95% 4787 902 55%
c 2  9.16 10 19 37 6360  1 200002 4595 1.8 27 15 5 12 95% 4787 902 55%
c f  9.16 10 19 37 6360  1 200002 4595 1.8 27 15 5 12 95% 4787 902 55%
c ]  9.18 10 19 37 6360  1 200769 5251 1.8 27 15 5 12 95% 4787 902 55%
c {  9.18 10 21 37 6360  2 200769 5251 2.9 35 12 1 2 84% 4787 902 55%
c s  9.51 10 21 37 7133  2 207259 11040 2.9 35 12 1 2 83% 4787 902 55%
c t  9.51 10 21 37 7133  2 207259 11040 2.9 35 12 1 2 83% 4787 902 55%
c e  9.51 10 21 37 7133  2 207259 10184 2.9 35 12 1 2 83% 4789 900 55%
c s  9.51 10 21 37 7133  2 207259 10171 2.9 35 12 1 2 83% 4788 900 55%
c e  9.51 10 21 37 7133  2 207259 10061 2.9 35 12 1 2 83% 4789 899 55%
c ~  9.68 10 21 37 7512  2 210038 12412 2.9 35 12 1 2 83% 4789 899 55%
c F  9.68 10 21 37 7512  2 210039 12413 2.9 35 12 1 2 83% 4789 899 55%
c .  9.71 10 21 38 7512  2 211182 13489 2.9 35 12 1 2 83% 4789 899 55%
c G  9.71 10 21 38 7512  2 211182 6341 2.9 35 12 1 2 83% 4789 899 55%
c C  9.72 10 21 38 7512  2 211182 6341 2.9 35 12 1 2 83% 4789 899 55%
c -  9.72 10 21 38 7512  2 211182 6341 2.9 35 12 1 2 83% 4789 899 55%
c 2  9.72 10 21 38 7512  2 211182 6341 2.9 35 12 1 2 83% 4789 899 55%
c d  9.72 10 21 38 7512  2 211182 6341 2.9 35 12 1 2 83% 4789 899 55%
c p  9.72 10 21 38 7512  2 211182 6365 2.9 35 12 1 2 83% 4789 899 55%
c k  9.72 10 21 38 7512  2 211182 6365 2.9 35 12 1 2 83% 4789 899 55%
c 
c  seconds  reductions   conflicts        size   tier2     variables
c         MB     restarts      redundant     glue   trail      remaining
c          level       rate         size/glue  tier1 irredundant
c 
c 2  9.72 10 21 38 7512  2 211182 6365 2.9 35 12 1 2 83% 4789 899 55%
c u  9.73 10 21 38 7512  2 211182 6250 2.9 35 12 1 2 83% 4789 899 55%
c v  9.73 10 21 38 7512  2 211182 6179 2.9 35 12 1 2 83% 4789 899 55%
c w  9.73 10 21 38 7512  2 211182 6179 2.9 35 12 1 2 83% 4789 899 55%
c t  9.73 10 21 38 7512  2 211182 6179 2.9 35 12 1 2 83% 4789 899 55%
c k  9.73 10 21 38 7512  2 211182 6179 2.9 35 12 1 2 83% 4789 899 55%
c 2  9.73 10 21 38 7512  2 211182 6179 2.9 35 12 1 2 83% 4789 899 55%
c f  9.73 10 21 38 7512  2 211182 6179 2.9 35 12 1 2 83% 4787 900 55%
c . 10.16 10 21 39 8038  2 222670 16400 2.8 34 12 1 2 80% 4787 900 55%
c G 10.16 10 21 39 8038  2 222670 7572 2.8 34 12 1 2 80% 4787 900 55%
c C 10.17 11 21 39 8038  2 222670 7572 2.8 34 12 1 2 80% 4787 900 55%
c - 10.17 11 21 39 8038  2 222670 7572 2.8 34 12 1 2 80% 4787 900 55%
c 2 10.17 11 21 39 8038  2 222670 7572 2.8 34 12 1 2 80% 4787 900 55%
c d 10.17 11 21 39 8038  2 222670 7572 2.8 34 12 1 2 80% 4787 900 55%
c p 10.17 11 21 39 8038  2 222670 7594 2.8 34 12 1 2 80% 4787 900 55%
c k 10.17 11 21 39 8038  2 222670 7594 2.8 34 12 1 2 80% 4787 900 55%
c 2 10.17 11 21 39 8038  2 222670 7594 2.8 34 12 1 2 80% 4787 900 55%
c u 10.17 11 21 39 8038  2 222670 7353 2.8 34 12 1 2 80% 4787 900 55%
c v 10.18 11 21 39 8038  2 222670 7282 2.8 34 12 1 2 80% 4787 900 55%
c w 10.18 11 21 39 8038  2 222670 7281 2.8 34 12 1 2 80% 4787 900 55%
c 
c  seconds  reductions   conflicts        size   tier2     variables
c         MB     restarts      redundant     glue   trail      remaining
c          level       rate         size/glue  tier1 irredundant
c 
c t 10.18 11 21 39 8038  2 222670 7281 2.8 34 12 1 2 80% 4787 900 55%
c k 10.18 11 21 39 8038  2 222670 7281 2.8 34 12 1 2 80% 4787 900 55%
c 2 10.18 11 21 39 8038  2 222670 7281 2.8 34 12 1 2 80% 4787 900 55%
c f 10.18 11 21 39 8038  2 222670 7281 2.8 34 12 1 2 80% 4787 900 55%
c ~ 10.67 11 20 39 8214  2 231040 15154 2.9 34 12 1 2 81% 4787 900 55%
c B 10.67 11 20 39 8214  2 231041 15155 2.9 34 12 1 2 81% 4787 900 55%
c . 10.90 11 20 40 8997  2 234466 18004 2.9 34 12 1 2 82% 4787 900 55%
c G 10.90 11 20 40 8997  2 234466 8406 2.9 34 12 1 2 82% 4787 900 55%
c C 10.90 12 20 40 8997  2 234466 8406 2.9 34 12 1 2 82% 4787 900 55%
c - 10.90 12 20 40 8997  2 234466 8406 2.9 34 12 1 2 82% 4787 900 55%
c 2 10.90 12 20 40 8997  2 234466 8406 2.9 34 12 1 2 82% 4787 900 55%
c d 10.90 12 20 40 8997  2 234466 8406 2.9 34 12 1 2 82% 4787 900 55%
c p 10.90 10 20 40 8997  2 234466 8428 2.9 34 12 1 2 82% 4787 900 55%
c c 10.90 10 20 40 8997  2 234466 8428 2.9 34 12 1 2 82% 4787 900 55%
c k 10.91 10 20 40 8997  2 234466 8428 2.9 34 12 1 2 82% 4787 900 55%
c 2 10.91 10 20 40 8997  2 234466 8428 2.9 34 12 1 2 82% 4787 900 55%
c u 10.92 10 20 40 8997  2 234466 7992 2.9 34 12 1 2 82% 4787 900 55%
c v 10.92 10 20 40 8997  2 234466 7916 2.9 34 12 1 2 82% 4787 900 55%
c w 10.92 10 20 40 8997  2 234466 7916 2.9 34 12 1 2 82% 4787 900 55%
c t 10.92 10 20 40 8997  2 234466 7916 2.9 34 12 1 2 82% 4787 900 55%
c 
c  seconds  reductions   conflicts        size   tier2     variables
c         MB     restarts      redundant     glue   trail      remaining
c          level       rate         size/glue  tier1 irredundant
c 
c k 10.92 10 20 40 8997  2 234466 7916 2.9 34 12 1 2 82% 4787 900 55%
c 2 10.92 10 20 40 8997  2 234466 7916 2.9 34 12 1 2 82% 4787 900 55%
c f 10.92 10 20 40 8997  2 234466 7916 2.9 34 12 1 2 82% 4787 900 55%
c } 11.36 10 20 40 9672  2 243332 15761 2.8 34 12 1 2 80% 4787 900 55%
c [ 11.36 10 19 40 9672  1 243332 15761 1.8 27 15 5 12 95% 4787 900 55%
c . 11.63 11 19 41 9673  1 246572 18099 1.8 28 15 5 12 95% 4787 900 55%
c G 11.63 11 19 41 9673  1 246572 8803 1.8 28 15 5 12 95% 4787 900 55%
c C 11.63 11 19 41 9673  1 246572 8803 1.8 28 15 5 12 95% 4787 900 55%
c - 11.63 11 19 41 9673  1 246572 8803 1.8 28 15 5 12 95% 4787 900 55%
c 2 11.63 11 19 41 9673  1 246572 8803 1.8 28 15 5 12 95% 4787 900 55%
c d 11.63 11 19 41 9673  1 246572 8803 1.8 28 15 5 12 95% 4787 900 55%
c p 11.63 10 19 41 9673  1 246572 8823 1.8 28 15 5 12 95% 4787 900 55%
c k 11.63 10 19 41 9673  1 246572 8823 1.8 28 15 5 12 95% 4787 900 55%
c 2 11.63 10 19 41 9673  1 246572 8823 1.8 28 15 5 12 95% 4787 900 55%
c u 11.64 10 19 41 9673  1 246572 8646 1.8 28 15 5 12 95% 4787 900 55%
c v 11.65 10 19 41 9673  1 246572 8626 1.8 28 15 5 12 95% 4787 900 55%
c w 11.65 10 19 41 9673  1 246572 8626 1.8 28 15 5 12 95% 4787 900 55%
c x 11.65 10 19 41 9673  1 246572 8625 1.8 28 15 5 12 95% 4744 900 55%
c t 11.65 10 19 41 9673  1 246572 8625 1.8 28 15 5 12 95% 4744 900 55%
c k 11.65 10 19 41 9673  1 246572 8625 1.8 28 15 5 12 95% 4744 900 55%
c 
c  seconds  reductions   conflicts        size   tier2      variables
c         MB     restarts      redundant     glue    trail      remaining
c          level       rate         size/glue  tier1  irredundant
c 
c 2 11.65 10 19 41 9673  1 246572 8625 1.8 28 15 5 12 95% 4744 900 55%
c f 11.65 10 19 41 9673  1 246572 8625 1.8 28 15 5 12 95% 4744 900 55%
c ~ 11.93 10 19 41 9678  1 253042 12989 1.8 27 15 5 12 94% 4744 900 55%
c W 12.06 10 19 41 9678  1 253043 12990 1.8 27 15 5 12 94% 4744 900 55%
c s 12.18 10 19 41 9679  1 255526 14524 1.8 27 15 5 12 94% 4744 900 55%
c t 12.18 10 19 41 9679  1 255526 14524 1.8 27 15 5 12 94% 4744 900 55%
c e 12.18 10 19 41 9679  1 255526 14056 1.8 27 15 5 12 94% 4751 891 55%
c s 12.19 10 19 41 9679  1 255526 14032 1.8 27 15 5 12 94% 4750 891 55%
c e 12.19 10 19 41 9679  1 255526 14032 1.8 27 15 5 12 94% 4750 891 55%
c . 12.36 10 19 42 9680  1 258987 16258 1.8 27 15 5 12 94% 4750 891 55%
c G 12.36 10 19 42 9680  1 258987 8156 1.8 27 15 5 12 94% 4750 891 55%
c C 12.37 10 19 42 9680  1 258987 8156 1.8 27 15 5 12 94% 4750 891 55%
c - 12.37 10 19 42 9680  1 258987 8156 1.8 27 15 5 12 94% 4750 891 55%
c 2 12.37 10 19 42 9680  1 258987 8156 1.8 27 15 5 12 94% 4750 891 55%
c d 12.37 10 19 42 9680  1 258987 8156 1.8 27 15 5 12 94% 4750 891 55%
c p 12.37 10 19 42 9680  1 258987 8173 1.8 27 15 5 12 94% 4750 891 55%
c k 12.37 10 19 42 9680  1 258987 8173 1.8 27 15 5 12 94% 4750 891 55%
c 2 12.37 10 19 42 9680  1 258987 8173 1.8 27 15 5 12 94% 4750 891 55%
c u 12.38 10 19 42 9680  1 258987 7974 1.8 27 15 5 12 94% 4749 891 55%
c v 12.38 10 19 42 9680  1 258987 7897 1.8 27 15 5 12 94% 4749 891 55%
c 
c  seconds  reductions   conflicts        size   tier2      variables
c         MB     restarts      redundant     glue    trail      remaining
c          level       rate         size/glue  tier1  irredundant
c 
c w 12.38 10 19 42 9680  1 258987 7897 1.8 27 15 5 12 94% 4749 891 55%
c t 12.38 10 19 42 9680  1 258987 7897 1.8 27 15 5 12 94% 4749 891 55%
c k 12.38 10 19 42 9680  1 258987 7897 1.8 27 15 5 12 94% 4749 891 55%
c 2 12.38 10 19 42 9680  1 258987 7897 1.8 27 15 5 12 94% 4749 891 55%
c f 12.38 10 19 42 9680  1 258987 7897 1.8 27 15 5 12 93% 4741 895 55%
c . 13.01 10 18 43 9687  1 271709 14797 1.8 27 15 1 2 92% 4741 895 55%
c G 13.01 10 18 43 9687  1 271709 7001 1.8 27 15 1 2 92% 4741 895 55%
c C 13.01 11 18 43 9687  1 271709 7001 1.8 27 15 1 2 92% 4741 895 55%
c - 13.01 11 18 43 9687  1 271709 7001 1.8 27 15 1 2 92% 4741 895 55%
c 2 13.01 11 18 43 9687  1 271709 7001 1.8 27 15 1 2 92% 4741 895 55%
c d 13.02 11 18 43 9687  1 271709 7001 1.8 27 15 1 2 92% 4741 895 55%
c p 13.02 11 18 43 9687  1 271709 7021 1.8 27 15 1 2 92% 4741 895 55%
c k 13.02 11 18 43 9687  1 271709 7021 1.8 27 15 1 2 92% 4741 895 55%
c 2 13.02 11 18 43 9687  1 271709 7021 1.8 27 15 1 2 92% 4741 895 55%
c u 13.03 11 18 43 9687  1 271709 6692 1.8 27 15 1 2 92% 4741 895 55%
c v 13.03 11 18 43 9687  1 271709 6612 1.8 27 15 1 2 92% 4741 895 55%
c w 13.03 11 18 43 9687  1 271709 6612 1.8 27 15 1 2 92% 4741 895 55%
c t 13.03 11 18 43 9687  1 271709 6612 1.8 27 15 1 2 92% 4741 895 55%
c k 13.03 11 18 43 9687  1 271709 6612 1.8 27 15 1 2 92% 4741 895 55%
c 2 13.03 11 18 43 9687  1 271709 6612 1.8 27 15 1 2 92% 4741 895 55%
c 
c  seconds  reductions   conflicts        size   tier2     variables
c         MB     restarts      redundant     glue   trail      remaining
c          level       rate         size/glue  tier1 irredundant
c 
c f 13.03 11 18 43 9687  1 271709 6612 1.8 27 15 1 2 92% 4741 895 55%
c ~ 13.22 11 18 43 9687  1 276044 9071 1.8 27 15 1 2 92% 4741 895 55%
c O 13.22 11 18 43 9687  1 276045 9072 1.8 27 15 1 2 92% 4741 895 55%
c . 13.72 11 18 44 9688  1 284742 13646 1.8 27 15 1 2 91% 4741 895 55%
c G 13.72 11 18 44 9688  1 284742 6783 1.8 27 15 1 2 91% 4741 895 55%
c C 13.72 11 18 44 9688  1 284742 6783 1.8 27 15 1 2 91% 4741 895 55%
c - 13.72 11 18 44 9688  1 284742 6783 1.8 27 15 1 2 91% 4741 895 55%
c 2 13.72 11 18 44 9688  1 284742 6783 1.8 27 15 1 2 91% 4741 895 55%
c d 13.72 11 18 44 9688  1 284742 6783 1.8 27 15 1 2 91% 4741 895 55%
c p 13.72 11 18 44 9688  1 284742 6803 1.8 27 15 1 2 91% 4741 895 55%
c k 13.72 11 18 44 9688  1 284742 6803 1.8 27 15 1 2 91% 4741 895 55%
c 2 13.72 11 18 44 9688  1 284742 6803 1.8 27 15 1 2 91% 4741 895 55%
c = 13.76 11 18 44 9688  1 284742 6803 1.8 27 15 1 2 91% 4741 895 55%
c u 13.77 11 18 44 9688  1 284742 6353 1.8 27 15 1 2 91% 4741 895 55%
c v 13.77 11 18 44 9688  1 284742 6242 1.8 27 15 1 2 91% 4741 895 55%
c w 13.77 11 18 44 9688  1 284742 6242 1.8 27 15 1 2 91% 4741 895 55%
c t 13.77 11 18 44 9688  1 284742 6242 1.8 27 15 1 2 91% 4741 895 55%
c k 13.77 11 18 44 9688  1 284742 6242 1.8 27 15 1 2 91% 4741 895 55%
c 2 13.77 11 18 44 9688  1 284742 6242 1.8 27 15 1 2 91% 4741 895 55%
c f 13.77 11 18 44 9688  1 284742 6242 1.8 27 15 1 2 91% 4741 895 55%
c 
c  seconds  reductions   conflicts        size   tier2     variables
c         MB     restarts      redundant     glue   trail      remaining
c          level       rate         size/glue  tier1 irredundant
c 
c ] 13.84 11 18 44 9688  1 286124 7036 1.8 27 15 1 2 91% 4741 895 55%
c { 13.84 11 20 44 9688  2 286124 7036 2.8 34 12 1 2 80% 4741 895 55%
c . 14.64 11 20 45 10571  2 298083 17876 2.9 34 12 1 2 81% 4741 895 55%
c G 14.64 11 20 45 10571  2 298083 8637 2.9 34 12 1 2 81% 4741 895 55%
c C 14.64 12 20 45 10571  2 298083 8637 2.9 34 12 1 2 81% 4741 895 55%
c - 14.64 12 20 45 10571  2 298083 8637 2.9 34 12 1 2 81% 4741 895 55%
c 2 14.64 12 20 45 10571  2 298083 8637 2.9 34 12 1 2 81% 4741 895 55%
c d 14.64 12 20 45 10571  2 298083 8637 2.9 34 12 1 2 81% 4741 895 55%
c p 14.64 12 20 45 10571  2 298083 8657 2.9 34 12 1 2 81% 4741 895 55%
c k 14.64 12 20 45 10571  2 298083 8657 2.9 34 12 1 2 81% 4741 895 55%
c 2 14.64 12 20 45 10571  2 298083 8657 2.9 34 12 1 2 81% 4741 895 55%
c u 14.66 12 20 45 10571  2 298083 8435 2.9 34 12 1 2 81% 4741 895 55%
c v 14.66 12 20 45 10571  2 298083 8351 2.9 34 12 1 2 81% 4741 895 55%
c w 14.66 12 20 45 10571  2 298083 8351 2.9 34 12 1 2 81% 4741 895 55%
c t 14.66 12 20 45 10571  2 298083 8351 2.9 34 12 1 2 81% 4741 895 55%
c k 14.66 12 20 45 10571  2 298083 8351 2.9 34 12 1 2 81% 4741 895 55%
c 2 14.66 12 20 45 10571  2 298083 8351 2.9 34 12 1 2 81% 4741 895 55%
c f 14.66 10 20 45 10571  2 298083 8351 2.9 34 12 1 2 81% 4741 895 55%
c ~ 14.77 10 20 45 10821  2 300045 10012 2.8 34 12 1 2 81% 4741 895 55%
c W 14.84 10 20 45 10821  2 300046 10013 2.8 34 12 1 2 81% 4741 895 55%
c 
c  seconds  reductions    conflicts         size   tier2     variables
c         MB      restarts       redundant     glue   trail      remaining
c          level        rate          size/glue  tier1 irredundant
c 
c s 15.37 12 20 45 12193  2 308644 17264 2.8 34 12 1 2 82% 4741 895 55%
c t 15.37 12 20 45 12193  2 308644 17264 2.8 34 12 1 2 82% 4741 895 55%
c e 15.37 12 20 45 12193  2 308644 17264 2.8 34 12 1 2 82% 4741 895 55%
c s 15.38 12 20 45 12193  2 308644 17252 2.8 34 12 1 2 82% 4741 895 55%
c ^ 15.38 12 20 45 12193  2 308644 17252 2.8 34 12 1 2 82% 4741 895 55%
c . 15.62 12 20 46 12788  2 311732 19895 2.8 34 12 1 2 82% 4741 895 55%
c G 15.62 12 20 46 12788  2 311732 9470 2.8 34 12 1 2 82% 4741 895 55%
c C 15.62 12 20 46 12788  2 311732 9470 2.8 34 12 1 2 82% 4741 895 55%
c - 15.62 12 20 46 12788  2 311732 9470 2.8 34 12 1 2 82% 4741 895 55%
c 2 15.62 12 20 46 12788  2 311732 9470 2.8 34 12 1 2 82% 4741 895 55%
c d 15.62 12 20 46 12788  2 311732 9470 2.8 34 12 1 2 82% 4741 895 55%
c p 15.62 10 20 46 12788  2 311732 9490 2.8 34 12 1 2 82% 4741 895 55%
c k 15.62 10 20 46 12788  2 311732 9490 2.8 34 12 1 2 82% 4741 895 55%
c 2 15.62 10 20 46 12788  2 311732 9490 2.8 34 12 1 2 82% 4741 895 55%
c u 15.64 11 20 46 12788  2 311732 9259 2.8 34 12 1 2 82% 4741 895 55%
c v 15.64 11 20 46 12788  2 311732 9173 2.8 34 12 1 2 82% 4741 895 55%
c w 15.64 11 20 46 12788  2 311732 9173 2.8 34 12 1 2 82% 4741 895 55%
c t 15.64 11 20 46 12788  2 311732 9173 2.8 34 12 1 2 82% 4741 895 55%
c k 15.64 11 20 46 12788  2 311732 9173 2.8 34 12 1 2 82% 4741 895 55%
c 2 15.64 11 20 46 12788  2 311732 9173 2.8 34 12 1 2 82% 4741 895 55%
c 
c  seconds  reductions    conflicts        size   tier2     variables
c         MB      restarts      redundant     glue   trail      remaining
c          level        rate         size/glue  tier1 irredundant
c 
c f 15.64 11 20 46 12788  2 311732 9173 2.8 34 12 1 2 82% 4741 895 55%
c ~ 16.25 11 20 46 13781  2 325046 20851 2.7 34 12 1 2 80% 4741 895 55%
c # 16.25 12 20 46 13781  2 325047 20852 2.7 34 12 1 2 80% 4741 895 55%
c . 16.31 12 20 47 13876  2 325691 21399 2.7 34 12 1 2 80% 4741 895 55%
c G 16.31 12 20 47 13876  2 325691 10334 2.7 34 12 1 2 80% 4741 895 55%
c C 16.31 12 20 47 13876  2 325691 10334 2.7 34 12 1 2 80% 4741 895 55%
c - 16.31 12 20 47 13876  2 325691 10334 2.7 34 12 1 2 80% 4741 895 55%
c 2 16.31 12 20 47 13876  2 325691 10334 2.7 34 12 1 2 80% 4741 895 55%
c d 16.32 12 20 47 13876  2 325691 10334 2.7 34 12 1 2 80% 4741 895 55%
c p 16.32 12 20 47 13876  2 325691 10355 2.7 34 12 1 2 80% 4741 895 55%
c k 16.32 12 20 47 13876  2 325691 10355 2.7 34 12 1 2 80% 4741 895 55%
c 2 16.32 12 20 47 13876  2 325691 10355 2.7 34 12 1 2 80% 4741 895 55%
c u 16.33 12 20 47 13876  2 325691 10012 2.7 34 12 1 2 80% 4741 895 55%
c v 16.33 12 20 47 13876  2 325691 9993 2.7 34 12 1 2 80% 4741 895 55%
c w 16.33 12 20 47 13876  2 325691 9993 2.7 34 12 1 2 80% 4741 895 55%
c t 16.33 12 20 47 13876  2 325691 9993 2.7 34 12 1 2 80% 4741 895 55%
c k 16.33 12 20 47 13876  2 325691 9993 2.7 34 12 1 2 80% 4741 895 55%
c 2 16.33 12 20 47 13876  2 325691 9993 2.7 34 12 1 2 80% 4741 895 55%
c f 16.33 10 20 47 13876  2 325691 9993 2.7 34 12 1 2 80% 4741 895 55%
c } 16.81 10 20 47 14611  2 331749 15231 2.7 34 12 1 2 81% 4741 895 55%
c 
c  seconds  reductions    conflicts         size   tier2     variables
c         MB      restarts       redundant     glue   trail      remaining
c          level        rate          size/glue  tier1 irredundant
c 
c [ 16.81 10 18 47 14611  1 331749 15231 1.8 27 15 1 2 91% 4741 895 55%
c . 17.37 11 18 48 14611  1 339958 18643 1.7 27 15 1 2 91% 4741 895 55%
c G 17.37 11 18 48 14611  1 339958 9757 1.7 27 15 1 2 91% 4741 895 55%
c C 17.37 11 18 48 14611  1 339958 9757 1.7 27 15 1 2 91% 4741 895 55%
c - 17.37 11 18 48 14611  1 339958 9757 1.7 27 15 1 2 91% 4741 895 55%
c 2 17.37 11 18 48 14611  1 339958 9757 1.7 27 15 1 2 91% 4741 895 55%
c d 17.37 11 18 48 14611  1 339958 9757 1.7 27 15 1 2 91% 4741 895 55%
c p 17.37 11 18 48 14611  1 339958 9778 1.7 27 15 1 2 91% 4741 895 55%
c k 17.37 11 18 48 14611  1 339958 9778 1.7 27 15 1 2 91% 4741 895 55%
c 2 17.37 11 18 48 14611  1 339958 9778 1.7 27 15 1 2 91% 4741 895 55%
c u 17.39 11 18 48 14611  1 339958 9427 1.7 27 15 1 2 91% 4741 895 55%
c v 17.40 11 18 48 14611  1 339958 9418 1.7 27 15 1 2 91% 4741 895 55%
c w 17.40 11 18 48 14611  1 339958 9418 1.7 27 15 1 2 91% 4741 895 55%
c t 17.40 11 18 48 14611  1 339958 9418 1.7 27 15 1 2 91% 4741 895 55%
c k 17.40 11 18 48 14611  1 339958 9418 1.7 27 15 1 2 91% 4741 895 55%
c 2 17.40 11 18 48 14611  1 339958 9418 1.7 27 15 1 2 91% 4741 895 55%
c f 17.40 11 18 48 14611  1 339958 9418 1.7 27 15 1 2 91% 4741 895 55%
c ~ 17.88 11 18 48 14612  1 351048 16721 1.8 27 15 1 2 91% 4741 895 55%
c B 17.88 11 18 48 14612  1 351049 16722 1.8 27 15 1 2 91% 4741 895 55%
c . 18.04 11 18 49 14612  1 354534 19361 1.8 27 15 1 2 90% 4741 895 55%
c 
c  seconds  reductions    conflicts        size   tier2     variables
c         MB      restarts      redundant     glue   trail      remaining
c          level        rate         size/glue  tier1 irredundant
c 
c G 18.04 11 18 49 14612  1 354534 9482 1.8 27 15 1 2 90% 4741 895 55%
c C 18.04 12 18 49 14612  1 354534 9482 1.8 27 15 1 2 90% 4741 895 55%
c - 18.04 12 18 49 14612  1 354534 9482 1.8 27 15 1 2 90% 4741 895 55%
c 2 18.04 12 18 49 14612  1 354534 9482 1.8 27 15 1 2 90% 4741 895 55%
c d 18.04 12 18 49 14612  1 354534 9482 1.8 27 15 1 2 90% 4741 895 55%
c p 18.04 12 18 49 14612  1 354534 9503 1.8 27 15 1 2 90% 4741 895 55%
c c 18.04 12 18 49 14612  1 354534 9503 1.8 27 15 1 2 90% 4741 895 55%
c k 18.04 12 18 49 14612  1 354534 9503 1.8 27 15 1 2 90% 4741 895 55%
c 2 18.04 12 18 49 14612  1 354534 9503 1.8 27 15 1 2 90% 4741 895 55%
c u 18.05 12 18 49 14612  1 354534 9437 1.8 27 15 1 2 90% 4741 895 55%
c v 18.05 12 18 49 14612  1 354534 9430 1.8 27 15 1 2 90% 4741 895 55%
c w 18.05 12 18 49 14612  1 354534 9430 1.8 27 15 1 2 90% 4741 895 55%
c x 18.06 12 18 49 14612  1 354534 9430 1.8 27 15 1 2 90% 4734 895 55%
c t 18.06 12 18 49 14612  1 354534 9430 1.8 27 15 1 2 90% 4734 895 55%
c k 18.06 12 18 49 14612  1 354534 9430 1.8 27 15 1 2 90% 4734 895 55%
c 2 18.06 12 18 49 14612  1 354534 9430 1.8 27 15 1 2 90% 4734 895 55%
c f 18.06 12 18 49 14612  1 354534 9430 1.8 27 15 1 2 90% 4734 895 55%
c s 18.71 12 18 49 14612  1 366371 17888 1.8 27 15 1 2 90% 4734 895 55%
c t 18.71 12 18 49 14612  1 366371 17888 1.8 27 15 1 2 90% 4734 895 55%
c e 18.72 12 18 49 14612  1 366371 12264 1.8 27 15 1 2 90% 4899 808 50%
c 
c  seconds  reductions    conflicts         size   tier2     variables
c         MB      restarts       redundant     glue   trail      remaining
c          level        rate          size/glue  tier1 irredundant
c 
c s 18.72 12 18 49 14612  1 366371 12252 1.8 27 15 1 2 90% 4891 808 50%
c e 18.73 12 18 49 14612  1 366371 12243 1.8 27 15 1 2 90% 4881 803 49%
c G 18.73 12 18 49 14612  1 366371 12243 1.8 27 15 1 2 90% 4881 803 49%
c C 18.73 12 18 49 14612  1 366371 12243 1.8 27 15 1 2 90% 4881 803 49%
c . 18.86 12 18 50 14612  1 369420 14174 1.8 27 15 1 2 87% 4881 803 49%
c G 18.86 12 18 50 14612  1 369420 7010 1.8 27 15 1 2 87% 4881 803 49%
c C 18.86 12 18 50 14612  1 369420 7010 1.8 27 15 1 2 87% 4881 803 49%
c - 18.86 12 18 50 14612  1 369420 7010 1.8 27 15 1 2 87% 4881 803 49%
c 2 18.86 12 18 50 14612  1 369420 7008 1.8 27 15 1 2 87% 4881 803 49%
c d 18.87 12 18 50 14612  1 369420 7008 1.8 27 15 1 2 87% 4881 803 49%
c p 18.87 12 18 50 14612  1 369420 7022 1.8 27 15 1 2 87% 4881 803 49%
c k 18.87 12 18 50 14612  1 369420 7022 1.8 27 15 1 2 87% 4881 803 49%
c 2 18.87 12 18 50 14612  1 369420 7022 1.8 27 15 1 2 87% 4881 803 49%
c u 18.88 12 18 50 14612  1 369420 6838 1.8 27 15 1 2 87% 4879 803 49%
c v 18.88 12 18 50 14612  1 369420 6737 1.8 27 15 1 2 87% 4879 803 49%
c w 18.88 12 18 50 14612  1 369420 6737 1.8 27 15 1 2 87% 4879 803 49%
c t 18.88 12 18 50 14612  1 369420 6737 1.8 27 15 1 2 87% 4879 803 49%
c k 18.88 12 18 50 14612  1 369420 6737 1.8 27 15 1 2 87% 4879 803 49%
c 2 18.88 12 18 50 14612  1 369420 6737 1.8 27 15 1 2 87% 4879 803 49%
c f 18.89 12 18 50 14612  1 369420 6737 1.8 27 15 1 2 86% 4844 814 50%
c 
c  seconds  reductions    conflicts         size   tier2     variables
c         MB      restarts       redundant     glue   trail      remaining
c          level        rate          size/glue  tier1 irredundant
c 
c ~ 19.30 12 18 50 14616  1 378049 11407 1.8 27 16 1 2 88% 4844 814 50%
c W 19.43 12 18 50 14616  1 378050 11408 1.8 27 16 1 2 88% 4844 814 50%
c . 19.76 12 18 51 14619  1 384614 14874 1.8 28 16 1 2 89% 4844 814 50%
c G 19.76 12 18 51 14619  1 384614 7240 1.8 28 16 1 2 89% 4844 814 50%
c C 19.76 12 18 51 14619  1 384614 7240 1.8 28 16 1 2 89% 4844 814 50%
c - 19.76 12 18 51 14619  1 384614 7240 1.8 28 16 1 2 89% 4844 814 50%
c 2 19.76 12 18 51 14619  1 384614 7240 1.8 28 16 1 2 89% 4844 814 50%
c d 19.76 12 18 51 14619  1 384614 7240 1.8 28 16 1 2 89% 4844 814 50%
c p 19.76 12 18 51 14619  1 384614 7255 1.8 28 16 1 2 89% 4844 814 50%
c k 19.76 12 18 51 14619  1 384614 7255 1.8 28 16 1 2 89% 4844 814 50%
c 2 19.76 12 18 51 14619  1 384614 7255 1.8 28 16 1 2 89% 4844 814 50%
c u 19.77 12 18 51 14619  1 384614 6974 1.8 28 16 1 2 89% 4844 814 50%
c v 19.78 12 18 51 14619  1 384614 6881 1.8 28 16 1 2 89% 4844 814 50%
c w 19.78 12 18 51 14619  1 384614 6831 1.8 28 16 1 2 89% 4844 814 50%
c t 19.78 12 18 51 14619  1 384614 6831 1.8 28 16 1 2 89% 4844 814 50%
c k 19.78 12 18 51 14619  1 384614 6831 1.8 28 16 1 2 89% 4844 814 50%
c 2 19.78 12 18 51 14619  1 384614 6831 1.8 28 16 1 2 89% 4844 814 50%
c f 19.78 12 18 51 14619  1 384614 6831 1.8 28 16 1 2 89% 4844 814 50%
c ] 19.92 12 18 51 14621  1 388176 8841 1.8 27 16 1 2 88% 4844 814 50%
c { 19.92 12 20 51 14621  2 388176 8841 2.7 34 12 1 2 91% 4844 814 50%
c 
c  seconds  reductions    conflicts         size   tier2     variables
c         MB      restarts       redundant     glue   trail      remaining
c          level        rate          size/glue  tier1 irredundant
c 
c . 20.61 12 20 52 14903  2 400121 19486 2.8 34 12 1 2 90% 4844 814 50%
c G 20.61 12 20 52 14903  2 400121 9175 2.8 34 12 1 2 90% 4844 814 50%
c C 20.61 12 20 52 14903  2 400121 9175 2.8 34 12 1 2 90% 4844 814 50%
c - 20.61 12 20 52 14903  2 400121 9175 2.8 34 12 1 2 90% 4844 814 50%
c 2 20.61 12 20 52 14903  2 400121 9175 2.8 34 12 1 2 90% 4844 814 50%
c d 20.61 12 20 52 14903  2 400121 9175 2.8 34 12 1 2 90% 4844 814 50%
c p 20.61 12 20 52 14903  2 400121 9190 2.8 34 12 1 2 90% 4844 814 50%
c k 20.61 12 20 52 14903  2 400121 9190 2.8 34 12 1 2 90% 4844 814 50%
c 2 20.61 12 20 52 14903  2 400121 9190 2.8 34 12 1 2 90% 4844 814 50%
c = 20.66 12 20 52 14903  2 400121 9190 2.8 34 12 1 2 90% 4844 814 50%
c u 20.67 12 20 52 14903  2 400121 8991 2.8 34 12 1 2 90% 4844 814 50%
c v 20.67 12 20 52 14903  2 400121 8919 2.8 34 12 1 2 90% 4844 814 50%
c w 20.67 12 20 52 14903  2 400121 8912 2.8 34 12 1 2 90% 4844 814 50%
c t 20.67 12 20 52 14903  2 400121 8912 2.8 34 12 1 2 90% 4844 814 50%
c k 20.68 12 20 52 14903  2 400121 8912 2.8 34 12 1 2 90% 4844 814 50%
c 2 20.68 12 20 52 14903  2 400121 8912 2.8 34 12 1 2 90% 4844 814 50%
c f 20.68 12 20 52 14903  2 400121 8912 2.8 34 12 1 2 90% 4844 814 50%
c ~ 20.97 12 20 52 15917  2 406050 14114 2.8 34 12 1 2 89% 4844 814 50%
c B 20.97 12 20 52 15917  2 406051 14115 2.8 34 12 1 2 89% 4844 814 50%
c . 21.57 13 20 53 16940  2 415935 22749 2.7 34 12 1 2 88% 4844 814 50%
c 
c  seconds  reductions    conflicts         size   tier2     variables
c         MB      restarts       redundant     glue   trail      remaining
c          level        rate          size/glue  tier1 irredundant
c 
c G 21.57 13 20 53 16940  2 415935 10617 2.7 34 12 1 2 88% 4844 814 50%
c C 21.58 14 20 53 16940  2 415935 10617 2.7 34 12 1 2 88% 4844 814 50%
c - 21.58 14 20 53 16940  2 415935 10617 2.7 34 12 1 2 88% 4844 814 50%
c 2 21.58 14 20 53 16940  2 415935 10617 2.7 34 12 1 2 88% 4844 814 50%
c d 21.58 14 20 53 16940  2 415935 10617 2.7 34 12 1 2 88% 4844 814 50%
c p 21.58 14 20 53 16940  2 415935 10633 2.7 34 12 1 2 88% 4844 814 50%
c k 21.58 14 20 53 16940  2 415935 10633 2.7 34 12 1 2 88% 4844 814 50%
c 2 21.58 14 20 53 16940  2 415935 10633 2.7 34 12 1 2 88% 4844 814 50%
c u 21.59 14 20 53 16940  2 415935 10356 2.7 34 12 1 2 88% 4844 814 50%
c v 21.60 14 20 53 16940  2 415935 10263 2.7 34 12 1 2 88% 4844 814 50%
c w 21.60 14 20 53 16940  2 415935 10263 2.7 34 12 1 2 88% 4844 814 50%
c t 21.60 14 20 53 16940  2 415935 10263 2.7 34 12 1 2 88% 4844 814 50%
c k 21.60 14 20 53 16940  2 415935 10263 2.7 34 12 1 2 88% 4844 814 50%
c 2 21.60 14 20 53 16940  2 415935 10263 2.7 34 12 1 2 88% 4844 814 50%
c f 21.60 10 20 53 16940  2 415935 10263 2.7 34 12 1 2 88% 4844 814 50%
c . 22.72 13 20 54 19883  2 432058 23474 2.6 34 13 1 2 88% 4844 814 50%
c G 22.72 13 20 54 19883  2 432058 11004 2.6 34 13 1 2 88% 4844 814 50%
c C 22.73 13 20 54 19883  2 432058 11004 2.6 34 13 1 2 88% 4844 814 50%
c - 22.73 13 20 54 19883  2 432058 11004 2.6 34 13 1 2 88% 4844 814 50%
c 2 22.73 13 20 54 19883  2 432058 11004 2.6 34 13 1 2 88% 4844 814 50%
c 
c  seconds  reductions    conflicts         size   tier2     variables
c         MB      restarts       redundant     glue   trail      remaining
c          level        rate          size/glue  tier1 irredundant
c 
c d 22.73 13 20 54 19883  2 432058 11004 2.6 34 13 1 2 88% 4844 814 50%
c p 22.73 12 20 54 19883  2 432058 11020 2.6 34 13 1 2 88% 4844 814 50%
c k 22.73 12 20 54 19883  2 432058 11020 2.6 34 13 1 2 88% 4844 814 50%
c 2 22.73 12 20 54 19883  2 432058 11020 2.6 34 13 1 2 88% 4844 814 50%
c u 22.74 12 20 54 19883  2 432058 10575 2.6 34 13 1 2 88% 4844 814 50%
c v 22.75 12 20 54 19883  2 432058 10496 2.6 34 13 1 2 88% 4844 814 50%
c w 22.75 12 20 54 19883  2 432058 10496 2.6 34 13 1 2 88% 4844 814 50%
c t 22.75 12 20 54 19883  2 432058 10496 2.6 34 13 1 2 88% 4844 814 50%
c k 22.75 12 20 54 19883  2 432058 10496 2.6 34 13 1 2 88% 4844 814 50%
c 2 22.75 12 20 54 19883  2 432058 10496 2.6 34 13 1 2 88% 4844 814 50%
c f 22.76 12 20 54 19883  2 432058 10496 2.6 34 13 1 2 88% 4844 814 50%
c s 22.86 12 20 54 19944  2 434069 12256 2.6 34 13 1 2 88% 4835 814 50%
c t 22.86 12 20 54 19944  2 434069 12256 2.6 34 13 1 2 88% 4835 814 50%
c e 22.86 12 20 54 19944  2 434069 11830 2.6 34 13 1 2 88% 4831 812 50%
c s 22.87 12 20 54 19944  2 434069 11815 2.6 34 13 1 2 88% 4831 812 50%
c e 22.87 12 20 54 19944  2 434069 11815 2.6 34 13 1 2 88% 4831 812 50%
c ~ 22.94 12 20 54 20158  2 435051 12656 2.6 34 13 1 2 88% 4831 812 50%
c W 23.03 12 20 54 20158  2 435052 12657 2.6 34 13 1 2 88% 4831 812 50%
c } 23.65 12 20 54 20650  2 445457 21822 2.7 35 13 1 2 88% 4831 812 50%
c [ 23.65 12 18 54 20650  1 445457 21822 1.8 27 16 1 2 88% 4831 812 50%
c 
c  seconds  reductions    conflicts         size   tier2     variables
c         MB      restarts       redundant     glue   trail      remaining
c          level        rate          size/glue  tier1 irredundant
c 
c . 23.79 12 18 55 20652  1 448491 24431 1.8 28 15 1 2 89% 4831 812 50%
c G 23.79 12 18 55 20652  1 448491 11248 1.8 28 15 1 2 89% 4831 812 50%
c C 23.79 12 18 55 20652  1 448491 11248 1.8 28 15 1 2 89% 4831 812 50%
c - 23.79 12 18 55 20652  1 448491 11248 1.8 28 15 1 2 89% 4831 812 50%
c 2 23.79 12 18 55 20652  1 448491 11248 1.8 28 15 1 2 89% 4831 812 50%
c d 23.79 12 18 55 20652  1 448491 11248 1.8 28 15 1 2 89% 4831 812 50%
c p 23.79 11 18 55 20652  1 448491 11263 1.8 28 15 1 2 89% 4831 812 50%
c k 23.79 11 18 55 20652  1 448491 11263 1.8 28 15 1 2 89% 4831 812 50%
c 2 23.79 11 18 55 20652  1 448491 11263 1.8 28 15 1 2 89% 4831 812 50%
c u 23.81 11 18 55 20652  1 448491 11169 1.8 28 15 1 2 89% 4831 812 50%
c v 23.82 11 18 55 20652  1 448491 11123 1.8 28 15 1 2 89% 4831 812 50%
c w 23.82 11 18 55 20652  1 448491 11123 1.8 28 15 1 2 89% 4831 812 50%
c t 23.82 11 18 55 20652  1 448491 11123 1.8 28 15 1 2 89% 4831 812 50%
c k 23.82 11 18 55 20652  1 448491 11123 1.8 28 15 1 2 89% 4831 812 50%
c 2 23.82 11 18 55 20652  1 448491 11123 1.8 28 15 1 2 89% 4831 812 50%
c f 23.82 11 18 55 20652  1 448491 11123 1.8 28 15 1 2 89% 4828 813 50%
c ~ 24.46 11 18 55 20657  1 465052 22354 1.8 27 15 1 2 88% 4828 813 50%
c I 24.46 11 18 55 20657  1 465053 22355 1.8 27 15 1 2 88% 4828 813 50%
c . 24.47 11 18 56 20657  1 465233 22499 1.8 27 15 1 2 88% 4828 813 50%
c G 24.47 11 18 56 20657  1 465233 10477 1.8 27 15 1 2 88% 4828 813 50%
c 
c  seconds  reductions    conflicts         size   tier2     variables
c         MB      restarts       redundant     glue   trail      remaining
c          level        rate          size/glue  tier1 irredundant
c 
c C 24.47 11 18 56 20657  1 465233 10477 1.8 27 15 1 2 88% 4828 813 50%
c - 24.47 11 18 56 20657  1 465233 10477 1.8 27 15 1 2 88% 4828 813 50%
c 2 24.47 11 18 56 20657  1 465233 10477 1.8 27 15 1 2 88% 4828 813 50%
c d 24.47 11 18 56 20657  1 465233 10477 1.8 27 15 1 2 88% 4828 813 50%
c p 24.47 11 18 56 20657  1 465233 10493 1.8 27 15 1 2 88% 4828 813 50%
c k 24.47 11 18 56 20657  1 465233 10493 1.8 27 15 1 2 88% 4828 813 50%
c 2 24.47 11 18 56 20657  1 465233 10493 1.8 27 15 1 2 88% 4828 813 50%
c u 24.48 11 18 56 20657  1 465233 10367 1.8 27 15 1 2 88% 4828 813 50%
c v 24.49 11 18 56 20657  1 465233 10301 1.8 27 15 1 2 88% 4828 813 50%
c w 24.49 11 18 56 20657  1 465233 10301 1.8 27 15 1 2 88% 4828 813 50%
c t 24.49 11 18 56 20657  1 465233 10301 1.8 27 15 1 2 88% 4828 813 50%
c k 24.49 11 18 56 20657  1 465233 10301 1.8 27 15 1 2 88% 4828 813 50%
c 2 24.49 11 18 56 20657  1 465233 10301 1.8 27 15 1 2 88% 4828 813 50%
c f 24.49 11 18 56 20657  1 465233 10301 1.8 27 15 1 2 88% 4828 813 50%
c . 25.10 11 18 57 20668  1 482285 22003 1.8 27 15 1 2 87% 4828 813 50%
c G 25.10 12 18 57 20668  1 482285 9420 1.8 27 15 1 2 87% 4828 813 50%
c C 25.10 12 18 57 20668  1 482285 9420 1.8 27 15 1 2 87% 4828 813 50%
c - 25.10 12 18 57 20668  1 482285 9420 1.8 27 15 1 2 87% 4828 813 50%
c 2 25.10 12 18 57 20668  1 482285 9420 1.8 27 15 1 2 87% 4828 813 50%
c d 25.11 12 18 57 20668  1 482285 9420 1.8 27 15 1 2 87% 4828 813 50%
c 
c  seconds  reductions    conflicts        size   tier2     variables
c         MB      restarts      redundant     glue   trail      remaining
c          level        rate         size/glue  tier1 irredundant
c 
c p 25.11 12 18 57 20668  1 482285 9436 1.8 27 15 1 2 87% 4828 813 50%
c k 25.11 12 18 57 20668  1 482285 9436 1.8 27 15 1 2 87% 4828 813 50%
c 2 25.11 12 18 57 20668  1 482285 9436 1.8 27 15 1 2 87% 4828 813 50%
c u 25.12 12 18 57 20668  1 482285 9247 1.8 27 15 1 2 87% 4828 813 50%
c v 25.12 12 18 57 20668  1 482285 9147 1.8 27 15 1 2 87% 4828 813 50%
c w 25.12 12 18 57 20668  1 482285 9147 1.8 27 15 1 2 87% 4828 813 50%
c t 25.12 12 18 57 20668  1 482285 9147 1.8 27 15 1 2 87% 4828 813 50%
c k 25.12 12 18 57 20668  1 482285 9147 1.8 27 15 1 2 87% 4828 813 50%
c 2 25.12 12 18 57 20668  1 482285 9147 1.8 27 15 1 2 87% 4828 813 50%
c f 25.12 12 18 57 20668  1 482285 9147 1.8 27 15 1 2 87% 4828 813 50%
c ~ 25.65 12 18 57 20671  1 496055 18126 1.7 27 15 1 2 87% 4828 813 50%
c B 25.65 12 18 57 20671  1 496056 18127 1.7 27 15 1 2 87% 4828 813 50%
c . 25.80 12 18 58 20672  1 499650 20041 1.7 26 15 1 2 87% 4828 813 50%
c G 25.81 12 18 58 20672  1 499650 8834 1.7 26 15 1 2 87% 4828 813 50%
c C 25.81 12 18 58 20672  1 499650 8834 1.7 26 15 1 2 87% 4828 813 50%
c - 25.81 12 18 58 20672  1 499650 8834 1.7 26 15 1 2 87% 4828 813 50%
c 2 25.81 12 18 58 20672  1 499650 8834 1.7 26 15 1 2 87% 4828 813 50%
c d 25.81 12 18 58 20672  1 499650 8834 1.7 26 15 1 2 87% 4828 813 50%
c p 25.81 12 18 58 20672  1 499650 8850 1.7 26 15 1 2 87% 4828 813 50%
c k 25.81 12 18 58 20672  1 499650 8850 1.7 26 15 1 2 87% 4828 813 50%
c 
c  seconds  reductions    conflicts        size   tier2     variables
c         MB      restarts      redundant     glue   trail      remaining
c          level        rate         size/glue  tier1 irredundant
c 
c 2 25.81 12 18 58 20672  1 499650 8850 1.7 26 15 1 2 87% 4828 813 50%
c u 25.82 12 18 58 20672  1 499650 8777 1.7 26 15 1 2 87% 4828 813 50%
c v 25.82 12 18 58 20672  1 499650 8707 1.7 26 15 1 2 87% 4828 813 50%
c w 25.82 12 18 58 20672  1 499650 8707 1.7 26 15 1 2 87% 4828 813 50%
c x 25.83 12 18 58 20672  1 499650 8707 1.7 26 15 1 2 87% 4814 813 50%
c t 25.83 12 18 58 20672  1 499650 8707 1.7 26 15 1 2 87% 4813 813 50%
c k 25.83 12 18 58 20672  1 499650 8707 1.7 26 15 1 2 87% 4813 813 50%
c 2 25.83 12 18 58 20672  1 499650 8707 1.7 26 15 1 2 87% 4813 813 50%
c f 25.83 12 18 58 20672  1 499650 8707 1.7 26 15 1 2 87% 4813 813 50%
c s 26.07 12 18 58 20672  1 506107 12990 1.7 26 15 1 2 87% 4813 813 50%
c t 26.07 12 18 58 20672  1 506107 12990 1.7 26 15 1 2 87% 4813 813 50%
c e 26.07 12 18 58 20672  1 506107 12871 1.7 26 15 1 2 87% 4816 811 50%
c s 26.08 12 18 58 20672  1 506107 12867 1.7 26 15 1 2 87% 4815 811 50%
c e 26.08 12 18 58 20672  1 506107 12867 1.7 26 15 1 2 87% 4814 811 50%
c . 26.46 12 18 59 20675  1 517321 21558 1.7 26 15 1 2 87% 4814 811 50%
c G 26.46 12 18 59 20675  1 517321 9142 1.7 26 15 1 2 87% 4814 811 50%
c C 26.47 12 18 59 20675  1 517321 9142 1.7 26 15 1 2 87% 4814 811 50%
c - 26.47 12 18 59 20675  1 517321 9142 1.7 26 15 1 2 87% 4814 811 50%
c 2 26.47 12 18 59 20675  1 517321 9141 1.7 26 15 1 2 87% 4814 811 50%
c d 26.47 12 18 59 20675  1 517321 9141 1.7 26 15 1 2 87% 4814 811 50%
c 
c  seconds  reductions    conflicts        size   tier2     variables
c         MB      restarts      redundant     glue   trail      remaining
c          level        rate         size/glue  tier1 irredundant
c 
c p 26.47 12 18 59 20675  1 517321 9157 1.7 26 15 1 2 87% 4814 811 50%
c c 26.47 12 18 59 20675  1 517321 9157 1.7 26 15 1 2 87% 4814 811 50%
c k 26.47 12 18 59 20675  1 517321 9157 1.7 26 15 1 2 87% 4814 811 50%
c 2 26.47 12 18 59 20675  1 517321 9157 1.7 26 15 1 2 87% 4814 811 50%
c u 26.48 12 18 59 20675  1 517321 9078 1.7 26 15 1 2 87% 4814 811 50%
c v 26.48 12 18 59 20675  1 517321 8982 1.7 26 15 1 2 87% 4814 811 50%
c w 26.48 12 18 59 20675  1 517321 8982 1.7 26 15 1 2 87% 4814 811 50%
c t 26.48 12 18 59 20675  1 517321 8982 1.7 26 15 1 2 87% 4814 811 50%
c k 26.48 12 18 59 20675  1 517321 8982 1.7 26 15 1 2 87% 4814 811 50%
c 2 26.48 12 18 59 20675  1 517321 8982 1.7 26 15 1 2 87% 4814 811 50%
c f 26.48 12 18 59 20675  1 517321 8982 1.7 26 15 1 2 87% 4814 811 50%
c ~ 26.86 12 18 59 20681  1 528056 16646 1.7 26 15 1 2 87% 4814 811 50%
c W 26.98 12 18 59 20681  1 528057 16647 1.7 26 15 1 2 87% 4814 811 50%
c ] 27.20 12 18 59 20685  1 533288 20349 1.7 26 15 1 2 87% 4814 811 50%
c { 27.20 12 20 59 20685  2 533288 20349 2.7 35 13 1 2 88% 4814 811 50%
c . 27.35 12 20 60 21090  2 535302 22048 2.7 35 13 1 2 88% 4814 811 50%
c G 27.35 12 20 60 21090  2 535302 9938 2.7 35 13 1 2 88% 4814 811 50%
c C 27.35 13 20 60 21090  2 535302 9938 2.7 35 13 1 2 88% 4814 811 50%
c - 27.35 13 20 60 21090  2 535302 9938 2.7 35 13 1 2 88% 4814 811 50%
c 2 27.35 13 20 60 21090  2 535302 9938 2.7 35 13 1 2 88% 4814 811 50%
c 
c  seconds  reductions    conflicts        size   tier2     variables
c         MB      restarts      redundant     glue   trail      remaining
c          level        rate         size/glue  tier1 irredundant
c 
c d 27.35 13 20 60 21090  2 535302 9938 2.7 35 13 1 2 88% 4814 811 50%
c p 27.35 13 20 60 21090  2 535302 9955 2.7 35 13 1 2 88% 4814 811 50%
c k 27.35 13 20 60 21090  2 535302 9955 2.7 35 13 1 2 88% 4814 811 50%
c 2 27.35 13 20 60 21090  2 535302 9955 2.7 35 13 1 2 88% 4814 811 50%
c u 27.36 13 20 60 21090  2 535302 9737 2.7 35 13 1 2 88% 4814 811 50%
c v 27.37 13 20 60 21090  2 535302 9643 2.7 35 13 1 2 88% 4814 811 50%
c w 27.37 13 20 60 21090  2 535302 9601 2.7 35 13 1 2 88% 4814 811 50%
c t 27.37 13 20 60 21090  2 535302 9601 2.7 35 13 1 2 88% 4814 811 50%
c k 27.37 13 20 60 21090  2 535302 9601 2.7 35 13 1 2 88% 4814 811 50%
c 2 27.37 13 20 60 21090  2 535302 9601 2.7 35 13 1 2 88% 4814 811 50%
c f 27.37 13 20 60 21090  2 535302 9601 2.7 35 13 1 2 88% 4814 811 50%
c . 28.17 13 20 61 21973  2 553593 25954 2.6 33 13 1 2 85% 4814 811 50%
c G 28.17 13 20 61 21973  2 553593 12033 2.6 33 13 1 2 85% 4814 811 50%
c C 28.17 13 20 61 21973  2 553593 12033 2.6 33 13 1 2 85% 4814 811 50%
c - 28.17 13 20 61 21973  2 553593 12033 2.6 33 13 1 2 85% 4814 811 50%
c 2 28.17 13 20 61 21973  2 553593 12033 2.6 33 13 1 2 85% 4814 811 50%
c d 28.17 13 20 61 21973  2 553593 12033 2.6 33 13 1 2 85% 4814 811 50%
c p 28.17 13 20 61 21973  2 553593 12051 2.6 33 13 1 2 85% 4814 811 50%
c k 28.17 13 20 61 21973  2 553593 12051 2.6 33 13 1 2 85% 4814 811 50%
c 2 28.17 13 20 61 21973  2 553593 12051 2.6 33 13 1 2 85% 4814 811 50%
c 
c  seconds  reductions    conflicts         size   tier2     variables
c         MB      restarts       redundant     glue   trail      remaining
c          level        rate          size/glue  tier1 irredundant
c 
c = 28.22 13 20 61 21973  2 553593 12051 2.6 33 13 1 2 85% 4814 811 50%
c u 28.23 13 20 61 21973  2 553593 11700 2.6 33 13 1 2 85% 4814 811 50%
c v 28.24 13 20 61 21973  2 553593 11596 2.6 33 13 1 2 85% 4814 811 50%
c w 28.24 13 20 61 21973  2 553593 11596 2.6 33 13 1 2 85% 4814 811 50%
c t 28.24 13 20 61 21973  2 553593 11596 2.6 33 13 1 2 85% 4814 811 50%
c k 28.24 13 20 61 21973  2 553593 11596 2.6 33 13 1 2 85% 4814 811 50%
c 2 28.24 13 20 61 21973  2 553593 11596 2.6 33 13 1 2 85% 4814 811 50%
c f 28.24 13 20 61 21973  2 553593 11596 2.6 33 13 1 2 85% 4814 811 50%
c ~ 28.75 13 20 61 23050  2 561057 17989 2.6 34 13 1 2 86% 4814 811 50%
c F 28.75 13 20 61 23050  2 561058 17990 2.6 34 13 1 2 86% 4814 811 50%
c . 29.16 13 19 62 23111  2 572195 28081 2.6 32 12 1 2 83% 4814 811 50%
c G 29.16 13 19 62 23111  2 572195 13282 2.6 32 12 1 2 83% 4814 811 50%
c C 29.16 14 19 62 23111  2 572195 13282 2.6 32 12 1 2 83% 4814 811 50%
c - 29.16 14 19 62 23111  2 572195 13282 2.6 32 12 1 2 83% 4814 811 50%
c 2 29.16 14 19 62 23111  2 572195 13282 2.6 32 12 1 2 83% 4814 811 50%
c d 29.16 14 19 62 23111  2 572195 13282 2.6 32 12 1 2 83% 4814 811 50%
c p 29.17 12 19 62 23111  2 572195 13298 2.6 32 12 1 2 83% 4814 811 50%
c k 29.17 12 19 62 23111  2 572195 13298 2.6 32 12 1 2 83% 4814 811 50%
c 2 29.17 12 19 62 23111  2 572195 13298 2.6 32 12 1 2 83% 4814 811 50%
c u 29.18 12 19 62 23111  2 572195 13226 2.6 32 12 1 2 83% 4814 811 50%
c 
c  seconds  reductions    conflicts         size   tier2     variables
c         MB      restarts       redundant     glue   trail      remaining
c          level        rate          size/glue  tier1 irredundant
c 
c v 29.19 12 19 62 23111  2 572195 13126 2.6 32 12 1 2 83% 4814 811 50%
c w 29.19 12 19 62 23111  2 572195 13126 2.6 32 12 1 2 83% 4814 811 50%
c t 29.19 12 19 62 23111  2 572195 13126 2.6 32 12 1 2 83% 4814 811 50%
c k 29.19 12 19 62 23111  2 572195 13126 2.6 32 12 1 2 83% 4814 811 50%
c 2 29.19 12 19 62 23111  2 572195 13126 2.6 32 12 1 2 83% 4814 811 50%
c f 29.19 12 19 62 23111  2 572195 13126 2.6 32 12 1 2 83% 4814 811 50%
c s 30.06 13 19 62 23775  2 583192 23184 2.7 33 12 1 2 84% 4814 811 50%
c t 30.06 13 19 62 23775  2 583192 23184 2.7 33 12 1 2 84% 4814 811 50%
c e 30.06 13 19 62 23775  2 583192 23184 2.7 33 12 1 2 84% 4814 811 50%
c s 30.08 13 19 62 23775  2 583192 23153 2.7 33 12 1 2 84% 4814 811 50%
c ^ 30.08 13 19 62 23775  2 583192 23153 2.7 33 12 1 2 84% 4814 811 50%
c . 30.52 14 19 63 24385  2 591106 30249 2.7 33 12 1 2 82% 4814 811 50%
c G 30.52 15 19 63 24385  2 591106 14528 2.7 33 12 1 2 82% 4814 811 50%
c C 30.52 15 19 63 24385  2 591106 14528 2.7 33 12 1 2 82% 4814 811 50%
c - 30.52 15 19 63 24385  2 591106 14528 2.7 33 12 1 2 82% 4814 811 50%
c 2 30.52 15 19 63 24385  2 591106 14528 2.7 33 12 1 2 82% 4814 811 50%
c d 30.53 15 19 63 24385  2 591106 14528 2.7 33 12 1 2 82% 4814 811 50%
c p 30.53 13 19 63 24385  2 591106 14545 2.7 33 12 1 2 82% 4814 811 50%
c k 30.53 13 19 63 24385  2 591106 14545 2.7 33 12 1 2 82% 4814 811 50%
c 2 30.53 13 19 63 24385  2 591106 14545 2.7 33 12 1 2 82% 4814 811 50%
c 
c  seconds  reductions    conflicts         size   tier2     variables
c         MB      restarts       redundant     glue   trail      remaining
c          level        rate          size/glue  tier1 irredundant
c 
c u 30.54 13 19 63 24385  2 591106 14341 2.7 33 12 1 2 82% 4814 811 50%
c v 30.55 13 19 63 24385  2 591106 14166 2.7 33 12 1 2 82% 4814 811 50%
c w 30.55 13 19 63 24385  2 591106 14166 2.7 33 12 1 2 82% 4814 811 50%
c t 30.55 13 19 63 24385  2 591106 14166 2.7 33 12 1 2 82% 4814 811 50%
c k 30.55 13 19 63 24385  2 591106 14166 2.7 33 12 1 2 82% 4814 811 50%
c 2 30.55 13 19 63 24385  2 591106 14166 2.7 33 12 1 2 82% 4814 811 50%
c f 30.55 11 19 63 24385  2 591106 14166 2.7 33 12 1 2 82% 4814 811 50%
c ~ 30.73 11 19 63 24579  2 595058 17721 2.7 33 12 1 2 82% 4814 811 50%
c B 30.73 11 19 63 24579  2 595059 17722 2.7 33 12 1 2 82% 4814 811 50%
c } 31.50 12 19 63 26455  2 605672 25054 2.6 32 12 1 2 83% 4814 811 50%
c [ 31.50 12 18 63 26455  1 605672 25054 1.7 26 15 1 2 87% 4814 811 50%
c . 31.73 13 18 64 26456  1 610327 29198 1.7 26 15 1 2 86% 4814 811 50%
c G 31.73 13 18 64 26456  1 610327 14587 1.7 26 15 1 2 86% 4814 811 50%
c C 31.73 13 18 64 26456  1 610327 14587 1.7 26 15 1 2 86% 4814 811 50%
c - 31.73 13 18 64 26456  1 610327 14587 1.7 26 15 1 2 86% 4814 811 50%
c 2 31.73 13 18 64 26456  1 610327 14587 1.7 26 15 1 2 86% 4814 811 50%
c d 31.73 13 18 64 26456  1 610327 14587 1.7 26 15 1 2 86% 4814 811 50%
c p 31.73 13 18 64 26456  1 610327 14605 1.7 26 15 1 2 86% 4814 811 50%
c k 31.73 13 18 64 26456  1 610327 14605 1.7 26 15 1 2 86% 4814 811 50%
c 2 31.73 13 18 64 26456  1 610327 14605 1.7 26 15 1 2 86% 4814 811 50%
c 
c  seconds  reductions    conflicts         size   tier2     variables
c         MB      restarts       redundant     glue   trail      remaining
c          level        rate          size/glue  tier1 irredundant
c 
c u 31.75 13 18 64 26456  1 610327 14331 1.7 26 15 1 2 86% 4814 811 50%
c v 31.76 13 18 64 26456  1 610327 14223 1.7 26 15 1 2 86% 4814 811 50%
c w 31.76 13 18 64 26456  1 610327 14223 1.7 26 15 1 2 86% 4814 811 50%
c t 31.76 13 18 64 26456  1 610327 14223 1.7 26 15 1 2 86% 4814 811 50%
c k 31.76 13 18 64 26456  1 610327 14223 1.7 26 15 1 2 86% 4814 811 50%
c 2 31.76 13 18 64 26456  1 610327 14223 1.7 26 15 1 2 86% 4814 811 50%
c f 31.76 11 18 64 26456  1 610327 14223 1.7 26 15 1 2 86% 4814 811 50%
c . 32.69 12 18 65 26464  1 629858 28770 1.8 26 15 1 2 87% 4814 811 50%
c G 32.69 13 18 65 26464  1 629858 13976 1.8 26 15 1 2 87% 4814 811 50%
c C 32.70 12 18 65 26464  1 629858 13976 1.8 26 15 1 2 87% 4814 811 50%
c - 32.70 12 18 65 26464  1 629858 13976 1.8 26 15 1 2 87% 4814 811 50%
c 2 32.70 12 18 65 26464  1 629858 13976 1.8 26 15 1 2 87% 4814 811 50%
c d 32.70 12 18 65 26464  1 629858 13976 1.8 26 15 1 2 87% 4814 811 50%
c p 32.70 12 18 65 26464  1 629858 13994 1.8 26 15 1 2 87% 4814 811 50%
c k 32.70 12 18 65 26464  1 629858 13994 1.8 26 15 1 2 87% 4814 811 50%
c 2 32.70 12 18 65 26464  1 629858 13994 1.8 26 15 1 2 87% 4814 811 50%
c u 32.71 12 18 65 26464  1 629858 13922 1.8 26 15 1 2 87% 4814 811 50%
c v 32.72 12 18 65 26464  1 629858 13825 1.8 26 15 1 2 87% 4814 811 50%
c w 32.72 12 18 65 26464  1 629858 13825 1.8 26 15 1 2 87% 4814 811 50%
c t 32.72 12 18 65 26464  1 629858 13825 1.8 26 15 1 2 87% 4814 811 50%
c 
c  seconds  reductions    conflicts         size   tier2     variables
c         MB      restarts       redundant     glue   trail      remaining
c          level        rate          size/glue  tier1 irredundant
c 
c k 32.72 12 18 65 26464  1 629858 13825 1.8 26 15 1 2 87% 4814 811 50%
c 2 32.72 12 18 65 26464  1 629858 13825 1.8 26 15 1 2 87% 4814 811 50%
c f 32.72 12 18 65 26464  1 629858 13825 1.8 26 15 1 2 87% 4814 811 50%
c ~ 32.73 12 18 65 26464  1 630059 13989 1.8 26 15 1 2 87% 4814 811 50%
c O 32.73 12 18 65 26464  1 630060 13990 1.8 26 15 1 2 87% 4814 811 50%
c . 33.94 13 18 66 26472  1 649699 26162 1.8 27 15 1 2 87% 4814 811 50%
c G 33.94 13 18 66 26472  1 649699 12674 1.8 27 15 1 2 87% 4814 811 50%
c C 33.94 14 18 66 26472  1 649699 12674 1.8 27 15 1 2 87% 4814 811 50%
c - 33.94 14 18 66 26472  1 649699 12674 1.8 27 15 1 2 87% 4814 811 50%
c 2 33.94 14 18 66 26472  1 649699 12674 1.8 27 15 1 2 87% 4814 811 50%
c d 33.94 14 18 66 26472  1 649699 12674 1.8 27 15 1 2 87% 4814 811 50%
c p 33.95 14 18 66 26472  1 649699 12692 1.8 27 15 1 2 87% 4814 811 50%
c k 33.95 14 18 66 26472  1 649699 12692 1.8 27 15 1 2 87% 4814 811 50%
c 2 33.95 14 18 66 26472  1 649699 12692 1.8 27 15 1 2 87% 4814 811 50%
c u 33.96 14 18 66 26472  1 649699 12502 1.8 27 15 1 2 87% 4814 811 50%
c v 33.97 14 18 66 26472  1 649699 12395 1.8 27 15 1 2 87% 4814 811 50%
c w 33.97 14 18 66 26472  1 649699 12395 1.8 27 15 1 2 87% 4814 811 50%
c t 33.97 14 18 66 26472  1 649699 12395 1.8 27 15 1 2 87% 4814 811 50%
c k 33.97 14 18 66 26472  1 649699 12395 1.8 27 15 1 2 87% 4814 811 50%
c 2 33.97 14 18 66 26472  1 649699 12395 1.8 27 15 1 2 87% 4814 811 50%
c 
c  seconds  reductions    conflicts         size   tier2     variables
c         MB      restarts       redundant     glue   trail      remaining
c          level        rate          size/glue  tier1 irredundant
c 
c f 33.97 14 18 66 26472  1 649699 12395 1.8 27 15 1 2 87% 4814 811 50%
c s 35.02 14 18 66 26473  1 665415 19320 1.8 27 15 1 2 88% 4814 811 50%
c t 35.03 14 18 66 26473  1 665415 19320 1.8 27 15 1 2 88% 4814 811 50%
c e 35.03 14 18 66 26473  1 665415 12162 1.8 27 15 1 2 88% 5086 727 45%
c s 35.04 14 18 66 26473  1 665415 12144 1.8 27 15 1 2 88% 5059 727 45%
c e 35.04 14 18 66 26473  1 665415 12144 1.8 27 15 1 2 88% 5059 727 45%
c ~ 35.08 14 18 66 26473  1 666061 12453 1.8 27 15 1 2 88% 5059 727 45%
c B 35.08 14 18 66 26473  1 666062 12454 1.8 27 15 1 2 88% 5059 727 45%
c . 35.28 14 18 67 26474  1 669849 14280 1.8 27 15 1 2 87% 5059 727 45%
c G 35.28 14 18 67 26474  1 669849 8506 1.8 27 15 1 2 87% 5059 727 45%
c C 35.29 11 18 67 26474  1 669849 8506 1.8 27 15 1 2 87% 5059 727 45%
c - 35.29 11 18 67 26474  1 669849 8506 1.8 27 15 1 2 87% 5059 727 45%
c 2 35.29 11 18 67 26474  1 669849 8506 1.8 27 15 1 2 87% 5059 727 45%
c d 35.29 11 18 67 26474  1 669849 8506 1.8 27 15 1 2 87% 5059 727 45%
c p 35.29 11 18 67 26474  1 669849 8517 1.8 27 15 1 2 87% 5059 727 45%
c k 35.29 11 18 67 26474  1 669849 8517 1.8 27 15 1 2 87% 5059 727 45%
c 2 35.29 11 18 67 26474  1 669849 8517 1.8 27 15 1 2 87% 5059 727 45%
c u 35.30 11 18 67 26474  1 669849 8250 1.8 27 15 1 2 87% 5056 727 45%
c v 35.31 11 18 67 26474  1 669849 8062 1.8 27 15 1 2 87% 5056 727 45%
c w 35.31 11 18 67 26474  1 669849 8062 1.8 27 15 1 2 87% 5056 727 45%
c 
c  seconds  reductions    conflicts        size   tier2     variables
c         MB      restarts      redundant     glue   trail      remaining
c          level        rate         size/glue  tier1 irredundant
c 
c t 35.31 11 18 67 26474  1 669849 8062 1.8 27 15 1 2 87% 5056 727 45%
c k 35.31 11 18 67 26474  1 669849 8062 1.8 27 15 1 2 87% 5056 727 45%
c 2 35.31 11 18 67 26474  1 669849 8062 1.8 27 15 1 2 87% 5056 727 45%
c f 35.31 11 18 67 26474  1 669849 8062 1.8 27 15 1 2 86% 4968 744 46%
c ] 35.90 11 18 67 26474  1 681060 13329 1.8 27 15 1 2 85% 4968 744 46%
c { 35.90 11 19 67 26474  2 681060 13329 2.6 32 12 1 2 81% 4968 744 46%
c . 36.67 12 19 68 26645  2 690310 21977 2.7 33 12 1 2 82% 4968 744 46%
c G 36.67 13 19 68 26645  2 690310 10889 2.7 33 12 1 2 82% 4968 744 46%
c C 36.67 14 19 68 26645  2 690310 10889 2.7 33 12 1 2 82% 4968 744 46%
c - 36.67 14 19 68 26645  2 690310 10889 2.7 33 12 1 2 82% 4968 744 46%
c 2 36.67 14 19 68 26645  2 690310 10889 2.7 33 12 1 2 82% 4968 744 46%
c d 36.67 14 19 68 26645  2 690310 10889 2.7 33 12 1 2 82% 4968 744 46%
c p 36.67 11 19 68 26645  2 690310 10900 2.7 33 12 1 2 82% 4968 744 46%
c k 36.67 11 19 68 26645  2 690310 10900 2.7 33 12 1 2 82% 4968 744 46%
c 2 36.67 11 19 68 26645  2 690310 10900 2.7 33 12 1 2 82% 4968 744 46%
c u 36.69 11 19 68 26645  2 690310 10619 2.7 33 12 1 2 82% 4968 744 46%
c v 36.70 11 19 68 26645  2 690310 10607 2.7 33 12 1 2 82% 4968 744 46%
c w 36.70 11 19 68 26645  2 690310 10589 2.7 33 12 1 2 82% 4968 744 46%
c x 36.71 11 19 68 26645  2 690310 10588 2.7 33 12 1 2 82% 4911 744 46%
c t 36.71 11 19 68 26645  2 690310 10588 2.7 33 12 1 2 82% 4911 744 46%
c 
c  seconds  reductions    conflicts         size   tier2     variables
c         MB      restarts       redundant     glue   trail      remaining
c          level        rate          size/glue  tier1 irredundant
c 
c k 36.71 11 19 68 26645  2 690310 10588 2.7 33 12 1 2 82% 4911 744 46%
c 2 36.71 11 19 68 26645  2 690310 10588 2.7 33 12 1 2 82% 4911 744 46%
c f 36.71 11 19 68 26645  2 690310 10588 2.7 33 12 1 2 82% 4911 744 46%
c ~ 37.66 12 19 68 28618  2 703062 20262 2.7 34 13 1 2 82% 4911 744 46%
c W 37.96 12 19 68 28618  2 703063 20263 2.7 34 13 1 2 82% 4911 744 46%
c . 38.60 14 19 69 30002  2 711081 25660 2.7 34 13 1 2 82% 4911 744 46%
c G 38.61 14 19 69 30002  2 711081 12296 2.7 34 13 1 2 82% 4911 744 46%
c C 38.61 14 19 69 30002  2 711081 12296 2.7 34 13 1 2 82% 4911 744 46%
c - 38.61 14 19 69 30002  2 711081 12296 2.7 34 13 1 2 82% 4911 744 46%
c 2 38.61 14 19 69 30002  2 711081 12296 2.7 34 13 1 2 82% 4911 744 46%
c d 38.61 14 19 69 30002  2 711081 12296 2.7 34 13 1 2 82% 4911 744 46%
c p 38.61 11 19 69 30002  2 711081 12307 2.7 34 13 1 2 82% 4911 744 46%
c k 38.61 11 19 69 30002  2 711081 12307 2.7 34 13 1 2 82% 4911 744 46%
c 2 38.61 11 19 69 30002  2 711081 12307 2.7 34 13 1 2 82% 4911 744 46%
c u 38.63 11 19 69 30002  2 711081 11966 2.7 34 13 1 2 82% 4911 744 46%
c v 38.65 11 19 69 30002  2 711081 11891 2.7 34 13 1 2 82% 4911 744 46%
c w 38.65 11 19 69 30002  2 711081 11835 2.7 34 13 1 2 82% 4911 744 46%
c t 38.66 11 19 69 30002  2 711081 11835 2.7 34 13 1 2 82% 4911 744 46%
c k 38.66 11 19 69 30002  2 711081 11835 2.7 34 13 1 2 82% 4911 744 46%
c 2 38.66 11 19 69 30002  2 711081 11835 2.7 34 13 1 2 82% 4911 744 46%
c 
c  seconds  reductions    conflicts         size   tier2     variables
c         MB      restarts       redundant     glue   trail      remaining
c          level        rate          size/glue  tier1 irredundant
c 
c f 38.66 11 19 69 30002  2 711081 11835 2.7 34 13 1 2 82% 4911 744 46%
c . 40.00 15 19 70 32464  2 732163 29984 2.7 35 13 1 2 81% 4911 744 46%
c G 40.00 15 19 70 32464  2 732163 13716 2.7 35 13 1 2 81% 4911 744 46%
c C 40.01 15 19 70 32464  2 732163 13716 2.7 35 13 1 2 81% 4911 744 46%
c - 40.01 15 19 70 32464  2 732163 13716 2.7 35 13 1 2 81% 4911 744 46%
c 2 40.01 15 19 70 32464  2 732163 13716 2.7 35 13 1 2 81% 4911 744 46%
c d 40.01 15 19 70 32464  2 732163 13716 2.7 35 13 1 2 81% 4911 744 46%
c p 40.01 15 19 70 32464  2 732163 13727 2.7 35 13 1 2 81% 4911 744 46%
c c 40.01 15 19 70 32464  2 732163 13727 2.7 35 13 1 2 81% 4911 744 46%
c k 40.01 15 19 70 32464  2 732163 13727 2.7 35 13 1 2 81% 4911 744 46%
c 2 40.01 15 19 70 32464  2 732163 13727 2.7 35 13 1 2 81% 4911 744 46%
c u 40.03 15 19 70 32464  2 732163 13509 2.7 35 13 1 2 81% 4911 744 46%
c v 40.04 15 19 70 32464  2 732163 13443 2.7 35 13 1 2 81% 4911 744 46%
c w 40.05 15 19 70 32464  2 732163 13423 2.7 35 13 1 2 81% 4911 744 46%
c t 40.05 15 19 70 32464  2 732163 13423 2.7 35 13 1 2 81% 4911 744 46%
c k 40.05 15 19 70 32464  2 732163 13423 2.7 35 13 1 2 81% 4911 744 46%
c 2 40.05 15 19 70 32464  2 732163 13423 2.7 35 13 1 2 81% 4911 744 46%
c f 40.05 15 19 70 32464  2 732163 13423 2.7 35 13 1 2 81% 4911 744 46%
c ~ 40.64 15 19 70 33574  2 741064 21129 2.7 35 13 1 2 81% 4911 744 46%
c # 40.64 15 19 70 33574  2 741065 21130 2.7 35 13 1 2 81% 4911 744 46%
c 
c  seconds  reductions    conflicts         size   tier2     variables
c         MB      restarts       redundant     glue   trail      remaining
c          level        rate          size/glue  tier1 irredundant
c 
c . 41.44 15 19 71 34383  2 753555 31333 2.6 34 13 1 2 78% 4911 744 46%
c G 41.44 15 19 71 34383  2 753555 14803 2.6 34 13 1 2 78% 4911 744 46%
c C 41.45 15 19 71 34383  2 753555 14803 2.6 34 13 1 2 78% 4911 744 46%
c - 41.45 15 19 71 34383  2 753555 14803 2.6 34 13 1 2 78% 4911 744 46%
c 2 41.45 15 19 71 34383  2 753555 14803 2.6 34 13 1 2 78% 4911 744 46%
c d 41.45 15 19 71 34383  2 753555 14803 2.6 34 13 1 2 78% 4911 744 46%
c p 41.45 15 19 71 34383  2 753555 14814 2.6 34 13 1 2 78% 4911 744 46%
c k 41.45 15 19 71 34383  2 753555 14814 2.6 34 13 1 2 78% 4911 744 46%
c 2 41.45 15 19 71 34383  2 753555 14814 2.6 34 13 1 2 78% 4911 744 46%
c = 41.51 15 19 71 34383  2 753555 14814 2.6 34 13 1 2 78% 4911 744 46%
c u 41.53 15 19 71 34383  2 753555 14632 2.6 34 13 1 2 78% 4911 744 46%
c v 41.54 15 19 71 34383  2 753555 14569 2.6 34 13 1 2 78% 4911 744 46%
c w 41.55 15 19 71 34383  2 753555 14503 2.6 34 13 1 2 78% 4911 744 46%
c t 41.55 15 19 71 34383  2 753555 14503 2.6 34 13 1 2 78% 4911 744 46%
c k 41.55 15 19 71 34383  2 753555 14503 2.6 34 13 1 2 78% 4911 744 46%
c 2 41.55 15 19 71 34383  2 753555 14503 2.6 34 13 1 2 78% 4911 744 46%
c f 41.55 15 19 71 34383  2 753555 14503 2.6 34 13 1 2 78% 4911 744 46%
c } 41.57 15 19 71 34443  2 753880 14770 2.6 34 13 1 2 78% 4911 744 46%
c [ 41.57 15 18 71 34443  1 753880 14770 1.8 27 15 1 2 85% 4911 744 46%
c s 41.89 15 18 71 34443  1 760576 18322 1.8 27 15 1 2 85% 4910 744 46%
c 
c  seconds  reductions    conflicts         size   tier2     variables
c         MB      restarts       redundant     glue   trail      remaining
c          level        rate          size/glue  tier1 irredundant
c 
c t 41.89 15 18 71 34443  1 760576 18322 1.8 27 15 1 2 85% 4910 744 46%
c e 41.89 15 18 71 34443  1 760576 17722 1.8 27 15 1 2 85% 4945 733 45%
c s 41.91 15 18 71 34443  1 760576 17689 1.8 27 15 1 2 85% 4940 733 45%
c e 41.91 15 18 71 34443  1 760576 17689 1.8 27 15 1 2 85% 4940 733 45%
c G 41.91 15 18 71 34443  1 760576 17689 1.8 27 15 1 2 85% 4940 733 45%
c C 41.91 15 18 71 34443  1 760576 17689 1.8 27 15 1 2 85% 4940 733 45%
c . 42.63 15 18 72 34444  1 775257 25036 1.7 26 15 1 2 89% 4940 733 45%
c G 42.63 15 18 72 34444  1 775257 12873 1.7 26 15 1 2 89% 4940 733 45%
c C 42.63 15 18 72 34444  1 775257 12873 1.7 26 15 1 2 89% 4940 733 45%
c - 42.63 15 18 72 34444  1 775257 12873 1.7 26 15 1 2 89% 4940 733 45%
c 2 42.63 15 18 72 34444  1 775257 12873 1.7 26 15 1 2 89% 4940 733 45%
c d 42.63 15 18 72 34444  1 775257 12873 1.7 26 15 1 2 89% 4940 733 45%
c p 42.63 15 18 72 34444  1 775257 12883 1.7 26 15 1 2 89% 4940 733 45%
c k 42.63 15 18 72 34444  1 775257 12883 1.7 26 15 1 2 89% 4940 733 45%
c 2 42.63 15 18 72 34444  1 775257 12883 1.7 26 15 1 2 89% 4940 733 45%
c u 42.65 15 18 72 34444  1 775257 12746 1.7 26 15 1 2 89% 4939 733 45%
c v 42.66 15 18 72 34444  1 775257 12630 1.7 26 15 1 2 89% 4939 733 45%
c w 42.66 15 18 72 34444  1 775257 12630 1.7 26 15 1 2 89% 4939 733 45%
c t 42.66 15 18 72 34444  1 775257 12630 1.7 26 15 1 2 89% 4939 733 45%
c k 42.66 15 18 72 34444  1 775257 12630 1.7 26 15 1 2 89% 4939 733 45%
c 
c  seconds  reductions    conflicts         size   tier2     variables
c         MB      restarts       redundant     glue   trail      remaining
c          level        rate          size/glue  tier1 irredundant
c 
c 2 42.66 15 18 72 34444  1 775257 12630 1.7 26 15 1 2 89% 4939 733 45%
c f 42.66 15 18 72 34444  1 775257 12630 1.7 26 15 1 2 89% 4929 735 45%
c ~ 42.84 15 18 72 34444  1 780065 15662 1.7 26 15 1 2 89% 4929 735 45%
c W 42.97 15 18 72 34444  1 780066 15663 1.7 26 15 1 2 89% 4929 735 45%
c . 43.67 15 18 73 34444  1 797271 26131 1.7 26 15 1 2 88% 4929 735 45%
c G 43.67 15 18 73 34444  1 797271 11991 1.7 26 15 1 2 88% 4929 735 45%
c C 43.67 15 18 73 34444  1 797271 11991 1.7 26 15 1 2 88% 4929 735 45%
c - 43.67 15 18 73 34444  1 797271 11991 1.7 26 15 1 2 88% 4929 735 45%
c 2 43.67 15 18 73 34444  1 797271 11991 1.7 26 15 1 2 88% 4929 735 45%
c d 43.67 15 18 73 34444  1 797271 11991 1.7 26 15 1 2 88% 4929 735 45%
c p 43.67 11 18 73 34444  1 797271 12001 1.7 26 15 1 2 88% 4929 735 45%
c k 43.67 11 18 73 34444  1 797271 12001 1.7 26 15 1 2 88% 4929 735 45%
c 2 43.67 11 18 73 34444  1 797271 12001 1.7 26 15 1 2 88% 4929 735 45%
c u 43.68 11 18 73 34444  1 797271 11772 1.7 26 15 1 2 88% 4929 735 45%
c v 43.69 11 18 73 34444  1 797271 11654 1.7 26 15 1 2 88% 4929 735 45%
c w 43.69 11 18 73 34444  1 797271 11652 1.7 26 15 1 2 88% 4929 735 45%
c t 43.69 11 18 73 34444  1 797271 11652 1.7 26 15 1 2 88% 4929 735 45%
c k 43.69 11 18 73 34444  1 797271 11652 1.7 26 15 1 2 88% 4929 735 45%
c 2 43.69 11 18 73 34444  1 797271 11652 1.7 26 15 1 2 88% 4929 735 45%
c f 43.69 11 18 73 34444  1 797271 11652 1.7 26 15 1 2 88% 4929 735 45%
c 
c  seconds  reductions    conflicts         size   tier2     variables
c         MB      restarts       redundant     glue   trail      remaining
c          level        rate          size/glue  tier1 irredundant
c 
c . 44.67 12 18 74 34444  1 819594 23046 1.7 25 15 1 2 88% 4929 735 45%
c G 44.67 12 18 74 34444  1 819594 10733 1.7 25 15 1 2 88% 4929 735 45%
c C 44.67 12 18 74 34444  1 819594 10733 1.7 25 15 1 2 88% 4929 735 45%
c - 44.67 12 18 74 34444  1 819594 10733 1.7 25 15 1 2 88% 4929 735 45%
c 2 44.67 12 18 74 34444  1 819594 10733 1.7 25 15 1 2 88% 4929 735 45%
c d 44.67 12 18 74 34444  1 819594 10733 1.7 25 15 1 2 88% 4929 735 45%
c p 44.68 12 18 74 34444  1 819594 10743 1.7 25 15 1 2 88% 4929 735 45%
c k 44.68 12 18 74 34444  1 819594 10743 1.7 25 15 1 2 88% 4929 735 45%
c 2 44.68 12 18 74 34444  1 819594 10743 1.7 25 15 1 2 88% 4929 735 45%
c u 44.69 12 18 74 34444  1 819594 10673 1.7 25 15 1 2 88% 4929 735 45%
c v 44.70 12 18 74 34444  1 819594 10453 1.7 25 15 1 2 88% 4929 735 45%
c w 44.70 12 18 74 34444  1 819594 10452 1.7 25 15 1 2 88% 4929 735 45%
c t 44.70 12 18 74 34444  1 819594 10452 1.7 25 15 1 2 88% 4929 735 45%
c k 44.70 12 18 74 34444  1 819594 10452 1.7 25 15 1 2 88% 4929 735 45%
c 2 44.70 12 18 74 34444  1 819594 10452 1.7 25 15 1 2 88% 4929 735 45%
c f 44.70 12 18 74 34444  1 819594 10452 1.7 25 15 1 2 88% 4929 735 45%
c ~ 44.72 12 18 74 34444  1 820066 10811 1.7 25 15 1 2 88% 4929 735 45%
c I 44.72 12 18 74 34444  1 820067 10812 1.7 25 15 1 2 88% 4929 735 45%
c . 45.44 12 18 75 34446  1 842227 25034 1.7 25 15 1 2 89% 4929 735 45%
c G 45.44 13 18 75 34446  1 842227 11293 1.7 25 15 1 2 89% 4929 735 45%
c 
c  seconds  reductions    conflicts         size   tier2     variables
c         MB      restarts       redundant     glue   trail      remaining
c          level        rate          size/glue  tier1 irredundant
c 
c C 45.44 13 18 75 34446  1 842227 11293 1.7 25 15 1 2 89% 4929 735 45%
c - 45.44 13 18 75 34446  1 842227 11293 1.7 25 15 1 2 89% 4929 735 45%
c 2 45.44 13 18 75 34446  1 842227 11293 1.7 25 15 1 2 89% 4929 735 45%
c d 45.44 13 18 75 34446  1 842227 11293 1.7 25 15 1 2 89% 4929 735 45%
c p 45.44 13 18 75 34446  1 842227 11303 1.7 25 15 1 2 89% 4929 735 45%
c k 45.44 13 18 75 34446  1 842227 11303 1.7 25 15 1 2 89% 4929 735 45%
c 2 45.44 13 18 75 34446  1 842227 11303 1.7 25 15 1 2 89% 4929 735 45%
c u 45.45 13 18 75 34446  1 842227 11186 1.7 25 15 1 2 89% 4929 735 45%
c v 45.46 13 18 75 34446  1 842227 11055 1.7 25 15 1 2 89% 4929 735 45%
c w 45.46 13 18 75 34446  1 842227 11018 1.7 25 15 1 2 89% 4929 735 45%
c t 45.46 13 18 75 34446  1 842227 11018 1.7 25 15 1 2 89% 4929 735 45%
c k 45.46 13 18 75 34446  1 842227 11018 1.7 25 15 1 2 89% 4929 735 45%
c 2 45.46 13 18 75 34446  1 842227 11018 1.7 25 15 1 2 89% 4929 735 45%
c f 45.46 13 18 75 34446  1 842227 11018 1.7 25 15 1 2 89% 4929 735 45%
c s 46.04 13 18 75 34457  1 859672 21976 1.6 25 15 1 2 89% 4929 735 45%
c t 46.04 13 18 75 34457  1 859672 21976 1.6 25 15 1 2 89% 4929 735 45%
c e 46.04 13 18 75 34457  1 859672 21976 1.6 25 15 1 2 89% 4929 735 45%
c s 46.05 13 18 75 34457  1 859672 21966 1.6 25 15 1 2 89% 4929 735 45%
c ^ 46.05 13 18 75 34457  1 859672 21966 1.6 25 15 1 2 89% 4929 735 45%
c ~ 46.10 13 18 75 34457  1 861067 22894 1.6 25 15 1 2 89% 4929 735 45%
c 
c  seconds  reductions    conflicts         size   tier2     variables
c         MB      restarts       redundant     glue   trail      remaining
c          level        rate          size/glue  tier1 irredundant
c 
c B 46.10 13 18 75 34457  1 861068 22895 1.6 25 15 1 2 89% 4929 735 45%
c . 46.36 13 18 76 34458  1 865171 24823 1.6 25 15 1 2 89% 4929 735 45%
c G 46.36 13 18 76 34458  1 865171 11361 1.6 25 15 1 2 89% 4929 735 45%
c C 46.36 13 18 76 34458  1 865171 11361 1.6 25 15 1 2 89% 4929 735 45%
c - 46.36 13 18 76 34458  1 865171 11361 1.6 25 15 1 2 89% 4929 735 45%
c 2 46.36 13 18 76 34458  1 865171 11361 1.6 25 15 1 2 89% 4929 735 45%
c d 46.36 13 18 76 34458  1 865171 11361 1.6 25 15 1 2 89% 4929 735 45%
c p 46.36 13 18 76 34458  1 865171 11371 1.6 25 15 1 2 89% 4929 735 45%
c k 46.36 13 18 76 34458  1 865171 11371 1.6 25 15 1 2 89% 4929 735 45%
c 2 46.36 13 18 76 34458  1 865171 11371 1.6 25 15 1 2 89% 4929 735 45%
c u 46.38 13 18 76 34458  1 865171 11234 1.6 25 15 1 2 89% 4929 735 45%
c v 46.38 13 18 76 34458  1 865171 11039 1.6 25 15 1 2 89% 4929 735 45%
c w 46.38 13 18 76 34458  1 865171 11039 1.6 25 15 1 2 89% 4929 735 45%
c t 46.38 13 18 76 34458  1 865171 11039 1.6 25 15 1 2 89% 4929 735 45%
c k 46.38 13 18 76 34458  1 865171 11039 1.6 25 15 1 2 89% 4929 735 45%
c 2 46.38 13 18 76 34458  1 865171 11039 1.6 25 15 1 2 89% 4929 735 45%
c f 46.38 13 18 76 34458  1 865171 11039 1.6 25 15 1 2 89% 4929 735 45%
c ] 46.85 13 18 76 34460  1 874062 15671 1.6 25 15 1 2 89% 4929 735 45%
c { 46.85 13 19 76 34460  2 874062 15671 2.6 34 13 1 2 89% 4929 735 45%
c . 47.44 13 19 77 34663  2 888424 27883 2.6 33 13 1 2 86% 4929 735 45%
c 
c  seconds  reductions    conflicts         size   tier2     variables
c         MB      restarts       redundant     glue   trail      remaining
c          level        rate          size/glue  tier1 irredundant
c 
c G 47.44 13 19 77 34663  2 888424 13357 2.6 33 13 1 2 86% 4929 735 45%
c C 47.44 14 19 77 34663  2 888424 13357 2.6 33 13 1 2 86% 4929 735 45%
c - 47.44 14 19 77 34663  2 888424 13357 2.6 33 13 1 2 86% 4929 735 45%
c 2 47.44 14 19 77 34663  2 888424 13357 2.6 33 13 1 2 86% 4929 735 45%
c d 47.44 14 19 77 34663  2 888424 13357 2.6 33 13 1 2 86% 4929 735 45%
c p 47.44 14 19 77 34663  2 888424 13366 2.6 33 13 1 2 86% 4929 735 45%
c k 47.44 14 19 77 34663  2 888424 13366 2.6 33 13 1 2 86% 4929 735 45%
c 2 47.44 14 19 77 34663  2 888424 13366 2.6 33 13 1 2 86% 4929 735 45%
c u 47.46 14 19 77 34663  2 888424 13218 2.6 33 13 1 2 86% 4929 735 45%
c v 47.47 14 19 77 34663  2 888424 13082 2.6 33 13 1 2 86% 4929 735 45%
c w 47.47 14 19 77 34663  2 888424 13082 2.6 33 13 1 2 86% 4929 735 45%
c t 47.47 14 19 77 34663  2 888424 13082 2.6 33 13 1 2 86% 4929 735 45%
c k 47.47 14 19 77 34663  2 888424 13082 2.6 33 13 1 2 86% 4929 735 45%
c 2 47.47 14 19 77 34663  2 888424 13082 2.6 33 13 1 2 86% 4929 735 45%
c f 47.47 14 19 77 34663  2 888424 13082 2.6 33 13 1 2 86% 4929 735 45%
c ~ 48.49 14 19 77 37184  2 903068 25315 2.5 33 13 1 2 87% 4929 735 45%
c B 48.49 14 19 77 37184  2 903069 25316 2.5 33 13 1 2 87% 4929 735 45%
c . 49.18 15 19 78 38333  2 911990 33058 2.5 33 13 1 2 87% 4929 735 45%
c G 49.19 16 19 78 38333  2 911990 15952 2.5 33 13 1 2 87% 4929 735 45%
c C 49.19 17 19 78 38333  2 911990 15952 2.5 33 13 1 2 87% 4929 735 45%
c 
c  seconds  reductions    conflicts         size   tier2     variables
c         MB      restarts       redundant     glue   trail      remaining
c          level        rate          size/glue  tier1 irredundant
c 
c - 49.19 17 19 78 38333  2 911990 15952 2.5 33 13 1 2 87% 4929 735 45%
c 2 49.19 17 19 78 38333  2 911990 15952 2.5 33 13 1 2 87% 4929 735 45%
c d 49.19 17 19 78 38333  2 911990 15952 2.5 33 13 1 2 87% 4929 735 45%
c p 49.19 14 19 78 38333  2 911990 15961 2.5 33 13 1 2 87% 4929 735 45%
c k 49.19 14 19 78 38333  2 911990 15961 2.5 33 13 1 2 87% 4929 735 45%
c 2 49.19 14 19 78 38333  2 911990 15961 2.5 33 13 1 2 87% 4929 735 45%
c u 49.21 14 19 78 38333  2 911990 15562 2.5 33 13 1 2 87% 4929 735 45%
c v 49.23 14 19 78 38333  2 911990 15383 2.5 33 13 1 2 87% 4929 735 45%
c w 49.23 14 19 78 38333  2 911990 15365 2.5 33 13 1 2 87% 4929 735 45%
c t 49.23 14 19 78 38333  2 911990 15365 2.5 33 13 1 2 87% 4929 735 45%
c k 49.23 14 19 78 38333  2 911990 15365 2.5 33 13 1 2 87% 4929 735 45%
c 2 49.23 14 19 78 38333  2 911990 15365 2.5 33 13 1 2 87% 4929 735 45%
c f 49.23 14 19 78 38333  2 911990 15365 2.5 33 13 1 2 87% 4929 735 45%
c . 51.00 16 19 79 41221  2 935865 34714 2.5 34 14 1 2 87% 4929 735 45%
c G 51.00 16 19 79 41221  2 935865 16769 2.5 34 14 1 2 87% 4929 735 45%
c C 51.01 16 19 79 41221  2 935865 16769 2.5 34 14 1 2 87% 4929 735 45%
c - 51.01 16 19 79 41221  2 935865 16769 2.5 34 14 1 2 87% 4929 735 45%
c 2 51.01 16 19 79 41221  2 935865 16769 2.5 34 14 1 2 87% 4929 735 45%
c d 51.01 16 19 79 41221  2 935865 16769 2.5 34 14 1 2 87% 4929 735 45%
c p 51.01 14 19 79 41221  2 935865 16778 2.5 34 14 1 2 87% 4929 735 45%
c 
c  seconds  reductions    conflicts         size   tier2     variables
c         MB      restarts       redundant     glue   trail      remaining
c          level        rate          size/glue  tier1 irredundant
c 
c k 51.01 14 19 79 41221  2 935865 16778 2.5 34 14 1 2 87% 4929 735 45%
c 2 51.01 14 19 79 41221  2 935865 16778 2.5 34 14 1 2 87% 4929 735 45%
c u 51.03 14 19 79 41221  2 935865 16672 2.5 34 14 1 2 87% 4929 735 45%
c v 51.03 14 19 79 41221  2 935865 16554 2.5 34 14 1 2 87% 4929 735 45%
c w 51.04 14 19 79 41221  2 935865 16505 2.5 34 14 1 2 87% 4929 735 45%
c x 51.05 14 19 79 41221  2 935865 16505 2.5 34 14 1 2 87% 4904 735 45%
c t 51.05 14 19 79 41221  2 935865 16505 2.5 34 14 1 2 87% 4902 735 45%
c k 51.05 14 19 79 41221  2 935865 16505 2.5 34 14 1 2 87% 4902 735 45%
c 2 51.05 14 19 79 41221  2 935865 16505 2.5 34 14 1 2 87% 4902 735 45%
c f 51.05 14 19 79 41221  2 935865 16505 2.5 34 14 1 2 87% 4902 735 45%
c ~ 51.76 14 19 79 42137  2 946069 25254 2.5 34 14 1 2 88% 4902 735 45%
c W 52.00 14 19 79 42137  2 946070 25255 2.5 34 14 1 2 88% 4902 735 45%
c } 53.07 16 19 79 43886  2 959201 36372 2.6 35 14 1 2 88% 4902 735 45%
c [ 53.07 16 18 79 43886  1 959201 36372 1.6 25 15 1 2 89% 4902 735 45%
c . 53.12 16 18 80 43887  1 960050 37127 1.6 25 15 1 2 89% 4902 735 45%
c G 53.12 17 18 80 43887  1 960050 17948 1.6 25 15 1 2 89% 4902 735 45%
c C 53.13 17 18 80 43887  1 960050 17948 1.6 25 15 1 2 89% 4902 735 45%
c - 53.13 17 18 80 43887  1 960050 17948 1.6 25 15 1 2 89% 4902 735 45%
c 2 53.13 17 18 80 43887  1 960050 17948 1.6 25 15 1 2 89% 4902 735 45%
c d 53.13 17 18 80 43887  1 960050 17948 1.6 25 15 1 2 89% 4902 735 45%
c 
c  seconds  reductions    conflicts         size   tier2     variables
c         MB      restarts       redundant     glue   trail      remaining
c          level        rate          size/glue  tier1 irredundant
c 
c p 53.13 17 18 80 43887  1 960050 17957 1.6 25 15 1 2 89% 4902 735 45%
c k 53.13 17 18 80 43887  1 960050 17957 1.6 25 15 1 2 89% 4902 735 45%
c 2 53.13 17 18 80 43887  1 960050 17957 1.6 25 15 1 2 89% 4902 735 45%
c u 53.15 17 18 80 43887  1 960050 17737 1.6 25 15 1 2 89% 4902 735 45%
c v 53.17 17 18 80 43887  1 960050 17610 1.6 25 15 1 2 89% 4902 735 45%
c w 53.17 17 18 80 43887  1 960050 17610 1.6 25 15 1 2 89% 4902 735 45%
c t 53.17 17 18 80 43887  1 960050 17610 1.6 25 15 1 2 89% 4902 735 45%
c k 53.17 17 18 80 43887  1 960050 17610 1.6 25 15 1 2 89% 4902 735 45%
c 2 53.17 17 18 80 43887  1 960050 17610 1.6 25 15 1 2 89% 4902 735 45%
c f 53.17 17 18 80 43887  1 960050 17610 1.6 25 15 1 2 89% 4902 735 45%
c s 53.40 17 18 80 43889  1 964001 19506 1.7 25 15 1 2 90% 4902 735 45%
c t 53.40 17 18 80 43889  1 964001 19506 1.7 25 15 1 2 90% 4902 735 45%
c e 53.40 17 18 80 43889  1 964001 9893 1.7 25 15 1 2 90% 5604 597 37%
c s 53.41 17 18 80 43889  1 964001 9832 1.7 25 15 1 2 90% 5459 597 37%
c e 53.41 17 18 80 43889  1 964001 9832 1.7 25 15 1 2 90% 5458 597 37%
c G 53.42 13 18 80 43889  1 964001 9832 1.7 25 15 1 2 90% 5458 597 37%
c C 53.42 12 18 80 43889  1 964001 9832 1.7 25 15 1 2 90% 5458 597 37%
c . 54.45 12 17 81 43900  1 984545 21159 1.7 25 15 1 2 93% 5458 597 37%
c G 54.45 12 17 81 43900  1 984545 10174 1.7 25 15 1 2 93% 5458 597 37%
c C 54.45 13 17 81 43900  1 984545 10174 1.7 25 15 1 2 93% 5458 597 37%
c 
c  seconds  reductions    conflicts         size   tier2     variables
c         MB      restarts       redundant     glue   trail      remaining
c          level        rate          size/glue  tier1 irredundant
c 
c - 54.45 13 17 81 43900  1 984545 10174 1.7 25 15 1 2 93% 5458 597 37%
c 2 54.45 13 17 81 43900  1 984545 10173 1.7 25 15 1 2 93% 5458 597 37%
c d 54.45 13 17 81 43900  1 984545 10173 1.7 25 15 1 2 93% 5458 597 37%
c p 54.45 13 17 81 43900  1 984545 10173 1.7 25 15 1 2 93% 5458 597 37%
c k 54.45 13 17 81 43900  1 984545 10173 1.7 25 15 1 2 93% 5458 597 37%
c 2 54.45 13 17 81 43900  1 984545 10173 1.7 25 15 1 2 93% 5458 597 37%
c u 54.47 13 17 81 43900  1 984545 9832 1.7 25 15 1 2 93% 5447 597 37%
c v 54.48 13 17 81 43900  1 984545 9715 1.7 25 15 1 2 93% 5447 597 37%
c w 54.48 13 17 81 43900  1 984545 9676 1.7 25 15 1 2 93% 5447 597 37%
c t 54.48 13 17 81 43900  1 984545 9676 1.7 25 15 1 2 93% 5447 597 37%
c k 54.48 13 17 81 43900  1 984545 9676 1.7 25 15 1 2 93% 5447 597 37%
c 2 54.48 13 17 81 43900  1 984545 9676 1.7 25 15 1 2 93% 5447 597 37%
c f 54.48 13 17 81 43900  1 984545 9676 1.7 25 15 1 2 92% 5337 604 37%
c ~ 54.71 13 17 81 43900  1 990070 12144 1.7 25 15 1 2 92% 5337 604 37%
c W 54.79 13 17 81 43900  1 990071 12145 1.7 25 15 1 2 92% 5337 604 37%
c . 55.77 13 16 82 43902  1 1009351 22584 1.7 25 14 1 2 92% 5337 604 37%
c G 55.77 13 16 82 43902  1 1009351 9723 1.7 25 14 1 2 92% 5337 604 37%
c C 55.78 13 16 82 43902  1 1009351 9723 1.7 25 14 1 2 92% 5337 604 37%
c - 55.78 13 16 82 43902  1 1009351 9723 1.7 25 14 1 2 92% 5337 604 37%
c 2 55.78 13 16 82 43902  1 1009351 9723 1.7 25 14 1 2 92% 5337 604 37%
c 
c  seconds  reductions     conflicts        size   tier2     variables
c         MB      restarts       redundant     glue   trail      remaining
c          level        rate          size/glue  tier1 irredundant
c 
c d 55.78 13 16 82 43902  1 1009351 9723 1.7 25 14 1 2 92% 5337 604 37%
c p 55.78 13 16 82 43902  1 1009351 9723 1.7 25 14 1 2 92% 5337 604 37%
c c 55.78 13 16 82 43902  1 1009351 9723 1.7 25 14 1 2 92% 5337 604 37%
c k 55.78 13 16 82 43902  1 1009351 9723 1.7 25 14 1 2 92% 5337 604 37%
c 2 55.78 13 16 82 43902  1 1009351 9723 1.7 25 14 1 2 92% 5337 604 37%
c = 55.84 13 16 82 43902  1 1009351 9723 1.7 25 14 1 2 92% 5337 604 37%
c u 55.85 13 16 82 43902  1 1009351 9246 1.7 25 14 1 2 92% 5337 604 37%
c v 55.86 13 16 82 43902  1 1009351 9125 1.7 25 14 1 2 92% 5337 604 37%
c w 55.86 13 16 82 43902  1 1009351 9125 1.7 25 14 1 2 92% 5337 604 37%
c t 55.86 13 16 82 43902  1 1009351 9125 1.7 25 14 1 2 92% 5337 604 37%
c k 55.86 13 16 82 43902  1 1009351 9125 1.7 25 14 1 2 92% 5337 604 37%
c . 56.90 13 17 83 43916  1 1034467 25143 1.7 25 15 1 2 91% 5337 604 37%
c G 56.91 13 17 83 43916  1 1034467 10120 1.7 25 15 1 2 91% 5337 604 37%
c C 56.91 14 17 83 43916  1 1034467 10120 1.7 25 15 1 2 91% 5337 604 37%
c - 56.91 14 17 83 43916  1 1034467 10120 1.7 25 15 1 2 91% 5337 604 37%
c 2 56.91 14 17 83 43916  1 1034467 10120 1.7 25 15 1 2 91% 5337 604 37%
c d 56.91 14 17 83 43916  1 1034467 10120 1.7 25 15 1 2 91% 5337 604 37%
c p 56.91 14 17 83 43916  1 1034467 10120 1.7 25 15 1 2 91% 5337 604 37%
c k 56.91 14 17 83 43916  1 1034467 10120 1.7 25 15 1 2 91% 5337 604 37%
c 2 56.91 14 17 83 43916  1 1034467 10120 1.7 25 15 1 2 91% 5337 604 37%
c 
c  seconds  reductions     conflicts        size   tier2     variables
c         MB      restarts       redundant     glue   trail      remaining
c          level        rate          size/glue  tier1 irredundant
c 
c u 56.92 14 17 83 43916  1 1034467 9682 1.7 25 15 1 2 91% 5337 604 37%
c v 56.93 14 17 83 43916  1 1034467 9583 1.7 25 15 1 2 91% 5337 604 37%
c w 56.93 14 17 83 43916  1 1034467 9560 1.7 25 15 1 2 91% 5337 604 37%
c t 56.93 14 17 83 43916  1 1034467 9560 1.7 25 15 1 2 91% 5337 604 37%
c k 56.93 14 17 83 43916  1 1034467 9560 1.7 25 15 1 2 91% 5337 604 37%
c 2 56.93 14 17 83 43916  1 1034467 9560 1.7 25 15 1 2 91% 5337 604 37%
c f 56.93 14 17 83 43916  1 1034467 9560 1.7 25 15 1 2 91% 5337 604 37%
c ~ 56.95 14 17 83 43916  1 1035071 9944 1.7 25 15 1 2 91% 5337 604 37%
c O 56.95 14 17 83 43916  1 1035072 9945 1.7 25 15 1 2 91% 5337 604 37%
c . 58.53 14 17 84 43928  1 1059894 23278 1.7 25 15 1 2 91% 5337 604 37%
c G 58.53 14 17 84 43928  1 1059894 9832 1.7 25 15 1 2 91% 5337 604 37%
c C 58.53 14 17 84 43928  1 1059894 9832 1.7 25 15 1 2 91% 5337 604 37%
c - 58.53 14 17 84 43928  1 1059894 9832 1.7 25 15 1 2 91% 5337 604 37%
c 2 58.53 14 17 84 43928  1 1059894 9832 1.7 25 15 1 2 91% 5337 604 37%
c d 58.53 14 17 84 43928  1 1059894 9832 1.7 25 15 1 2 91% 5337 604 37%
c p 58.53 14 17 84 43928  1 1059894 9832 1.7 25 15 1 2 91% 5337 604 37%
c k 58.53 14 17 84 43928  1 1059894 9832 1.7 25 15 1 2 91% 5337 604 37%
c 2 58.53 14 17 84 43928  1 1059894 9832 1.7 25 15 1 2 91% 5337 604 37%
c u 58.56 14 17 84 43928  1 1059894 9368 1.7 25 15 1 2 91% 5337 604 37%
c v 58.57 14 17 84 43928  1 1059894 9059 1.7 25 15 1 2 91% 5337 604 37%
c 
c  seconds  reductions     conflicts        size   tier2     variables
c         MB      restarts       redundant     glue   trail      remaining
c          level        rate          size/glue  tier1 irredundant
c 
c w 58.57 14 17 84 43928  1 1059894 9059 1.7 25 15 1 2 91% 5337 604 37%
c t 58.57 14 17 84 43928  1 1059894 9059 1.7 25 15 1 2 91% 5337 604 37%
c k 58.57 14 17 84 43928  1 1059894 9059 1.7 25 15 1 2 91% 5337 604 37%
c ] 59.48 14 17 84 43932  1 1080711 18796 1.6 25 15 1 2 90% 5337 604 37%
c { 59.48 14 19 84 43932  2 1080711 18796 2.6 35 14 1 2 107% 5337 604 37%
c ~ 59.50 14 19 84 43942  2 1081072 19082 2.6 35 14 1 2 107% 5337 604 37%
c F 59.50 14 19 84 43942  2 1081073 19083 2.6 35 14 1 2 107% 5337 604 37%
c . 59.72 14 19 85 44013  2 1085632 22194 2.5 35 14 1 2 106% 5337 604 37%
c G 59.72 14 19 85 44013  2 1085632 9739 2.5 35 14 1 2 106% 5337 604 37%
c C 59.72 14 19 85 44013  2 1085632 9739 2.5 35 14 1 2 106% 5337 604 37%
c - 59.72 14 19 85 44013  2 1085632 9739 2.5 35 14 1 2 106% 5337 604 37%
c 2 59.72 14 19 85 44013  2 1085632 9739 2.5 35 14 1 2 106% 5337 604 37%
c d 59.72 14 19 85 44013  2 1085632 9739 2.5 35 14 1 2 106% 5337 604 37%
c p 59.72 14 19 85 44013  2 1085632 9739 2.5 35 14 1 2 106% 5337 604 37%
c k 59.72 14 19 85 44013  2 1085632 9739 2.5 35 14 1 2 106% 5337 604 37%
c 2 59.72 14 19 85 44013  2 1085632 9739 2.5 35 14 1 2 106% 5337 604 37%
c u 59.74 14 19 85 44013  2 1085632 9485 2.5 35 14 1 2 106% 5337 604 37%
c v 59.75 14 19 85 44013  2 1085632 9352 2.5 35 14 1 2 106% 5337 604 37%
c w 59.75 14 19 85 44013  2 1085632 9352 2.5 35 14 1 2 106% 5337 604 37%
c t 59.75 14 19 85 44013  2 1085632 9352 2.5 35 14 1 2 106% 5337 604 37%
c 
c  seconds  reductions     conflicts        size   tier2      variables
c         MB      restarts       redundant     glue   trail       remaining
c          level        rate          size/glue  tier1  irredundant
c 
c k 59.75 14 19 85 44013  2 1085632 9352 2.5 35 14 1 2 106% 5337 604 37%
c s 60.05 14 19 85 44013  2 1091704 13397 2.6 35 14 1 2 105% 5333 604 37%
c t 60.05 14 19 85 44013  2 1091704 13397 2.6 35 14 1 2 105% 5333 604 37%
c e 60.05 14 19 85 44013  2 1091704 13125 2.6 35 14 1 2 105% 5355 601 37%
c s 60.06 14 19 85 44013  2 1091704 13108 2.6 35 14 1 2 105% 5349 601 37%
c e 60.06 14 19 85 44013  2 1091704 13108 2.6 35 14 1 2 105% 5349 601 37%
c . 61.14 14 18 86 44062  2 1111680 27841 2.6 35 13 1 2 102% 5349 601 37%
c G 61.14 14 18 86 44062  2 1111680 11497 2.6 35 13 1 2 102% 5349 601 37%
c C 61.15 15 18 86 44062  2 1111680 11497 2.6 35 13 1 2 102% 5349 601 37%
c - 61.15 15 18 86 44062  2 1111680 11497 2.6 35 13 1 2 102% 5349 601 37%
c 2 61.15 15 18 86 44062  2 1111680 11497 2.6 35 13 1 2 102% 5349 601 37%
c d 61.15 15 18 86 44062  2 1111680 11497 2.6 35 13 1 2 102% 5349 601 37%
c p 61.15 15 18 86 44062  2 1111680 11497 2.6 35 13 1 2 102% 5349 601 37%
c k 61.15 15 18 86 44062  2 1111680 11497 2.6 35 13 1 2 102% 5349 601 37%
c 2 61.15 15 18 86 44062  2 1111680 11497 2.6 35 13 1 2 102% 5349 601 37%
c u 61.17 15 18 86 44062  2 1111680 11280 2.6 35 13 1 2 102% 5349 601 37%
c v 61.17 15 18 86 44062  2 1111680 11105 2.6 35 13 1 2 102% 5349 601 37%
c w 61.18 15 18 86 44062  2 1111680 11083 2.6 35 13 1 2 102% 5349 601 37%
c t 61.18 15 18 86 44062  2 1111680 11083 2.6 35 13 1 2 102% 5349 601 37%
c k 61.18 15 18 86 44062  2 1111680 11083 2.6 35 13 1 2 102% 5349 601 37%
c 
c  seconds  reductions     conflicts         size   tier2      variables
c         MB      restarts        redundant     glue   trail       remaining
c          level        rate           size/glue  tier1  irredundant
c 
c 2 61.18 15 18 86 44062  2 1111680 11083 2.6 35 13 1 2 102% 5349 601 37%
c f 61.18 15 18 86 44062  2 1111680 11083 2.6 35 13 1 2 102% 5349 601 37%
c ~ 62.12 15 18 86 45987  2 1128073 25150 2.6 35 13 1 2 100% 5349 601 37%
c B 62.12 15 18 86 45987  2 1128074 25151 2.6 35 13 1 2 100% 5349 601 37%
c . 62.80 16 18 87 46772  2 1138039 34135 2.7 36 13 1 2 100% 5349 601 37%
c G 62.80 17 18 87 46772  2 1138039 13627 2.7 36 13 1 2 100% 5349 601 37%
c C 62.80 17 18 87 46772  2 1138039 13627 2.7 36 13 1 2 100% 5349 601 37%
c - 62.80 17 18 87 46772  2 1138039 13627 2.7 36 13 1 2 100% 5349 601 37%
c 2 62.80 17 18 87 46772  2 1138039 13627 2.7 36 13 1 2 100% 5349 601 37%
c d 62.80 17 18 87 46772  2 1138039 13627 2.7 36 13 1 2 100% 5349 601 37%
c p 62.80 17 18 87 46772  2 1138039 13627 2.7 36 13 1 2 100% 5349 601 37%
c k 62.80 17 18 87 46772  2 1138039 13627 2.7 36 13 1 2 100% 5349 601 37%
c 2 62.80 17 18 87 46772  2 1138039 13627 2.7 36 13 1 2 100% 5349 601 37%
c u 62.83 17 18 87 46772  2 1138039 13389 2.7 36 13 1 2 100% 5349 601 37%
c v 62.84 17 18 87 46772  2 1138039 13242 2.7 36 13 1 2 100% 5349 601 37%
c w 62.84 17 18 87 46772  2 1138039 13133 2.7 36 13 1 2 100% 5349 601 37%
c t 62.84 17 18 87 46772  2 1138039 13133 2.7 36 13 1 2 100% 5349 601 37%
c k 62.84 17 18 87 46772  2 1138039 13133 2.7 36 13 1 2 100% 5349 601 37%
c 2 62.84 17 18 87 46772  2 1138039 13133 2.7 36 13 1 2 100% 5349 601 37%
c f 62.85 17 18 87 46772  2 1138039 13133 2.7 36 13 1 2 100% 5349 601 37%
c 
c  seconds  reductions     conflicts         size   tier2     variables
c         MB      restarts        redundant     glue   trail      remaining
c          level        rate           size/glue  tier1 irredundant
c 
c . 63.81 17 19 88 47426  2 1164709 37795 2.7 35 13 1 2 94% 5349 601 37%
c G 63.81 17 19 88 47426  2 1164709 14700 2.7 35 13 1 2 94% 5349 601 37%
c C 63.81 18 19 88 47426  2 1164709 14700 2.7 35 13 1 2 94% 5349 601 37%
c - 63.81 18 19 88 47426  2 1164709 14700 2.7 35 13 1 2 94% 5349 601 37%
c 2 63.81 18 19 88 47426  2 1164709 14700 2.7 35 13 1 2 94% 5349 601 37%
c d 63.81 18 19 88 47426  2 1164709 14700 2.7 35 13 1 2 94% 5349 601 37%
c p 63.81 18 19 88 47426  2 1164709 14700 2.7 35 13 1 2 94% 5349 601 37%
c k 63.81 18 19 88 47426  2 1164709 14700 2.7 35 13 1 2 94% 5349 601 37%
c 2 63.81 18 19 88 47426  2 1164709 14700 2.7 35 13 1 2 94% 5349 601 37%
c u 63.83 18 19 88 47426  2 1164709 14554 2.7 35 13 1 2 94% 5349 601 37%
c v 63.84 18 19 88 47426  2 1164709 14479 2.7 35 13 1 2 94% 5349 601 37%
c w 63.84 18 19 88 47426  2 1164709 14445 2.7 35 13 1 2 94% 5349 601 37%
c t 63.84 18 19 88 47426  2 1164709 14445 2.7 35 13 1 2 94% 5349 601 37%
c k 63.84 18 19 88 47426  2 1164709 14445 2.7 35 13 1 2 94% 5349 601 37%
c ~ 64.54 18 19 88 49003  2 1176074 23345 2.6 35 13 1 2 93% 5349 601 37%
c W 64.80 18 19 88 49003  2 1176075 23346 2.6 35 13 1 2 93% 5349 601 37%
c . 65.79 18 19 89 50596  2 1191689 36199 2.6 35 13 1 2 93% 5349 601 37%
c G 65.79 18 19 89 50596  2 1191689 14997 2.6 35 13 1 2 93% 5349 601 37%
c C 65.79 18 19 89 50596  2 1191689 14997 2.6 35 13 1 2 93% 5349 601 37%
c - 65.79 18 19 89 50596  2 1191689 14997 2.6 35 13 1 2 93% 5349 601 37%
c 
c  seconds  reductions     conflicts         size   tier2     variables
c         MB      restarts        redundant     glue   trail      remaining
c          level        rate           size/glue  tier1 irredundant
c 
c 2 65.79 18 19 89 50596  2 1191689 14997 2.6 35 13 1 2 93% 5349 601 37%
c d 65.79 18 19 89 50596  2 1191689 14997 2.6 35 13 1 2 93% 5349 601 37%
c p 65.79 18 19 89 50596  2 1191689 14997 2.6 35 13 1 2 93% 5349 601 37%
c k 65.79 18 19 89 50596  2 1191689 14997 2.6 35 13 1 2 93% 5349 601 37%
c 2 65.79 18 19 89 50596  2 1191689 14997 2.6 35 13 1 2 93% 5349 601 37%
c u 65.82 18 19 89 50596  2 1191689 14693 2.6 35 13 1 2 93% 5349 601 37%
c v 65.83 18 19 89 50596  2 1191689 14497 2.6 35 13 1 2 93% 5349 601 37%
c w 65.83 18 19 89 50596  2 1191689 14497 2.6 35 13 1 2 93% 5349 601 37%
c t 65.83 18 19 89 50596  2 1191689 14497 2.6 35 13 1 2 93% 5349 601 37%
c k 65.83 18 19 89 50596  2 1191689 14497 2.6 35 13 1 2 93% 5349 601 37%
c } 66.82 18 19 89 52705  2 1209995 29998 2.6 35 13 1 2 91% 5349 601 37%
c [ 66.82 18 17 89 52705  1 1209995 29998 1.6 25 15 1 2 90% 5349 601 37%
c . 67.45 18 17 90 52705  1 1218980 38163 1.8 26 15 1 2 90% 5349 601 37%
c G 67.46 18 17 90 52705  1 1218980 16100 1.8 26 15 1 2 90% 5349 601 37%
c C 67.46 18 17 90 52705  1 1218980 16100 1.8 26 15 1 2 90% 5349 601 37%
c - 67.46 18 17 90 52705  1 1218980 16100 1.8 26 15 1 2 90% 5349 601 37%
c 2 67.46 18 17 90 52705  1 1218980 16100 1.8 26 15 1 2 90% 5349 601 37%
c d 67.46 18 17 90 52705  1 1218980 16100 1.8 26 15 1 2 90% 5349 601 37%
c p 67.46 18 17 90 52705  1 1218980 16100 1.8 26 15 1 2 90% 5349 601 37%
c k 67.46 18 17 90 52705  1 1218980 16100 1.8 26 15 1 2 90% 5349 601 37%
c 
c  seconds  reductions     conflicts         size   tier2     variables
c         MB      restarts        redundant     glue   trail      remaining
c          level        rate           size/glue  tier1 irredundant
c 
c 2 67.46 18 17 90 52705  1 1218980 16100 1.8 26 15 1 2 90% 5349 601 37%
c u 67.48 18 17 90 52705  1 1218980 15990 1.8 26 15 1 2 90% 5349 601 37%
c v 67.49 18 17 90 52705  1 1218980 15813 1.8 26 15 1 2 90% 5349 601 37%
c w 67.49 18 17 90 52705  1 1218980 15812 1.8 26 15 1 2 90% 5349 601 37%
c t 67.49 18 17 90 52705  1 1218980 15812 1.8 26 15 1 2 90% 5349 601 37%
c k 67.49 18 17 90 52705  1 1218980 15812 1.8 26 15 1 2 90% 5349 601 37%
c ~ 67.80 18 17 90 52706  1 1225075 19921 1.8 26 15 1 2 91% 5349 601 37%
c B 67.80 18 17 90 52706  1 1225076 19922 1.8 26 15 1 2 91% 5349 601 37%
c . 68.64 18 17 91 52706  1 1246581 32288 1.8 26 15 1 2 91% 5349 601 37%
c G 68.64 18 17 91 52706  1 1246581 14537 1.8 26 15 1 2 91% 5349 601 37%
c C 68.64 15 17 91 52706  1 1246581 14537 1.8 26 15 1 2 91% 5349 601 37%
c - 68.64 15 17 91 52706  1 1246581 14537 1.8 26 15 1 2 91% 5349 601 37%
c 2 68.64 15 17 91 52706  1 1246581 14537 1.8 26 15 1 2 91% 5349 601 37%
c d 68.64 15 17 91 52706  1 1246581 14537 1.8 26 15 1 2 91% 5349 601 37%
c p 68.64 15 17 91 52706  1 1246581 14537 1.8 26 15 1 2 91% 5349 601 37%
c k 68.64 15 17 91 52706  1 1246581 14537 1.8 26 15 1 2 91% 5349 601 37%
c 2 68.64 15 17 91 52706  1 1246581 14537 1.8 26 15 1 2 91% 5349 601 37%
c u 68.66 15 17 91 52706  1 1246581 14480 1.8 26 15 1 2 91% 5349 601 37%
c v 68.66 15 17 91 52706  1 1246581 14390 1.8 26 15 1 2 91% 5349 601 37%
c w 68.66 15 17 91 52706  1 1246581 14390 1.8 26 15 1 2 91% 5349 601 37%
c 
c  seconds  reductions     conflicts         size   tier2     variables
c         MB      restarts        redundant     glue   trail      remaining
c          level        rate           size/glue  tier1 irredundant
c 
c x 68.67 15 17 91 52706  1 1246581 14388 1.8 26 15 1 2 91% 5232 601 37%
c t 68.67 15 17 91 52706  1 1246581 14388 1.8 26 15 1 2 91% 5232 601 37%
c k 68.67 15 17 91 52706  1 1246581 14388 1.8 26 15 1 2 91% 5232 601 37%
c 2 68.67 15 17 91 52706  1 1246581 14388 1.8 26 15 1 2 91% 5232 601 37%
c f 68.67 15 17 91 52706  1 1246581 14388 1.8 26 15 1 2 91% 5232 601 37%
c s 68.69 15 17 91 52706  1 1246581 14271 1.8 26 15 1 2 91% 5228 601 37%
c t 68.69 15 17 91 52706  1 1246581 14271 1.8 26 15 1 2 91% 5228 601 37%
c e 68.70 15 17 91 52706  1 1246581 14062 1.8 26 15 1 2 91% 5254 593 36%
c s 68.71 15 17 91 52706  1 1246581 14014 1.8 26 15 1 2 91% 5228 593 36%
c e 68.72 15 17 91 52706  1 1246581 14014 1.8 26 15 1 2 91% 5228 593 36%
c . 70.06 15 17 92 52720  1 1274493 26708 1.7 25 15 1 2 91% 5228 593 36%
c G 70.07 15 17 92 52720  1 1274493 12188 1.7 25 15 1 2 91% 5228 593 36%
c C 70.07 15 17 92 52720  1 1274493 12188 1.7 25 15 1 2 91% 5228 593 36%
c - 70.07 15 17 92 52720  1 1274493 12188 1.7 25 15 1 2 91% 5228 593 36%
c 2 70.07 15 17 92 52720  1 1274493 12188 1.7 25 15 1 2 91% 5228 593 36%
c d 70.07 15 17 92 52720  1 1274493 12188 1.7 25 15 1 2 91% 5228 593 36%
c p 70.07 15 17 92 52720  1 1274493 12188 1.7 25 15 1 2 91% 5228 593 36%
c k 70.07 15 17 92 52720  1 1274493 12188 1.7 25 15 1 2 91% 5228 593 36%
c 2 70.07 15 17 92 52720  1 1274493 12188 1.7 25 15 1 2 91% 5228 593 36%
c u 70.09 15 17 92 52720  1 1274493 12071 1.7 25 15 1 2 91% 5228 593 36%
c 
c  seconds  reductions     conflicts         size   tier2     variables
c         MB      restarts        redundant     glue   trail      remaining
c          level        rate           size/glue  tier1 irredundant
c 
c v 70.10 15 17 92 52720  1 1274493 11888 1.7 25 15 1 2 91% 5228 593 36%
c w 70.10 15 17 92 52720  1 1274493 11888 1.7 25 15 1 2 91% 5228 593 36%
c t 70.10 15 17 92 52720  1 1274493 11888 1.7 25 15 1 2 91% 5228 593 36%
c k 70.10 15 17 92 52720  1 1274493 11888 1.7 25 15 1 2 91% 5228 593 36%
c 2 70.10 15 17 92 52720  1 1274493 11888 1.7 25 15 1 2 91% 5228 593 36%
c f 70.10 15 17 92 52720  1 1274493 11888 1.7 25 15 1 2 91% 5228 593 36%
c ~ 70.13 15 17 92 52720  1 1275077 12086 1.7 25 15 1 2 91% 5228 593 36%
c W 70.30 15 17 92 52720  1 1275078 12087 1.7 25 15 1 2 91% 5228 593 36%
c . 71.42 15 17 93 52731  1 1302717 27307 1.7 25 15 1 2 90% 5228 593 36%
c G 71.42 15 17 93 52731  1 1302717 12208 1.7 25 15 1 2 90% 5228 593 36%
c C 71.42 15 17 93 52731  1 1302717 12208 1.7 25 15 1 2 90% 5228 593 36%
c - 71.42 15 17 93 52731  1 1302717 12208 1.7 25 15 1 2 90% 5228 593 36%
c 2 71.42 15 17 93 52731  1 1302717 12208 1.7 25 15 1 2 90% 5228 593 36%
c d 71.42 15 17 93 52731  1 1302717 12208 1.7 25 15 1 2 90% 5228 593 36%
c p 71.42 15 17 93 52731  1 1302717 12208 1.7 25 15 1 2 90% 5228 593 36%
c k 71.42 15 17 93 52731  1 1302717 12208 1.7 25 15 1 2 90% 5228 593 36%
c 2 71.42 15 17 93 52731  1 1302717 12208 1.7 25 15 1 2 90% 5228 593 36%
c u 71.44 15 17 93 52731  1 1302717 12010 1.7 25 15 1 2 90% 5228 593 36%
c v 71.45 15 17 93 52731  1 1302717 11816 1.7 25 15 1 2 90% 5228 593 36%
c w 71.45 15 17 93 52731  1 1302717 11816 1.7 25 15 1 2 90% 5228 593 36%
c 
c  seconds  reductions     conflicts         size   tier2     variables
c         MB      restarts        redundant     glue   trail      remaining
c          level        rate           size/glue  tier1 irredundant
c 
c t 71.45 15 17 93 52731  1 1302717 11816 1.7 25 15 1 2 90% 5228 593 36%
c k 71.45 15 17 93 52731  1 1302717 11816 1.7 25 15 1 2 90% 5228 593 36%
c ~ 72.37 15 17 93 52737  1 1326079 25345 1.6 24 15 1 2 89% 5228 593 36%
c I 72.37 15 17 93 52737  1 1326080 25346 1.6 24 15 1 2 89% 5228 593 36%
c . 72.56 15 17 94 52737  1 1331251 28713 1.6 24 15 1 2 89% 5228 593 36%
c G 72.56 15 17 94 52737  1 1331251 12135 1.6 24 15 1 2 89% 5228 593 36%
c C 72.57 15 17 94 52737  1 1331251 12135 1.6 24 15 1 2 89% 5228 593 36%
c - 72.57 15 17 94 52737  1 1331251 12135 1.6 24 15 1 2 89% 5228 593 36%
c 2 72.57 15 17 94 52737  1 1331251 12135 1.6 24 15 1 2 89% 5228 593 36%
c d 72.57 15 17 94 52737  1 1331251 12135 1.6 24 15 1 2 89% 5228 593 36%
c p 72.57 15 17 94 52737  1 1331251 12135 1.6 24 15 1 2 89% 5228 593 36%
c k 72.57 15 17 94 52737  1 1331251 12135 1.6 24 15 1 2 89% 5228 593 36%
c 2 72.57 15 17 94 52737  1 1331251 12135 1.6 24 15 1 2 89% 5228 593 36%
c = 72.62 15 17 94 52737  1 1331251 12135 1.6 24 15 1 2 89% 5228 593 36%
c u 72.64 15 17 94 52737  1 1331251 12047 1.6 24 15 1 2 89% 5228 593 36%
c v 72.65 15 17 94 52737  1 1331251 11862 1.6 24 15 1 2 89% 5228 593 36%
c w 72.65 15 17 94 52737  1 1331251 11862 1.6 24 15 1 2 89% 5228 593 36%
c t 72.65 15 17 94 52737  1 1331251 11862 1.6 24 15 1 2 89% 5228 593 36%
c k 72.65 15 17 94 52737  1 1331251 11862 1.6 24 15 1 2 89% 5228 593 36%
c . 73.68 15 17 95 52751  1 1360095 28821 1.6 24 15 1 2 89% 5228 593 36%
c 
c  seconds  reductions     conflicts         size   tier2     variables
c         MB      restarts        redundant     glue   trail      remaining
c          level        rate           size/glue  tier1 irredundant
c 
c G 73.68 15 17 95 52751  1 1360095 12221 1.6 24 15 1 2 89% 5228 593 36%
c C 73.68 15 17 95 52751  1 1360095 12221 1.6 24 15 1 2 89% 5228 593 36%
c - 73.68 15 17 95 52751  1 1360095 12221 1.6 24 15 1 2 89% 5228 593 36%
c 2 73.68 15 17 95 52751  1 1360095 12221 1.6 24 15 1 2 89% 5228 593 36%
c d 73.68 15 17 95 52751  1 1360095 12221 1.6 24 15 1 2 89% 5228 593 36%
c p 73.68 15 17 95 52751  1 1360095 12221 1.6 24 15 1 2 89% 5228 593 36%
c c 73.69 15 17 95 52751  1 1360095 12221 1.6 24 15 1 2 89% 5228 593 36%
c k 73.69 15 17 95 52751  1 1360095 12221 1.6 24 15 1 2 89% 5228 593 36%
c 2 73.69 15 17 95 52751  1 1360095 12221 1.6 24 15 1 2 89% 5228 593 36%
c u 73.70 15 17 95 52751  1 1360095 12049 1.6 24 15 1 2 89% 5228 593 36%
c v 73.71 15 17 95 52751  1 1360095 11848 1.6 24 15 1 2 89% 5228 593 36%
c w 73.71 15 17 95 52751  1 1360095 11848 1.6 24 15 1 2 89% 5228 593 36%
c t 73.71 15 17 95 52751  1 1360095 11848 1.6 24 15 1 2 89% 5228 593 36%
c k 73.71 15 17 95 52751  1 1360095 11848 1.6 24 15 1 2 89% 5228 593 36%
c ] 73.91 15 17 95 52752  1 1365097 14674 1.6 24 15 1 2 89% 5228 593 36%
c { 73.91 15 19 95 52752  2 1365097 14674 2.6 35 13 1 2 91% 5228 593 36%
c ~ 74.74 15 19 95 53157  2 1378080 26390 2.7 35 13 1 2 92% 5228 593 36%
c # 74.74 15 19 95 53157  2 1378081 26391 2.7 35 13 1 2 92% 5228 593 36%
c . 75.43 17 19 96 54100  2 1389253 36030 2.7 36 13 1 2 91% 5228 593 36%
c G 75.43 17 19 96 54100  2 1389253 15936 2.7 36 13 1 2 91% 5228 593 36%
c 
c  seconds  reductions     conflicts         size   tier2     variables
c         MB      restarts        redundant     glue   trail      remaining
c          level        rate           size/glue  tier1 irredundant
c 
c C 75.43 18 19 96 54100  2 1389253 15936 2.7 36 13 1 2 91% 5228 593 36%
c - 75.43 18 19 96 54100  2 1389253 15936 2.7 36 13 1 2 91% 5228 593 36%
c 2 75.43 18 19 96 54100  2 1389253 15936 2.7 36 13 1 2 91% 5228 593 36%
c d 75.43 18 19 96 54100  2 1389253 15936 2.7 36 13 1 2 91% 5228 593 36%
c p 75.44 18 19 96 54100  2 1389253 15936 2.7 36 13 1 2 91% 5228 593 36%
c k 75.44 18 19 96 54100  2 1389253 15936 2.7 36 13 1 2 91% 5228 593 36%
c 2 75.44 18 19 96 54100  2 1389253 15936 2.7 36 13 1 2 91% 5228 593 36%
c u 75.46 16 19 96 54100  2 1389253 15760 2.7 36 13 1 2 91% 5228 593 36%
c v 75.47 16 19 96 54100  2 1389253 15530 2.7 36 13 1 2 91% 5228 593 36%
c w 75.48 16 19 96 54100  2 1389253 15498 2.7 36 13 1 2 91% 5228 593 36%
c t 75.48 16 19 96 54100  2 1389253 15498 2.7 36 13 1 2 91% 5228 593 36%
c k 75.48 16 19 96 54100  2 1389253 15498 2.7 36 13 1 2 91% 5228 593 36%
c . 77.90 17 18 97 54352  1 1418720 43552 3.0 36 12 1 2 91% 5228 593 36%
c G 77.90 17 18 97 54352  1 1418720 18192 3.0 36 12 1 2 91% 5228 593 36%
c C 77.90 17 18 97 54352  1 1418720 18192 3.0 36 12 1 2 91% 5228 593 36%
c - 77.90 17 18 97 54352  1 1418720 18192 3.0 36 12 1 2 91% 5228 593 36%
c 2 77.90 17 18 97 54352  1 1418720 18192 3.0 36 12 1 2 91% 5228 593 36%
c d 77.90 17 18 97 54352  1 1418720 18192 3.0 36 12 1 2 91% 5228 593 36%
c p 77.90 17 18 97 54352  1 1418720 18192 3.0 36 12 1 2 91% 5228 593 36%
c k 77.90 17 18 97 54352  1 1418720 18192 3.0 36 12 1 2 91% 5228 593 36%
c 
c  seconds  reductions     conflicts         size   tier2     variables
c         MB      restarts        redundant     glue   trail      remaining
c          level        rate           size/glue  tier1 irredundant
c 
c 2 77.90 17 18 97 54352  1 1418720 18192 3.0 36 12 1 2 91% 5228 593 36%
c u 77.93 17 18 97 54352  1 1418720 18000 3.0 36 12 1 2 91% 5228 593 36%
c v 77.94 17 18 97 54352  1 1418720 17896 3.0 36 12 1 2 91% 5228 593 36%
c w 77.94 17 18 97 54352  1 1418720 17896 3.0 36 12 1 2 91% 5228 593 36%
c x 77.96 17 18 97 54352  1 1418720 17895 3.0 36 12 1 2 91% 5191 593 36%
c t 77.96 17 18 97 54352  1 1418720 17895 3.0 36 12 1 2 91% 5191 593 36%
c k 77.96 17 18 97 54352  1 1418720 17895 3.0 36 12 1 2 91% 5191 593 36%
c 2 77.96 17 18 97 54352  1 1418720 17895 3.0 36 12 1 2 91% 5191 593 36%
c f 77.96 17 18 97 54352  1 1418720 17895 3.0 36 12 1 2 91% 5191 593 36%
c s 77.99 17 18 97 54352  1 1418720 17717 3.0 36 12 1 2 91% 5189 593 36%
c t 77.99 17 18 97 54352  1 1418720 17717 3.0 36 12 1 2 91% 5189 593 36%
c e 78.00 17 18 97 54352  1 1418720 16823 3.0 36 12 1 2 91% 5199 591 36%
c s 78.02 17 18 97 54352  1 1418720 16782 3.0 36 12 1 2 91% 5199 591 36%
c e 78.03 17 18 97 54352  1 1418720 16782 3.0 36 12 1 2 91% 5199 591 36%
c ~ 78.69 17 18 97 56065  1 1431081 27384 2.9 35 12 1 2 89% 5199 591 36%
c B 78.69 17 18 97 56065  1 1431082 27385 2.9 35 12 1 2 89% 5199 591 36%
c . 79.79 18 18 98 58295  2 1448498 41869 2.7 34 12 1 2 87% 5199 591 36%
c G 79.79 18 18 98 58295  2 1448498 18292 2.7 34 12 1 2 87% 5199 591 36%
c C 79.79 18 18 98 58295  2 1448498 18292 2.7 34 12 1 2 87% 5199 591 36%
c - 79.79 18 18 98 58295  2 1448498 18292 2.7 34 12 1 2 87% 5199 591 36%
c 
c  seconds  reductions     conflicts         size   tier2     variables
c         MB      restarts        redundant     glue   trail      remaining
c          level        rate           size/glue  tier1 irredundant
c 
c 2 79.79 18 18 98 58295  2 1448498 18292 2.7 34 12 1 2 87% 5199 591 36%
c d 79.79 18 18 98 58295  2 1448498 18292 2.7 34 12 1 2 87% 5199 591 36%
c p 79.79 18 18 98 58295  2 1448498 18292 2.7 34 12 1 2 87% 5199 591 36%
c k 79.79 18 18 98 58295  2 1448498 18292 2.7 34 12 1 2 87% 5199 591 36%
c 2 79.79 18 18 98 58295  2 1448498 18292 2.7 34 12 1 2 87% 5199 591 36%
c u 79.82 18 18 98 58295  2 1448498 18141 2.7 34 12 1 2 87% 5199 591 36%
c v 79.84 18 18 98 58295  2 1448498 18058 2.7 34 12 1 2 87% 5199 591 36%
c w 79.84 18 18 98 58295  2 1448498 18058 2.7 34 12 1 2 87% 5199 591 36%
c t 79.84 18 18 98 58295  2 1448498 18058 2.7 34 12 1 2 87% 5199 591 36%
c k 79.84 18 18 98 58295  2 1448498 18058 2.7 34 12 1 2 87% 5199 591 36%
c 2 79.84 18 18 98 58295  2 1448498 18058 2.7 34 12 1 2 87% 5199 591 36%
c f 79.84 18 18 98 58295  2 1448498 18058 2.7 34 12 1 2 87% 5199 591 36%
c . 81.18 18 18 99 60696  2 1478590 44033 2.5 32 12 1 2 80% 5199 591 36%
c G 81.18 18 18 99 60696  2 1478590 19628 2.5 32 12 1 2 80% 5199 591 36%
c C 81.19 18 18 99 60696  2 1478590 19628 2.5 32 12 1 2 80% 5199 591 36%
c - 81.19 18 18 99 60696  2 1478590 19628 2.5 32 12 1 2 80% 5199 591 36%
c 2 81.19 18 18 99 60696  2 1478590 19628 2.5 32 12 1 2 80% 5199 591 36%
c d 81.19 18 18 99 60696  2 1478590 19628 2.5 32 12 1 2 80% 5199 591 36%
c p 81.19 18 18 99 60696  2 1478590 19628 2.5 32 12 1 2 80% 5199 591 36%
c k 81.19 18 18 99 60696  2 1478590 19628 2.5 32 12 1 2 80% 5199 591 36%
c 
c  seconds  reductions     conflicts         size   tier2     variables
c         MB      restarts        redundant     glue   trail      remaining
c          level        rate           size/glue  tier1 irredundant
c 
c 2 81.19 18 18 99 60696  2 1478590 19628 2.5 32 12 1 2 80% 5199 591 36%
c u 81.21 18 18 99 60696  2 1478590 19448 2.5 32 12 1 2 80% 5199 591 36%
c v 81.22 18 18 99 60696  2 1478590 19382 2.5 32 12 1 2 80% 5199 591 36%
c w 81.22 18 18 99 60696  2 1478590 19382 2.5 32 12 1 2 80% 5199 591 36%
c t 81.22 18 18 99 60696  2 1478590 19382 2.5 32 12 1 2 80% 5199 591 36%
c k 81.22 18 18 99 60696  2 1478590 19382 2.5 32 12 1 2 80% 5199 591 36%
c ~ 81.68 18 18 99 62050  2 1485085 24014 2.5 32 13 1 2 81% 5199 591 36%
c W 82.01 18 18 99 62050  2 1485086 24015 2.5 32 13 1 2 81% 5199 591 36%
c } 82.11 18 18 99 62087  2 1486024 24873 2.5 32 13 1 2 81% 5199 591 36%
c [ 82.11 18 17 99 62087  1 1486024 24873 1.6 24 15 1 2 89% 5199 591 36%
c . 83.85 18 17 100 62100  1 1508989 43503 1.7 26 15 1 2 89% 5199 591 36%
c G 83.85 18 17 100 62100  1 1508989 19866 1.7 26 15 1 2 89% 5199 591 36%
c C 83.85 19 17 100 62100  1 1508989 19866 1.7 26 15 1 2 89% 5199 591 36%
c - 83.85 19 17 100 62100  1 1508989 19866 1.7 26 15 1 2 89% 5199 591 36%
c 2 83.85 19 17 100 62100  1 1508989 19866 1.7 26 15 1 2 89% 5199 591 36%
c d 83.85 19 17 100 62100  1 1508989 19866 1.7 26 15 1 2 89% 5199 591 36%
c p 83.85 19 17 100 62100  1 1508989 19866 1.7 26 15 1 2 89% 5199 591 36%
c k 83.85 19 17 100 62100  1 1508989 19866 1.7 26 15 1 2 89% 5199 591 36%
c 2 83.85 19 17 100 62100  1 1508989 19866 1.7 26 15 1 2 89% 5199 591 36%
c u 83.89 19 17 100 62100  1 1508989 19619 1.7 26 15 1 2 89% 5199 591 36%
c 
c  seconds   reductions     conflicts         size   tier2     variables
c         MB       restarts        redundant     glue   trail      remaining
c          level         rate           size/glue  tier1 irredundant
c 
c v 83.91 19 17 100 62100  1 1508989 19529 1.7 26 15 1 2 89% 5199 591 36%
c w 83.91 19 17 100 62100  1 1508989 19529 1.7 26 15 1 2 89% 5199 591 36%
c t 83.91 19 17 100 62100  1 1508989 19529 1.7 26 15 1 2 89% 5199 591 36%
c k 83.91 19 17 100 62100  1 1508989 19529 1.7 26 15 1 2 89% 5199 591 36%
c . 86.40 19 17 101 62104  1 1539699 37716 1.8 26 14 1 2 89% 5199 591 36%
c G 86.40 19 17 101 62104  1 1539699 18204 1.8 26 14 1 2 89% 5199 591 36%
c C 86.40 19 17 101 62104  1 1539699 18204 1.8 26 14 1 2 89% 5199 591 36%
c - 86.40 19 17 101 62104  1 1539699 18204 1.8 26 14 1 2 89% 5199 591 36%
c 2 86.40 19 17 101 62104  1 1539699 18204 1.8 26 14 1 2 89% 5199 591 36%
c d 86.40 19 17 101 62104  1 1539699 18204 1.8 26 14 1 2 89% 5199 591 36%
c p 86.41 19 17 101 62104  1 1539699 18204 1.8 26 14 1 2 89% 5199 591 36%
c k 86.41 19 17 101 62104  1 1539699 18204 1.8 26 14 1 2 89% 5199 591 36%
c 2 86.41 19 17 101 62104  1 1539699 18204 1.8 26 14 1 2 89% 5199 591 36%
c u 86.44 19 17 101 62104  1 1539699 17994 1.8 26 14 1 2 89% 5199 591 36%
c v 86.46 19 17 101 62104  1 1539699 17759 1.8 26 14 1 2 89% 5199 591 36%
c w 86.46 19 17 101 62104  1 1539699 17759 1.8 26 14 1 2 89% 5199 591 36%
c t 86.46 19 17 101 62104  1 1539699 17759 1.8 26 14 1 2 89% 5199 591 36%
c k 86.46 19 17 101 62104  1 1539699 17759 1.8 26 14 1 2 89% 5199 591 36%
c ~ 86.49 19 17 101 62104  1 1540086 17944 1.8 26 14 1 2 89% 5199 591 36%
c B 86.49 19 17 101 62104  1 1540087 17945 1.8 26 14 1 2 89% 5199 591 36%
c 
c  seconds   reductions     conflicts         size   tier2     variables
c         MB       restarts        redundant     glue   trail      remaining
c          level         rate           size/glue  tier1 irredundant
c 
c . 88.33 19 17 102 62104  1 1570722 37747 1.8 26 15 1 2 89% 5199 591 36%
c G 88.33 19 17 102 62104  1 1570722 17494 1.8 26 15 1 2 89% 5199 591 36%
c C 88.33 19 17 102 62104  1 1570722 17494 1.8 26 15 1 2 89% 5199 591 36%
c - 88.33 19 17 102 62104  1 1570722 17494 1.8 26 15 1 2 89% 5199 591 36%
c 2 88.33 19 17 102 62104  1 1570722 17494 1.8 26 15 1 2 89% 5199 591 36%
c d 88.33 19 17 102 62104  1 1570722 17494 1.8 26 15 1 2 89% 5199 591 36%
c p 88.33 16 17 102 62104  1 1570722 17494 1.8 26 15 1 2 89% 5199 591 36%
c k 88.33 16 17 102 62104  1 1570722 17494 1.8 26 15 1 2 89% 5199 591 36%
c 2 88.33 16 17 102 62104  1 1570722 17494 1.8 26 15 1 2 89% 5199 591 36%
c u 88.36 16 17 102 62104  1 1570722 17329 1.8 26 15 1 2 89% 5199 591 36%
c v 88.38 16 17 102 62104  1 1570722 17139 1.8 26 15 1 2 89% 5199 591 36%
c w 88.38 16 17 102 62104  1 1570722 17139 1.8 26 15 1 2 89% 5199 591 36%
c t 88.38 16 17 102 62104  1 1570722 17139 1.8 26 15 1 2 89% 5199 591 36%
c k 88.38 16 17 102 62104  1 1570722 17139 1.8 26 15 1 2 89% 5199 591 36%
c ] 89.58 16 17 102 62105  1 1590753 30091 1.7 26 15 1 2 89% 5199 591 36%
c { 89.58 16 18 102 62105  2 1590753 30091 2.5 32 13 1 2 81% 5199 591 36%
c ~ 90.08 16 18 102 63430  2 1596087 34323 2.5 32 13 1 2 82% 5199 591 36%
c F 90.08 16 18 102 63430  2 1596088 34324 2.5 32 13 1 2 82% 5199 591 36%
c . 90.57 17 18 103 64491  2 1602056 39108 2.5 32 13 1 2 82% 5199 591 36%
c G 90.57 18 18 103 64491  2 1602056 18996 2.5 32 13 1 2 82% 5199 591 36%
c 
c  seconds   reductions     conflicts         size   tier2     variables
c         MB       restarts        redundant     glue   trail      remaining
c          level         rate           size/glue  tier1 irredundant
c 
c C 90.57 19 18 103 64491  2 1602056 18996 2.5 32 13 1 2 82% 5199 591 36%
c - 90.57 19 18 103 64491  2 1602056 18996 2.5 32 13 1 2 82% 5199 591 36%
c 2 90.57 19 18 103 64491  2 1602056 18996 2.5 32 13 1 2 82% 5199 591 36%
c d 90.57 19 18 103 64491  2 1602056 18996 2.5 32 13 1 2 82% 5199 591 36%
c p 90.58 19 18 103 64491  2 1602056 18996 2.5 32 13 1 2 82% 5199 591 36%
c k 90.58 19 18 103 64491  2 1602056 18996 2.5 32 13 1 2 82% 5199 591 36%
c 2 90.58 19 18 103 64491  2 1602056 18996 2.5 32 13 1 2 82% 5199 591 36%
c u 90.61 19 18 103 64491  2 1602056 18796 2.5 32 13 1 2 82% 5199 591 36%
c v 90.62 19 18 103 64491  2 1602056 18596 2.5 32 13 1 2 82% 5199 591 36%
c w 90.63 19 18 103 64491  2 1602056 18569 2.5 32 13 1 2 82% 5199 591 36%
c t 90.63 19 18 103 64491  2 1602056 18569 2.5 32 13 1 2 82% 5199 591 36%
c k 90.63 19 18 103 64491  2 1602056 18569 2.5 32 13 1 2 82% 5199 591 36%
c . 92.98 19 18 104 68686  2 1633700 43924 2.4 32 13 1 2 83% 5199 591 36%
c G 92.99 19 18 104 68686  2 1633700 21106 2.4 32 13 1 2 83% 5199 591 36%
c C 92.99 20 18 104 68686  2 1633700 21106 2.4 32 13 1 2 83% 5199 591 36%
c - 92.99 20 18 104 68686  2 1633700 21106 2.4 32 13 1 2 83% 5199 591 36%
c 2 92.99 20 18 104 68686  2 1633700 21106 2.4 32 13 1 2 83% 5199 591 36%
c d 92.99 20 18 104 68686  2 1633700 21106 2.4 32 13 1 2 83% 5199 591 36%
c p 92.99 20 18 104 68686  2 1633700 21106 2.4 32 13 1 2 83% 5199 591 36%
c k 92.99 20 18 104 68686  2 1633700 21106 2.4 32 13 1 2 83% 5199 591 36%
c 
c  seconds   reductions     conflicts         size   tier2     variables
c         MB       restarts        redundant     glue   trail      remaining
c          level         rate           size/glue  tier1 irredundant
c 
c 2 92.99 20 18 104 68686  2 1633700 21106 2.4 32 13 1 2 83% 5199 591 36%
c u 93.01 20 18 104 68686  2 1633700 20943 2.4 32 13 1 2 83% 5199 591 36%
c v 93.03 20 18 104 68686  2 1633700 20756 2.4 32 13 1 2 83% 5199 591 36%
c w 93.03 20 18 104 68686  2 1633700 20708 2.4 32 13 1 2 83% 5199 591 36%
c x 93.05 20 18 104 68686  2 1633700 20707 2.4 32 13 1 2 83% 5193 591 36%
c t 93.05 20 18 104 68686  2 1633700 20707 2.4 32 13 1 2 83% 5193 591 36%
c k 93.05 20 18 104 68686  2 1633700 20707 2.4 32 13 1 2 83% 5193 591 36%
c 2 93.05 20 18 104 68686  2 1633700 20707 2.4 32 13 1 2 83% 5193 591 36%
c f 93.05 20 18 104 68686  2 1633700 20707 2.4 32 13 1 2 83% 5193 591 36%
c s 93.08 20 18 104 68686  2 1633700 20490 2.4 32 13 1 2 83% 5193 591 36%
c t 93.08 20 18 104 68686  2 1633700 20490 2.4 32 13 1 2 83% 5193 591 36%
c e 93.08 20 18 104 68686  2 1633700 20490 2.4 32 13 1 2 83% 5193 591 36%
c s 93.12 20 18 104 68686  2 1633700 20413 2.4 32 13 1 2 83% 5193 591 36%
c ^ 93.12 20 18 104 68686  2 1633700 20413 2.4 32 13 1 2 83% 5193 591 36%
c ~ 94.33 20 19 104 71097  2 1653090 36199 2.3 32 14 1 2 83% 5193 591 36%
c B 94.33 20 19 104 71097  2 1653091 36200 2.3 32 14 1 2 83% 5193 591 36%
c . 95.18 20 18 105 71204  2 1665655 46870 2.4 32 13 1 2 83% 5193 591 36%
c G 95.18 20 18 105 71204  2 1665655 22207 2.4 32 13 1 2 83% 5193 591 36%
c C 95.18 20 18 105 71204  2 1665655 22207 2.4 32 13 1 2 83% 5193 591 36%
c - 95.18 20 18 105 71204  2 1665655 22207 2.4 32 13 1 2 83% 5193 591 36%
c 
c  seconds   reductions     conflicts         size   tier2     variables
c         MB       restarts        redundant     glue   trail      remaining
c          level         rate           size/glue  tier1 irredundant
c 
c 2 95.18 20 18 105 71204  2 1665655 22207 2.4 32 13 1 2 83% 5193 591 36%
c d 95.18 20 18 105 71204  2 1665655 22207 2.4 32 13 1 2 83% 5193 591 36%
c p 95.18 20 18 105 71204  2 1665655 22207 2.4 32 13 1 2 83% 5193 591 36%
c k 95.18 20 18 105 71204  2 1665655 22207 2.4 32 13 1 2 83% 5193 591 36%
c 2 95.18 20 18 105 71204  2 1665655 22207 2.4 32 13 1 2 83% 5193 591 36%
c u 95.21 20 18 105 71204  2 1665655 22090 2.4 32 13 1 2 83% 5193 591 36%
c v 95.23 20 18 105 71204  2 1665655 21841 2.4 32 13 1 2 83% 5193 591 36%
c w 95.23 20 18 105 71204  2 1665655 21841 2.4 32 13 1 2 83% 5193 591 36%
c t 95.23 20 18 105 71204  2 1665655 21841 2.4 32 13 1 2 83% 5193 591 36%
c k 95.23 20 18 105 71204  2 1665655 21841 2.4 32 13 1 2 83% 5193 591 36%
c 2 95.23 20 18 105 71204  2 1665655 21841 2.4 32 13 1 2 83% 5193 591 36%
c f 95.23 20 18 105 71204  2 1665655 21841 2.4 32 13 1 2 83% 5193 591 36%
c . 96.90 20 17 106 71691  1 1697921 42511 2.3 30 13 1 2 82% 5193 591 36%
c G 96.90 20 17 106 71691  1 1697921 21164 2.3 30 13 1 2 82% 5193 591 36%
c C 96.90 20 17 106 71691  1 1697921 21164 2.3 30 13 1 2 82% 5193 591 36%
c - 96.90 20 17 106 71691  1 1697921 21164 2.3 30 13 1 2 82% 5193 591 36%
c 2 96.90 20 17 106 71691  1 1697921 21164 2.3 30 13 1 2 82% 5193 591 36%
c d 96.90 20 17 106 71691  1 1697921 21164 2.3 30 13 1 2 82% 5193 591 36%
c p 96.90 20 17 106 71691  1 1697921 21164 2.3 30 13 1 2 82% 5193 591 36%
c k 96.90 20 17 106 71691  1 1697921 21164 2.3 30 13 1 2 82% 5193 591 36%
c 
c  seconds   reductions     conflicts         size   tier2     variables
c         MB       restarts        redundant     glue   trail      remaining
c          level         rate           size/glue  tier1 irredundant
c 
c 2 96.90 20 17 106 71691  1 1697921 21164 2.3 30 13 1 2 82% 5193 591 36%
c u 96.93 20 17 106 71691  1 1697921 21050 2.3 30 13 1 2 82% 5193 591 36%
c v 96.94 20 17 106 71691  1 1697921 20896 2.3 30 13 1 2 82% 5193 591 36%
c w 96.94 20 17 106 71691  1 1697921 20896 2.3 30 13 1 2 82% 5193 591 36%
c t 96.94 20 17 106 71691  1 1697921 20896 2.3 30 13 1 2 82% 5193 591 36%
c k 96.94 20 17 106 71691  1 1697921 20896 2.3 30 13 1 2 82% 5193 591 36%
c ~ 97.94 20 17 106 72987  2 1711092 31464 2.3 30 13 1 2 83% 5193 591 36%
c W 98.48 20 17 106 72987  2 1711093 31465 2.3 30 13 1 2 83% 5193 591 36%
c } 98.95 20 17 106 74092  2 1716268 34954 2.3 30 13 1 2 83% 5193 591 36%
c [ 98.95 20 17 106 74092  1 1716268 34954 1.7 26 15 1 2 89% 5193 591 36%
c . 99.83 20 17 107 74092  1 1730497 48970 1.9 28 14 1 2 89% 5193 591 36%
c G 99.83 20 17 107 74092  1 1730497 23383 1.9 28 14 1 2 89% 5193 591 36%
c C 99.83 21 17 107 74092  1 1730497 23383 1.9 28 14 1 2 89% 5193 591 36%
c - 99.83 21 17 107 74092  1 1730497 23383 1.9 28 14 1 2 89% 5193 591 36%
c 2 99.83 21 17 107 74092  1 1730497 23383 1.9 28 14 1 2 89% 5193 591 36%
c d 99.83 21 17 107 74092  1 1730497 23383 1.9 28 14 1 2 89% 5193 591 36%
c p 99.83 21 17 107 74092  1 1730497 23383 1.9 28 14 1 2 89% 5193 591 36%
c k 99.83 21 17 107 74092  1 1730497 23383 1.9 28 14 1 2 89% 5193 591 36%
c 2 99.83 21 17 107 74092  1 1730497 23383 1.9 28 14 1 2 89% 5193 591 36%
c = 99.93 21 17 107 74092  1 1730497 23383 1.9 28 14 1 2 89% 5193 591 36%
c 
c  seconds   reductions     conflicts         size   tier2     variables
c         MB       restarts        redundant     glue   trail      remaining
c          level         rate           size/glue  tier1 irredundant
c 
c u 99.96 21 17 107 74092  1 1730497 23172 1.9 28 14 1 2 89% 5193 591 36%
c v 99.98 21 17 107 74092  1 1730497 23007 1.9 28 14 1 2 89% 5193 591 36%
c w 99.98 21 17 107 74092  1 1730497 23007 1.9 28 14 1 2 89% 5193 591 36%
c t 99.98 21 17 107 74092  1 1730497 23007 1.9 28 14 1 2 89% 5193 591 36%
c k 99.98 21 17 107 74092  1 1730497 23007 1.9 28 14 1 2 89% 5193 591 36%
c . 101.84 21 17 108 74092  1 1763385 46072 2.0 29 14 1 2 89% 5193 591 36%
c G 101.84 21 17 108 74092  1 1763385 22564 2.0 29 14 1 2 89% 5193 591 36%
c C 101.85 21 17 108 74092  1 1763385 22564 2.0 29 14 1 2 89% 5193 591 36%
c - 101.85 21 17 108 74092  1 1763385 22564 2.0 29 14 1 2 89% 5193 591 36%
c 2 101.85 21 17 108 74092  1 1763385 22564 2.0 29 14 1 2 89% 5193 591 36%
c d 101.85 21 17 108 74092  1 1763385 22564 2.0 29 14 1 2 89% 5193 591 36%
c p 101.85 21 17 108 74092  1 1763385 22564 2.0 29 14 1 2 89% 5193 591 36%
c k 101.85 21 17 108 74092  1 1763385 22564 2.0 29 14 1 2 89% 5193 591 36%
c 2 101.85 21 17 108 74092  1 1763385 22564 2.0 29 14 1 2 89% 5193 591 36%
c u 101.87 21 17 108 74092  1 1763385 22530 2.0 29 14 1 2 89% 5193 591 36%
c v 101.89 21 17 108 74092  1 1763385 22396 2.0 29 14 1 2 89% 5193 591 36%
c w 101.89 21 17 108 74092  1 1763385 22395 2.0 29 14 1 2 89% 5193 591 36%
c t 101.89 21 17 108 74092  1 1763385 22395 2.0 29 14 1 2 89% 5193 591 36%
c k 101.89 21 17 108 74092  1 1763385 22395 2.0 29 14 1 2 89% 5193 591 36%
c ~ 102.27 21 17 108 74093  1 1770093 26676 2.0 29 14 1 2 89% 5193 591 36%
c 
c  seconds    reductions     conflicts         size   tier2     variables
c          MB       restarts        redundant     glue   trail      remaining
c           level         rate           size/glue  tier1 irredundant
c 
c W 102.38 21 17 108 74093  1 1770094 26677 2.0 29 14 1 2 89% 5193 591 36%
c s 103.19 21 18 108 74093  1 1784198 34610 1.9 28 15 1 2 89% 5193 591 36%
c t 103.19 21 18 108 74093  1 1784198 34610 1.9 28 15 1 2 89% 5193 591 36%
c e 103.20 21 18 108 74093  1 1784198 15302 1.9 28 15 1 2 89% 6107 508 31%
c s 103.22 21 18 108 74093  1 1784198 15213 1.9 28 15 1 2 89% 5968 508 31%
c e 103.22 21 18 108 74093  1 1784198 15213 1.9 28 15 1 2 89% 5968 508 31%
c . 103.89 16 18 109 74093  1 1796584 22782 1.9 28 15 1 2 87% 5968 508 31%
c G 103.89 16 18 109 74093  1 1796584 11195 1.9 28 15 1 2 87% 5968 508 31%
c C 103.89 17 18 109 74093  1 1796584 11195 1.9 28 15 1 2 87% 5968 508 31%
c - 103.89 17 18 109 74093  1 1796584 11195 1.9 28 15 1 2 87% 5968 508 31%
c 2 103.89 17 18 109 74093  1 1796584 11193 1.9 28 15 1 2 87% 5968 508 31%
c d 103.89 17 18 109 74093  1 1796584 11193 1.9 28 15 1 2 87% 5968 508 31%
c p 103.89 17 18 109 74093  1 1796584 11193 1.9 28 15 1 2 87% 5968 508 31%
c c 103.89 17 18 109 74093  1 1796584 11193 1.9 28 15 1 2 87% 5968 508 31%
c k 103.89 17 18 109 74093  1 1796584 11193 1.9 28 15 1 2 87% 5968 508 31%
c 2 103.89 17 18 109 74093  1 1796584 11193 1.9 28 15 1 2 87% 5968 508 31%
c u 103.92 17 18 109 74093  1 1796584 10583 1.9 28 15 1 2 87% 5963 508 31%
c v 103.93 17 18 109 74093  1 1796584 10390 1.9 28 15 1 2 87% 5963 508 31%
c w 103.93 17 18 109 74093  1 1796584 10389 1.9 28 15 1 2 87% 5963 508 31%
c t 103.93 17 18 109 74093  1 1796584 10389 1.9 28 15 1 2 87% 5963 508 31%
c 
c  seconds    reductions     conflicts         size   tier2     variables
c          MB       restarts        redundant     glue   trail      remaining
c           level         rate           size/glue  tier1 irredundant
c 
c k 103.93 17 18 109 74093  1 1796584 10389 1.9 28 15 1 2 87% 5963 508 31%
c 2 103.93 17 18 109 74093  1 1796584 10389 1.9 28 15 1 2 87% 5963 508 31%
c f 103.94 17 18 109 74093  1 1796584 10389 1.9 28 15 1 2 87% 5899 511 31%
c ~ 105.42 17 18 109 74093  1 1830094 30087 1.9 27 15 1 2 83% 5899 511 31%
c . 105.42 17 18 110 74093  1 1830094 30087 1.9 27 15 1 2 83% 5899 511 31%
c G 105.42 17 18 110 74093  1 1830094 12473 1.9 27 15 1 2 83% 5899 511 31%
c C 105.42 17 18 110 74093  1 1830094 12473 1.9 27 15 1 2 83% 5899 511 31%
c - 105.42 17 18 110 74093  1 1830094 12473 1.9 27 15 1 2 83% 5899 511 31%
c 2 105.42 17 18 110 74093  1 1830094 12473 1.9 27 15 1 2 83% 5899 511 31%
c d 105.42 17 18 110 74093  1 1830094 12473 1.9 27 15 1 2 83% 5899 511 31%
c p 105.42 17 18 110 74093  1 1830094 12473 1.9 27 15 1 2 83% 5899 511 31%
c k 105.42 17 18 110 74093  1 1830094 12473 1.9 27 15 1 2 83% 5899 511 31%
c 2 105.42 17 18 110 74093  1 1830094 12473 1.9 27 15 1 2 83% 5899 511 31%
c u 105.44 17 18 110 74093  1 1830094 11970 1.9 27 15 1 2 83% 5899 511 31%
c v 105.46 17 18 110 74093  1 1830094 11745 1.9 27 15 1 2 83% 5899 511 31%
c w 105.46 17 18 110 74093  1 1830094 11740 1.9 27 15 1 2 83% 5899 511 31%
c t 105.46 17 18 110 74093  1 1830094 11740 1.9 27 15 1 2 83% 5899 511 31%
c k 105.46 17 18 110 74093  1 1830094 11740 1.9 27 15 1 2 83% 5899 511 31%
c O 105.46 17 18 110 74093  1 1830095 11741 1.9 27 15 1 2 83% 5899 511 31%
c . 107.10 17 17 111 74093  1 1863915 27933 1.8 27 15 1 2 81% 5899 511 31%
c 
c  seconds    reductions     conflicts         size   tier2     variables
c          MB       restarts        redundant     glue   trail      remaining
c           level         rate           size/glue  tier1 irredundant
c 
c G 107.11 17 17 111 74093  1 1863915 12214 1.8 27 15 1 2 81% 5899 511 31%
c C 107.11 17 17 111 74093  1 1863915 12214 1.8 27 15 1 2 81% 5899 511 31%
c - 107.11 17 17 111 74093  1 1863915 12214 1.8 27 15 1 2 81% 5899 511 31%
c 2 107.11 17 17 111 74093  1 1863915 12214 1.8 27 15 1 2 81% 5899 511 31%
c d 107.11 17 17 111 74093  1 1863915 12214 1.8 27 15 1 2 81% 5899 511 31%
c p 107.11 17 17 111 74093  1 1863915 12214 1.8 27 15 1 2 81% 5899 511 31%
c k 107.11 17 17 111 74093  1 1863915 12214 1.8 27 15 1 2 81% 5899 511 31%
c 2 107.11 17 17 111 74093  1 1863915 12214 1.8 27 15 1 2 81% 5899 511 31%
c u 107.13 17 17 111 74093  1 1863915 11856 1.8 27 15 1 2 81% 5899 511 31%
c v 107.14 17 17 111 74093  1 1863915 11616 1.8 27 15 1 2 81% 5899 511 31%
c w 107.14 17 17 111 74093  1 1863915 11616 1.8 27 15 1 2 81% 5899 511 31%
c t 107.14 17 17 111 74093  1 1863915 11616 1.8 27 15 1 2 81% 5899 511 31%
c k 107.14 17 17 111 74093  1 1863915 11616 1.8 27 15 1 2 81% 5899 511 31%
c ] 108.21 17 17 111 74093  1 1884884 21043 1.8 26 15 1 2 80% 5899 511 31%
c { 108.21 17 17 111 74093  2 1884884 21043 2.3 30 13 1 2 83% 5899 511 31%
c ~ 108.65 17 17 111 74343  2 1891096 26734 2.3 31 13 1 2 83% 5899 511 31%
c # 108.65 17 17 111 74343  2 1891097 26735 2.3 31 13 1 2 83% 5899 511 31%
c . 109.27 17 17 112 74818  1 1898047 32319 2.3 31 13 1 2 82% 5899 511 31%
c G 109.27 17 17 112 74818  1 1898047 15000 2.3 31 13 1 2 82% 5899 511 31%
c C 109.27 18 17 112 74818  1 1898047 15000 2.3 31 13 1 2 82% 5899 511 31%
c 
c  seconds    reductions     conflicts         size   tier2     variables
c          MB       restarts        redundant     glue   trail      remaining
c           level         rate           size/glue  tier1 irredundant
c 
c - 109.27 18 17 112 74818  1 1898047 15000 2.3 31 13 1 2 82% 5899 511 31%
c 2 109.27 18 17 112 74818  1 1898047 15000 2.3 31 13 1 2 82% 5899 511 31%
c d 109.27 18 17 112 74818  1 1898047 15000 2.3 31 13 1 2 82% 5899 511 31%
c p 109.27 18 17 112 74818  1 1898047 15000 2.3 31 13 1 2 82% 5899 511 31%
c k 109.27 18 17 112 74818  1 1898047 15000 2.3 31 13 1 2 82% 5899 511 31%
c 2 109.27 18 17 112 74818  1 1898047 15000 2.3 31 13 1 2 82% 5899 511 31%
c u 109.29 18 17 112 74818  1 1898047 14704 2.3 31 13 1 2 82% 5899 511 31%
c v 109.30 18 17 112 74818  1 1898047 14589 2.3 31 13 1 2 82% 5899 511 31%
c w 109.31 18 17 112 74818  1 1898047 14586 2.3 31 13 1 2 82% 5899 511 31%
c x 109.32 18 17 112 74818  1 1898047 14581 2.3 31 13 1 2 82% 5825 511 31%
c t 109.32 18 17 112 74818  1 1898047 14581 2.3 31 13 1 2 82% 5825 511 31%
c k 109.32 18 17 112 74818  1 1898047 14581 2.3 31 13 1 2 82% 5825 511 31%
c 2 109.32 18 17 112 74818  1 1898047 14581 2.3 31 13 1 2 82% 5825 511 31%
c f 109.33 18 17 112 74818  1 1898047 14581 2.3 31 13 1 2 82% 5825 511 31%
c . 111.53 18 17 113 76779  1 1932489 36771 2.3 30 13 1 2 81% 5825 511 31%
c G 111.53 18 17 113 76779  1 1932489 16733 2.3 30 13 1 2 81% 5825 511 31%
c C 111.53 19 17 113 76779  1 1932489 16733 2.3 30 13 1 2 81% 5825 511 31%
c - 111.53 19 17 113 76779  1 1932489 16733 2.3 30 13 1 2 81% 5825 511 31%
c 2 111.53 19 17 113 76779  1 1932489 16733 2.3 30 13 1 2 81% 5825 511 31%
c d 111.53 19 17 113 76779  1 1932489 16733 2.3 30 13 1 2 81% 5825 511 31%
c 
c  seconds    reductions     conflicts         size   tier2     variables
c          MB       restarts        redundant     glue   trail      remaining
c           level         rate           size/glue  tier1 irredundant
c 
c p 111.53 19 17 113 76779  1 1932489 16733 2.3 30 13 1 2 81% 5825 511 31%
c k 111.53 19 17 113 76779  1 1932489 16733 2.3 30 13 1 2 81% 5825 511 31%
c 2 111.53 19 17 113 76779  1 1932489 16733 2.3 30 13 1 2 81% 5825 511 31%
c u 111.57 19 17 113 76779  1 1932489 16436 2.3 30 13 1 2 81% 5825 511 31%
c v 111.58 19 17 113 76779  1 1932489 16216 2.3 30 13 1 2 81% 5825 511 31%
c w 111.59 19 17 113 76779  1 1932489 16093 2.3 30 13 1 2 81% 5825 511 31%
c t 111.59 19 17 113 76779  1 1932489 16093 2.3 30 13 1 2 81% 5825 511 31%
c k 111.59 19 17 113 76779  1 1932489 16093 2.3 30 13 1 2 81% 5825 511 31%
c 2 111.59 19 17 113 76779  1 1932489 16093 2.3 30 13 1 2 81% 5825 511 31%
c f 111.59 19 17 113 76779  1 1932489 16093 2.3 30 13 1 2 81% 5825 511 31%
c ~ 112.96 19 17 113 79091  1 1953097 32662 2.4 32 13 1 2 80% 5825 511 31%
c B 112.96 19 17 113 79091  1 1953098 32663 2.4 32 13 1 2 80% 5825 511 31%
c s 113.31 19 17 113 79128  1 1961918 40335 2.4 31 13 1 2 78% 5806 511 31%
c t 113.31 19 17 113 79128  1 1961918 40335 2.4 31 13 1 2 78% 5806 511 31%
c e 113.32 19 17 113 79128  1 1961918 39799 2.4 31 13 1 2 78% 5875 506 31%
c s 113.36 19 17 113 79128  1 1961918 39715 2.4 31 13 1 2 78% 5841 506 31%
c e 113.36 19 17 113 79128  1 1961918 39715 2.4 31 13 1 2 78% 5841 506 31%
c G 113.36 19 17 113 79128  1 1961918 39715 2.4 31 13 1 2 78% 5841 506 31%
c C 113.36 24 17 113 79128  1 1961918 39715 2.4 31 13 1 2 78% 5841 506 31%
c . 113.62 24 17 114 79472  1 1967243 44378 2.3 30 13 1 2 72% 5841 506 31%
c 
c  seconds    reductions     conflicts         size   tier2     variables
c          MB       restarts        redundant     glue   trail      remaining
c           level         rate           size/glue  tier1 irredundant
c 
c G 113.62 24 17 114 79472  1 1967243 18858 2.3 30 13 1 2 72% 5841 506 31%
c C 113.63 19 17 114 79472  1 1967243 18858 2.3 30 13 1 2 72% 5841 506 31%
c - 113.63 19 17 114 79472  1 1967243 18858 2.3 30 13 1 2 72% 5841 506 31%
c 2 113.63 19 17 114 79472  1 1967243 18858 2.3 30 13 1 2 72% 5841 506 31%
c d 113.63 19 17 114 79472  1 1967243 18858 2.3 30 13 1 2 72% 5841 506 31%
c p 113.63 19 17 114 79472  1 1967243 18858 2.3 30 13 1 2 72% 5841 506 31%
c k 113.63 19 17 114 79472  1 1967243 18858 2.3 30 13 1 2 72% 5841 506 31%
c 2 113.63 19 17 114 79472  1 1967243 18858 2.3 30 13 1 2 72% 5841 506 31%
c u 113.65 19 17 114 79472  1 1967243 18575 2.3 30 13 1 2 72% 5841 506 31%
c v 113.67 19 17 114 79472  1 1967243 18508 2.3 30 13 1 2 72% 5841 506 31%
c w 113.68 19 17 114 79472  1 1967243 18433 2.3 30 13 1 2 72% 5841 506 31%
c t 113.68 19 17 114 79472  1 1967243 18433 2.3 30 13 1 2 72% 5841 506 31%
c k 113.68 19 17 114 79472  1 1967243 18433 2.3 30 13 1 2 72% 5841 506 31%
c 2 113.68 19 17 114 79472  1 1967243 18433 2.3 30 13 1 2 72% 5841 506 31%
c f 113.68 19 17 114 79472  1 1967243 18433 2.3 30 13 1 2 72% 5841 506 31%
c . 116.34 19 17 115 82861  1 2002307 44890 2.3 31 13 1 2 89% 5841 506 31%
c G 116.35 20 17 115 82861  1 2002307 19813 2.3 31 13 1 2 89% 5841 506 31%
c C 116.35 21 17 115 82861  1 2002307 19813 2.3 31 13 1 2 89% 5841 506 31%
c - 116.35 21 17 115 82861  1 2002307 19813 2.3 31 13 1 2 89% 5841 506 31%
c 2 116.35 21 17 115 82861  1 2002307 19813 2.3 31 13 1 2 89% 5841 506 31%
c 
c  seconds    reductions     conflicts         size   tier2     variables
c          MB       restarts        redundant     glue   trail      remaining
c           level         rate           size/glue  tier1 irredundant
c 
c d 116.35 21 17 115 82861  1 2002307 19813 2.3 31 13 1 2 89% 5841 506 31%
c p 116.35 21 17 115 82861  1 2002307 19813 2.3 31 13 1 2 89% 5841 506 31%
c k 116.35 21 17 115 82861  1 2002307 19813 2.3 31 13 1 2 89% 5841 506 31%
c 2 116.35 21 17 115 82861  1 2002307 19813 2.3 31 13 1 2 89% 5841 506 31%
c u 116.39 21 17 115 82861  1 2002307 19481 2.3 31 13 1 2 89% 5841 506 31%
c v 116.41 21 17 115 82861  1 2002307 19359 2.3 31 13 1 2 89% 5841 506 31%
c w 116.41 21 17 115 82861  1 2002307 19359 2.3 31 13 1 2 89% 5841 506 31%
c t 116.41 21 17 115 82861  1 2002307 19359 2.3 31 13 1 2 89% 5841 506 31%
c k 116.41 21 17 115 82861  1 2002307 19359 2.3 31 13 1 2 89% 5841 506 31%
c ~ 117.21 21 17 115 84922  2 2016099 30258 2.3 31 14 1 2 88% 5841 506 31%
c W 117.71 21 17 115 84922  2 2016100 30259 2.3 31 14 1 2 88% 5841 506 31%
c } 118.83 21 17 115 86504  2 2029482 40315 2.2 31 14 1 2 89% 5841 506 31%
c [ 118.83 21 17 115 86504  1 2029482 40315 1.8 26 15 1 2 96% 5841 506 31%
c . 119.44 21 17 116 86504  1 2037682 47114 1.8 27 15 1 2 96% 5841 506 31%
c G 119.44 21 17 116 86504  1 2037682 20974 1.8 27 15 1 2 96% 5841 506 31%
c C 119.45 21 17 116 86504  1 2037682 20974 1.8 27 15 1 2 96% 5841 506 31%
c - 119.45 21 17 116 86504  1 2037682 20974 1.8 27 15 1 2 96% 5841 506 31%
c 2 119.45 21 17 116 86504  1 2037682 20974 1.8 27 15 1 2 96% 5841 506 31%
c d 119.45 21 17 116 86504  1 2037682 20974 1.8 27 15 1 2 96% 5841 506 31%
c p 119.45 21 17 116 86504  1 2037682 20974 1.8 27 15 1 2 96% 5841 506 31%
c 
c  seconds    reductions     conflicts         size   tier2     variables
c          MB       restarts        redundant     glue   trail      remaining
c           level         rate           size/glue  tier1 irredundant
c 
c k 119.45 21 17 116 86504  1 2037682 20974 1.8 27 15 1 2 96% 5841 506 31%
c 2 119.45 21 17 116 86504  1 2037682 20974 1.8 27 15 1 2 96% 5841 506 31%
c u 119.48 21 17 116 86504  1 2037682 20769 1.8 27 15 1 2 96% 5841 506 31%
c v 119.50 21 17 116 86504  1 2037682 20591 1.8 27 15 1 2 96% 5841 506 31%
c w 119.50 21 17 116 86504  1 2037682 20591 1.8 27 15 1 2 96% 5841 506 31%
c t 119.50 21 17 116 86504  1 2037682 20591 1.8 27 15 1 2 96% 5841 506 31%
c k 119.50 21 17 116 86504  1 2037682 20591 1.8 27 15 1 2 96% 5841 506 31%
c . 121.52 21 17 117 86519  1 2073369 39041 1.7 26 15 1 2 94% 5841 506 31%
c G 121.52 21 17 117 86519  1 2073369 18726 1.7 26 15 1 2 94% 5841 506 31%
c C 121.52 21 17 117 86519  1 2073369 18726 1.7 26 15 1 2 94% 5841 506 31%
c - 121.52 21 17 117 86519  1 2073369 18726 1.7 26 15 1 2 94% 5841 506 31%
c 2 121.52 21 17 117 86519  1 2073369 18726 1.7 26 15 1 2 94% 5841 506 31%
c d 121.52 21 17 117 86519  1 2073369 18726 1.7 26 15 1 2 94% 5841 506 31%
c p 121.52 21 17 117 86519  1 2073369 18726 1.7 26 15 1 2 94% 5841 506 31%
c k 121.52 21 17 117 86519  1 2073369 18726 1.7 26 15 1 2 94% 5841 506 31%
c 2 121.52 21 17 117 86519  1 2073369 18726 1.7 26 15 1 2 94% 5841 506 31%
c u 121.55 21 17 117 86519  1 2073369 18563 1.7 26 15 1 2 94% 5841 506 31%
c v 121.57 21 17 117 86519  1 2073369 18351 1.7 26 15 1 2 94% 5841 506 31%
c w 121.57 21 17 117 86519  1 2073369 18351 1.7 26 15 1 2 94% 5841 506 31%
c t 121.57 21 17 117 86519  1 2073369 18351 1.7 26 15 1 2 94% 5841 506 31%
c 
c  seconds    reductions     conflicts         size   tier2     variables
c          MB       restarts        redundant     glue   trail      remaining
c           level         rate           size/glue  tier1 irredundant
c 
c k 121.57 21 17 117 86519  1 2073369 18351 1.7 26 15 1 2 94% 5841 506 31%
c ~ 121.89 21 17 117 86525  1 2080100 21754 1.7 26 15 1 2 94% 5841 506 31%
c B 121.89 21 17 117 86525  1 2080101 21755 1.7 26 15 1 2 94% 5841 506 31%
c . 123.45 21 17 118 86535  1 2109367 36301 1.7 25 15 1 2 93% 5841 506 31%
c G 123.45 21 17 118 86535  1 2109367 16437 1.7 25 15 1 2 93% 5841 506 31%
c C 123.45 21 17 118 86535  1 2109367 16437 1.7 25 15 1 2 93% 5841 506 31%
c - 123.45 21 17 118 86535  1 2109367 16437 1.7 25 15 1 2 93% 5841 506 31%
c 2 123.45 21 17 118 86535  1 2109367 16437 1.7 25 15 1 2 93% 5841 506 31%
c d 123.45 21 17 118 86535  1 2109367 16437 1.7 25 15 1 2 93% 5841 506 31%
c p 123.45 21 17 118 86535  1 2109367 16437 1.7 25 15 1 2 93% 5841 506 31%
c k 123.45 21 17 118 86535  1 2109367 16437 1.7 25 15 1 2 93% 5841 506 31%
c 2 123.45 21 17 118 86535  1 2109367 16437 1.7 25 15 1 2 93% 5841 506 31%
c u 123.48 21 17 118 86535  1 2109367 16311 1.7 25 15 1 2 93% 5841 506 31%
c v 123.49 21 17 118 86535  1 2109367 16043 1.7 25 15 1 2 93% 5841 506 31%
c w 123.50 21 17 118 86535  1 2109367 16043 1.7 25 15 1 2 93% 5841 506 31%
c t 123.50 21 17 118 86535  1 2109367 16043 1.7 25 15 1 2 93% 5841 506 31%
c k 123.50 21 17 118 86535  1 2109367 16043 1.7 25 15 1 2 93% 5841 506 31%
c ~ 125.13 21 17 118 86549  1 2145102 34093 1.6 24 15 1 2 92% 5841 506 31%
c W 125.35 21 17 118 86549  1 2145103 34094 1.6 24 15 1 2 92% 5841 506 31%
c . 125.38 21 17 119 86549  1 2145676 34236 1.6 24 15 1 2 92% 5841 506 31%
c 
c  seconds    reductions     conflicts         size   tier2     variables
c          MB       restarts        redundant     glue   trail      remaining
c           level         rate           size/glue  tier1 irredundant
c 
c G 125.38 21 17 119 86549  1 2145676 15733 1.6 24 15 1 2 92% 5841 506 31%
c C 125.38 21 17 119 86549  1 2145676 15733 1.6 24 15 1 2 92% 5841 506 31%
c - 125.38 21 17 119 86549  1 2145676 15733 1.6 24 15 1 2 92% 5841 506 31%
c 2 125.38 21 17 119 86549  1 2145676 15733 1.6 24 15 1 2 92% 5841 506 31%
c d 125.38 21 17 119 86549  1 2145676 15733 1.6 24 15 1 2 92% 5841 506 31%
c p 125.39 21 17 119 86549  1 2145676 15733 1.6 24 15 1 2 92% 5841 506 31%
c k 125.39 21 17 119 86549  1 2145676 15733 1.6 24 15 1 2 92% 5841 506 31%
c 2 125.39 21 17 119 86549  1 2145676 15733 1.6 24 15 1 2 92% 5841 506 31%
c u 125.41 21 17 119 86549  1 2145676 15607 1.6 24 15 1 2 92% 5841 506 31%
c v 125.42 21 17 119 86549  1 2145676 15385 1.6 24 15 1 2 92% 5841 506 31%
c w 125.42 21 17 119 86549  1 2145676 15384 1.6 24 15 1 2 92% 5841 506 31%
c t 125.42 21 17 119 86549  1 2145676 15384 1.6 24 15 1 2 92% 5841 506 31%
c k 125.42 21 17 119 86549  1 2145676 15384 1.6 24 15 1 2 92% 5841 506 31%
c . 127.32 21 17 120 86565  1 2182296 33789 1.7 24 15 1 2 92% 5841 506 31%
c G 127.32 21 17 120 86565  1 2182296 15392 1.7 24 15 1 2 92% 5841 506 31%
c C 127.33 21 17 120 86565  1 2182296 15392 1.7 24 15 1 2 92% 5841 506 31%
c - 127.33 21 17 120 86565  1 2182296 15392 1.7 24 15 1 2 92% 5841 506 31%
c 2 127.33 21 17 120 86565  1 2182296 15392 1.7 24 15 1 2 92% 5841 506 31%
c d 127.33 21 17 120 86565  1 2182296 15392 1.7 24 15 1 2 92% 5841 506 31%
c p 127.33 21 17 120 86565  1 2182296 15392 1.7 24 15 1 2 92% 5841 506 31%
c 
c  seconds    reductions     conflicts         size   tier2     variables
c          MB       restarts        redundant     glue   trail      remaining
c           level         rate           size/glue  tier1 irredundant
c 
c k 127.33 21 17 120 86565  1 2182296 15392 1.7 24 15 1 2 92% 5841 506 31%
c 2 127.33 21 17 120 86565  1 2182296 15392 1.7 24 15 1 2 92% 5841 506 31%
c u 127.35 21 17 120 86565  1 2182296 15311 1.7 24 15 1 2 92% 5841 506 31%
c v 127.37 21 17 120 86565  1 2182296 15138 1.7 24 15 1 2 92% 5841 506 31%
c w 127.37 21 17 120 86565  1 2182296 15138 1.7 24 15 1 2 92% 5841 506 31%
c t 127.37 21 17 120 86565  1 2182296 15138 1.7 24 15 1 2 92% 5841 506 31%
c k 127.37 21 17 120 86565  1 2182296 15138 1.7 24 15 1 2 92% 5841 506 31%
c ~ 128.56 21 17 120 86567  1 2211104 32883 1.7 24 15 1 2 91% 5841 506 31%
c I 128.56 21 17 120 86567  1 2211105 32884 1.7 24 15 1 2 91% 5841 506 31%
c ] 128.69 21 17 120 86567  1 2214619 35035 1.6 24 15 1 2 91% 5841 506 31%
c { 128.69 21 17 120 86567  2 2214619 35035 2.2 31 14 1 2 89% 5841 506 31%
c . 129.13 21 17 121 86648  1 2219228 38962 2.3 31 14 1 2 90% 5841 506 31%
c G 129.13 21 17 121 86648  1 2219228 17743 2.3 31 14 1 2 90% 5841 506 31%
c C 129.13 21 17 121 86648  1 2219228 17743 2.3 31 14 1 2 90% 5841 506 31%
c - 129.13 21 17 121 86648  1 2219228 17743 2.3 31 14 1 2 90% 5841 506 31%
c 2 129.13 21 17 121 86648  1 2219228 17743 2.3 31 14 1 2 90% 5841 506 31%
c d 129.13 21 17 121 86648  1 2219228 17743 2.3 31 14 1 2 90% 5841 506 31%
c p 129.14 21 17 121 86648  1 2219228 17743 2.3 31 14 1 2 90% 5841 506 31%
c k 129.14 21 17 121 86648  1 2219228 17743 2.3 31 14 1 2 90% 5841 506 31%
c 2 129.14 21 17 121 86648  1 2219228 17743 2.3 31 14 1 2 90% 5841 506 31%
c 
c  seconds    reductions     conflicts         size   tier2     variables
c          MB       restarts        redundant     glue   trail      remaining
c           level         rate           size/glue  tier1 irredundant
c 
c = 129.22 21 17 121 86648  1 2219228 17743 2.3 31 14 1 2 90% 5841 506 31%
c u 129.24 21 17 121 86648  1 2219228 17693 2.3 31 14 1 2 90% 5841 506 31%
c v 129.25 21 17 121 86648  1 2219228 17561 2.3 31 14 1 2 90% 5841 506 31%
c w 129.25 21 17 121 86648  1 2219228 17547 2.3 31 14 1 2 90% 5841 506 31%
c x 129.26 21 17 121 86648  1 2219228 17546 2.3 31 14 1 2 90% 5783 506 31%
c t 129.26 21 17 121 86648  1 2219228 17546 2.3 31 14 1 2 90% 5783 506 31%
c k 129.26 21 17 121 86648  1 2219228 17546 2.3 31 14 1 2 90% 5783 506 31%
c 2 129.26 21 17 121 86648  1 2219228 17546 2.3 31 14 1 2 90% 5783 506 31%
c f 129.26 21 17 121 86648  1 2219228 17546 2.3 31 14 1 2 90% 5783 506 31%
c s 129.30 21 17 121 86648  1 2219228 17425 2.3 31 14 1 2 90% 5781 506 31%
c t 129.30 21 17 121 86648  1 2219228 17425 2.3 31 14 1 2 90% 5781 506 31%
c e 129.30 21 17 121 86648  1 2219228 17425 2.3 31 14 1 2 90% 5781 506 31%
c s 129.33 21 17 121 86648  1 2219228 17383 2.3 31 14 1 2 90% 5781 506 31%
c . 132.28 21 17 122 89061  1 2256471 46976 2.5 34 13 1 2 93% 5781 506 31%
c G 132.28 21 17 122 89061  1 2256471 20712 2.5 34 13 1 2 93% 5781 506 31%
c C 132.29 21 17 122 89061  1 2256471 20712 2.5 34 13 1 2 93% 5781 506 31%
c - 132.29 21 17 122 89061  1 2256471 20712 2.5 34 13 1 2 93% 5781 506 31%
c 2 132.29 21 17 122 89061  1 2256471 20712 2.5 34 13 1 2 93% 5781 506 31%
c d 132.29 21 17 122 89061  1 2256471 20712 2.5 34 13 1 2 93% 5781 506 31%
c p 132.29 21 17 122 89061  1 2256471 20712 2.5 34 13 1 2 93% 5781 506 31%
c 
c  seconds    reductions     conflicts         size   tier2     variables
c          MB       restarts        redundant     glue   trail      remaining
c           level         rate           size/glue  tier1 irredundant
c 
c k 132.29 21 17 122 89061  1 2256471 20712 2.5 34 13 1 2 93% 5781 506 31%
c 2 132.29 21 17 122 89061  1 2256471 20712 2.5 34 13 1 2 93% 5781 506 31%
c u 132.33 21 17 122 89061  1 2256471 20590 2.5 34 13 1 2 93% 5781 506 31%
c v 132.35 21 17 122 89061  1 2256471 20331 2.5 34 13 1 2 93% 5781 506 31%
c w 132.36 21 17 122 89061  1 2256471 20270 2.5 34 13 1 2 93% 5781 506 31%
c t 132.36 21 17 122 89061  1 2256471 20270 2.5 34 13 1 2 93% 5781 506 31%
c k 132.36 21 17 122 89061  1 2256471 20270 2.5 34 13 1 2 93% 5781 506 31%
c 2 132.36 21 17 122 89061  1 2256471 20270 2.5 34 13 1 2 93% 5781 506 31%
c f 132.36 21 17 122 89061  1 2256471 20270 2.5 34 13 1 2 93% 5781 506 31%
c ~ 134.24 21 16 122 89388  1 2278105 39943 2.7 34 13 1 2 94% 5781 506 31%
c F 134.24 21 16 122 89388  1 2278106 39944 2.7 34 13 1 2 94% 5781 506 31%
c . 135.63 21 16 123 92011  1 2294024 50947 2.6 35 13 1 2 94% 5781 506 31%
c G 135.64 22 16 123 92011  1 2294024 22503 2.6 35 13 1 2 94% 5781 506 31%
c C 135.64 23 16 123 92011  1 2294024 22503 2.6 35 13 1 2 94% 5781 506 31%
c - 135.64 23 16 123 92011  1 2294024 22503 2.6 35 13 1 2 94% 5781 506 31%
c 2 135.64 23 16 123 92011  1 2294024 22503 2.6 35 13 1 2 94% 5781 506 31%
c d 135.64 23 16 123 92011  1 2294024 22503 2.6 35 13 1 2 94% 5781 506 31%
c p 135.64 23 16 123 92011  1 2294024 22503 2.6 35 13 1 2 94% 5781 506 31%
c k 135.64 23 16 123 92011  1 2294024 22503 2.6 35 13 1 2 94% 5781 506 31%
c 2 135.64 23 16 123 92011  1 2294024 22503 2.6 35 13 1 2 94% 5781 506 31%
c 
c  seconds    reductions     conflicts         size   tier2     variables
c          MB       restarts        redundant     glue   trail      remaining
c           level         rate           size/glue  tier1 irredundant
c 
c u 135.69 23 16 123 92011  1 2294024 22314 2.6 35 13 1 2 94% 5781 506 31%
c v 135.72 23 16 123 92011  1 2294024 22201 2.6 35 13 1 2 94% 5781 506 31%
c w 135.73 23 16 123 92011  1 2294024 22104 2.6 35 13 1 2 94% 5781 506 31%
c t 135.73 23 16 123 92011  1 2294024 22104 2.6 35 13 1 2 94% 5781 506 31%
c k 135.73 23 16 123 92011  1 2294024 22104 2.6 35 13 1 2 94% 5781 506 31%
c . 137.48 23 16 124 93203  1 2331889 50123 2.5 31 12 1 2 82% 5781 506 31%
c G 137.48 23 16 124 93203  1 2331889 22986 2.5 31 12 1 2 82% 5781 506 31%
c C 137.48 23 16 124 93203  1 2331889 22986 2.5 31 12 1 2 82% 5781 506 31%
c - 137.48 23 16 124 93203  1 2331889 22986 2.5 31 12 1 2 82% 5781 506 31%
c 2 137.49 23 16 124 93203  1 2331889 22986 2.5 31 12 1 2 82% 5781 506 31%
c d 137.49 23 16 124 93203  1 2331889 22986 2.5 31 12 1 2 82% 5781 506 31%
c p 137.49 23 16 124 93203  1 2331889 22986 2.5 31 12 1 2 82% 5781 506 31%
c c 137.49 23 16 124 93203  1 2331889 22986 2.5 31 12 1 2 82% 5781 506 31%
c k 137.49 23 16 124 93203  1 2331889 22986 2.5 31 12 1 2 82% 5781 506 31%
c 2 137.49 23 16 124 93203  1 2331889 22986 2.5 31 12 1 2 82% 5781 506 31%
c u 137.51 23 16 124 93203  1 2331889 22891 2.5 31 12 1 2 82% 5781 506 31%
c v 137.53 23 16 124 93203  1 2331889 22783 2.5 31 12 1 2 82% 5781 506 31%
c w 137.53 23 16 124 93203  1 2331889 22783 2.5 31 12 1 2 82% 5781 506 31%
c t 137.53 23 16 124 93203  1 2331889 22783 2.5 31 12 1 2 82% 5781 506 31%
c k 137.53 23 16 124 93203  1 2331889 22783 2.5 31 12 1 2 82% 5781 506 31%
c 
c  seconds    reductions     conflicts         size   tier2     variables
c          MB       restarts        redundant     glue   trail      remaining
c           level         rate           size/glue  tier1 irredundant
c 
c ~ 138.31 23 16 124 94164  1 2346107 33425 2.5 30 12 1 2 79% 5781 506 31%
c B 138.31 23 16 124 94164  1 2346108 33426 2.5 30 12 1 2 79% 5781 506 31%
c } 140.00 23 16 124 97447  1 2368808 51359 2.4 30 13 1 2 80% 5781 506 31%
c [ 140.00 23 17 124 97447  1 2368808 51359 1.6 24 15 1 2 91% 5781 506 31%
c . 140.10 23 17 125 97447  1 2370065 52404 1.7 24 15 1 2 91% 5781 506 31%
c G 140.10 23 17 125 97447  1 2370065 24602 1.7 24 15 1 2 91% 5781 506 31%
c C 140.10 23 17 125 97447  1 2370065 24602 1.7 24 15 1 2 91% 5781 506 31%
c - 140.10 23 17 125 97447  1 2370065 24602 1.7 24 15 1 2 91% 5781 506 31%
c 2 140.10 23 17 125 97447  1 2370065 24602 1.7 24 15 1 2 91% 5781 506 31%
c d 140.10 23 17 125 97447  1 2370065 24602 1.7 24 15 1 2 91% 5781 506 31%
c p 140.10 23 17 125 97447  1 2370065 24602 1.7 24 15 1 2 91% 5781 506 31%
c k 140.10 23 17 125 97447  1 2370065 24602 1.7 24 15 1 2 91% 5781 506 31%
c 2 140.10 23 17 125 97447  1 2370065 24602 1.7 24 15 1 2 91% 5781 506 31%
c u 140.14 23 17 125 97447  1 2370065 24517 1.7 24 15 1 2 91% 5781 506 31%
c v 140.16 23 17 125 97447  1 2370065 24401 1.7 24 15 1 2 91% 5781 506 31%
c w 140.16 23 17 125 97447  1 2370065 24401 1.7 24 15 1 2 91% 5781 506 31%
c t 140.16 23 17 125 97447  1 2370065 24401 1.7 24 15 1 2 91% 5781 506 31%
c k 140.16 23 17 125 97447  1 2370065 24401 1.7 24 15 1 2 91% 5781 506 31%
c . 141.89 23 18 126 97457  1 2408553 58090 1.8 26 15 1 2 91% 5781 506 31%
c G 141.89 23 18 126 97457  1 2408553 25926 1.8 26 15 1 2 91% 5781 506 31%
c 
c  seconds    reductions     conflicts         size   tier2     variables
c          MB       restarts        redundant     glue   trail      remaining
c           level         rate           size/glue  tier1 irredundant
c 
c C 141.90 23 18 126 97457  1 2408553 25926 1.8 26 15 1 2 91% 5781 506 31%
c - 141.90 23 18 126 97457  1 2408553 25926 1.8 26 15 1 2 91% 5781 506 31%
c 2 141.90 23 18 126 97457  1 2408553 25926 1.8 26 15 1 2 91% 5781 506 31%
c d 141.90 23 18 126 97457  1 2408553 25926 1.8 26 15 1 2 91% 5781 506 31%
c p 141.90 23 18 126 97457  1 2408553 25926 1.8 26 15 1 2 91% 5781 506 31%
c k 141.90 23 18 126 97457  1 2408553 25926 1.8 26 15 1 2 91% 5781 506 31%
c 2 141.90 23 18 126 97457  1 2408553 25926 1.8 26 15 1 2 91% 5781 506 31%
c u 141.93 23 18 126 97457  1 2408553 25869 1.8 26 15 1 2 91% 5781 506 31%
c v 141.94 23 18 126 97457  1 2408553 25729 1.8 26 15 1 2 91% 5781 506 31%
c w 141.94 23 18 126 97457  1 2408553 25729 1.8 26 15 1 2 91% 5781 506 31%
c t 141.94 23 18 126 97457  1 2408553 25729 1.8 26 15 1 2 91% 5781 506 31%
c k 141.94 23 18 126 97457  1 2408553 25729 1.8 26 15 1 2 91% 5781 506 31%
c ~ 142.25 23 18 126 97461  1 2415109 31448 1.8 26 15 1 2 91% 5781 506 31%
c B 142.25 23 18 126 97461  1 2415110 31449 1.8 26 15 1 2 91% 5781 506 31%
c . 143.95 23 18 127 97476  1 2447351 49131 1.7 26 15 1 2 91% 5781 506 31%
c G 143.96 23 18 127 97476  1 2447351 21489 1.7 26 15 1 2 91% 5781 506 31%
c C 143.96 23 18 127 97476  1 2447351 21489 1.7 26 15 1 2 91% 5781 506 31%
c - 143.96 23 18 127 97476  1 2447351 21489 1.7 26 15 1 2 91% 5781 506 31%
c 2 143.96 23 18 127 97476  1 2447351 21489 1.7 26 15 1 2 91% 5781 506 31%
c d 143.96 23 18 127 97476  1 2447351 21489 1.7 26 15 1 2 91% 5781 506 31%
c 
c  seconds    reductions     conflicts         size   tier2     variables
c          MB       restarts        redundant     glue   trail      remaining
c           level         rate           size/glue  tier1 irredundant
c 
c p 143.96 23 18 127 97476  1 2447351 21489 1.7 26 15 1 2 91% 5781 506 31%
c k 143.96 23 18 127 97476  1 2447351 21489 1.7 26 15 1 2 91% 5781 506 31%
c 2 143.96 23 18 127 97476  1 2447351 21489 1.7 26 15 1 2 91% 5781 506 31%
c u 143.99 23 18 127 97476  1 2447351 21412 1.7 26 15 1 2 91% 5781 506 31%
c v 144.01 23 18 127 97476  1 2447351 21193 1.7 26 15 1 2 91% 5781 506 31%
c w 144.01 23 18 127 97476  1 2447351 21193 1.7 26 15 1 2 91% 5781 506 31%
c t 144.01 23 18 127 97476  1 2447351 21193 1.7 26 15 1 2 91% 5781 506 31%
c k 144.01 23 18 127 97476  1 2447351 21193 1.7 26 15 1 2 91% 5781 506 31%
c ~ 145.82 23 17 127 97485  1 2485111 42472 1.7 25 15 1 2 91% 5781 506 31%
c W 146.55 23 17 127 97485  1 2485112 42473 1.7 25 15 1 2 91% 5781 506 31%
c . 146.61 23 17 128 97485  1 2486463 43313 1.7 25 15 1 2 91% 5781 506 31%
c G 146.61 23 17 128 97485  1 2486463 19854 1.7 25 15 1 2 91% 5781 506 31%
c C 146.61 23 17 128 97485  1 2486463 19854 1.7 25 15 1 2 91% 5781 506 31%
c - 146.61 23 17 128 97485  1 2486463 19854 1.7 25 15 1 2 91% 5781 506 31%
c 2 146.61 23 17 128 97485  1 2486463 19854 1.7 25 15 1 2 91% 5781 506 31%
c d 146.61 23 17 128 97485  1 2486463 19854 1.7 25 15 1 2 91% 5781 506 31%
c p 146.61 23 17 128 97485  1 2486463 19854 1.7 25 15 1 2 91% 5781 506 31%
c k 146.61 23 17 128 97485  1 2486463 19854 1.7 25 15 1 2 91% 5781 506 31%
c 2 146.61 23 17 128 97485  1 2486463 19854 1.7 25 15 1 2 91% 5781 506 31%
c u 146.64 23 17 128 97485  1 2486463 19801 1.7 25 15 1 2 91% 5781 506 31%
c 
c  seconds    reductions     conflicts         size   tier2     variables
c          MB       restarts        redundant     glue   trail      remaining
c           level         rate           size/glue  tier1 irredundant
c 
c v 146.66 23 17 128 97485  1 2486463 19523 1.7 25 15 1 2 91% 5781 506 31%
c w 146.66 23 17 128 97485  1 2486463 19523 1.7 25 15 1 2 91% 5781 506 31%
c t 146.66 23 17 128 97485  1 2486463 19523 1.7 25 15 1 2 91% 5781 506 31%
c k 146.66 23 17 128 97485  1 2486463 19523 1.7 25 15 1 2 91% 5781 506 31%
c . 148.49 23 17 129 97505  1 2525885 40332 1.7 25 15 1 2 91% 5781 506 31%
c G 148.50 23 17 129 97505  1 2525885 18629 1.7 25 15 1 2 91% 5781 506 31%
c C 148.50 23 17 129 97505  1 2525885 18629 1.7 25 15 1 2 91% 5781 506 31%
c - 148.50 23 17 129 97505  1 2525885 18629 1.7 25 15 1 2 91% 5781 506 31%
c 2 148.50 23 17 129 97505  1 2525885 18629 1.7 25 15 1 2 91% 5781 506 31%
c d 148.50 23 17 129 97505  1 2525885 18629 1.7 25 15 1 2 91% 5781 506 31%
c p 148.50 23 17 129 97505  1 2525885 18629 1.7 25 15 1 2 91% 5781 506 31%
c k 148.50 23 17 129 97505  1 2525885 18629 1.7 25 15 1 2 91% 5781 506 31%
c 2 148.50 23 17 129 97505  1 2525885 18629 1.7 25 15 1 2 91% 5781 506 31%
c u 148.53 23 17 129 97505  1 2525885 18573 1.7 25 15 1 2 91% 5781 506 31%
c v 148.54 23 17 129 97505  1 2525885 18338 1.7 25 15 1 2 91% 5781 506 31%
c w 148.54 23 17 129 97505  1 2525885 18338 1.7 25 15 1 2 91% 5781 506 31%
c t 148.54 23 17 129 97505  1 2525885 18338 1.7 25 15 1 2 91% 5781 506 31%
c k 148.54 23 17 129 97505  1 2525885 18338 1.7 25 15 1 2 91% 5781 506 31%
c ~ 149.74 23 17 129 97509  1 2556112 34424 1.6 24 15 1 2 90% 5781 506 31%
c O 149.74 23 17 129 97509  1 2556113 34425 1.6 24 15 1 2 90% 5781 506 31%
c 
c  seconds    reductions     conflicts         size   tier2     variables
c          MB       restarts        redundant     glue   trail      remaining
c           level         rate           size/glue  tier1 irredundant
c 
c . 150.24 23 17 130 97510  1 2565618 40007 1.6 24 15 1 2 90% 5781 506 31%
c G 150.24 23 17 130 97510  1 2565618 19277 1.6 24 15 1 2 90% 5781 506 31%
c C 150.24 23 17 130 97510  1 2565618 19277 1.6 24 15 1 2 90% 5781 506 31%
c - 150.24 23 17 130 97510  1 2565618 19277 1.6 24 15 1 2 90% 5781 506 31%
c 2 150.24 23 17 130 97510  1 2565618 19277 1.6 24 15 1 2 90% 5781 506 31%
c d 150.24 23 17 130 97510  1 2565618 19277 1.6 24 15 1 2 90% 5781 506 31%
c p 150.24 23 17 130 97510  1 2565618 19277 1.6 24 15 1 2 90% 5781 506 31%
c k 150.24 23 17 130 97510  1 2565618 19277 1.6 24 15 1 2 90% 5781 506 31%
c 2 150.24 23 17 130 97510  1 2565618 19277 1.6 24 15 1 2 90% 5781 506 31%
c u 150.27 23 17 130 97510  1 2565618 19219 1.6 24 15 1 2 90% 5781 506 31%
c v 150.28 23 17 130 97510  1 2565618 19052 1.6 24 15 1 2 90% 5781 506 31%
c w 150.28 23 17 130 97510  1 2565618 19052 1.6 24 15 1 2 90% 5781 506 31%
c t 150.28 23 17 130 97510  1 2565618 19052 1.6 24 15 1 2 90% 5781 506 31%
c k 150.28 23 17 130 97510  1 2565618 19052 1.6 24 15 1 2 90% 5781 506 31%
c ] 151.24 23 17 130 97510  1 2583323 27655 1.6 24 15 1 2 90% 5781 506 31%
c { 151.24 23 16 130 97510  1 2583323 27655 2.4 30 13 1 2 80% 5781 506 31%
c . 152.71 23 17 131 100132  1 2605661 45683 2.3 30 13 1 2 82% 5781 506 31%
c G 152.71 23 17 131 100132  1 2605661 22918 2.3 30 13 1 2 82% 5781 506 31%
c C 152.72 23 17 131 100132  1 2605661 22918 2.3 30 13 1 2 82% 5781 506 31%
c - 152.72 23 17 131 100132  1 2605661 22918 2.3 30 13 1 2 82% 5781 506 31%
c 
c  seconds    reductions      conflicts         size   tier2     variables
c          MB       restarts         redundant     glue   trail      remaining
c           level          rate           size/glue  tier1 irredundant
c 
c 2 152.72 23 17 131 100132  1 2605661 22918 2.3 30 13 1 2 82% 5781 506 31%
c d 152.72 23 17 131 100132  1 2605661 22918 2.3 30 13 1 2 82% 5781 506 31%
c p 152.72 23 17 131 100132  1 2605661 22918 2.3 30 13 1 2 82% 5781 506 31%
c k 152.72 23 17 131 100132  1 2605661 22918 2.3 30 13 1 2 82% 5781 506 31%
c 2 152.72 23 17 131 100132  1 2605661 22918 2.3 30 13 1 2 82% 5781 506 31%
c u 152.74 23 17 131 100132  1 2605661 22872 2.3 30 13 1 2 82% 5781 506 31%
c v 152.75 23 17 131 100132  1 2605661 22688 2.3 30 13 1 2 82% 5781 506 31%
c w 152.76 23 17 131 100132  1 2605661 22680 2.3 30 13 1 2 82% 5781 506 31%
c x 152.77 23 17 131 100132  1 2605661 22680 2.3 30 13 1 2 82% 5775 506 31%
c t 152.77 23 17 131 100132  1 2605661 22680 2.3 30 13 1 2 82% 5775 506 31%
c k 152.78 23 17 131 100132  1 2605661 22680 2.3 30 13 1 2 82% 5775 506 31%
c 2 152.78 23 17 131 100132  1 2605661 22680 2.3 30 13 1 2 82% 5775 506 31%
c f 152.78 23 17 131 100132  1 2605661 22680 2.3 30 13 1 2 82% 5775 506 31%
c s 152.82 23 17 131 100132  1 2605661 22478 2.3 30 13 1 2 82% 5775 506 31%
c t 152.82 23 17 131 100132  1 2605661 22478 2.3 30 13 1 2 82% 5775 506 31%
c e 152.82 23 17 131 100132  1 2605661 22478 2.3 30 13 1 2 82% 5775 506 31%
c s 152.87 23 17 131 100132  1 2605661 22428 2.3 30 13 1 2 82% 5775 506 31%
c e 152.87 23 17 131 100132  1 2605661 22428 2.3 30 13 1 2 82% 5775 506 31%
c ~ 154.27 23 17 131 102418  2 2628113 41213 2.3 30 13 1 2 82% 5775 506 31%
c W 154.50 23 17 131 102418  2 2628114 41214 2.3 30 13 1 2 82% 5775 506 31%
c 
c  seconds    reductions      conflicts         size   tier2     variables
c          MB       restarts         redundant     glue   trail      remaining
c           level          rate           size/glue  tier1 irredundant
c 
c . 155.96 23 17 132 104078  2 2646016 55843 2.3 30 13 1 2 83% 5775 506 31%
c G 155.96 23 17 132 104078  2 2646016 27033 2.3 30 13 1 2 83% 5775 506 31%
c C 155.96 23 17 132 104078  2 2646016 27033 2.3 30 13 1 2 83% 5775 506 31%
c - 155.96 23 17 132 104078  2 2646016 27033 2.3 30 13 1 2 83% 5775 506 31%
c 2 155.96 23 17 132 104078  2 2646016 27033 2.3 30 13 1 2 83% 5775 506 31%
c d 155.96 23 17 132 104078  2 2646016 27033 2.3 30 13 1 2 83% 5775 506 31%
c p 155.97 23 17 132 104078  2 2646016 27033 2.3 30 13 1 2 83% 5775 506 31%
c k 155.97 23 17 132 104078  2 2646016 27033 2.3 30 13 1 2 83% 5775 506 31%
c 2 155.97 23 17 132 104078  2 2646016 27033 2.3 30 13 1 2 83% 5775 506 31%
c u 156.01 23 17 132 104078  2 2646016 26696 2.3 30 13 1 2 83% 5775 506 31%
c v 156.03 23 17 132 104078  2 2646016 26506 2.3 30 13 1 2 83% 5775 506 31%
c w 156.04 23 17 132 104078  2 2646016 26433 2.3 30 13 1 2 83% 5775 506 31%
c t 156.04 23 17 132 104078  2 2646016 26433 2.3 30 13 1 2 83% 5775 506 31%
c k 156.04 23 17 132 104078  2 2646016 26433 2.3 30 13 1 2 83% 5775 506 31%
c 2 156.04 23 17 132 104078  2 2646016 26433 2.3 30 13 1 2 83% 5775 506 31%
c f 156.04 23 17 132 104078  2 2646016 26433 2.3 30 13 1 2 83% 5775 506 31%
c . 158.93 23 17 133 107018  1 2686683 59707 2.3 30 13 1 2 83% 5775 506 31%
c G 158.93 23 17 133 107018  1 2686683 28441 2.3 30 13 1 2 83% 5775 506 31%
c C 158.94 25 17 133 107018  1 2686683 28441 2.3 30 13 1 2 83% 5775 506 31%
c - 158.94 25 17 133 107018  1 2686683 28441 2.3 30 13 1 2 83% 5775 506 31%
c 
c  seconds    reductions      conflicts         size   tier2     variables
c          MB       restarts         redundant     glue   trail      remaining
c           level          rate           size/glue  tier1 irredundant
c 
c 2 158.94 25 17 133 107018  1 2686683 28441 2.3 30 13 1 2 83% 5775 506 31%
c d 158.94 25 17 133 107018  1 2686683 28441 2.3 30 13 1 2 83% 5775 506 31%
c p 158.94 25 17 133 107018  1 2686683 28441 2.3 30 13 1 2 83% 5775 506 31%
c k 158.94 25 17 133 107018  1 2686683 28441 2.3 30 13 1 2 83% 5775 506 31%
c 2 158.94 25 17 133 107018  1 2686683 28441 2.3 30 13 1 2 83% 5775 506 31%
c u 158.98 25 17 133 107018  1 2686683 28329 2.3 30 13 1 2 83% 5775 506 31%
c v 159.00 25 17 133 107018  1 2686683 28141 2.3 30 13 1 2 83% 5775 506 31%
c w 159.00 25 17 133 107018  1 2686683 28138 2.3 30 13 1 2 83% 5775 506 31%
c t 159.00 25 17 133 107018  1 2686683 28138 2.3 30 13 1 2 83% 5775 506 31%
c k 159.00 25 17 133 107018  1 2686683 28138 2.3 30 13 1 2 83% 5775 506 31%
c ~ 159.81 25 17 133 107734  1 2701115 41016 2.3 30 13 1 2 84% 5775 506 31%
c # 159.81 25 17 133 107734  1 2701116 41017 2.3 30 13 1 2 84% 5775 506 31%
c . 162.05 25 17 134 110579  2 2727660 64022 2.3 31 13 1 2 85% 5775 506 31%
c G 162.05 25 17 134 110579  2 2727660 30012 2.3 31 13 1 2 85% 5775 506 31%
c C 162.06 25 17 134 110579  2 2727660 30012 2.3 31 13 1 2 85% 5775 506 31%
c - 162.06 25 17 134 110579  2 2727660 30012 2.3 31 13 1 2 85% 5775 506 31%
c 2 162.06 25 17 134 110579  2 2727660 30012 2.3 31 13 1 2 85% 5775 506 31%
c d 162.06 25 17 134 110579  2 2727660 30012 2.3 31 13 1 2 85% 5775 506 31%
c p 162.06 25 17 134 110579  2 2727660 30012 2.3 31 13 1 2 85% 5775 506 31%
c k 162.06 25 17 134 110579  2 2727660 30012 2.3 31 13 1 2 85% 5775 506 31%
c 
c  seconds    reductions      conflicts         size   tier2     variables
c          MB       restarts         redundant     glue   trail      remaining
c           level          rate           size/glue  tier1 irredundant
c 
c 2 162.06 25 17 134 110579  2 2727660 30012 2.3 31 13 1 2 85% 5775 506 31%
c u 162.10 25 17 134 110579  2 2727660 29911 2.3 31 13 1 2 85% 5775 506 31%
c v 162.12 25 17 134 110579  2 2727660 29714 2.3 31 13 1 2 85% 5775 506 31%
c w 162.12 25 17 134 110579  2 2727660 29713 2.3 31 13 1 2 85% 5775 506 31%
c t 162.13 25 17 134 110579  2 2727660 29713 2.3 31 13 1 2 85% 5775 506 31%
c k 162.13 25 17 134 110579  2 2727660 29713 2.3 31 13 1 2 85% 5775 506 31%
c } 163.26 25 17 134 110925  1 2751215 50939 2.4 30 13 1 2 83% 5775 506 31%
c [ 163.26 25 17 134 110925  1 2751215 50939 1.6 24 15 1 2 90% 5775 506 31%
c . 164.07 25 17 135 110926  1 2768950 67106 1.7 24 14 1 2 87% 5775 506 31%
c G 164.07 25 17 135 110926  1 2768950 30498 1.7 24 14 1 2 87% 5775 506 31%
c C 164.08 25 17 135 110926  1 2768950 30498 1.7 24 14 1 2 87% 5775 506 31%
c - 164.08 25 17 135 110926  1 2768950 30498 1.7 24 14 1 2 87% 5775 506 31%
c 2 164.08 25 17 135 110926  1 2768950 30498 1.7 24 14 1 2 87% 5775 506 31%
c d 164.08 25 17 135 110926  1 2768950 30498 1.7 24 14 1 2 87% 5775 506 31%
c p 164.08 25 17 135 110926  1 2768950 30498 1.7 24 14 1 2 87% 5775 506 31%
c k 164.08 25 17 135 110926  1 2768950 30498 1.7 24 14 1 2 87% 5775 506 31%
c 2 164.08 25 17 135 110926  1 2768950 30498 1.7 24 14 1 2 87% 5775 506 31%
c u 164.11 25 17 135 110926  1 2768950 30407 1.7 24 14 1 2 87% 5775 506 31%
c v 164.12 25 17 135 110926  1 2768950 30261 1.7 24 14 1 2 87% 5775 506 31%
c w 164.12 25 17 135 110926  1 2768950 30261 1.7 24 14 1 2 87% 5775 506 31%
c 
c  seconds    reductions      conflicts         size   tier2     variables
c          MB       restarts         redundant     glue   trail      remaining
c           level          rate           size/glue  tier1 irredundant
c 
c t 164.13 25 17 135 110926  1 2768950 30261 1.7 24 14 1 2 87% 5775 506 31%
c k 164.13 25 17 135 110926  1 2768950 30261 1.7 24 14 1 2 87% 5775 506 31%
c ~ 164.31 25 17 135 110926  1 2775116 34750 1.7 24 14 1 2 85% 5775 506 31%
c B 164.31 25 17 135 110926  1 2775117 34751 1.7 24 14 1 2 85% 5775 506 31%
c . 165.95 25 17 136 110926  1 2810550 59609 1.7 24 14 1 2 81% 5775 506 31%
c G 165.95 25 17 136 110926  1 2810550 26657 1.7 24 14 1 2 81% 5775 506 31%
c C 165.95 25 17 136 110926  1 2810550 26657 1.7 24 14 1 2 81% 5775 506 31%
c - 165.95 25 17 136 110926  1 2810550 26657 1.7 24 14 1 2 81% 5775 506 31%
c 2 165.95 25 17 136 110926  1 2810550 26657 1.7 24 14 1 2 81% 5775 506 31%
c d 165.95 25 17 136 110926  1 2810550 26657 1.7 24 14 1 2 81% 5775 506 31%
c p 165.95 25 17 136 110926  1 2810550 26657 1.7 24 14 1 2 81% 5775 506 31%
c k 165.96 25 17 136 110926  1 2810550 26657 1.7 24 14 1 2 81% 5775 506 31%
c 2 165.96 25 17 136 110926  1 2810550 26657 1.7 24 14 1 2 81% 5775 506 31%
c = 165.99 25 17 136 110926  1 2810550 26657 1.7 24 14 1 2 81% 5775 506 31%
c u 166.02 25 17 136 110926  1 2810550 26618 1.7 24 14 1 2 81% 5775 506 31%
c v 166.03 25 17 136 110926  1 2810550 26436 1.7 24 14 1 2 81% 5775 506 31%
c w 166.03 25 17 136 110926  1 2810550 26436 1.7 24 14 1 2 81% 5775 506 31%
c t 166.03 25 17 136 110926  1 2810550 26436 1.7 24 14 1 2 81% 5775 506 31%
c k 166.03 25 17 136 110926  1 2810550 26436 1.7 24 14 1 2 81% 5775 506 31%
c ~ 168.58 25 17 136 110941  1 2850117 49443 1.7 24 14 1 2 83% 5775 506 31%
c 
c  seconds    reductions      conflicts         size   tier2     variables
c          MB       restarts         redundant     glue   trail      remaining
c           level          rate           size/glue  tier1 irredundant
c 
c W 169.12 25 17 136 110941  1 2850118 49444 1.7 24 14 1 2 83% 5775 506 31%
c . 169.30 25 17 137 110941  1 2852461 50472 1.6 24 14 1 2 83% 5775 506 31%
c G 169.30 25 17 137 110941  1 2852461 24000 1.6 24 14 1 2 83% 5775 506 31%
c C 169.31 25 17 137 110941  1 2852461 24000 1.6 24 14 1 2 83% 5775 506 31%
c - 169.31 25 17 137 110941  1 2852461 24000 1.6 24 14 1 2 83% 5775 506 31%
c 2 169.31 25 17 137 110941  1 2852461 24000 1.6 24 14 1 2 83% 5775 506 31%
c d 169.31 25 17 137 110941  1 2852461 24000 1.6 24 14 1 2 83% 5775 506 31%
c p 169.31 25 17 137 110941  1 2852461 24000 1.6 24 14 1 2 83% 5775 506 31%
c k 169.31 25 17 137 110941  1 2852461 24000 1.6 24 14 1 2 83% 5775 506 31%
c 2 169.31 25 17 137 110941  1 2852461 24000 1.6 24 14 1 2 83% 5775 506 31%
c u 169.35 25 17 137 110941  1 2852461 23858 1.6 24 14 1 2 83% 5775 506 31%
c v 169.37 25 17 137 110941  1 2852461 23662 1.6 24 14 1 2 83% 5775 506 31%
c w 169.37 25 17 137 110941  1 2852461 23661 1.6 24 14 1 2 83% 5775 506 31%
c t 169.37 25 17 137 110941  1 2852461 23661 1.6 24 14 1 2 83% 5775 506 31%
c k 169.37 25 17 137 110941  1 2852461 23661 1.6 24 14 1 2 83% 5775 506 31%
c . 171.88 25 17 138 110957  1 2894685 44144 1.6 23 15 1 2 86% 5775 506 31%
c G 171.89 25 17 138 110957  1 2894685 22507 1.6 23 15 1 2 86% 5775 506 31%
c C 171.89 25 17 138 110957  1 2894685 22507 1.6 23 15 1 2 86% 5775 506 31%
c - 171.89 25 17 138 110957  1 2894685 22507 1.6 23 15 1 2 86% 5775 506 31%
c 2 171.89 25 17 138 110957  1 2894685 22507 1.6 23 15 1 2 86% 5775 506 31%
c 
c  seconds    reductions      conflicts         size   tier2     variables
c          MB       restarts         redundant     glue   trail      remaining
c           level          rate           size/glue  tier1 irredundant
c 
c d 171.89 25 17 138 110957  1 2894685 22507 1.6 23 15 1 2 86% 5775 506 31%
c p 171.89 25 17 138 110957  1 2894685 22507 1.6 23 15 1 2 86% 5775 506 31%
c k 171.89 25 17 138 110957  1 2894685 22507 1.6 23 15 1 2 86% 5775 506 31%
c 2 171.89 25 17 138 110957  1 2894685 22507 1.6 23 15 1 2 86% 5775 506 31%
c u 171.93 25 17 138 110957  1 2894685 22466 1.6 23 15 1 2 86% 5775 506 31%
c v 171.95 25 17 138 110957  1 2894685 22230 1.6 23 15 1 2 86% 5775 506 31%
c w 171.95 25 17 138 110957  1 2894685 22230 1.6 23 15 1 2 86% 5775 506 31%
c t 171.95 25 17 138 110957  1 2894685 22230 1.6 23 15 1 2 86% 5775 506 31%
c k 171.95 25 17 138 110957  1 2894685 22230 1.6 23 15 1 2 86% 5775 506 31%
c ~ 173.98 25 17 138 110970  1 2926118 37817 1.6 23 15 1 2 87% 5775 506 31%
c I 173.98 25 17 138 110970  1 2926119 37818 1.6 23 15 1 2 87% 5775 506 31%
c . 174.35 25 16 139 110972  1 2937219 45805 1.6 23 14 1 2 87% 5775 506 31%
c G 174.35 25 16 139 110972  1 2937219 23163 1.6 23 14 1 2 87% 5775 506 31%
c C 174.35 25 16 139 110972  1 2937219 23163 1.6 23 14 1 2 87% 5775 506 31%
c - 174.35 25 16 139 110972  1 2937219 23163 1.6 23 14 1 2 87% 5775 506 31%
c 2 174.35 25 16 139 110972  1 2937219 23163 1.6 23 14 1 2 87% 5775 506 31%
c d 174.35 25 16 139 110972  1 2937219 23163 1.6 23 14 1 2 87% 5775 506 31%
c p 174.36 25 16 139 110972  1 2937219 23163 1.6 23 14 1 2 87% 5775 506 31%
c k 174.36 25 16 139 110972  1 2937219 23163 1.6 23 14 1 2 87% 5775 506 31%
c 2 174.36 25 16 139 110972  1 2937219 23163 1.6 23 14 1 2 87% 5775 506 31%
c 
c  seconds    reductions      conflicts         size   tier2     variables
c          MB       restarts         redundant     glue   trail      remaining
c           level          rate           size/glue  tier1 irredundant
c 
c u 174.39 25 16 139 110972  1 2937219 23088 1.6 23 14 1 2 87% 5775 506 31%
c v 174.41 25 16 139 110972  1 2937219 22834 1.6 23 14 1 2 87% 5775 506 31%
c w 174.41 25 16 139 110972  1 2937219 22834 1.6 23 14 1 2 87% 5775 506 31%
c t 174.41 25 16 139 110972  1 2937219 22834 1.6 23 14 1 2 87% 5775 506 31%
c k 174.41 25 16 139 110972  1 2937219 22834 1.6 23 14 1 2 87% 5775 506 31%
c ] 175.18 25 17 139 110983  1 2956993 38609 1.7 24 14 1 2 88% 5775 506 31%
c { 175.18 25 17 139 110983  1 2956993 38609 2.4 30 13 1 2 83% 5775 506 31%
c . 177.10 25 17 140 113370  1 2980064 57629 2.4 30 13 1 2 84% 5775 506 31%
c G 177.11 25 17 140 113370  1 2980064 28928 2.4 30 13 1 2 84% 5775 506 31%
c C 177.11 25 17 140 113370  1 2980064 28928 2.4 30 13 1 2 84% 5775 506 31%
c - 177.11 25 17 140 113370  1 2980064 28928 2.4 30 13 1 2 84% 5775 506 31%
c 2 177.11 25 17 140 113370  1 2980064 28928 2.4 30 13 1 2 84% 5775 506 31%
c d 177.11 25 17 140 113370  1 2980064 28928 2.4 30 13 1 2 84% 5775 506 31%
c p 177.11 25 17 140 113370  1 2980064 28928 2.4 30 13 1 2 84% 5775 506 31%
c c 177.11 25 17 140 113370  1 2980064 28928 2.4 30 13 1 2 84% 5775 506 31%
c k 177.11 25 17 140 113370  1 2980064 28928 2.4 30 13 1 2 84% 5775 506 31%
c 2 177.11 25 17 140 113370  1 2980064 28928 2.4 30 13 1 2 84% 5775 506 31%
c u 177.15 25 17 140 113370  1 2980064 28734 2.4 30 13 1 2 84% 5775 506 31%
c v 177.17 25 17 140 113370  1 2980064 28594 2.4 30 13 1 2 84% 5775 506 31%
c w 177.19 25 17 140 113370  1 2980064 28579 2.4 30 13 1 2 84% 5775 506 31%
c 
c  seconds    reductions      conflicts         size   tier2     variables
c          MB       restarts         redundant     glue   trail      remaining
c           level          rate           size/glue  tier1 irredundant
c 
c t 177.19 25 17 140 113370  1 2980064 28579 2.4 30 13 1 2 84% 5775 506 31%
c k 177.19 25 17 140 113370  1 2980064 28579 2.4 30 13 1 2 84% 5775 506 31%
c ~ 178.90 25 17 140 114968  1 3003119 49137 2.5 31 13 1 2 85% 5775 506 31%
c B 178.90 25 17 140 114968  1 3003120 49138 2.5 31 13 1 2 85% 5775 506 31%
c s 180.09 25 17 140 117125  2 3015641 58849 2.4 31 13 1 2 86% 5764 506 31%
c t 180.09 25 17 140 117125  2 3015641 58849 2.4 31 13 1 2 86% 5764 506 31%
c e 180.09 25 17 140 117125  2 3015641 57156 2.4 31 13 1 2 86% 5777 505 31%
c s 180.18 25 17 140 117125  2 3015641 57043 2.4 31 13 1 2 86% 5764 505 31%
c e 180.18 25 17 140 117125  2 3015641 57043 2.4 31 13 1 2 86% 5764 505 31%
c . 180.80 25 17 141 117285  2 3023222 62041 2.4 31 13 1 2 86% 5764 505 31%
c G 180.80 25 17 141 117285  2 3023222 30602 2.4 31 13 1 2 86% 5764 505 31%
c C 180.80 26 17 141 117285  2 3023222 30602 2.4 31 13 1 2 86% 5764 505 31%
c - 180.80 26 17 141 117285  2 3023222 30602 2.4 31 13 1 2 86% 5764 505 31%
c 2 180.80 26 17 141 117285  2 3023222 30602 2.4 31 13 1 2 86% 5764 505 31%
c d 180.80 26 17 141 117285  2 3023222 30602 2.4 31 13 1 2 86% 5764 505 31%
c p 180.81 26 17 141 117285  2 3023222 30602 2.4 31 13 1 2 86% 5764 505 31%
c k 180.81 26 17 141 117285  2 3023222 30602 2.4 31 13 1 2 86% 5764 505 31%
c 2 180.81 26 17 141 117285  2 3023222 30602 2.4 31 13 1 2 86% 5764 505 31%
c u 180.85 26 17 141 117285  2 3023222 30492 2.4 31 13 1 2 86% 5764 505 31%
c v 180.88 26 17 141 117285  2 3023222 30269 2.4 31 13 1 2 86% 5764 505 31%
c 
c  seconds    reductions      conflicts         size   tier2     variables
c          MB       restarts         redundant     glue   trail      remaining
c           level          rate           size/glue  tier1 irredundant
c 
c w 180.90 26 17 141 117285  2 3023222 30267 2.4 31 13 1 2 86% 5764 505 31%
c t 180.90 26 17 141 117285  2 3023222 30267 2.4 31 13 1 2 86% 5764 505 31%
c k 180.90 26 17 141 117285  2 3023222 30267 2.4 31 13 1 2 86% 5764 505 31%
c 2 180.90 26 17 141 117285  2 3023222 30267 2.4 31 13 1 2 86% 5764 505 31%
c f 180.90 26 17 141 117285  2 3023222 30267 2.4 31 13 1 2 86% 5764 505 31%
c . 184.67 26 16 142 120841  1 3066690 63818 2.4 31 13 1 2 87% 5764 505 31%
c G 184.67 26 16 142 120841  1 3066690 32071 2.4 31 13 1 2 87% 5764 505 31%
c C 184.68 26 16 142 120841  1 3066690 32071 2.4 31 13 1 2 87% 5764 505 31%
c - 184.68 26 16 142 120841  1 3066690 32071 2.4 31 13 1 2 87% 5764 505 31%
c 2 184.68 26 16 142 120841  1 3066690 32071 2.4 31 13 1 2 87% 5764 505 31%
c d 184.68 26 16 142 120841  1 3066690 32071 2.4 31 13 1 2 87% 5764 505 31%
c p 184.68 26 16 142 120841  1 3066690 32071 2.4 31 13 1 2 87% 5764 505 31%
c k 184.68 26 16 142 120841  1 3066690 32071 2.4 31 13 1 2 87% 5764 505 31%
c 2 184.68 26 16 142 120841  1 3066690 32071 2.4 31 13 1 2 87% 5764 505 31%
c u 184.72 26 16 142 120841  1 3066690 31994 2.4 31 13 1 2 87% 5764 505 31%
c v 184.74 26 16 142 120841  1 3066690 31844 2.4 31 13 1 2 87% 5764 505 31%
c w 184.74 26 16 142 120841  1 3066690 31844 2.4 31 13 1 2 87% 5764 505 31%
c x 184.76 26 16 142 120841  1 3066690 31843 2.4 31 13 1 2 87% 5758 505 31%
c t 184.76 26 16 142 120841  1 3066690 31842 2.4 31 13 1 2 87% 5758 505 31%
c k 184.76 26 16 142 120841  1 3066690 31842 2.4 31 13 1 2 87% 5758 505 31%
c 
c  seconds    reductions      conflicts         size   tier2     variables
c          MB       restarts         redundant     glue   trail      remaining
c           level          rate           size/glue  tier1 irredundant
c 
c 2 184.76 26 16 142 120841  1 3066690 31842 2.4 31 13 1 2 87% 5758 505 31%
c f 184.76 26 16 142 120841  1 3066690 31842 2.4 31 13 1 2 87% 5758 505 31%
c ~ 185.90 26 17 142 122220  2 3081121 44216 2.5 31 13 1 2 87% 5758 505 31%
c W 186.41 26 17 142 122220  2 3081122 44217 2.5 31 13 1 2 87% 5758 505 31%
c } 188.79 26 17 142 126827  2 3106890 64821 2.3 31 13 1 2 88% 5758 505 31%
c [ 188.79 26 17 142 126827  1 3106890 64821 1.7 24 14 1 2 88% 5758 505 31%
c . 189.10 26 17 143 126830  1 3110470 68074 1.7 24 14 1 2 88% 5758 505 31%
c G 189.10 26 17 143 126830  1 3110470 33503 1.7 24 14 1 2 88% 5758 505 31%
c C 189.11 27 17 143 126830  1 3110470 33503 1.7 24 14 1 2 88% 5758 505 31%
c - 189.11 27 17 143 126830  1 3110470 33503 1.7 24 14 1 2 88% 5758 505 31%
c 2 189.11 27 17 143 126830  1 3110470 33503 1.7 24 14 1 2 88% 5758 505 31%
c d 189.11 27 17 143 126830  1 3110470 33503 1.7 24 14 1 2 88% 5758 505 31%
c p 189.11 27 17 143 126830  1 3110470 33503 1.7 24 14 1 2 88% 5758 505 31%
c k 189.11 27 17 143 126830  1 3110470 33503 1.7 24 14 1 2 88% 5758 505 31%
c 2 189.11 27 17 143 126830  1 3110470 33503 1.7 24 14 1 2 88% 5758 505 31%
c u 189.16 27 17 143 126830  1 3110470 33392 1.7 24 14 1 2 88% 5758 505 31%
c v 189.20 27 17 143 126830  1 3110470 33272 1.7 24 14 1 2 88% 5758 505 31%
c w 189.20 27 17 143 126830  1 3110470 33272 1.7 24 14 1 2 88% 5758 505 31%
c t 189.20 27 17 143 126830  1 3110470 33272 1.7 24 14 1 2 88% 5758 505 31%
c k 189.20 27 17 143 126830  1 3110470 33272 1.7 24 14 1 2 88% 5758 505 31%
c 
c  seconds    reductions      conflicts         size   tier2     variables
c          MB       restarts         redundant     glue   trail      remaining
c           level          rate           size/glue  tier1 irredundant
c 
c . 191.01 27 16 144 126833  1 3154561 58433 1.6 23 14 1 2 79% 5758 505 31%
c G 191.01 27 16 144 126833  1 3154561 30664 1.6 23 14 1 2 79% 5758 505 31%
c C 191.02 27 16 144 126833  1 3154561 30664 1.6 23 14 1 2 79% 5758 505 31%
c - 191.02 27 16 144 126833  1 3154561 30664 1.6 23 14 1 2 79% 5758 505 31%
c 2 191.02 27 16 144 126833  1 3154561 30664 1.6 23 14 1 2 79% 5758 505 31%
c d 191.02 27 16 144 126833  1 3154561 30664 1.6 23 14 1 2 79% 5758 505 31%
c p 191.02 27 16 144 126833  1 3154561 30664 1.6 23 14 1 2 79% 5758 505 31%
c k 191.02 27 16 144 126833  1 3154561 30664 1.6 23 14 1 2 79% 5758 505 31%
c 2 191.02 27 16 144 126833  1 3154561 30664 1.6 23 14 1 2 79% 5758 505 31%
c u 191.05 27 16 144 126833  1 3154561 30639 1.6 23 14 1 2 79% 5758 505 31%
c v 191.06 27 16 144 126833  1 3154561 30524 1.6 23 14 1 2 79% 5758 505 31%
c w 191.06 27 16 144 126833  1 3154561 30524 1.6 23 14 1 2 79% 5758 505 31%
c t 191.07 27 16 144 126833  1 3154561 30524 1.6 23 14 1 2 79% 5758 505 31%
c k 191.07 27 16 144 126833  1 3154561 30524 1.6 23 14 1 2 79% 5758 505 31%
c ~ 191.24 27 16 144 126833  1 3160123 33805 1.6 23 14 1 2 77% 5758 505 31%
c B 191.24 27 16 144 126833  1 3160124 33806 1.6 23 14 1 2 77% 5758 505 31%
c . 193.82 27 16 145 126848  1 3198964 51667 1.6 22 14 1 2 80% 5758 505 31%
c G 193.83 27 16 145 126848  1 3198964 26018 1.6 22 14 1 2 80% 5758 505 31%
c C 193.83 27 16 145 126848  1 3198964 26018 1.6 22 14 1 2 80% 5758 505 31%
c - 193.83 27 16 145 126848  1 3198964 26018 1.6 22 14 1 2 80% 5758 505 31%
c 
c  seconds    reductions      conflicts         size   tier2     variables
c          MB       restarts         redundant     glue   trail      remaining
c           level          rate           size/glue  tier1 irredundant
c 
c 2 193.83 27 16 145 126848  1 3198964 26018 1.6 22 14 1 2 80% 5758 505 31%
c d 193.83 27 16 145 126848  1 3198964 26018 1.6 22 14 1 2 80% 5758 505 31%
c p 193.83 27 16 145 126848  1 3198964 26018 1.6 22 14 1 2 80% 5758 505 31%
c k 193.83 27 16 145 126848  1 3198964 26018 1.6 22 14 1 2 80% 5758 505 31%
c 2 193.83 27 16 145 126848  1 3198964 26018 1.6 22 14 1 2 80% 5758 505 31%
c u 193.87 27 16 145 126848  1 3198964 25918 1.6 22 14 1 2 80% 5758 505 31%
c v 193.89 27 16 145 126848  1 3198964 25762 1.6 22 14 1 2 80% 5758 505 31%
c w 193.89 27 16 145 126848  1 3198964 25762 1.6 22 14 1 2 80% 5758 505 31%
c t 193.89 27 16 145 126848  1 3198964 25762 1.6 22 14 1 2 80% 5758 505 31%
c k 193.90 27 16 145 126848  1 3198964 25762 1.6 22 14 1 2 80% 5758 505 31%
c 2 193.90 27 16 145 126848  1 3198964 25762 1.6 22 14 1 2 80% 5758 505 31%
c f 193.90 27 16 145 126848  1 3198964 25762 1.6 22 14 1 2 80% 5758 505 31%
c s 195.22 27 16 145 126857  1 3219380 35499 1.6 23 14 1 2 82% 5758 505 31%
c t 195.22 27 16 145 126857  1 3219380 35499 1.6 23 14 1 2 82% 5758 505 31%
c e 195.22 27 16 145 126857  1 3219380 35442 1.6 23 14 1 2 82% 5770 504 31%
c s 195.27 27 16 145 126857  1 3219380 35423 1.6 23 14 1 2 82% 5757 504 31%
c e 195.27 27 16 145 126857  1 3219380 35423 1.6 23 14 1 2 82% 5757 504 31%
c ~ 196.81 27 17 145 126864  1 3240127 47360 1.6 23 15 1 2 83% 5757 504 31%
c W 197.22 27 17 145 126864  1 3240128 47361 1.6 23 15 1 2 83% 5757 504 31%
c . 197.51 27 17 146 126864  1 3243679 48963 1.6 23 15 1 2 83% 5757 504 31%
c 
c  seconds    reductions      conflicts         size   tier2     variables
c          MB       restarts         redundant     glue   trail      remaining
c           level          rate           size/glue  tier1 irredundant
c 
c G 197.51 27 17 146 126864  1 3243679 26053 1.6 23 15 1 2 83% 5757 504 31%
c C 197.52 27 17 146 126864  1 3243679 26053 1.6 23 15 1 2 83% 5757 504 31%
c - 197.52 27 17 146 126864  1 3243679 26053 1.6 23 15 1 2 83% 5757 504 31%
c 2 197.52 27 17 146 126864  1 3243679 26053 1.6 23 15 1 2 83% 5757 504 31%
c d 197.52 27 17 146 126864  1 3243679 26053 1.6 23 15 1 2 83% 5757 504 31%
c p 197.52 27 17 146 126864  1 3243679 26053 1.6 23 15 1 2 83% 5757 504 31%
c k 197.52 27 17 146 126864  1 3243679 26053 1.6 23 15 1 2 83% 5757 504 31%
c 2 197.52 27 17 146 126864  1 3243679 26053 1.6 23 15 1 2 83% 5757 504 31%
c u 197.56 27 17 146 126864  1 3243679 26008 1.6 23 15 1 2 83% 5757 504 31%
c v 197.59 27 17 146 126864  1 3243679 25789 1.6 23 15 1 2 83% 5757 504 31%
c w 197.59 27 17 146 126864  1 3243679 25789 1.6 23 15 1 2 83% 5757 504 31%
c t 197.59 27 17 146 126864  1 3243679 25789 1.6 23 15 1 2 83% 5757 504 31%
c k 197.59 27 17 146 126864  1 3243679 25789 1.6 23 15 1 2 83% 5757 504 31%
c 2 197.59 27 17 146 126864  1 3243679 25789 1.6 23 15 1 2 83% 5757 504 31%
c f 197.59 27 17 146 126864  1 3243679 25789 1.6 23 15 1 2 83% 5757 504 31%
c . 200.54 27 17 147 126881  1 3288704 48077 1.6 24 15 1 2 85% 5757 504 31%
c G 200.54 27 17 147 126881  1 3288704 25499 1.6 24 15 1 2 85% 5757 504 31%
c C 200.54 27 17 147 126881  1 3288704 25499 1.6 24 15 1 2 85% 5757 504 31%
c - 200.54 27 17 147 126881  1 3288704 25499 1.6 24 15 1 2 85% 5757 504 31%
c 2 200.54 27 17 147 126881  1 3288704 25499 1.6 24 15 1 2 85% 5757 504 31%
c 
c  seconds    reductions      conflicts         size   tier2     variables
c          MB       restarts         redundant     glue   trail      remaining
c           level          rate           size/glue  tier1 irredundant
c 
c d 200.54 27 17 147 126881  1 3288704 25499 1.6 24 15 1 2 85% 5757 504 31%
c p 200.54 27 17 147 126881  1 3288704 25499 1.6 24 15 1 2 85% 5757 504 31%
c k 200.54 27 17 147 126881  1 3288704 25499 1.6 24 15 1 2 85% 5757 504 31%
c 2 200.54 27 17 147 126881  1 3288704 25499 1.6 24 15 1 2 85% 5757 504 31%
c u 200.58 27 17 147 126881  1 3288704 25406 1.6 24 15 1 2 85% 5757 504 31%
c v 200.61 27 17 147 126881  1 3288704 25122 1.6 24 15 1 2 85% 5757 504 31%
c w 200.61 27 17 147 126881  1 3288704 25122 1.6 24 15 1 2 85% 5757 504 31%
c t 200.61 27 17 147 126881  1 3288704 25122 1.6 24 15 1 2 85% 5757 504 31%
c k 200.61 27 17 147 126881  1 3288704 25122 1.6 24 15 1 2 85% 5757 504 31%
c ] 201.83 27 17 147 126893  1 3309097 38621 1.7 24 15 1 2 86% 5757 504 31%
c { 201.83 27 17 147 126893  2 3309097 38621 2.3 31 13 1 2 88% 5757 504 31%
c ~ 202.70 27 18 147 128280  2 3321128 47551 2.3 31 14 1 2 88% 5757 504 31%
c F 202.71 27 18 147 128280  2 3321129 47552 2.3 31 14 1 2 88% 5757 504 31%
c . 203.74 27 18 148 129107  2 3334041 59082 2.3 31 13 1 2 88% 5757 504 31%
c G 203.74 27 18 148 129107  2 3334041 31189 2.3 31 13 1 2 88% 5757 504 31%
c C 203.75 27 18 148 129107  2 3334041 31189 2.3 31 13 1 2 88% 5757 504 31%
c - 203.75 27 18 148 129107  2 3334041 31189 2.3 31 13 1 2 88% 5757 504 31%
c 2 203.75 27 18 148 129107  2 3334041 31189 2.3 31 13 1 2 88% 5757 504 31%
c d 203.75 27 18 148 129107  2 3334041 31189 2.3 31 13 1 2 88% 5757 504 31%
c p 203.75 27 18 148 129107  2 3334041 31189 2.3 31 13 1 2 88% 5757 504 31%
c 
c  seconds    reductions      conflicts         size   tier2     variables
c          MB       restarts         redundant     glue   trail      remaining
c           level          rate           size/glue  tier1 irredundant
c 
c k 203.75 27 18 148 129107  2 3334041 31189 2.3 31 13 1 2 88% 5757 504 31%
c 2 203.75 27 18 148 129107  2 3334041 31189 2.3 31 13 1 2 88% 5757 504 31%
c u 203.80 27 18 148 129107  2 3334041 31092 2.3 31 13 1 2 88% 5757 504 31%
c v 203.82 27 18 148 129107  2 3334041 30816 2.3 31 13 1 2 88% 5757 504 31%
c w 203.83 27 18 148 129107  2 3334041 30801 2.3 31 13 1 2 88% 5757 504 31%
c t 203.83 27 18 148 129107  2 3334041 30801 2.3 31 13 1 2 88% 5757 504 31%
c k 203.83 27 18 148 129107  2 3334041 30801 2.3 31 13 1 2 88% 5757 504 31%
c . 207.36 27 17 149 132114  2 3379689 65833 2.2 30 13 1 2 87% 5757 504 31%
c G 207.36 27 17 149 132114  2 3379689 33933 2.2 30 13 1 2 87% 5757 504 31%
c C 207.37 27 17 149 132114  2 3379689 33933 2.2 30 13 1 2 87% 5757 504 31%
c - 207.37 27 17 149 132114  2 3379689 33933 2.2 30 13 1 2 87% 5757 504 31%
c 2 207.37 27 17 149 132114  2 3379689 33933 2.2 30 13 1 2 87% 5757 504 31%
c d 207.37 27 17 149 132114  2 3379689 33933 2.2 30 13 1 2 87% 5757 504 31%
c p 207.37 27 17 149 132114  2 3379689 33933 2.2 30 13 1 2 87% 5757 504 31%
c k 207.37 27 17 149 132114  2 3379689 33933 2.2 30 13 1 2 87% 5757 504 31%
c 2 207.37 27 17 149 132114  2 3379689 33933 2.2 30 13 1 2 87% 5757 504 31%
c u 207.42 27 17 149 132114  2 3379689 33885 2.2 30 13 1 2 87% 5757 504 31%
c v 207.45 27 17 149 132114  2 3379689 33751 2.2 30 13 1 2 87% 5757 504 31%
c w 207.47 27 17 149 132114  2 3379689 33731 2.2 30 13 1 2 87% 5757 504 31%
c t 207.47 27 17 149 132114  2 3379689 33731 2.2 30 13 1 2 87% 5757 504 31%
c 
c  seconds    reductions      conflicts         size   tier2     variables
c          MB       restarts         redundant     glue   trail      remaining
c           level          rate           size/glue  tier1 irredundant
c 
c k 207.47 27 17 149 132114  2 3379689 33731 2.2 30 13 1 2 87% 5757 504 31%
c 2 207.47 27 17 149 132114  2 3379689 33731 2.2 30 13 1 2 87% 5757 504 31%
c f 207.47 27 17 149 132114  2 3379689 33731 2.2 30 13 1 2 87% 5757 504 31%
c ~ 209.16 27 17 149 133265  2 3403129 52291 2.3 30 13 1 2 88% 5757 504 31%
c B 209.16 27 17 149 133265  2 3403130 52292 2.3 30 13 1 2 88% 5757 504 31%
c . 210.54 27 17 150 135276  2 3425648 70313 2.3 30 13 1 2 83% 5757 504 31%
c G 210.55 27 17 150 135276  2 3425648 35363 2.3 30 13 1 2 83% 5757 504 31%
c C 210.55 27 17 150 135276  2 3425648 35363 2.3 30 13 1 2 83% 5757 504 31%
c - 210.55 27 17 150 135276  2 3425648 35363 2.3 30 13 1 2 83% 5757 504 31%
c 2 210.55 27 17 150 135276  2 3425648 35363 2.3 30 13 1 2 83% 5757 504 31%
c d 210.55 27 17 150 135276  2 3425648 35363 2.3 30 13 1 2 83% 5757 504 31%
c p 210.56 27 17 150 135276  2 3425648 35363 2.3 30 13 1 2 83% 5757 504 31%
c k 210.56 27 17 150 135276  2 3425648 35363 2.3 30 13 1 2 83% 5757 504 31%
c 2 210.56 27 17 150 135276  2 3425648 35363 2.3 30 13 1 2 83% 5757 504 31%
c u 210.60 27 17 150 135276  2 3425648 35245 2.3 30 13 1 2 83% 5757 504 31%
c v 210.62 27 17 150 135276  2 3425648 35130 2.3 30 13 1 2 83% 5757 504 31%
c w 210.62 27 17 150 135276  2 3425648 35130 2.3 30 13 1 2 83% 5757 504 31%
c t 210.63 27 17 150 135276  2 3425648 35130 2.3 30 13 1 2 83% 5757 504 31%
c k 210.63 27 17 150 135276  2 3425648 35130 2.3 30 13 1 2 83% 5757 504 31%
c s 211.03 27 17 150 135712  2 3430210 38880 2.3 30 13 1 2 83% 5741 504 31%
c 
c  seconds    reductions      conflicts         size   tier2     variables
c          MB       restarts         redundant     glue   trail      remaining
c           level          rate           size/glue  tier1 irredundant
c 
c t 211.03 27 17 150 135712  2 3430210 38880 2.3 30 13 1 2 83% 5741 504 31%
c e 211.03 27 17 150 135712  2 3430210 36827 2.3 30 13 1 2 83% 5761 501 31%
c s 211.12 27 17 150 135712  2 3430210 36782 2.3 30 13 1 2 83% 5761 501 31%
c . 214.06 27 17 151 140339  2 3471920 70166 2.2 29 13 1 2 79% 5761 501 31%
c G 214.06 27 17 151 140339  2 3471920 35696 2.2 29 13 1 2 79% 5761 501 31%
c C 214.07 27 17 151 140339  2 3471920 35696 2.2 29 13 1 2 79% 5761 501 31%
c - 214.07 27 17 151 140339  2 3471920 35696 2.2 29 13 1 2 79% 5761 501 31%
c 2 214.07 27 17 151 140339  2 3471920 35696 2.2 29 13 1 2 79% 5761 501 31%
c d 214.07 27 17 151 140339  2 3471920 35696 2.2 29 13 1 2 79% 5761 501 31%
c p 214.07 27 17 151 140339  2 3471920 35696 2.2 29 13 1 2 79% 5761 501 31%
c k 214.07 27 17 151 140339  2 3471920 35696 2.2 29 13 1 2 79% 5761 501 31%
c 2 214.07 27 17 151 140339  2 3471920 35696 2.2 29 13 1 2 79% 5761 501 31%
c u 214.11 27 17 151 140339  2 3471920 35581 2.2 29 13 1 2 79% 5761 501 31%
c v 214.14 27 17 151 140339  2 3471920 35409 2.2 29 13 1 2 79% 5761 501 31%
c w 214.14 27 17 151 140339  2 3471920 35409 2.2 29 13 1 2 79% 5761 501 31%
c t 214.14 27 17 151 140339  2 3471920 35409 2.2 29 13 1 2 79% 5761 501 31%
c k 214.14 27 17 151 140339  2 3471920 35409 2.2 29 13 1 2 79% 5761 501 31%
c 2 214.14 27 17 151 140339  2 3471920 35409 2.2 29 13 1 2 79% 5761 501 31%
c f 214.14 27 17 151 140339  2 3471920 35409 2.2 29 13 1 2 79% 5761 501 31%
c ~ 215.15 27 18 151 142076  2 3486130 46844 2.2 30 13 1 2 80% 5761 501 31%
c 
c  seconds    reductions      conflicts         size   tier2     variables
c          MB       restarts         redundant     glue   trail      remaining
c           level          rate           size/glue  tier1 irredundant
c 
c W 215.67 27 18 151 142076  2 3486131 46845 2.2 30 13 1 2 80% 5761 501 31%
c } 216.86 27 18 151 143332  2 3501345 60289 2.3 30 13 1 2 82% 5761 501 31%
c [ 216.86 27 17 151 143332  1 3501345 60289 1.7 24 15 1 2 86% 5761 501 31%
c . 218.05 27 17 152 143334  1 3518504 72366 1.7 25 15 1 2 86% 5761 501 31%
c G 218.05 27 17 152 143334  1 3518504 36651 1.7 25 15 1 2 86% 5761 501 31%
c C 218.06 27 17 152 143334  1 3518504 36651 1.7 25 15 1 2 86% 5761 501 31%
c - 218.06 27 17 152 143334  1 3518504 36651 1.7 25 15 1 2 86% 5761 501 31%
c 2 218.06 27 17 152 143334  1 3518504 36651 1.7 25 15 1 2 86% 5761 501 31%
c d 218.06 27 17 152 143334  1 3518504 36651 1.7 25 15 1 2 86% 5761 501 31%
c p 218.06 27 17 152 143334  1 3518504 36651 1.7 25 15 1 2 86% 5761 501 31%
c k 218.06 27 17 152 143334  1 3518504 36651 1.7 25 15 1 2 86% 5761 501 31%
c 2 218.06 27 17 152 143334  1 3518504 36651 1.7 25 15 1 2 86% 5761 501 31%
c = 218.19 27 17 152 143334  1 3518504 36651 1.7 25 15 1 2 86% 5761 501 31%
c u 218.24 27 17 152 143334  1 3518504 36582 1.7 25 15 1 2 86% 5761 501 31%
c v 218.27 27 17 152 143334  1 3518504 36412 1.7 25 15 1 2 86% 5761 501 31%
c w 218.27 27 17 152 143334  1 3518504 36410 1.7 25 15 1 2 86% 5761 501 31%
c t 218.27 27 17 152 143334  1 3518504 36410 1.7 25 15 1 2 86% 5761 501 31%
c k 218.27 27 17 152 143334  1 3518504 36410 1.7 25 15 1 2 86% 5761 501 31%
c . 220.58 27 17 153 143336  1 3565399 65558 1.7 25 15 1 2 87% 5761 501 31%
c G 220.59 27 17 153 143336  1 3565399 34141 1.7 25 15 1 2 87% 5761 501 31%
c 
c  seconds    reductions      conflicts         size   tier2     variables
c          MB       restarts         redundant     glue   trail      remaining
c           level          rate           size/glue  tier1 irredundant
c 
c C 220.59 27 17 153 143336  1 3565399 34141 1.7 25 15 1 2 87% 5761 501 31%
c - 220.59 27 17 153 143336  1 3565399 34141 1.7 25 15 1 2 87% 5761 501 31%
c 2 220.59 27 17 153 143336  1 3565399 34141 1.7 25 15 1 2 87% 5761 501 31%
c d 220.59 27 17 153 143336  1 3565399 34141 1.7 25 15 1 2 87% 5761 501 31%
c p 220.59 27 17 153 143336  1 3565399 34141 1.7 25 15 1 2 87% 5761 501 31%
c k 220.59 27 17 153 143336  1 3565399 34141 1.7 25 15 1 2 87% 5761 501 31%
c 2 220.59 27 17 153 143336  1 3565399 34141 1.7 25 15 1 2 87% 5761 501 31%
c u 220.63 27 17 153 143336  1 3565399 34046 1.7 25 15 1 2 87% 5761 501 31%
c v 220.65 27 17 153 143336  1 3565399 33917 1.7 25 15 1 2 87% 5761 501 31%
c w 220.65 27 17 153 143336  1 3565399 33916 1.7 25 15 1 2 87% 5761 501 31%
c t 220.65 27 17 153 143336  1 3565399 33916 1.7 25 15 1 2 87% 5761 501 31%
c k 220.65 27 17 153 143336  1 3565399 33916 1.7 25 15 1 2 87% 5761 501 31%
c ~ 220.89 27 17 153 143336  1 3570131 36445 1.7 25 15 1 2 87% 5761 501 31%
c O 220.89 27 17 153 143336  1 3570132 36446 1.7 25 15 1 2 87% 5761 501 31%
c . 223.90 27 17 154 143336  1 3612605 59033 1.7 26 15 1 2 88% 5761 501 31%
c G 223.91 27 17 154 143336  1 3612605 29957 1.7 26 15 1 2 88% 5761 501 31%
c C 223.91 27 17 154 143336  1 3612605 29957 1.7 26 15 1 2 88% 5761 501 31%
c - 223.91 27 17 154 143336  1 3612605 29957 1.7 26 15 1 2 88% 5761 501 31%
c 2 223.91 27 17 154 143336  1 3612605 29957 1.7 26 15 1 2 88% 5761 501 31%
c d 223.91 27 17 154 143336  1 3612605 29957 1.7 26 15 1 2 88% 5761 501 31%
c 
c  seconds    reductions      conflicts         size   tier2     variables
c          MB       restarts         redundant     glue   trail      remaining
c           level          rate           size/glue  tier1 irredundant
c 
c p 223.91 27 17 154 143336  1 3612605 29957 1.7 26 15 1 2 88% 5761 501 31%
c k 223.91 27 17 154 143336  1 3612605 29957 1.7 26 15 1 2 88% 5761 501 31%
c 2 223.91 27 17 154 143336  1 3612605 29957 1.7 26 15 1 2 88% 5761 501 31%
c u 223.95 27 17 154 143336  1 3612605 29938 1.7 26 15 1 2 88% 5761 501 31%
c v 223.96 27 17 154 143336  1 3612605 29792 1.7 26 15 1 2 88% 5761 501 31%
c w 223.96 27 17 154 143336  1 3612605 29792 1.7 26 15 1 2 88% 5761 501 31%
c x 223.99 27 17 154 143336  1 3612605 29792 1.7 26 15 1 2 88% 5761 501 31%
c t 223.99 27 17 154 143336  1 3612605 29792 1.7 26 15 1 2 88% 5761 501 31%
c k 223.99 27 17 154 143336  1 3612605 29792 1.7 26 15 1 2 88% 5761 501 31%
c 2 223.99 27 17 154 143336  1 3612605 29792 1.7 26 15 1 2 88% 5761 501 31%
c f 223.99 27 17 154 143336  1 3612605 29792 1.7 26 15 1 2 88% 5761 501 31%
c s 226.56 27 17 154 143337  1 3648665 48933 1.7 26 15 1 2 88% 5761 501 31%
c t 226.56 27 17 154 143337  1 3648665 48933 1.7 26 15 1 2 88% 5761 501 31%
c e 226.56 27 17 154 143337  1 3648665 48933 1.7 26 15 1 2 88% 5761 501 31%
c s 226.63 27 17 154 143337  1 3648665 48907 1.7 26 15 1 2 88% 5761 501 31%
c ~ 227.08 27 17 154 143337  1 3655133 51987 1.7 26 15 1 2 88% 5761 501 31%
c B 227.08 27 17 154 143337  1 3655134 51988 1.7 26 15 1 2 88% 5761 501 31%
c . 227.41 27 17 155 143337  1 3660122 54891 1.7 26 15 1 2 88% 5761 501 31%
c G 227.41 27 17 155 143337  1 3660122 29677 1.7 26 15 1 2 88% 5761 501 31%
c C 227.41 27 17 155 143337  1 3660122 29677 1.7 26 15 1 2 88% 5761 501 31%
c 
c  seconds    reductions      conflicts         size   tier2     variables
c          MB       restarts         redundant     glue   trail      remaining
c           level          rate           size/glue  tier1 irredundant
c 
c - 227.41 27 17 155 143337  1 3660122 29677 1.7 26 15 1 2 88% 5761 501 31%
c 2 227.42 27 17 155 143337  1 3660122 29677 1.7 26 15 1 2 88% 5761 501 31%
c d 227.42 27 17 155 143337  1 3660122 29677 1.7 26 15 1 2 88% 5761 501 31%
c p 227.42 27 17 155 143337  1 3660122 29677 1.7 26 15 1 2 88% 5761 501 31%
c k 227.42 27 17 155 143337  1 3660122 29677 1.7 26 15 1 2 88% 5761 501 31%
c 2 227.42 27 17 155 143337  1 3660122 29677 1.7 26 15 1 2 88% 5761 501 31%
c u 227.46 27 17 155 143337  1 3660122 29566 1.7 26 15 1 2 88% 5761 501 31%
c v 227.49 27 17 155 143337  1 3660122 29257 1.7 26 15 1 2 88% 5761 501 31%
c w 227.49 27 17 155 143337  1 3660122 29257 1.7 26 15 1 2 88% 5761 501 31%
c t 227.49 27 17 155 143337  1 3660122 29257 1.7 26 15 1 2 88% 5761 501 31%
c k 227.49 27 17 155 143337  1 3660122 29257 1.7 26 15 1 2 88% 5761 501 31%
c 2 227.49 27 17 155 143337  1 3660122 29257 1.7 26 15 1 2 88% 5761 501 31%
c f 227.49 27 17 155 143337  1 3660122 29257 1.7 26 15 1 2 88% 5761 501 31%
c . 229.98 27 17 156 143337  1 3707952 54055 1.7 25 15 1 2 89% 5761 501 31%
c G 229.98 27 17 156 143337  1 3707952 29491 1.7 25 15 1 2 89% 5761 501 31%
c C 229.98 27 17 156 143337  1 3707952 29491 1.7 25 15 1 2 89% 5761 501 31%
c - 229.98 27 17 156 143337  1 3707952 29491 1.7 25 15 1 2 89% 5761 501 31%
c 2 229.98 27 17 156 143337  1 3707952 29491 1.7 25 15 1 2 89% 5761 501 31%
c d 229.98 27 17 156 143337  1 3707952 29491 1.7 25 15 1 2 89% 5761 501 31%
c p 229.99 27 17 156 143337  1 3707952 29491 1.7 25 15 1 2 89% 5761 501 31%
c 
c  seconds    reductions      conflicts         size   tier2     variables
c          MB       restarts         redundant     glue   trail      remaining
c           level          rate           size/glue  tier1 irredundant
c 
c k 229.99 27 17 156 143337  1 3707952 29491 1.7 25 15 1 2 89% 5761 501 31%
c 2 229.99 27 17 156 143337  1 3707952 29491 1.7 25 15 1 2 89% 5761 501 31%
c u 230.02 27 17 156 143337  1 3707952 29454 1.7 25 15 1 2 89% 5761 501 31%
c v 230.04 27 17 156 143337  1 3707952 29218 1.7 25 15 1 2 89% 5761 501 31%
c w 230.04 27 17 156 143337  1 3707952 29218 1.7 25 15 1 2 89% 5761 501 31%
c t 230.04 27 17 156 143337  1 3707952 29218 1.7 25 15 1 2 89% 5761 501 31%
c k 230.04 27 17 156 143337  1 3707952 29218 1.7 25 15 1 2 89% 5761 501 31%
c ] 230.86 27 17 156 143337  1 3722884 37085 1.6 24 15 1 2 88% 5761 501 31%
c { 230.86 27 18 156 143337  2 3722884 37085 2.3 30 13 1 2 82% 5761 501 31%
c ~ 232.33 27 17 156 144170  2 3741135 49463 2.3 30 13 1 2 83% 5761 501 31%
c # 232.33 27 17 156 144170  2 3741136 49464 2.3 30 13 1 2 83% 5761 501 31%
c . 233.81 27 18 157 146837  2 3756094 61092 2.2 30 14 1 2 83% 5761 501 31%
c G 233.81 27 18 157 146837  2 3756094 33922 2.2 30 14 1 2 83% 5761 501 31%
c C 233.82 27 18 157 146837  2 3756094 33922 2.2 30 14 1 2 83% 5761 501 31%
c - 233.82 27 18 157 146837  2 3756094 33922 2.2 30 14 1 2 83% 5761 501 31%
c 2 233.82 27 18 157 146837  2 3756094 33922 2.2 30 14 1 2 83% 5761 501 31%
c d 233.82 27 18 157 146837  2 3756094 33922 2.2 30 14 1 2 83% 5761 501 31%
c p 233.82 27 18 157 146837  2 3756094 33922 2.2 30 14 1 2 83% 5761 501 31%
c c 233.82 27 18 157 146837  2 3756094 33922 2.2 30 14 1 2 83% 5761 501 31%
c k 233.82 27 18 157 146837  2 3756094 33922 2.2 30 14 1 2 83% 5761 501 31%
c 
c  seconds    reductions      conflicts         size   tier2     variables
c          MB       restarts         redundant     glue   trail      remaining
c           level          rate           size/glue  tier1 irredundant
c 
c 2 233.82 27 18 157 146837  2 3756094 33922 2.2 30 14 1 2 83% 5761 501 31%
c u 233.88 27 18 157 146837  2 3756094 33752 2.2 30 14 1 2 83% 5761 501 31%
c v 233.90 27 18 157 146837  2 3756094 33435 2.2 30 14 1 2 83% 5761 501 31%
c w 233.92 27 18 157 146837  2 3756094 33402 2.2 30 14 1 2 83% 5761 501 31%
c t 233.92 27 18 157 146837  2 3756094 33402 2.2 30 14 1 2 83% 5761 501 31%
c k 233.92 27 18 157 146837  2 3756094 33402 2.2 30 14 1 2 83% 5761 501 31%
c . 238.66 27 17 158 150755  2 3804545 69257 2.3 31 14 1 2 86% 5761 501 31%
c G 238.66 27 17 158 150755  2 3804545 37155 2.3 31 14 1 2 86% 5761 501 31%
c C 238.66 28 17 158 150755  2 3804545 37155 2.3 31 14 1 2 86% 5761 501 31%
c - 238.66 28 17 158 150755  2 3804545 37155 2.3 31 14 1 2 86% 5761 501 31%
c 2 238.66 28 17 158 150755  2 3804545 37155 2.3 31 14 1 2 86% 5761 501 31%
c d 238.67 28 17 158 150755  2 3804545 37155 2.3 31 14 1 2 86% 5761 501 31%
c p 238.67 28 17 158 150755  2 3804545 37155 2.3 31 14 1 2 86% 5761 501 31%
c k 238.67 28 17 158 150755  2 3804545 37155 2.3 31 14 1 2 86% 5761 501 31%
c 2 238.67 28 17 158 150755  2 3804545 37155 2.3 31 14 1 2 86% 5761 501 31%
c u 238.73 28 17 158 150755  2 3804545 37010 2.3 31 14 1 2 86% 5761 501 31%
c v 238.77 28 17 158 150755  2 3804545 36870 2.3 31 14 1 2 86% 5761 501 31%
c w 238.79 28 17 158 150755  2 3804545 36855 2.3 31 14 1 2 86% 5761 501 31%
c t 238.80 28 17 158 150755  2 3804545 36855 2.3 31 14 1 2 86% 5761 501 31%
c k 238.80 28 17 158 150755  2 3804545 36855 2.3 31 14 1 2 86% 5761 501 31%
c 
c  seconds    reductions      conflicts         size   tier2     variables
c          MB       restarts         redundant     glue   trail      remaining
c           level          rate           size/glue  tier1 irredundant
c 
c ~ 241.26 28 17 158 153139  2 3828136 55289 2.3 31 13 1 2 86% 5761 501 31%
c B 241.26 28 17 158 153139  2 3828137 55290 2.3 31 13 1 2 86% 5761 501 31%
c . 243.46 28 16 159 153701  1 3853308 76365 2.3 30 13 1 2 87% 5761 501 31%
c G 243.46 28 16 159 153701  1 3853308 39498 2.3 30 13 1 2 87% 5761 501 31%
c C 243.47 28 16 159 153701  1 3853308 39498 2.3 30 13 1 2 87% 5761 501 31%
c - 243.47 28 16 159 153701  1 3853308 39498 2.3 30 13 1 2 87% 5761 501 31%
c 2 243.47 28 16 159 153701  1 3853308 39498 2.3 30 13 1 2 87% 5761 501 31%
c d 243.47 28 16 159 153701  1 3853308 39498 2.3 30 13 1 2 87% 5761 501 31%
c p 243.47 28 16 159 153701  1 3853308 39498 2.3 30 13 1 2 87% 5761 501 31%
c k 243.47 28 16 159 153701  1 3853308 39498 2.3 30 13 1 2 87% 5761 501 31%
c 2 243.47 28 16 159 153701  1 3853308 39498 2.3 30 13 1 2 87% 5761 501 31%
c u 243.54 28 16 159 153701  1 3853308 39419 2.3 30 13 1 2 87% 5761 501 31%
c v 243.58 28 16 159 153701  1 3853308 39220 2.3 30 13 1 2 87% 5761 501 31%
c w 243.60 28 16 159 153701  1 3853308 39182 2.3 30 13 1 2 87% 5761 501 31%
c t 243.60 28 16 159 153701  1 3853308 39182 2.3 30 13 1 2 87% 5761 501 31%
c k 243.60 28 16 159 153701  1 3853308 39182 2.3 30 13 1 2 87% 5761 501 31%
c } 246.64 28 17 159 158606  2 3886142 62847 2.2 31 14 1 2 88% 5761 501 31%
c [ 246.64 28 17 159 158606  1 3886142 62847 1.6 24 15 1 2 88% 5761 501 31%
c . 248.03 28 16 160 158606  1 3902384 68418 1.6 23 15 1 2 88% 5761 501 31%
c G 248.03 28 16 160 158606  1 3902384 37593 1.6 23 15 1 2 88% 5761 501 31%
c 
c  seconds    reductions      conflicts         size   tier2     variables
c          MB       restarts         redundant     glue   trail      remaining
c           level          rate           size/glue  tier1 irredundant
c 
c C 248.04 28 16 160 158606  1 3902384 37593 1.6 23 15 1 2 88% 5761 501 31%
c - 248.04 28 16 160 158606  1 3902384 37593 1.6 23 15 1 2 88% 5761 501 31%
c 2 248.04 28 16 160 158606  1 3902384 37593 1.6 23 15 1 2 88% 5761 501 31%
c d 248.04 28 16 160 158606  1 3902384 37593 1.6 23 15 1 2 88% 5761 501 31%
c p 248.04 28 16 160 158606  1 3902384 37593 1.6 23 15 1 2 88% 5761 501 31%
c k 248.04 28 16 160 158606  1 3902384 37593 1.6 23 15 1 2 88% 5761 501 31%
c 2 248.04 28 16 160 158606  1 3902384 37593 1.6 23 15 1 2 88% 5761 501 31%
c u 248.10 28 16 160 158606  1 3902384 37534 1.6 23 15 1 2 88% 5761 501 31%
c v 248.14 28 16 160 158606  1 3902384 37337 1.6 23 15 1 2 88% 5761 501 31%
c w 248.14 28 16 160 158606  1 3902384 37337 1.6 23 15 1 2 88% 5761 501 31%
c t 248.14 28 16 160 158606  1 3902384 37337 1.6 23 15 1 2 88% 5761 501 31%
c k 248.14 28 16 160 158606  1 3902384 37337 1.6 23 15 1 2 88% 5761 501 31%
c ~ 248.67 28 16 160 158606  1 3916138 48648 1.6 24 15 1 2 89% 5761 501 31%
c W 249.77 28 16 160 158606  1 3916139 48649 1.6 24 15 1 2 89% 5761 501 31%
c . 251.57 28 17 161 158607  1 3951772 72354 1.6 24 15 1 2 88% 5761 501 31%
c G 251.57 28 17 161 158607  1 3951772 37712 1.6 24 15 1 2 88% 5761 501 31%
c C 251.58 28 17 161 158607  1 3951772 37712 1.6 24 15 1 2 88% 5761 501 31%
c - 251.58 28 17 161 158607  1 3951772 37712 1.6 24 15 1 2 88% 5761 501 31%
c 2 251.58 28 17 161 158607  1 3951772 37712 1.6 24 15 1 2 88% 5761 501 31%
c d 251.58 28 17 161 158607  1 3951772 37712 1.6 24 15 1 2 88% 5761 501 31%
c 
c  seconds    reductions      conflicts         size   tier2     variables
c          MB       restarts         redundant     glue   trail      remaining
c           level          rate           size/glue  tier1 irredundant
c 
c p 251.58 28 17 161 158607  1 3951772 37712 1.6 24 15 1 2 88% 5761 501 31%
c k 251.58 28 17 161 158607  1 3951772 37712 1.6 24 15 1 2 88% 5761 501 31%
c 2 251.58 28 17 161 158607  1 3951772 37712 1.6 24 15 1 2 88% 5761 501 31%
c u 251.62 28 17 161 158607  1 3951772 37661 1.6 24 15 1 2 88% 5761 501 31%
c v 251.63 28 17 161 158607  1 3951772 37566 1.6 24 15 1 2 88% 5761 501 31%
c w 251.64 28 17 161 158607  1 3951772 37565 1.6 24 15 1 2 88% 5761 501 31%
c t 251.64 28 17 161 158607  1 3951772 37565 1.6 24 15 1 2 88% 5761 501 31%
c k 251.64 28 17 161 158607  1 3951772 37565 1.6 24 15 1 2 88% 5761 501 31%
c . 254.23 28 16 162 158607  1 4001470 65517 1.6 23 15 1 2 88% 5761 501 31%
c G 254.24 28 16 162 158607  1 4001470 32506 1.6 23 15 1 2 88% 5761 501 31%
c C 254.24 28 16 162 158607  1 4001470 32506 1.6 23 15 1 2 88% 5761 501 31%
c - 254.24 28 16 162 158607  1 4001470 32506 1.6 23 15 1 2 88% 5761 501 31%
c 2 254.24 28 16 162 158607  1 4001470 32506 1.6 23 15 1 2 88% 5761 501 31%
c d 254.24 28 16 162 158607  1 4001470 32506 1.6 23 15 1 2 88% 5761 501 31%
c p 254.24 28 16 162 158607  1 4001470 32506 1.6 23 15 1 2 88% 5761 501 31%
c k 254.24 28 16 162 158607  1 4001470 32506 1.6 23 15 1 2 88% 5761 501 31%
c 2 254.24 28 16 162 158607  1 4001470 32506 1.6 23 15 1 2 88% 5761 501 31%
c u 254.28 28 16 162 158607  1 4001470 32452 1.6 23 15 1 2 88% 5761 501 31%
c v 254.30 28 16 162 158607  1 4001470 32231 1.6 23 15 1 2 88% 5761 501 31%
c w 254.30 28 16 162 158607  1 4001470 32231 1.6 23 15 1 2 88% 5761 501 31%
c 
c  seconds    reductions      conflicts         size   tier2     variables
c          MB       restarts         redundant     glue   trail      remaining
c           level          rate           size/glue  tier1 irredundant
c 
c t 254.30 28 16 162 158607  1 4001470 32231 1.6 23 15 1 2 88% 5761 501 31%
c k 254.30 28 16 162 158607  1 4001470 32231 1.6 23 15 1 2 88% 5761 501 31%
c ~ 254.46 28 16 162 158607  1 4005139 34911 1.6 23 15 1 2 88% 5761 501 31%
c I 254.46 28 16 162 158607  1 4005140 34912 1.6 23 15 1 2 88% 5761 501 31%
c . 256.78 28 17 163 158607  1 4051479 65567 1.6 24 15 1 2 88% 5761 501 31%
c G 256.78 28 17 163 158607  1 4051479 32402 1.6 24 15 1 2 88% 5761 501 31%
c C 256.79 28 17 163 158607  1 4051479 32402 1.6 24 15 1 2 88% 5761 501 31%
c - 256.79 28 17 163 158607  1 4051479 32402 1.6 24 15 1 2 88% 5761 501 31%
c 2 256.79 28 17 163 158607  1 4051479 32402 1.6 24 15 1 2 88% 5761 501 31%
c d 256.79 28 17 163 158607  1 4051479 32402 1.6 24 15 1 2 88% 5761 501 31%
c p 256.79 28 17 163 158607  1 4051479 32402 1.6 24 15 1 2 88% 5761 501 31%
c k 256.79 28 17 163 158607  1 4051479 32402 1.6 24 15 1 2 88% 5761 501 31%
c 2 256.79 28 17 163 158607  1 4051479 32402 1.6 24 15 1 2 88% 5761 501 31%
c u 256.83 28 17 163 158607  1 4051479 32364 1.6 24 15 1 2 88% 5761 501 31%
c v 256.85 28 17 163 158607  1 4051479 32207 1.6 24 15 1 2 88% 5761 501 31%
c w 256.85 28 17 163 158607  1 4051479 32206 1.6 24 15 1 2 88% 5761 501 31%
c t 256.85 28 17 163 158607  1 4051479 32206 1.6 24 15 1 2 88% 5761 501 31%
c k 256.85 28 17 163 158607  1 4051479 32206 1.6 24 15 1 2 88% 5761 501 31%
c ~ 258.95 28 17 163 158607  1 4095140 62325 1.7 24 15 1 2 87% 5761 501 31%
c B 258.95 28 17 163 158607  1 4095141 62326 1.7 24 15 1 2 87% 5761 501 31%
c 
c  seconds    reductions      conflicts         size   tier2     variables
c          MB       restarts         redundant     glue   trail      remaining
c           level          rate           size/glue  tier1 irredundant
c 
c . 259.32 28 17 164 158607  1 4101800 66328 1.7 24 15 1 2 88% 5761 501 31%
c G 259.33 28 17 164 158607  1 4101800 32680 1.7 24 15 1 2 88% 5761 501 31%
c C 259.33 28 17 164 158607  1 4101800 32680 1.7 24 15 1 2 88% 5761 501 31%
c - 259.33 28 17 164 158607  1 4101800 32680 1.7 24 15 1 2 88% 5761 501 31%
c 2 259.33 28 17 164 158607  1 4101800 32680 1.7 24 15 1 2 88% 5761 501 31%
c d 259.33 28 17 164 158607  1 4101800 32680 1.7 24 15 1 2 88% 5761 501 31%
c p 259.33 28 17 164 158607  1 4101800 32680 1.7 24 15 1 2 88% 5761 501 31%
c k 259.33 28 17 164 158607  1 4101800 32680 1.7 24 15 1 2 88% 5761 501 31%
c 2 259.33 28 17 164 158607  1 4101800 32680 1.7 24 15 1 2 88% 5761 501 31%
c u 259.37 28 17 164 158607  1 4101800 32627 1.7 24 15 1 2 88% 5761 501 31%
c v 259.39 28 17 164 158607  1 4101800 32456 1.7 24 15 1 2 88% 5761 501 31%
c w 259.39 28 17 164 158607  1 4101800 32456 1.7 24 15 1 2 88% 5761 501 31%
c t 259.39 28 17 164 158607  1 4101800 32456 1.7 24 15 1 2 88% 5761 501 31%
c k 259.39 28 17 164 158607  1 4101800 32456 1.7 24 15 1 2 88% 5761 501 31%
c . 262.04 28 17 165 158607  1 4152432 64389 1.7 24 15 1 2 88% 5761 501 31%
c G 262.05 28 17 165 158607  1 4152432 32126 1.7 24 15 1 2 88% 5761 501 31%
c C 262.05 28 17 165 158607  1 4152432 32126 1.7 24 15 1 2 88% 5761 501 31%
c - 262.05 28 17 165 158607  1 4152432 32126 1.7 24 15 1 2 88% 5761 501 31%
c 2 262.05 28 17 165 158607  1 4152432 32126 1.7 24 15 1 2 88% 5761 501 31%
c d 262.05 28 17 165 158607  1 4152432 32126 1.7 24 15 1 2 88% 5761 501 31%
c 
c  seconds    reductions      conflicts         size   tier2     variables
c          MB       restarts         redundant     glue   trail      remaining
c           level          rate           size/glue  tier1 irredundant
c 
c p 262.05 28 17 165 158607  1 4152432 32126 1.7 24 15 1 2 88% 5761 501 31%
c k 262.05 28 17 165 158607  1 4152432 32126 1.7 24 15 1 2 88% 5761 501 31%
c 2 262.05 28 17 165 158607  1 4152432 32126 1.7 24 15 1 2 88% 5761 501 31%
c u 262.09 28 17 165 158607  1 4152432 32078 1.7 24 15 1 2 88% 5761 501 31%
c v 262.11 28 17 165 158607  1 4152432 31912 1.7 24 15 1 2 88% 5761 501 31%
c w 262.11 28 17 165 158607  1 4152432 31910 1.7 24 15 1 2 88% 5761 501 31%
c t 262.11 28 17 165 158607  1 4152432 31910 1.7 24 15 1 2 88% 5761 501 31%
c k 262.12 28 17 165 158607  1 4152432 31910 1.7 24 15 1 2 88% 5761 501 31%
c ] 262.55 28 17 165 158607  1 4162442 37978 1.6 24 15 1 2 88% 5761 501 31%
c { 262.55 28 17 165 158607  2 4162442 37978 2.2 31 14 1 2 88% 5761 501 31%
c ~ 264.39 28 17 165 160739  2 4186142 56510 2.2 31 14 1 2 87% 5761 501 31%
c W 264.84 28 17 165 160739  2 4186143 56511 2.2 31 14 1 2 87% 5761 501 31%
c . 266.14 28 17 166 161582  2 4203375 70091 2.2 30 14 1 2 87% 5761 501 31%
c G 266.14 28 17 166 161582  2 4203375 37472 2.2 30 14 1 2 87% 5761 501 31%
c C 266.15 28 17 166 161582  2 4203375 37472 2.2 30 14 1 2 87% 5761 501 31%
c - 266.15 28 17 166 161582  2 4203375 37472 2.2 30 14 1 2 87% 5761 501 31%
c 2 266.15 28 17 166 161582  2 4203375 37472 2.2 30 14 1 2 87% 5761 501 31%
c d 266.15 28 17 166 161582  2 4203375 37472 2.2 30 14 1 2 87% 5761 501 31%
c p 266.15 28 17 166 161582  2 4203375 37472 2.2 30 14 1 2 87% 5761 501 31%
c k 266.15 28 17 166 161582  2 4203375 37472 2.2 30 14 1 2 87% 5761 501 31%
c 
c  seconds    reductions      conflicts         size   tier2     variables
c          MB       restarts         redundant     glue   trail      remaining
c           level          rate           size/glue  tier1 irredundant
c 
c 2 266.15 28 17 166 161582  2 4203375 37472 2.2 30 14 1 2 87% 5761 501 31%
c u 266.20 28 17 166 161582  2 4203375 37377 2.2 30 14 1 2 87% 5761 501 31%
c v 266.22 28 17 166 161582  2 4203375 37134 2.2 30 14 1 2 87% 5761 501 31%
c w 266.24 28 17 166 161582  2 4203375 37075 2.2 30 14 1 2 87% 5761 501 31%
c t 266.24 28 17 166 161582  2 4203375 37075 2.2 30 14 1 2 87% 5761 501 31%
c k 266.24 28 17 166 161582  2 4203375 37075 2.2 30 14 1 2 87% 5761 501 31%
c . 270.82 28 18 167 167135  2 4254632 76583 2.1 30 14 1 2 87% 5761 501 31%
c G 270.82 28 18 167 167135  2 4254632 40699 2.1 30 14 1 2 87% 5761 501 31%
c C 270.83 30 18 167 167135  2 4254632 40699 2.1 30 14 1 2 87% 5761 501 31%
c - 270.83 30 18 167 167135  2 4254632 40699 2.1 30 14 1 2 87% 5761 501 31%
c 2 270.83 30 18 167 167135  2 4254632 40699 2.1 30 14 1 2 87% 5761 501 31%
c d 270.83 30 18 167 167135  2 4254632 40699 2.1 30 14 1 2 87% 5761 501 31%
c p 270.83 30 18 167 167135  2 4254632 40699 2.1 30 14 1 2 87% 5761 501 31%
c k 270.83 30 18 167 167135  2 4254632 40699 2.1 30 14 1 2 87% 5761 501 31%
c 2 270.83 30 18 167 167135  2 4254632 40699 2.1 30 14 1 2 87% 5761 501 31%
c u 270.88 30 18 167 167135  2 4254632 40672 2.1 30 14 1 2 87% 5761 501 31%
c v 270.90 30 18 167 167135  2 4254632 40498 2.1 30 14 1 2 87% 5761 501 31%
c w 270.92 30 18 167 167135  2 4254632 40475 2.1 30 14 1 2 87% 5761 501 31%
c x 270.94 30 18 167 167135  2 4254632 40474 2.1 30 14 1 2 87% 5712 501 31%
c t 270.94 30 18 167 167135  2 4254632 40474 2.1 30 14 1 2 87% 5712 501 31%
c 
c  seconds    reductions      conflicts         size   tier2     variables
c          MB       restarts         redundant     glue   trail      remaining
c           level          rate           size/glue  tier1 irredundant
c 
c k 270.94 30 18 167 167135  2 4254632 40474 2.1 30 14 1 2 87% 5712 501 31%
c 2 270.94 30 18 167 167135  2 4254632 40474 2.1 30 14 1 2 87% 5712 501 31%
c f 270.94 30 18 167 167135  2 4254632 40474 2.1 30 14 1 2 87% 5712 501 31%
c s 271.06 30 18 167 167135  2 4254632 40078 2.1 30 14 1 2 87% 5711 501 31%
c t 271.06 30 18 167 167135  2 4254632 40078 2.1 30 14 1 2 87% 5711 501 31%
c e 271.07 30 18 167 167135  2 4254632 39677 2.1 30 14 1 2 87% 5757 497 30%
c s 271.19 30 18 167 167135  2 4254632 39631 2.1 30 14 1 2 87% 5741 497 30%
c e 271.19 30 18 167 167135  2 4254632 39631 2.1 30 14 1 2 87% 5741 497 30%
c ~ 272.89 30 17 167 168385  2 4278144 58452 2.2 31 14 1 2 86% 5741 497 30%
c F 272.89 30 17 167 168385  2 4278145 58453 2.2 31 14 1 2 86% 5741 497 30%
c . 275.24 30 17 168 170629  2 4306200 79826 2.1 30 14 1 2 85% 5741 497 30%
c G 275.25 30 17 168 170629  2 4306200 41803 2.1 30 14 1 2 85% 5741 497 30%
c C 275.25 30 17 168 170629  2 4306200 41803 2.1 30 14 1 2 85% 5741 497 30%
c - 275.25 30 17 168 170629  2 4306200 41803 2.1 30 14 1 2 85% 5741 497 30%
c 2 275.25 30 17 168 170629  2 4306200 41803 2.1 30 14 1 2 85% 5741 497 30%
c d 275.25 30 17 168 170629  2 4306200 41803 2.1 30 14 1 2 85% 5741 497 30%
c p 275.25 30 17 168 170629  2 4306200 41803 2.1 30 14 1 2 85% 5741 497 30%
c k 275.25 30 17 168 170629  2 4306200 41803 2.1 30 14 1 2 85% 5741 497 30%
c 2 275.25 30 17 168 170629  2 4306200 41803 2.1 30 14 1 2 85% 5741 497 30%
c u 275.31 30 17 168 170629  2 4306200 41666 2.1 30 14 1 2 85% 5741 497 30%
c 
c  seconds    reductions      conflicts         size   tier2     variables
c          MB       restarts         redundant     glue   trail      remaining
c           level          rate           size/glue  tier1 irredundant
c 
c v 275.34 30 17 168 170629  2 4306200 41497 2.1 30 14 1 2 85% 5741 497 30%
c w 275.36 30 17 168 170629  2 4306200 41382 2.1 30 14 1 2 85% 5741 497 30%
c t 275.36 30 17 168 170629  2 4306200 41382 2.1 30 14 1 2 85% 5741 497 30%
c k 275.36 30 17 168 170629  2 4306200 41382 2.1 30 14 1 2 85% 5741 497 30%
c 2 275.36 30 17 168 170629  2 4306200 41382 2.1 30 14 1 2 85% 5741 497 30%
c f 275.36 30 17 168 170629  2 4306200 41382 2.1 30 14 1 2 85% 5741 497 30%
c } 280.00 30 16 168 171070  1 4357145 73587 2.2 29 13 1 2 87% 5741 497 30%
c [ 280.00 30 17 168 171070  1 4357145 73587 1.6 24 15 1 2 88% 5741 497 30%
c . 280.08 30 17 169 171070  1 4358079 74312 1.6 24 15 1 2 88% 5741 497 30%
c G 280.08 30 17 169 171070  1 4358079 40387 1.6 24 15 1 2 88% 5741 497 30%
c C 280.09 30 17 169 171070  1 4358079 40387 1.6 24 15 1 2 88% 5741 497 30%
c - 280.09 30 17 169 171070  1 4358079 40387 1.6 24 15 1 2 88% 5741 497 30%
c 2 280.09 30 17 169 171070  1 4358079 40387 1.6 24 15 1 2 88% 5741 497 30%
c d 280.09 30 17 169 171070  1 4358079 40387 1.6 24 15 1 2 88% 5741 497 30%
c p 280.09 30 17 169 171070  1 4358079 40387 1.6 24 15 1 2 88% 5741 497 30%
c k 280.09 30 17 169 171070  1 4358079 40387 1.6 24 15 1 2 88% 5741 497 30%
c 2 280.09 30 17 169 171070  1 4358079 40387 1.6 24 15 1 2 88% 5741 497 30%
c = 280.28 30 17 169 171070  1 4358079 40387 1.6 24 15 1 2 88% 5741 497 30%
c u 280.35 30 17 169 171070  1 4358079 40306 1.6 24 15 1 2 88% 5741 497 30%
c v 280.38 30 17 169 171070  1 4358079 40096 1.6 24 15 1 2 88% 5741 497 30%
c 
c  seconds    reductions      conflicts         size   tier2     variables
c          MB       restarts         redundant     glue   trail      remaining
c           level          rate           size/glue  tier1 irredundant
c 
c w 280.38 30 17 169 171070  1 4358079 40096 1.6 24 15 1 2 88% 5741 497 30%
c t 280.38 30 17 169 171070  1 4358079 40096 1.6 24 15 1 2 88% 5741 497 30%
c k 280.38 30 17 169 171070  1 4358079 40096 1.6 24 15 1 2 88% 5741 497 30%
c ~ 281.61 30 17 169 171070  1 4371146 49124 1.7 25 15 1 2 88% 5741 497 30%
c W 282.27 30 17 169 171070  1 4371147 49125 1.7 25 15 1 2 88% 5741 497 30%
c . 285.80 30 17 170 171085  1 4410269 70585 1.7 25 15 1 2 88% 5741 497 30%
c G 285.80 30 17 170 171085  1 4410269 37563 1.7 25 15 1 2 88% 5741 497 30%
c C 285.81 30 17 170 171085  1 4410269 37563 1.7 25 15 1 2 88% 5741 497 30%
c - 285.81 30 17 170 171085  1 4410269 37563 1.7 25 15 1 2 88% 5741 497 30%
c 2 285.81 30 17 170 171085  1 4410269 37563 1.7 25 15 1 2 88% 5741 497 30%
c d 285.81 30 17 170 171085  1 4410269 37563 1.7 25 15 1 2 88% 5741 497 30%
c p 285.81 30 17 170 171085  1 4410269 37563 1.7 25 15 1 2 88% 5741 497 30%
c k 285.81 30 17 170 171085  1 4410269 37563 1.7 25 15 1 2 88% 5741 497 30%
c 2 285.81 30 17 170 171085  1 4410269 37563 1.7 25 15 1 2 88% 5741 497 30%
c u 285.88 30 17 170 171085  1 4410269 37482 1.7 25 15 1 2 88% 5741 497 30%
c v 285.91 30 17 170 171085  1 4410269 37250 1.7 25 15 1 2 88% 5741 497 30%
c w 285.91 30 17 170 171085  1 4410269 37249 1.7 25 15 1 2 88% 5741 497 30%
c t 285.91 30 17 170 171085  1 4410269 37249 1.7 25 15 1 2 88% 5741 497 30%
c k 285.91 30 17 170 171085  1 4410269 37249 1.7 25 15 1 2 88% 5741 497 30%
c . 289.80 30 17 171 171101  1 4462771 62434 1.6 24 15 1 2 88% 5741 497 30%
c 
c  seconds    reductions      conflicts         size   tier2     variables
c          MB       restarts         redundant     glue   trail      remaining
c           level          rate           size/glue  tier1 irredundant
c 
c G 289.81 30 17 171 171101  1 4462771 34225 1.6 24 15 1 2 88% 5741 497 30%
c C 289.81 30 17 171 171101  1 4462771 34225 1.6 24 15 1 2 88% 5741 497 30%
c - 289.81 30 17 171 171101  1 4462771 34225 1.6 24 15 1 2 88% 5741 497 30%
c 2 289.81 30 17 171 171101  1 4462771 34225 1.6 24 15 1 2 88% 5741 497 30%
c d 289.81 30 17 171 171101  1 4462771 34225 1.6 24 15 1 2 88% 5741 497 30%
c p 289.81 30 17 171 171101  1 4462771 34225 1.6 24 15 1 2 88% 5741 497 30%
c k 289.81 30 17 171 171101  1 4462771 34225 1.6 24 15 1 2 88% 5741 497 30%
c 2 289.81 30 17 171 171101  1 4462771 34225 1.6 24 15 1 2 88% 5741 497 30%
c u 289.87 30 17 171 171101  1 4462771 34182 1.6 24 15 1 2 88% 5741 497 30%
c v 289.90 30 17 171 171101  1 4462771 33961 1.6 24 15 1 2 88% 5741 497 30%
c w 289.90 30 17 171 171101  1 4462771 33959 1.6 24 15 1 2 88% 5741 497 30%
c t 289.90 30 17 171 171101  1 4462771 33959 1.6 24 15 1 2 88% 5741 497 30%
c k 289.90 30 17 171 171101  1 4462771 33959 1.6 24 15 1 2 88% 5741 497 30%
c ~ 290.04 30 17 171 171102  1 4465149 35356 1.6 24 15 1 2 88% 5741 497 30%
c O 290.04 30 17 171 171102  1 4465150 35357 1.6 24 15 1 2 88% 5741 497 30%
c . 294.02 30 17 172 171128  1 4515585 59001 1.6 24 15 1 2 88% 5741 497 30%
c G 294.02 30 17 172 171128  1 4515585 33758 1.6 24 15 1 2 88% 5741 497 30%
c C 294.03 30 17 172 171128  1 4515585 33758 1.6 24 15 1 2 88% 5741 497 30%
c - 294.03 30 17 172 171128  1 4515585 33758 1.6 24 15 1 2 88% 5741 497 30%
c 2 294.03 30 17 172 171128  1 4515585 33758 1.6 24 15 1 2 88% 5741 497 30%
c 
c  seconds    reductions      conflicts         size   tier2     variables
c          MB       restarts         redundant     glue   trail      remaining
c           level          rate           size/glue  tier1 irredundant
c 
c d 294.03 30 17 172 171128  1 4515585 33758 1.6 24 15 1 2 88% 5741 497 30%
c p 294.03 30 17 172 171128  1 4515585 33758 1.6 24 15 1 2 88% 5741 497 30%
c k 294.03 30 17 172 171128  1 4515585 33758 1.6 24 15 1 2 88% 5741 497 30%
c 2 294.03 30 17 172 171128  1 4515585 33758 1.6 24 15 1 2 88% 5741 497 30%
c u 294.09 30 17 172 171128  1 4515585 33671 1.6 24 15 1 2 88% 5741 497 30%
c v 294.12 30 17 172 171128  1 4515585 33437 1.6 24 15 1 2 88% 5741 497 30%
c w 294.12 30 17 172 171128  1 4515585 33437 1.6 24 15 1 2 88% 5741 497 30%
c t 294.12 30 17 172 171128  1 4515585 33437 1.6 24 15 1 2 88% 5741 497 30%
c k 294.12 30 17 172 171128  1 4515585 33437 1.6 24 15 1 2 88% 5741 497 30%
c ~ 297.33 30 17 172 171133  1 4560151 57915 1.6 24 15 1 2 88% 5741 497 30%
c B 297.33 30 17 172 171133  1 4560152 57916 1.6 24 15 1 2 88% 5741 497 30%
c ] 297.47 30 17 172 171133  1 4562274 59659 1.6 25 15 1 2 88% 5741 497 30%
c { 297.47 30 16 172 171133  1 4562274 59659 2.2 29 13 1 2 87% 5741 497 30%
c . 298.08 30 16 173 172513  1 4568709 64909 2.2 30 13 1 2 87% 5741 497 30%
c G 298.08 30 16 173 172513  1 4568709 36760 2.2 30 13 1 2 87% 5741 497 30%
c C 298.09 30 16 173 172513  1 4568709 36760 2.2 30 13 1 2 87% 5741 497 30%
c - 298.09 30 16 173 172513  1 4568709 36760 2.2 30 13 1 2 87% 5741 497 30%
c 2 298.09 30 16 173 172513  1 4568709 36760 2.2 30 13 1 2 87% 5741 497 30%
c d 298.09 30 16 173 172513  1 4568709 36760 2.2 30 13 1 2 87% 5741 497 30%
c p 298.09 30 16 173 172513  1 4568709 36760 2.2 30 13 1 2 87% 5741 497 30%
c 
c  seconds    reductions      conflicts         size   tier2     variables
c          MB       restarts         redundant     glue   trail      remaining
c           level          rate           size/glue  tier1 irredundant
c 
c k 298.09 30 16 173 172513  1 4568709 36760 2.2 30 13 1 2 87% 5741 497 30%
c 2 298.09 30 16 173 172513  1 4568709 36760 2.2 30 13 1 2 87% 5741 497 30%
c u 298.15 30 16 173 172513  1 4568709 36719 2.2 30 13 1 2 87% 5741 497 30%
c v 298.18 30 16 173 172513  1 4568709 36391 2.2 30 13 1 2 87% 5741 497 30%
c w 298.19 30 16 173 172513  1 4568709 36358 2.2 30 13 1 2 87% 5741 497 30%
c t 298.19 30 16 173 172513  1 4568709 36358 2.2 30 13 1 2 87% 5741 497 30%
c k 298.19 30 16 173 172513  1 4568709 36358 2.2 30 13 1 2 87% 5741 497 30%
c . 302.90 30 16 174 176536  1 4622147 75116 2.2 29 13 1 2 86% 5741 497 30%
c G 302.90 30 16 174 176536  1 4622147 41180 2.2 29 13 1 2 86% 5741 497 30%
c C 302.91 31 16 174 176536  1 4622147 41180 2.2 29 13 1 2 86% 5741 497 30%
c - 302.91 31 16 174 176536  1 4622147 41180 2.2 29 13 1 2 86% 5741 497 30%
c 2 302.91 31 16 174 176536  1 4622147 41180 2.2 29 13 1 2 86% 5741 497 30%
c d 302.91 31 16 174 176536  1 4622147 41180 2.2 29 13 1 2 86% 5741 497 30%
c p 302.91 31 16 174 176536  1 4622147 41180 2.2 29 13 1 2 86% 5741 497 30%
c k 302.91 31 16 174 176536  1 4622147 41180 2.2 29 13 1 2 86% 5741 497 30%
c 2 302.91 31 16 174 176536  1 4622147 41180 2.2 29 13 1 2 86% 5741 497 30%
c u 302.97 31 16 174 176536  1 4622147 41051 2.2 29 13 1 2 86% 5741 497 30%
c v 303.01 31 16 174 176536  1 4622147 40958 2.2 29 13 1 2 86% 5741 497 30%
c w 303.03 31 16 174 176536  1 4622147 40902 2.2 29 13 1 2 86% 5741 497 30%
c t 303.03 31 16 174 176536  1 4622147 40902 2.2 29 13 1 2 86% 5741 497 30%
c 
c  seconds    reductions      conflicts         size   tier2     variables
c          MB       restarts         redundant     glue   trail      remaining
c           level          rate           size/glue  tier1 irredundant
c 
c k 303.03 31 16 174 176536  1 4622147 40902 2.2 29 13 1 2 86% 5741 497 30%
c ~ 305.69 31 16 174 179177  1 4656153 67524 2.2 30 14 1 2 86% 5741 497 30%
c B 305.70 31 16 174 179177  1 4656154 67525 2.2 30 14 1 2 86% 5741 497 30%
c . 307.14 31 16 175 179257  1 4675894 82488 2.3 30 13 1 2 86% 5741 497 30%
c G 307.14 31 16 175 179257  1 4675894 43239 2.3 30 13 1 2 86% 5741 497 30%
c C 307.15 31 16 175 179257  1 4675894 43239 2.3 30 13 1 2 86% 5741 497 30%
c - 307.15 31 16 175 179257  1 4675894 43239 2.3 30 13 1 2 86% 5741 497 30%
c 2 307.15 31 16 175 179257  1 4675894 43239 2.3 30 13 1 2 86% 5741 497 30%
c d 307.15 31 16 175 179257  1 4675894 43239 2.3 30 13 1 2 86% 5741 497 30%
c p 307.15 31 16 175 179257  1 4675894 43239 2.3 30 13 1 2 86% 5741 497 30%
c c 307.15 31 16 175 179257  1 4675894 43239 2.3 30 13 1 2 86% 5741 497 30%
c k 307.15 31 16 175 179257  1 4675894 43239 2.3 30 13 1 2 86% 5741 497 30%
c 2 307.15 31 16 175 179257  1 4675894 43239 2.3 30 13 1 2 86% 5741 497 30%
c u 307.21 31 16 175 179257  1 4675894 43177 2.3 30 13 1 2 86% 5741 497 30%
c v 307.25 31 16 175 179257  1 4675894 43002 2.3 30 13 1 2 86% 5741 497 30%
c w 307.26 31 16 175 179257  1 4675894 42864 2.3 30 13 1 2 86% 5741 497 30%
c t 307.26 31 16 175 179257  1 4675894 42864 2.3 30 13 1 2 86% 5741 497 30%
c k 307.26 31 16 175 179257  1 4675894 42864 2.3 30 13 1 2 86% 5741 497 30%
c . 311.49 31 16 176 182968  1 4729953 85586 2.2 29 13 1 2 86% 5741 497 30%
c G 311.49 31 16 176 182968  1 4729953 44340 2.2 29 13 1 2 86% 5741 497 30%
c 
c  seconds    reductions      conflicts         size   tier2     variables
c          MB       restarts         redundant     glue   trail      remaining
c           level          rate           size/glue  tier1 irredundant
c 
c C 311.50 32 16 176 182968  1 4729953 44340 2.2 29 13 1 2 86% 5741 497 30%
c - 311.50 32 16 176 182968  1 4729953 44340 2.2 29 13 1 2 86% 5741 497 30%
c 2 311.50 32 16 176 182968  1 4729953 44340 2.2 29 13 1 2 86% 5741 497 30%
c d 311.50 32 16 176 182968  1 4729953 44340 2.2 29 13 1 2 86% 5741 497 30%
c p 311.50 32 16 176 182968  1 4729953 44340 2.2 29 13 1 2 86% 5741 497 30%
c k 311.50 32 16 176 182968  1 4729953 44340 2.2 29 13 1 2 86% 5741 497 30%
c 2 311.50 32 16 176 182968  1 4729953 44340 2.2 29 13 1 2 86% 5741 497 30%
c u 311.56 32 16 176 182968  1 4729953 44286 2.2 29 13 1 2 86% 5741 497 30%
c v 311.59 32 16 176 182968  1 4729953 44009 2.2 29 13 1 2 86% 5741 497 30%
c w 311.61 32 16 176 182968  1 4729953 43847 2.2 29 13 1 2 86% 5741 497 30%
c t 311.61 32 16 176 182968  1 4729953 43847 2.2 29 13 1 2 86% 5741 497 30%
c k 311.61 32 16 176 182968  1 4729953 43847 2.2 29 13 1 2 86% 5741 497 30%
c ~ 313.85 32 16 176 185896  2 4753154 62483 2.3 30 13 1 2 86% 5741 497 30%
c W 314.93 32 16 176 185896  2 4753155 62484 2.3 30 13 1 2 86% 5741 497 30%
c } 316.70 32 17 176 188372  2 4771455 76943 2.2 30 14 1 2 86% 5741 497 30%
c [ 316.70 32 17 176 188372  1 4771455 76943 1.6 25 15 1 2 88% 5741 497 30%
c . 317.96 32 17 177 188372  1 4784324 86174 1.7 26 15 1 2 88% 5741 497 30%
c G 317.96 32 17 177 188372  1 4784324 45649 1.7 26 15 1 2 88% 5741 497 30%
c C 317.97 32 17 177 188372  1 4784324 45649 1.7 26 15 1 2 88% 5741 497 30%
c - 317.97 32 17 177 188372  1 4784324 45649 1.7 26 15 1 2 88% 5741 497 30%
c 
c  seconds    reductions      conflicts         size   tier2     variables
c          MB       restarts         redundant     glue   trail      remaining
c           level          rate           size/glue  tier1 irredundant
c 
c 2 317.97 32 17 177 188372  1 4784324 45649 1.7 26 15 1 2 88% 5741 497 30%
c d 317.97 32 17 177 188372  1 4784324 45649 1.7 26 15 1 2 88% 5741 497 30%
c p 317.97 32 17 177 188372  1 4784324 45649 1.7 26 15 1 2 88% 5741 497 30%
c k 317.97 32 17 177 188372  1 4784324 45649 1.7 26 15 1 2 88% 5741 497 30%
c 2 317.97 32 17 177 188372  1 4784324 45649 1.7 26 15 1 2 88% 5741 497 30%
c u 318.05 32 17 177 188372  1 4784324 45598 1.7 26 15 1 2 88% 5741 497 30%
c v 318.08 32 17 177 188372  1 4784324 45315 1.7 26 15 1 2 88% 5741 497 30%
c w 318.08 32 17 177 188372  1 4784324 45315 1.7 26 15 1 2 88% 5741 497 30%
c t 318.08 32 17 177 188372  1 4784324 45315 1.7 26 15 1 2 88% 5741 497 30%
c k 318.08 32 17 177 188372  1 4784324 45315 1.7 26 15 1 2 88% 5741 497 30%
c . 322.47 32 17 178 188398  1 4839007 75502 1.7 26 15 1 2 89% 5741 497 30%
c G 322.47 32 17 178 188398  1 4839007 42676 1.7 26 15 1 2 89% 5741 497 30%
c C 322.48 32 17 178 188398  1 4839007 42676 1.7 26 15 1 2 89% 5741 497 30%
c - 322.48 32 17 178 188398  1 4839007 42676 1.7 26 15 1 2 89% 5741 497 30%
c 2 322.48 32 17 178 188398  1 4839007 42676 1.7 26 15 1 2 89% 5741 497 30%
c d 322.48 32 17 178 188398  1 4839007 42676 1.7 26 15 1 2 89% 5741 497 30%
c p 322.48 32 17 178 188398  1 4839007 42676 1.7 26 15 1 2 89% 5741 497 30%
c k 322.48 32 17 178 188398  1 4839007 42676 1.7 26 15 1 2 89% 5741 497 30%
c 2 322.48 32 17 178 188398  1 4839007 42676 1.7 26 15 1 2 89% 5741 497 30%
c u 322.54 32 17 178 188398  1 4839007 42644 1.7 26 15 1 2 89% 5741 497 30%
c 
c  seconds    reductions      conflicts         size   tier2     variables
c          MB       restarts         redundant     glue   trail      remaining
c           level          rate           size/glue  tier1 irredundant
c 
c v 322.58 32 17 178 188398  1 4839007 42425 1.7 26 15 1 2 89% 5741 497 30%
c w 322.58 32 17 178 188398  1 4839007 42423 1.7 26 15 1 2 89% 5741 497 30%
c t 322.58 32 17 178 188398  1 4839007 42423 1.7 26 15 1 2 89% 5741 497 30%
c k 322.58 32 17 178 188398  1 4839007 42423 1.7 26 15 1 2 89% 5741 497 30%
c ~ 323.52 32 16 178 188402  1 4851156 48362 1.7 26 15 1 2 89% 5741 497 30%
c W 323.88 32 16 178 188402  1 4851157 48363 1.7 26 15 1 2 89% 5741 497 30%
c . 327.30 32 17 179 188417  1 4894004 70406 1.7 25 15 1 2 88% 5741 497 30%
c G 327.30 32 17 179 188417  1 4894004 37022 1.7 25 15 1 2 88% 5741 497 30%
c C 327.30 32 17 179 188417  1 4894004 37022 1.7 25 15 1 2 88% 5741 497 30%
c - 327.30 32 17 179 188417  1 4894004 37022 1.7 25 15 1 2 88% 5741 497 30%
c 2 327.30 32 17 179 188417  1 4894004 37022 1.7 25 15 1 2 88% 5741 497 30%
c d 327.30 32 17 179 188417  1 4894004 37022 1.7 25 15 1 2 88% 5741 497 30%
c p 327.31 32 17 179 188417  1 4894004 37022 1.7 25 15 1 2 88% 5741 497 30%
c k 327.31 32 17 179 188417  1 4894004 37022 1.7 25 15 1 2 88% 5741 497 30%
c 2 327.31 32 17 179 188417  1 4894004 37022 1.7 25 15 1 2 88% 5741 497 30%
c u 327.37 32 17 179 188417  1 4894004 36982 1.7 25 15 1 2 88% 5741 497 30%
c v 327.40 32 17 179 188417  1 4894004 36825 1.7 25 15 1 2 88% 5741 497 30%
c w 327.40 32 17 179 188417  1 4894004 36825 1.7 25 15 1 2 88% 5741 497 30%
c t 327.40 32 17 179 188417  1 4894004 36825 1.7 25 15 1 2 88% 5741 497 30%
c k 327.40 32 17 179 188417  1 4894004 36825 1.7 25 15 1 2 88% 5741 497 30%
c 
c  seconds    reductions      conflicts         size   tier2     variables
c          MB       restarts         redundant     glue   trail      remaining
c           level          rate           size/glue  tier1 irredundant
c 
c . 331.78 32 16 180 188434  1 4949309 60300 1.6 24 15 1 2 88% 5741 497 30%
c G 331.78 32 16 180 188434  1 4949309 34030 1.6 24 15 1 2 88% 5741 497 30%
c C 331.78 32 16 180 188434  1 4949309 34030 1.6 24 15 1 2 88% 5741 497 30%
c - 331.78 32 16 180 188434  1 4949309 34030 1.6 24 15 1 2 88% 5741 497 30%
c 2 331.79 32 16 180 188434  1 4949309 34030 1.6 24 15 1 2 88% 5741 497 30%
c d 331.79 32 16 180 188434  1 4949309 34030 1.6 24 15 1 2 88% 5741 497 30%
c p 331.79 32 16 180 188434  1 4949309 34030 1.6 24 15 1 2 88% 5741 497 30%
c k 331.79 32 16 180 188434  1 4949309 34030 1.6 24 15 1 2 88% 5741 497 30%
c 2 331.79 32 16 180 188434  1 4949309 34030 1.6 24 15 1 2 88% 5741 497 30%
c u 331.85 32 16 180 188434  1 4949309 33981 1.6 24 15 1 2 88% 5741 497 30%
c v 331.86 32 16 180 188434  1 4949309 33710 1.6 24 15 1 2 88% 5741 497 30%
c w 331.86 32 16 180 188434  1 4949309 33710 1.6 24 15 1 2 88% 5741 497 30%
c t 331.86 32 16 180 188434  1 4949309 33710 1.6 24 15 1 2 88% 5741 497 30%
c k 331.86 32 16 180 188434  1 4949309 33710 1.6 24 15 1 2 88% 5741 497 30%
c ~ 331.93 32 16 180 188434  1 4950158 34064 1.6 24 15 1 2 88% 5741 497 30%
c I 331.93 32 16 180 188434  1 4950159 34065 1.6 24 15 1 2 88% 5741 497 30%
c . 334.58 32 16 181 188436  1 5004927 66094 1.6 23 15 1 2 87% 5741 497 30%
c G 334.58 32 16 181 188436  1 5004927 36125 1.6 23 15 1 2 87% 5741 497 30%
c C 334.59 32 16 181 188436  1 5004927 36125 1.6 23 15 1 2 87% 5741 497 30%
c - 334.59 32 16 181 188436  1 5004927 36125 1.6 23 15 1 2 87% 5741 497 30%
c 
c  seconds    reductions      conflicts         size   tier2     variables
c          MB       restarts         redundant     glue   trail      remaining
c           level          rate           size/glue  tier1 irredundant
c 
c 2 334.59 32 16 181 188436  1 5004927 36125 1.6 23 15 1 2 87% 5741 497 30%
c d 334.59 32 16 181 188436  1 5004927 36125 1.6 23 15 1 2 87% 5741 497 30%
c p 334.59 32 16 181 188436  1 5004927 36125 1.6 23 15 1 2 87% 5741 497 30%
c k 334.59 32 16 181 188436  1 5004927 36125 1.6 23 15 1 2 87% 5741 497 30%
c 2 334.59 32 16 181 188436  1 5004927 36125 1.6 23 15 1 2 87% 5741 497 30%
c u 334.62 32 16 181 188436  1 5004927 36108 1.6 23 15 1 2 87% 5741 497 30%
c v 334.63 32 16 181 188436  1 5004927 35910 1.6 23 15 1 2 87% 5741 497 30%
c w 334.64 32 16 181 188436  1 5004927 35786 1.6 23 15 1 2 87% 5741 497 30%
c x 334.66 32 16 181 188436  1 5004927 35786 1.6 23 15 1 2 87% 5741 497 30%
c t 334.66 32 16 181 188436  1 5004927 35786 1.6 23 15 1 2 87% 5741 497 30%
c k 334.66 32 16 181 188436  1 5004927 35786 1.6 23 15 1 2 87% 5741 497 30%
c 2 334.66 32 16 181 188436  1 5004927 35786 1.6 23 15 1 2 87% 5741 497 30%
c f 334.66 32 16 181 188436  1 5004927 35786 1.6 23 15 1 2 87% 5741 497 30%
c s 334.76 32 16 181 188436  1 5004927 35597 1.6 23 15 1 2 87% 5740 497 30%
c t 334.76 32 16 181 188436  1 5004927 35597 1.6 23 15 1 2 87% 5740 497 30%
c e 334.76 32 16 181 188436  1 5004927 35597 1.6 23 15 1 2 87% 5740 497 30%
c s 334.86 32 16 181 188436  1 5004927 35549 1.6 23 15 1 2 87% 5740 497 30%
c ] 334.93 32 16 181 188436  1 5006144 36244 1.6 23 15 1 2 87% 5740 497 30%
c { 334.93 32 17 181 188436  2 5006144 36244 2.2 30 14 1 2 86% 5740 497 30%
c ~ 338.62 32 17 181 191831  2 5050159 67574 2.2 30 14 1 2 87% 5740 497 30%
c 
c  seconds    reductions      conflicts         size   tier2     variables
c          MB       restarts         redundant     glue   trail      remaining
c           level          rate           size/glue  tier1 irredundant
c 
c # 338.62 32 17 181 191831  2 5050160 67575 2.2 30 14 1 2 87% 5740 497 30%
c . 339.54 32 16 182 192530  2 5060858 73903 2.2 30 14 1 2 87% 5740 497 30%
c G 339.55 32 16 182 192530  2 5060858 42061 2.2 30 14 1 2 87% 5740 497 30%
c C 339.55 32 16 182 192530  2 5060858 42061 2.2 30 14 1 2 87% 5740 497 30%
c - 339.55 32 16 182 192530  2 5060858 42061 2.2 30 14 1 2 87% 5740 497 30%
c 2 339.55 32 16 182 192530  2 5060858 42061 2.2 30 14 1 2 87% 5740 497 30%
c d 339.55 32 16 182 192530  2 5060858 42061 2.2 30 14 1 2 87% 5740 497 30%
c p 339.55 32 16 182 192530  2 5060858 42061 2.2 30 14 1 2 87% 5740 497 30%
c k 339.55 32 16 182 192530  2 5060858 42061 2.2 30 14 1 2 87% 5740 497 30%
c 2 339.55 32 16 182 192530  2 5060858 42061 2.2 30 14 1 2 87% 5740 497 30%
c u 339.62 32 16 182 192530  2 5060858 41963 2.2 30 14 1 2 87% 5740 497 30%
c v 339.65 32 16 182 192530  2 5060858 41635 2.2 30 14 1 2 87% 5740 497 30%
c w 339.67 32 16 182 192530  2 5060858 41550 2.2 30 14 1 2 87% 5740 497 30%
c t 339.67 32 16 182 192530  2 5060858 41550 2.2 30 14 1 2 87% 5740 497 30%
c k 339.67 32 16 182 192530  2 5060858 41550 2.2 30 14 1 2 87% 5740 497 30%
c 2 339.67 32 16 182 192530  2 5060858 41550 2.2 30 14 1 2 87% 5740 497 30%
c f 339.67 32 16 182 192530  2 5060858 41550 2.2 30 14 1 2 87% 5740 497 30%
c . 344.17 32 17 183 197565  2 5117099 86036 2.2 30 14 1 2 82% 5740 497 30%
c G 344.18 32 17 183 197565  2 5117099 46255 2.2 30 14 1 2 82% 5740 497 30%
c C 344.18 33 17 183 197565  2 5117099 46255 2.2 30 14 1 2 82% 5740 497 30%
c 
c  seconds    reductions      conflicts         size   tier2     variables
c          MB       restarts         redundant     glue   trail      remaining
c           level          rate           size/glue  tier1 irredundant
c 
c - 344.18 33 17 183 197565  2 5117099 46255 2.2 30 14 1 2 82% 5740 497 30%
c 2 344.18 33 17 183 197565  2 5117099 46255 2.2 30 14 1 2 82% 5740 497 30%
c d 344.18 33 17 183 197565  2 5117099 46255 2.2 30 14 1 2 82% 5740 497 30%
c p 344.19 33 17 183 197565  2 5117099 46255 2.2 30 14 1 2 82% 5740 497 30%
c k 344.19 33 17 183 197565  2 5117099 46255 2.2 30 14 1 2 82% 5740 497 30%
c 2 344.19 33 17 183 197565  2 5117099 46255 2.2 30 14 1 2 82% 5740 497 30%
c u 344.25 33 17 183 197565  2 5117099 46137 2.2 30 14 1 2 82% 5740 497 30%
c v 344.29 33 17 183 197565  2 5117099 46005 2.2 30 14 1 2 82% 5740 497 30%
c w 344.31 33 17 183 197565  2 5117099 45952 2.2 30 14 1 2 82% 5740 497 30%
c t 344.31 33 17 183 197565  2 5117099 45952 2.2 30 14 1 2 82% 5740 497 30%
c k 344.31 33 17 183 197565  2 5117099 45952 2.2 30 14 1 2 82% 5740 497 30%
c ~ 347.54 33 17 183 198599  1 5151161 74803 2.3 31 13 1 2 85% 5740 497 30%
c B 347.54 33 17 183 198599  1 5151162 74804 2.3 31 13 1 2 85% 5740 497 30%
c . 350.02 33 17 184 203020  2 5173652 91065 2.2 30 14 1 2 83% 5740 497 30%
c G 350.02 33 17 184 203020  2 5173652 48110 2.2 30 14 1 2 83% 5740 497 30%
c C 350.03 36 17 184 203020  2 5173652 48110 2.2 30 14 1 2 83% 5740 497 30%
c - 350.03 36 17 184 203020  2 5173652 48110 2.2 30 14 1 2 83% 5740 497 30%
c 2 350.03 36 17 184 203020  2 5173652 48110 2.2 30 14 1 2 83% 5740 497 30%
c d 350.03 36 17 184 203020  2 5173652 48110 2.2 30 14 1 2 83% 5740 497 30%
c p 350.03 36 17 184 203020  2 5173652 48110 2.2 30 14 1 2 83% 5740 497 30%
c 
c  seconds    reductions      conflicts         size   tier2     variables
c          MB       restarts         redundant     glue   trail      remaining
c           level          rate           size/glue  tier1 irredundant
c 
c k 350.03 36 17 184 203020  2 5173652 48110 2.2 30 14 1 2 83% 5740 497 30%
c 2 350.03 36 17 184 203020  2 5173652 48110 2.2 30 14 1 2 83% 5740 497 30%
c u 350.11 36 17 184 203020  2 5173652 48047 2.2 30 14 1 2 83% 5740 497 30%
c v 350.16 36 17 184 203020  2 5173652 47820 2.2 30 14 1 2 83% 5740 497 30%
c w 350.19 36 17 184 203020  2 5173652 47712 2.2 30 14 1 2 83% 5740 497 30%
c t 350.19 36 17 184 203020  2 5173652 47712 2.2 30 14 1 2 83% 5740 497 30%
c k 350.19 36 17 184 203020  2 5173652 47712 2.2 30 14 1 2 83% 5740 497 30%
c } 354.78 36 16 184 206148  2 5229279 86853 2.2 29 13 1 2 84% 5740 497 30%
c [ 354.78 36 16 184 206148  1 5229279 86853 1.6 23 15 1 2 87% 5740 497 30%
c . 354.89 36 16 185 206148  1 5230518 87297 1.6 23 15 1 2 87% 5740 497 30%
c G 354.90 36 16 185 206148  1 5230518 47477 1.6 23 15 1 2 87% 5740 497 30%
c C 354.90 36 16 185 206148  1 5230518 47477 1.6 23 15 1 2 87% 5740 497 30%
c - 354.90 36 16 185 206148  1 5230518 47477 1.6 23 15 1 2 87% 5740 497 30%
c 2 354.90 36 16 185 206148  1 5230518 47477 1.6 23 15 1 2 87% 5740 497 30%
c d 354.90 36 16 185 206148  1 5230518 47477 1.6 23 15 1 2 87% 5740 497 30%
c p 354.91 36 16 185 206148  1 5230518 47477 1.6 23 15 1 2 87% 5740 497 30%
c k 354.91 36 16 185 206148  1 5230518 47477 1.6 23 15 1 2 87% 5740 497 30%
c 2 354.91 36 16 185 206148  1 5230518 47477 1.6 23 15 1 2 87% 5740 497 30%
c u 354.98 36 16 185 206148  1 5230518 47422 1.6 23 15 1 2 87% 5740 497 30%
c v 355.01 36 16 185 206148  1 5230518 47184 1.6 23 15 1 2 87% 5740 497 30%
c 
c  seconds    reductions      conflicts         size   tier2     variables
c          MB       restarts         redundant     glue   trail      remaining
c           level          rate           size/glue  tier1 irredundant
c 
c w 355.01 36 16 185 206148  1 5230518 47184 1.6 23 15 1 2 87% 5740 497 30%
c t 355.01 36 16 185 206148  1 5230518 47184 1.6 23 15 1 2 87% 5740 497 30%
c k 355.01 36 16 185 206148  1 5230518 47184 1.6 23 15 1 2 87% 5740 497 30%
c ~ 356.90 36 17 185 206148  1 5253163 63508 1.6 24 15 1 2 88% 5740 497 30%
c B 356.90 36 17 185 206148  1 5253164 63509 1.6 24 15 1 2 88% 5740 497 30%
c . 360.04 36 17 186 206155  1 5287695 88304 1.7 25 15 1 2 88% 5740 497 30%
c G 360.05 36 17 186 206155  1 5287695 46886 1.7 25 15 1 2 88% 5740 497 30%
c C 360.05 36 17 186 206155  1 5287695 46886 1.7 25 15 1 2 88% 5740 497 30%
c - 360.05 36 17 186 206155  1 5287695 46886 1.7 25 15 1 2 88% 5740 497 30%
c 2 360.05 36 17 186 206155  1 5287695 46886 1.7 25 15 1 2 88% 5740 497 30%
c d 360.05 36 17 186 206155  1 5287695 46886 1.7 25 15 1 2 88% 5740 497 30%
c p 360.05 36 17 186 206155  1 5287695 46886 1.7 25 15 1 2 88% 5740 497 30%
c k 360.05 36 17 186 206155  1 5287695 46886 1.7 25 15 1 2 88% 5740 497 30%
c 2 360.05 36 17 186 206155  1 5287695 46886 1.7 25 15 1 2 88% 5740 497 30%
c u 360.13 36 17 186 206155  1 5287695 46821 1.7 25 15 1 2 88% 5740 497 30%
c v 360.17 36 17 186 206155  1 5287695 46615 1.7 25 15 1 2 88% 5740 497 30%
c w 360.18 36 17 186 206155  1 5287695 46615 1.7 25 15 1 2 88% 5740 497 30%
c t 360.18 36 17 186 206155  1 5287695 46615 1.7 25 15 1 2 88% 5740 497 30%
c k 360.18 36 17 186 206155  1 5287695 46615 1.7 25 15 1 2 88% 5740 497 30%
c . 364.48 36 18 187 206179  1 5345182 91820 1.8 27 15 1 2 87% 5740 497 30%
c 
c  seconds    reductions      conflicts         size   tier2     variables
c          MB       restarts         redundant     glue   trail      remaining
c           level          rate           size/glue  tier1 irredundant
c 
c G 364.48 36 18 187 206179  1 5345182 44316 1.8 27 15 1 2 87% 5740 497 30%
c C 364.49 36 18 187 206179  1 5345182 44316 1.8 27 15 1 2 87% 5740 497 30%
c - 364.49 36 18 187 206179  1 5345182 44316 1.8 27 15 1 2 87% 5740 497 30%
c 2 364.49 36 18 187 206179  1 5345182 44316 1.8 27 15 1 2 87% 5740 497 30%
c d 364.49 36 18 187 206179  1 5345182 44316 1.8 27 15 1 2 87% 5740 497 30%
c p 364.49 36 18 187 206179  1 5345182 44316 1.8 27 15 1 2 87% 5740 497 30%
c k 364.49 36 18 187 206179  1 5345182 44316 1.8 27 15 1 2 87% 5740 497 30%
c 2 364.49 36 18 187 206179  1 5345182 44316 1.8 27 15 1 2 87% 5740 497 30%
c = 364.67 36 18 187 206179  1 5345182 44316 1.8 27 15 1 2 87% 5740 497 30%
c u 364.73 36 18 187 206179  1 5345182 44262 1.8 27 15 1 2 87% 5740 497 30%
c v 364.77 36 18 187 206179  1 5345182 43926 1.8 27 15 1 2 87% 5740 497 30%
c w 364.77 36 18 187 206179  1 5345182 43926 1.8 27 15 1 2 87% 5740 497 30%
c t 364.77 36 18 187 206179  1 5345182 43926 1.8 27 15 1 2 87% 5740 497 30%
c k 364.77 36 18 187 206179  1 5345182 43926 1.8 27 15 1 2 87% 5740 497 30%
c ~ 365.45 36 18 187 206179  1 5356164 51105 1.8 27 15 1 2 86% 5740 497 30%
c W 366.81 36 18 187 206179  1 5356165 51106 1.8 27 15 1 2 86% 5740 497 30%
c . 370.11 36 17 188 206201  1 5402982 77454 1.7 26 15 1 2 86% 5740 497 30%
c G 370.12 36 17 188 206201  1 5402982 40401 1.7 26 15 1 2 86% 5740 497 30%
c C 370.12 36 17 188 206201  1 5402982 40401 1.7 26 15 1 2 86% 5740 497 30%
c - 370.12 36 17 188 206201  1 5402982 40401 1.7 26 15 1 2 86% 5740 497 30%
c 
c  seconds    reductions      conflicts         size   tier2     variables
c          MB       restarts         redundant     glue   trail      remaining
c           level          rate           size/glue  tier1 irredundant
c 
c 2 370.12 36 17 188 206201  1 5402982 40401 1.7 26 15 1 2 86% 5740 497 30%
c d 370.12 36 17 188 206201  1 5402982 40401 1.7 26 15 1 2 86% 5740 497 30%
c p 370.13 36 17 188 206201  1 5402982 40401 1.7 26 15 1 2 86% 5740 497 30%
c k 370.13 36 17 188 206201  1 5402982 40401 1.7 26 15 1 2 86% 5740 497 30%
c 2 370.13 36 17 188 206201  1 5402982 40401 1.7 26 15 1 2 86% 5740 497 30%
c u 370.19 36 17 188 206201  1 5402982 40365 1.7 26 15 1 2 86% 5740 497 30%
c v 370.22 36 17 188 206201  1 5402982 40100 1.7 26 15 1 2 86% 5740 497 30%
c w 370.22 36 17 188 206201  1 5402982 40100 1.7 26 15 1 2 86% 5740 497 30%
c t 370.22 36 17 188 206201  1 5402982 40100 1.7 26 15 1 2 86% 5740 497 30%
c k 370.22 36 17 188 206201  1 5402982 40100 1.7 26 15 1 2 86% 5740 497 30%
c ~ 373.95 36 17 188 206211  1 5460165 75710 1.7 25 15 1 2 86% 5740 497 30%
c O 373.95 36 17 188 206211  1 5460166 75711 1.7 25 15 1 2 86% 5740 497 30%
c . 374.00 36 17 189 206211  1 5461093 76480 1.7 25 15 1 2 86% 5740 497 30%
c G 374.01 36 17 189 206211  1 5461093 40527 1.7 25 15 1 2 86% 5740 497 30%
c C 374.01 36 17 189 206211  1 5461093 40527 1.7 25 15 1 2 86% 5740 497 30%
c - 374.01 36 17 189 206211  1 5461093 40527 1.7 25 15 1 2 86% 5740 497 30%
c 2 374.01 36 17 189 206211  1 5461093 40527 1.7 25 15 1 2 86% 5740 497 30%
c d 374.01 36 17 189 206211  1 5461093 40527 1.7 25 15 1 2 86% 5740 497 30%
c p 374.01 36 17 189 206211  1 5461093 40527 1.7 25 15 1 2 86% 5740 497 30%
c k 374.01 36 17 189 206211  1 5461093 40527 1.7 25 15 1 2 86% 5740 497 30%
c 
c  seconds    reductions      conflicts         size   tier2     variables
c          MB       restarts         redundant     glue   trail      remaining
c           level          rate           size/glue  tier1 irredundant
c 
c 2 374.01 36 17 189 206211  1 5461093 40527 1.7 25 15 1 2 86% 5740 497 30%
c u 374.07 36 17 189 206211  1 5461093 40503 1.7 25 15 1 2 86% 5740 497 30%
c v 374.10 36 17 189 206211  1 5461093 40112 1.7 25 15 1 2 86% 5740 497 30%
c w 374.10 36 17 189 206211  1 5461093 40112 1.7 25 15 1 2 86% 5740 497 30%
c t 374.10 36 17 189 206211  1 5461093 40112 1.7 25 15 1 2 86% 5740 497 30%
c k 374.10 36 17 189 206211  1 5461093 40112 1.7 25 15 1 2 86% 5740 497 30%
c ] 374.85 36 17 189 206211  1 5473105 47322 1.7 25 15 1 2 86% 5740 497 30%
c { 374.85 36 16 189 206211  2 5473105 47322 2.2 29 13 1 2 84% 5740 497 30%
c . 379.60 36 17 190 211650  2 5519516 81781 2.1 29 14 1 2 87% 5740 497 30%
c G 379.61 36 17 190 211650  2 5519516 45669 2.1 29 14 1 2 87% 5740 497 30%
c C 379.61 36 17 190 211650  2 5519516 45669 2.1 29 14 1 2 87% 5740 497 30%
c - 379.61 36 17 190 211650  2 5519516 45669 2.1 29 14 1 2 87% 5740 497 30%
c 2 379.62 36 17 190 211650  2 5519516 45669 2.1 29 14 1 2 87% 5740 497 30%
c d 379.62 36 17 190 211650  2 5519516 45669 2.1 29 14 1 2 87% 5740 497 30%
c p 379.62 36 17 190 211650  2 5519516 45669 2.1 29 14 1 2 87% 5740 497 30%
c k 379.62 36 17 190 211650  2 5519516 45669 2.1 29 14 1 2 87% 5740 497 30%
c 2 379.62 36 17 190 211650  2 5519516 45669 2.1 29 14 1 2 87% 5740 497 30%
c u 379.70 36 17 190 211650  2 5519516 45526 2.1 29 14 1 2 87% 5740 497 30%
c v 379.74 36 17 190 211650  2 5519516 45113 2.1 29 14 1 2 87% 5740 497 30%
c w 379.76 36 17 190 211650  2 5519516 45034 2.1 29 14 1 2 87% 5740 497 30%
c 
c  seconds    reductions      conflicts         size   tier2     variables
c          MB       restarts         redundant     glue   trail      remaining
c           level          rate           size/glue  tier1 irredundant
c 
c t 379.76 36 17 190 211650  2 5519516 45034 2.1 29 14 1 2 87% 5740 497 30%
c k 379.76 36 17 190 211650  2 5519516 45034 2.1 29 14 1 2 87% 5740 497 30%
c ~ 382.63 36 17 190 213561  1 5565166 84825 2.1 27 13 1 2 76% 5740 497 30%
c W 383.28 36 17 190 213561  1 5565167 84826 2.1 27 13 1 2 76% 5740 497 30%
c . 384.95 36 17 191 216167  2 5578250 94840 2.1 27 13 1 2 78% 5740 497 30%
c G 384.95 36 17 191 216167  2 5578250 50551 2.1 27 13 1 2 78% 5740 497 30%
c C 384.96 36 17 191 216167  2 5578250 50551 2.1 27 13 1 2 78% 5740 497 30%
c - 384.96 36 17 191 216167  2 5578250 50551 2.1 27 13 1 2 78% 5740 497 30%
c 2 384.96 36 17 191 216167  2 5578250 50551 2.1 27 13 1 2 78% 5740 497 30%
c d 384.96 36 17 191 216167  2 5578250 50551 2.1 27 13 1 2 78% 5740 497 30%
c p 384.96 36 17 191 216167  2 5578250 50551 2.1 27 13 1 2 78% 5740 497 30%
c k 384.96 36 17 191 216167  2 5578250 50551 2.1 27 13 1 2 78% 5740 497 30%
c 2 384.96 36 17 191 216167  2 5578250 50551 2.1 27 13 1 2 78% 5740 497 30%
c u 385.03 36 17 191 216167  2 5578250 50442 2.1 27 13 1 2 78% 5740 497 30%
c v 385.06 36 17 191 216167  2 5578250 50141 2.1 27 13 1 2 78% 5740 497 30%
c w 385.06 36 17 191 216167  2 5578250 50141 2.1 27 13 1 2 78% 5740 497 30%
c t 385.06 36 17 191 216167  2 5578250 50141 2.1 27 13 1 2 78% 5740 497 30%
c k 385.06 36 17 191 216167  2 5578250 50141 2.1 27 13 1 2 78% 5740 497 30%
c . 390.80 36 17 192 222915  2 5637295 94298 2.0 28 14 1 2 79% 5740 497 30%
c G 390.80 36 17 192 222915  2 5637295 51089 2.0 28 14 1 2 79% 5740 497 30%
c 
c  seconds    reductions      conflicts         size   tier2     variables
c          MB       restarts         redundant     glue   trail      remaining
c           level          rate           size/glue  tier1 irredundant
c 
c C 390.81 36 17 192 222915  2 5637295 51089 2.0 28 14 1 2 79% 5740 497 30%
c - 390.81 36 17 192 222915  2 5637295 51089 2.0 28 14 1 2 79% 5740 497 30%
c 2 390.81 36 17 192 222915  2 5637295 51089 2.0 28 14 1 2 79% 5740 497 30%
c d 390.81 36 17 192 222915  2 5637295 51089 2.0 28 14 1 2 79% 5740 497 30%
c p 390.81 36 17 192 222915  2 5637295 51089 2.0 28 14 1 2 79% 5740 497 30%
c k 390.81 36 17 192 222915  2 5637295 51089 2.0 28 14 1 2 79% 5740 497 30%
c 2 390.81 36 17 192 222915  2 5637295 51089 2.0 28 14 1 2 79% 5740 497 30%
c u 390.89 36 17 192 222915  2 5637295 51012 2.0 28 14 1 2 79% 5740 497 30%
c v 390.94 36 17 192 222915  2 5637295 50626 2.0 28 14 1 2 79% 5740 497 30%
c w 390.94 36 17 192 222915  2 5637295 50626 2.0 28 14 1 2 79% 5740 497 30%
c t 390.94 36 17 192 222915  2 5637295 50626 2.0 28 14 1 2 79% 5740 497 30%
c k 390.94 36 17 192 222915  2 5637295 50626 2.0 28 14 1 2 79% 5740 497 30%
c ~ 393.86 36 17 192 225546  2 5671168 79751 2.1 28 13 1 2 79% 5740 497 30%
c F 393.86 36 17 192 225546  2 5671169 79752 2.1 28 13 1 2 79% 5740 497 30%
c . 396.37 36 17 193 227458  2 5696652 100623 2.1 28 13 1 2 79% 5740 497 30%
c G 396.37 36 17 193 227458  2 5696652 53203 2.1 28 13 1 2 79% 5740 497 30%
c C 396.38 36 17 193 227458  2 5696652 53203 2.1 28 13 1 2 79% 5740 497 30%
c - 396.38 36 17 193 227458  2 5696652 53203 2.1 28 13 1 2 79% 5740 497 30%
c 2 396.38 36 17 193 227458  2 5696652 53203 2.1 28 13 1 2 79% 5740 497 30%
c d 396.38 36 17 193 227458  2 5696652 53203 2.1 28 13 1 2 79% 5740 497 30%
c 
c  seconds    reductions      conflicts         size   tier2     variables
c          MB       restarts         redundant     glue   trail      remaining
c           level          rate           size/glue  tier1 irredundant
c 
c p 396.38 36 17 193 227458  2 5696652 53203 2.1 28 13 1 2 79% 5740 497 30%
c k 396.38 36 17 193 227458  2 5696652 53203 2.1 28 13 1 2 79% 5740 497 30%
c 2 396.38 36 17 193 227458  2 5696652 53203 2.1 28 13 1 2 79% 5740 497 30%
c u 396.46 36 17 193 227458  2 5696652 53134 2.1 28 13 1 2 79% 5740 497 30%
c v 396.50 36 17 193 227458  2 5696652 52817 2.1 28 13 1 2 79% 5740 497 30%
c w 396.50 36 17 193 227458  2 5696652 52817 2.1 28 13 1 2 79% 5740 497 30%
c t 396.50 36 17 193 227458  2 5696652 52817 2.1 28 13 1 2 79% 5740 497 30%
c k 396.50 36 17 193 227458  2 5696652 52817 2.1 28 13 1 2 79% 5740 497 30%
c } 396.78 36 17 193 227814  2 5700064 55476 2.1 28 13 1 2 79% 5740 497 30%
c [ 396.78 36 17 193 227814  1 5700064 55476 1.7 25 15 1 2 86% 5740 497 30%
c . 401.25 36 17 194 227843  1 5756321 97293 1.9 27 15 1 2 88% 5740 497 30%
c G 401.26 36 17 194 227843  1 5756321 51839 1.9 27 15 1 2 88% 5740 497 30%
c C 401.26 36 17 194 227843  1 5756321 51839 1.9 27 15 1 2 88% 5740 497 30%
c - 401.26 36 17 194 227843  1 5756321 51839 1.9 27 15 1 2 88% 5740 497 30%
c 2 401.26 36 17 194 227843  1 5756321 51839 1.9 27 15 1 2 88% 5740 497 30%
c d 401.26 36 17 194 227843  1 5756321 51839 1.9 27 15 1 2 88% 5740 497 30%
c p 401.27 36 17 194 227843  1 5756321 51839 1.9 27 15 1 2 88% 5740 497 30%
c c 401.27 36 17 194 227843  1 5756321 51839 1.9 27 15 1 2 88% 5740 497 30%
c k 401.27 36 17 194 227843  1 5756321 51839 1.9 27 15 1 2 88% 5740 497 30%
c 2 401.27 36 17 194 227843  1 5756321 51839 1.9 27 15 1 2 88% 5740 497 30%
c 
c  seconds    reductions      conflicts         size   tier2     variables
c          MB       restarts         redundant     glue   trail      remaining
c           level          rate           size/glue  tier1 irredundant
c 
c u 401.34 36 17 194 227843  1 5756321 51797 1.9 27 15 1 2 88% 5740 497 30%
c v 401.38 36 17 194 227843  1 5756321 51591 1.9 27 15 1 2 88% 5740 497 30%
c w 401.38 36 17 194 227843  1 5756321 51591 1.9 27 15 1 2 88% 5740 497 30%
c t 401.38 36 17 194 227843  1 5756321 51591 1.9 27 15 1 2 88% 5740 497 30%
c k 401.38 36 17 194 227843  1 5756321 51591 1.9 27 15 1 2 88% 5740 497 30%
c ~ 402.55 36 17 194 227845  1 5778169 65318 1.9 28 15 1 2 88% 5740 497 30%
c B 402.55 36 17 194 227845  1 5778170 65319 1.9 28 15 1 2 88% 5740 497 30%
c . 405.44 36 17 195 227860  1 5816302 87344 1.8 27 15 1 2 89% 5740 497 30%
c G 405.44 36 17 195 227860  1 5816302 46262 1.8 27 15 1 2 89% 5740 497 30%
c C 405.45 36 17 195 227860  1 5816302 46262 1.8 27 15 1 2 89% 5740 497 30%
c - 405.45 36 17 195 227860  1 5816302 46262 1.8 27 15 1 2 89% 5740 497 30%
c 2 405.45 36 17 195 227860  1 5816302 46262 1.8 27 15 1 2 89% 5740 497 30%
c d 405.45 36 17 195 227860  1 5816302 46262 1.8 27 15 1 2 89% 5740 497 30%
c p 405.45 36 17 195 227860  1 5816302 46262 1.8 27 15 1 2 89% 5740 497 30%
c k 405.45 36 17 195 227860  1 5816302 46262 1.8 27 15 1 2 89% 5740 497 30%
c 2 405.45 36 17 195 227860  1 5816302 46262 1.8 27 15 1 2 89% 5740 497 30%
c u 405.52 36 17 195 227860  1 5816302 46223 1.8 27 15 1 2 89% 5740 497 30%
c v 405.55 36 17 195 227860  1 5816302 45997 1.8 27 15 1 2 89% 5740 497 30%
c w 405.55 36 17 195 227860  1 5816302 45997 1.8 27 15 1 2 89% 5740 497 30%
c t 405.55 36 17 195 227860  1 5816302 45997 1.8 27 15 1 2 89% 5740 497 30%
c 
c  seconds    reductions      conflicts         size   tier2     variables
c          MB       restarts         redundant     glue   trail      remaining
c           level          rate           size/glue  tier1 irredundant
c 
c k 405.55 36 17 195 227860  1 5816302 45997 1.8 27 15 1 2 89% 5740 497 30%
c . 409.54 36 17 196 227877  1 5876594 78759 1.7 25 15 1 2 89% 5740 497 30%
c G 409.54 36 17 196 227877  1 5876594 42255 1.7 25 15 1 2 89% 5740 497 30%
c C 409.55 36 17 196 227877  1 5876594 42255 1.7 25 15 1 2 89% 5740 497 30%
c - 409.55 36 17 196 227877  1 5876594 42255 1.7 25 15 1 2 89% 5740 497 30%
c 2 409.55 36 17 196 227877  1 5876594 42255 1.7 25 15 1 2 89% 5740 497 30%
c d 409.55 36 17 196 227877  1 5876594 42255 1.7 25 15 1 2 89% 5740 497 30%
c p 409.55 36 17 196 227877  1 5876594 42255 1.7 25 15 1 2 89% 5740 497 30%
c k 409.55 36 17 196 227877  1 5876594 42255 1.7 25 15 1 2 89% 5740 497 30%
c 2 409.55 36 17 196 227877  1 5876594 42255 1.7 25 15 1 2 89% 5740 497 30%
c u 409.59 36 17 196 227877  1 5876594 42217 1.7 25 15 1 2 89% 5740 497 30%
c v 409.61 36 17 196 227877  1 5876594 41995 1.7 25 15 1 2 89% 5740 497 30%
c w 409.61 36 17 196 227877  1 5876594 41995 1.7 25 15 1 2 89% 5740 497 30%
c x 409.64 36 17 196 227877  1 5876594 41994 1.7 25 15 1 2 89% 5739 497 30%
c t 409.64 36 17 196 227877  1 5876594 41994 1.7 25 15 1 2 89% 5739 497 30%
c k 409.64 36 17 196 227877  1 5876594 41994 1.7 25 15 1 2 89% 5739 497 30%
c 2 409.64 36 17 196 227877  1 5876594 41994 1.7 25 15 1 2 89% 5739 497 30%
c f 409.64 36 17 196 227877  1 5876594 41994 1.7 25 15 1 2 89% 5739 497 30%
c s 409.77 36 17 196 227877  1 5876594 41653 1.7 25 15 1 2 89% 5739 497 30%
c t 409.77 36 17 196 227877  1 5876594 41653 1.7 25 15 1 2 89% 5739 497 30%
c 
c  seconds    reductions      conflicts         size   tier2     variables
c          MB       restarts         redundant     glue   trail      remaining
c           level          rate           size/glue  tier1 irredundant
c 
c e 409.77 36 17 196 227877  1 5876594 41653 1.7 25 15 1 2 89% 5739 497 30%
c s 409.89 36 17 196 227877  1 5876594 41561 1.7 25 15 1 2 89% 5739 497 30%
c e 409.89 36 17 196 227877  1 5876594 41561 1.7 25 15 1 2 89% 5739 497 30%
c ~ 410.42 36 17 196 227877  1 5886170 47570 1.7 25 15 1 2 89% 5739 497 30%
c W 411.29 36 17 196 227877  1 5886171 47571 1.7 25 15 1 2 89% 5739 497 30%
c . 414.32 36 16 197 227878  1 5937199 78027 1.7 25 15 1 2 89% 5739 497 30%
c G 414.32 36 16 197 227878  1 5937199 41533 1.7 25 15 1 2 89% 5739 497 30%
c C 414.33 36 16 197 227878  1 5937199 41533 1.7 25 15 1 2 89% 5739 497 30%
c - 414.33 36 16 197 227878  1 5937199 41533 1.7 25 15 1 2 89% 5739 497 30%
c 2 414.33 36 16 197 227878  1 5937199 41533 1.7 25 15 1 2 89% 5739 497 30%
c d 414.33 36 16 197 227878  1 5937199 41533 1.7 25 15 1 2 89% 5739 497 30%
c p 414.33 36 16 197 227878  1 5937199 41533 1.7 25 15 1 2 89% 5739 497 30%
c k 414.33 36 16 197 227878  1 5937199 41533 1.7 25 15 1 2 89% 5739 497 30%
c 2 414.33 36 16 197 227878  1 5937199 41533 1.7 25 15 1 2 89% 5739 497 30%
c u 414.38 36 16 197 227878  1 5937199 41487 1.7 25 15 1 2 89% 5739 497 30%
c v 414.41 36 16 197 227878  1 5937199 41126 1.7 25 15 1 2 89% 5739 497 30%
c w 414.41 36 16 197 227878  1 5937199 41126 1.7 25 15 1 2 89% 5739 497 30%
c t 414.41 36 16 197 227878  1 5937199 41126 1.7 25 15 1 2 89% 5739 497 30%
c k 414.41 36 16 197 227878  1 5937199 41126 1.7 25 15 1 2 89% 5739 497 30%
c ~ 417.51 36 16 197 227879  1 5995171 74542 1.6 24 14 1 2 89% 5739 497 30%
c 
c  seconds    reductions      conflicts         size   tier2     variables
c          MB       restarts         redundant     glue   trail      remaining
c           level          rate           size/glue  tier1 irredundant
c 
c I 417.51 36 16 197 227879  1 5995172 74543 1.6 24 14 1 2 89% 5739 497 30%
c ] 417.64 36 16 197 227879  1 5997956 76409 1.6 24 14 1 2 89% 5739 497 30%
c { 417.64 36 17 197 227879  2 5997956 76409 2.1 28 13 1 2 79% 5739 497 30%
c . 417.66 36 17 198 227920  2 5998115 76540 2.1 28 13 1 2 79% 5739 497 30%
c G 417.66 36 17 198 227920  2 5998115 40931 2.1 28 13 1 2 79% 5739 497 30%
c C 417.67 36 17 198 227920  2 5998115 40931 2.1 28 13 1 2 79% 5739 497 30%
c - 417.67 36 17 198 227920  2 5998115 40931 2.1 28 13 1 2 79% 5739 497 30%
c 2 417.67 36 17 198 227920  2 5998115 40931 2.1 28 13 1 2 79% 5739 497 30%
c d 417.67 36 17 198 227920  2 5998115 40931 2.1 28 13 1 2 79% 5739 497 30%
c p 417.67 36 17 198 227920  2 5998115 40931 2.1 28 13 1 2 79% 5739 497 30%
c k 417.67 36 17 198 227920  2 5998115 40931 2.1 28 13 1 2 79% 5739 497 30%
c 2 417.67 36 17 198 227920  2 5998115 40931 2.1 28 13 1 2 79% 5739 497 30%
c u 417.72 36 17 198 227920  2 5998115 40900 2.1 28 13 1 2 79% 5739 497 30%
c v 417.75 36 17 198 227920  2 5998115 40491 2.1 28 13 1 2 79% 5739 497 30%
c w 417.75 36 17 198 227920  2 5998115 40491 2.1 28 13 1 2 79% 5739 497 30%
c t 417.75 36 17 198 227920  2 5998115 40491 2.1 28 13 1 2 79% 5739 497 30%
c k 417.75 36 17 198 227920  2 5998115 40491 2.1 28 13 1 2 79% 5739 497 30%
c . 423.20 36 17 199 233110  2 6059344 85988 2.1 29 14 1 2 81% 5739 497 30%
c G 423.20 36 17 199 233110  2 6059344 48546 2.1 29 14 1 2 81% 5739 497 30%
c C 423.21 36 17 199 233110  2 6059344 48546 2.1 29 14 1 2 81% 5739 497 30%
c 
c  seconds    reductions      conflicts         size   tier2     variables
c          MB       restarts         redundant     glue   trail      remaining
c           level          rate           size/glue  tier1 irredundant
c 
c - 423.21 36 17 199 233110  2 6059344 48546 2.1 29 14 1 2 81% 5739 497 30%
c 2 423.21 36 17 199 233110  2 6059344 48546 2.1 29 14 1 2 81% 5739 497 30%
c d 423.21 36 17 199 233110  2 6059344 48546 2.1 29 14 1 2 81% 5739 497 30%
c p 423.21 36 17 199 233110  2 6059344 48546 2.1 29 14 1 2 81% 5739 497 30%
c k 423.21 36 17 199 233110  2 6059344 48546 2.1 29 14 1 2 81% 5739 497 30%
c 2 423.21 36 17 199 233110  2 6059344 48546 2.1 29 14 1 2 81% 5739 497 30%
c u 423.29 36 17 199 233110  2 6059344 48463 2.1 29 14 1 2 81% 5739 497 30%
c v 423.33 36 17 199 233110  2 6059344 48184 2.1 29 14 1 2 81% 5739 497 30%
c w 423.36 36 17 199 233110  2 6059344 48131 2.1 29 14 1 2 81% 5739 497 30%
c t 423.36 36 17 199 233110  2 6059344 48131 2.1 29 14 1 2 81% 5739 497 30%
c k 423.36 36 17 199 233110  2 6059344 48131 2.1 29 14 1 2 81% 5739 497 30%
c ~ 428.27 36 17 199 234882  1 6105173 86762 2.4 31 13 1 2 85% 5739 497 30%
c B 428.28 36 17 199 234882  1 6105174 86763 2.4 31 13 1 2 85% 5739 497 30%
c . 430.41 36 17 200 237965  2 6120884 99286 2.3 31 13 1 2 86% 5739 497 30%
c G 430.41 36 17 200 237965  2 6120884 53455 2.3 31 13 1 2 86% 5739 497 30%
c C 430.42 38 17 200 237965  2 6120884 53455 2.3 31 13 1 2 86% 5739 497 30%
c - 430.42 38 17 200 237965  2 6120884 53455 2.3 31 13 1 2 86% 5739 497 30%
c 2 430.42 38 17 200 237965  2 6120884 53455 2.3 31 13 1 2 86% 5739 497 30%
c d 430.42 38 17 200 237965  2 6120884 53455 2.3 31 13 1 2 86% 5739 497 30%
c p 430.42 38 17 200 237965  2 6120884 53455 2.3 31 13 1 2 86% 5739 497 30%
c 
c  seconds    reductions      conflicts         size   tier2     variables
c          MB       restarts         redundant     glue   trail      remaining
c           level          rate           size/glue  tier1 irredundant
c 
c k 430.42 38 17 200 237965  2 6120884 53455 2.3 31 13 1 2 86% 5739 497 30%
c 2 430.42 38 17 200 237965  2 6120884 53455 2.3 31 13 1 2 86% 5739 497 30%
c u 430.52 38 17 200 237965  2 6120884 53318 2.3 31 13 1 2 86% 5739 497 30%
c v 430.58 38 17 200 237965  2 6120884 53097 2.3 31 13 1 2 86% 5739 497 30%
c w 430.62 38 17 200 237965  2 6120884 53085 2.3 31 13 1 2 86% 5739 497 30%
c t 430.62 38 17 200 237965  2 6120884 53085 2.3 31 13 1 2 86% 5739 497 30%
c k 430.62 38 17 200 237965  2 6120884 53085 2.3 31 13 1 2 86% 5739 497 30%
c . 435.65 38 17 201 243505  2 6182736 101934 2.2 29 13 1 2 78% 5739 497 30%
c G 435.65 38 17 201 243505  2 6182736 54462 2.2 29 13 1 2 78% 5739 497 30%
c C 435.66 38 17 201 243505  2 6182736 54462 2.2 29 13 1 2 78% 5739 497 30%
c - 435.66 38 17 201 243505  2 6182736 54462 2.2 29 13 1 2 78% 5739 497 30%
c 2 435.66 38 17 201 243505  2 6182736 54462 2.2 29 13 1 2 78% 5739 497 30%
c d 435.66 38 17 201 243505  2 6182736 54462 2.2 29 13 1 2 78% 5739 497 30%
c p 435.66 38 17 201 243505  2 6182736 54462 2.2 29 13 1 2 78% 5739 497 30%
c k 435.66 38 17 201 243505  2 6182736 54462 2.2 29 13 1 2 78% 5739 497 30%
c 2 435.66 38 17 201 243505  2 6182736 54462 2.2 29 13 1 2 78% 5739 497 30%
c u 435.74 38 17 201 243505  2 6182736 54425 2.2 29 13 1 2 78% 5739 497 30%
c v 435.78 38 17 201 243505  2 6182736 54280 2.2 29 13 1 2 78% 5739 497 30%
c w 435.80 38 17 201 243505  2 6182736 54203 2.2 29 13 1 2 78% 5739 497 30%
c t 435.80 38 17 201 243505  2 6182736 54203 2.2 29 13 1 2 78% 5739 497 30%
c 
c  seconds    reductions      conflicts         size   tier2     variables
c          MB       restarts         redundant     glue   trail      remaining
c           level          rate           size/glue  tier1 irredundant
c 
c k 435.80 38 17 201 243505  2 6182736 54203 2.2 29 13 1 2 78% 5739 497 30%
c ~ 439.16 38 17 201 247296  2 6216175 79204 2.2 29 14 1 2 81% 5739 497 30%
c W 440.32 38 17 201 247296  2 6216176 79205 2.2 29 14 1 2 81% 5739 497 30%
c } 441.81 38 17 201 249257  2 6231021 90947 2.1 29 14 1 2 81% 5739 497 30%
c [ 441.81 38 16 201 249257  1 6231021 90947 1.6 24 14 1 2 89% 5739 497 30%
c . 443.25 38 17 202 249257  1 6244899 103740 1.8 25 14 1 2 89% 5739 497 30%
c G 443.25 38 17 202 249257  1 6244899 55240 1.8 25 14 1 2 89% 5739 497 30%
c C 443.26 38 17 202 249257  1 6244899 55240 1.8 25 14 1 2 89% 5739 497 30%
c - 443.26 38 17 202 249257  1 6244899 55240 1.8 25 14 1 2 89% 5739 497 30%
c 2 443.26 38 17 202 249257  1 6244899 55240 1.8 25 14 1 2 89% 5739 497 30%
c d 443.26 38 17 202 249257  1 6244899 55240 1.8 25 14 1 2 89% 5739 497 30%
c p 443.27 38 17 202 249257  1 6244899 55240 1.8 25 14 1 2 89% 5739 497 30%
c k 443.27 38 17 202 249257  1 6244899 55240 1.8 25 14 1 2 89% 5739 497 30%
c 2 443.27 38 17 202 249257  1 6244899 55240 1.8 25 14 1 2 89% 5739 497 30%
c u 443.35 38 17 202 249257  1 6244899 55197 1.8 25 14 1 2 89% 5739 497 30%
c v 443.41 38 17 202 249257  1 6244899 55046 1.8 25 14 1 2 89% 5739 497 30%
c w 443.43 38 17 202 249257  1 6244899 54935 1.8 25 14 1 2 89% 5739 497 30%
c t 443.43 38 17 202 249257  1 6244899 54935 1.8 25 14 1 2 89% 5739 497 30%
c k 443.44 38 17 202 249257  1 6244899 54935 1.8 25 14 1 2 89% 5739 497 30%
c . 448.20 38 16 203 249257  1 6307374 89933 1.8 25 14 1 2 87% 5739 497 30%
c 
c  seconds    reductions      conflicts         size   tier2     variables
c          MB       restarts         redundant     glue   trail      remaining
c           level          rate           size/glue  tier1 irredundant
c 
c G 448.20 38 16 203 249257  1 6307374 51190 1.8 25 14 1 2 87% 5739 497 30%
c C 448.21 38 16 203 249257  1 6307374 51190 1.8 25 14 1 2 87% 5739 497 30%
c - 448.21 38 16 203 249257  1 6307374 51190 1.8 25 14 1 2 87% 5739 497 30%
c 2 448.21 38 16 203 249257  1 6307374 51190 1.8 25 14 1 2 87% 5739 497 30%
c d 448.21 38 16 203 249257  1 6307374 51190 1.8 25 14 1 2 87% 5739 497 30%
c p 448.21 38 16 203 249257  1 6307374 51190 1.8 25 14 1 2 87% 5739 497 30%
c k 448.21 38 16 203 249257  1 6307374 51190 1.8 25 14 1 2 87% 5739 497 30%
c 2 448.21 38 16 203 249257  1 6307374 51190 1.8 25 14 1 2 87% 5739 497 30%
c u 448.29 38 16 203 249257  1 6307374 51163 1.8 25 14 1 2 87% 5739 497 30%
c v 448.32 38 16 203 249257  1 6307374 50856 1.8 25 14 1 2 87% 5739 497 30%
c w 448.33 38 16 203 249257  1 6307374 50856 1.8 25 14 1 2 87% 5739 497 30%
c t 448.33 38 16 203 249257  1 6307374 50856 1.8 25 14 1 2 87% 5739 497 30%
c k 448.33 38 16 203 249257  1 6307374 50856 1.8 25 14 1 2 87% 5739 497 30%
c ~ 449.83 38 16 203 249257  1 6328176 61909 1.7 25 14 1 2 86% 5739 497 30%
c B 449.83 38 16 203 249257  1 6328177 61910 1.7 25 14 1 2 86% 5739 497 30%
c . 453.36 38 16 204 249278  1 6370161 83847 1.8 25 14 1 2 87% 5739 497 30%
c G 453.37 38 16 204 249278  1 6370161 44982 1.8 25 14 1 2 87% 5739 497 30%
c C 453.38 25 16 204 249278  1 6370161 44982 1.8 25 14 1 2 87% 5739 497 30%
c - 453.38 25 16 204 249278  1 6370161 44982 1.8 25 14 1 2 87% 5739 497 30%
c 2 453.38 25 16 204 249278  1 6370161 44982 1.8 25 14 1 2 87% 5739 497 30%
c 
c  seconds    reductions      conflicts         size   tier2     variables
c          MB       restarts         redundant     glue   trail      remaining
c           level          rate           size/glue  tier1 irredundant
c 
c d 453.38 25 16 204 249278  1 6370161 44982 1.8 25 14 1 2 87% 5739 497 30%
c p 453.38 25 16 204 249278  1 6370161 44982 1.8 25 14 1 2 87% 5739 497 30%
c k 453.38 25 16 204 249278  1 6370161 44982 1.8 25 14 1 2 87% 5739 497 30%
c 2 453.38 25 16 204 249278  1 6370161 44982 1.8 25 14 1 2 87% 5739 497 30%
c u 453.45 25 16 204 249278  1 6370161 44934 1.8 25 14 1 2 87% 5739 497 30%
c v 453.49 25 16 204 249278  1 6370161 44646 1.8 25 14 1 2 87% 5739 497 30%
c w 453.49 25 16 204 249278  1 6370161 44646 1.8 25 14 1 2 87% 5739 497 30%
c t 453.49 25 16 204 249278  1 6370161 44646 1.8 25 14 1 2 87% 5739 497 30%
c k 453.49 25 16 204 249278  1 6370161 44646 1.8 25 14 1 2 87% 5739 497 30%
c . 458.43 26 16 205 249302  1 6433258 74081 1.7 24 14 1 2 87% 5739 497 30%
c G 458.43 26 16 205 249302  1 6433258 42255 1.7 24 14 1 2 87% 5739 497 30%
c C 458.44 28 16 205 249302  1 6433258 42255 1.7 24 14 1 2 87% 5739 497 30%
c - 458.44 28 16 205 249302  1 6433258 42255 1.7 24 14 1 2 87% 5739 497 30%
c 2 458.44 28 16 205 249302  1 6433258 42255 1.7 24 14 1 2 87% 5739 497 30%
c d 458.44 28 16 205 249302  1 6433258 42255 1.7 24 14 1 2 87% 5739 497 30%
c p 458.44 28 16 205 249302  1 6433258 42255 1.7 24 14 1 2 87% 5739 497 30%
c k 458.44 28 16 205 249302  1 6433258 42255 1.7 24 14 1 2 87% 5739 497 30%
c 2 458.44 28 16 205 249302  1 6433258 42255 1.7 24 14 1 2 87% 5739 497 30%
c u 458.52 28 16 205 249302  1 6433258 42203 1.7 24 14 1 2 87% 5739 497 30%
c v 458.55 28 16 205 249302  1 6433258 41838 1.7 24 14 1 2 87% 5739 497 30%
c 
c  seconds    reductions      conflicts         size   tier2     variables
c          MB       restarts         redundant     glue   trail      remaining
c           level          rate           size/glue  tier1 irredundant
c 
c w 458.55 28 16 205 249302  1 6433258 41838 1.7 24 14 1 2 87% 5739 497 30%
c t 458.55 28 16 205 249302  1 6433258 41838 1.7 24 14 1 2 87% 5739 497 30%
c k 458.55 28 16 205 249302  1 6433258 41838 1.7 24 14 1 2 87% 5739 497 30%
c ~ 459.18 28 16 205 249303  1 6441177 45828 1.7 24 14 1 2 87% 5739 497 30%
c W 459.78 28 16 205 249303  1 6441178 45829 1.7 24 14 1 2 87% 5739 497 30%
c ] 463.96 28 16 205 249319  1 6493965 70417 1.7 23 14 1 2 88% 5739 497 30%
c { 463.96 28 17 205 249319  2 6493965 70417 2.1 29 14 1 2 81% 5739 497 30%
c . 464.21 28 17 206 249562  2 6496667 72081 2.1 29 14 1 2 81% 5739 497 30%
c G 464.21 28 17 206 249562  2 6496667 42048 2.1 29 14 1 2 81% 5739 497 30%
c C 464.22 28 17 206 249562  2 6496667 42048 2.1 29 14 1 2 81% 5739 497 30%
c - 464.22 28 17 206 249562  2 6496667 42048 2.1 29 14 1 2 81% 5739 497 30%
c 2 464.22 28 17 206 249562  2 6496667 42048 2.1 29 14 1 2 81% 5739 497 30%
c d 464.22 28 17 206 249562  2 6496667 42048 2.1 29 14 1 2 81% 5739 497 30%
c p 464.22 28 17 206 249562  2 6496667 42048 2.1 29 14 1 2 81% 5739 497 30%
c k 464.22 28 17 206 249562  2 6496667 42048 2.1 29 14 1 2 81% 5739 497 30%
c 2 464.22 28 17 206 249562  2 6496667 42048 2.1 29 14 1 2 81% 5739 497 30%
c = 464.43 28 17 206 249562  2 6496667 42048 2.1 29 14 1 2 81% 5739 497 30%
c u 464.51 28 17 206 249562  2 6496667 42014 2.1 29 14 1 2 81% 5739 497 30%
c v 464.54 28 17 206 249562  2 6496667 41817 2.1 29 14 1 2 81% 5739 497 30%
c w 464.54 28 17 206 249562  2 6496667 41817 2.1 29 14 1 2 81% 5739 497 30%
c 
c  seconds    reductions      conflicts         size   tier2     variables
c          MB       restarts         redundant     glue   trail      remaining
c           level          rate           size/glue  tier1 irredundant
c 
c t 464.54 28 17 206 249562  2 6496667 41817 2.1 29 14 1 2 81% 5739 497 30%
c k 464.54 28 17 206 249562  2 6496667 41817 2.1 29 14 1 2 81% 5739 497 30%
c ~ 470.33 29 17 206 254101  2 6555179 88186 2.2 30 14 1 2 84% 5739 497 30%
c # 470.33 29 17 206 254101  2 6555180 88187 2.2 30 14 1 2 84% 5739 497 30%
c . 471.08 30 17 207 255178  2 6560388 92208 2.2 31 14 1 2 84% 5739 497 30%
c G 471.08 31 17 207 255178  2 6560388 52342 2.2 31 14 1 2 84% 5739 497 30%
c C 471.09 34 17 207 255178  2 6560388 52342 2.2 31 14 1 2 84% 5739 497 30%
c - 471.09 34 17 207 255178  2 6560388 52342 2.2 31 14 1 2 84% 5739 497 30%
c 2 471.09 34 17 207 255178  2 6560388 52342 2.2 31 14 1 2 84% 5739 497 30%
c d 471.09 34 17 207 255178  2 6560388 52342 2.2 31 14 1 2 84% 5739 497 30%
c p 471.10 34 17 207 255178  2 6560388 52342 2.2 31 14 1 2 84% 5739 497 30%
c k 471.10 34 17 207 255178  2 6560388 52342 2.2 31 14 1 2 84% 5739 497 30%
c 2 471.10 34 17 207 255178  2 6560388 52342 2.2 31 14 1 2 84% 5739 497 30%
c u 471.19 34 17 207 255178  2 6560388 52310 2.2 31 14 1 2 84% 5739 497 30%
c v 471.24 34 17 207 255178  2 6560388 52099 2.2 31 14 1 2 84% 5739 497 30%
c w 471.27 34 17 207 255178  2 6560388 52054 2.2 31 14 1 2 84% 5739 497 30%
c t 471.27 34 17 207 255178  2 6560388 52054 2.2 31 14 1 2 84% 5739 497 30%
c k 471.27 34 17 207 255178  2 6560388 52054 2.2 31 14 1 2 84% 5739 497 30%
c . 477.09 34 17 208 259037  1 6624421 99229 2.2 30 14 1 2 86% 5739 497 30%
c G 477.10 34 17 208 259037  1 6624421 54783 2.2 30 14 1 2 86% 5739 497 30%
c 
c  seconds    reductions      conflicts         size   tier2     variables
c          MB       restarts         redundant     glue   trail      remaining
c           level          rate           size/glue  tier1 irredundant
c 
c C 477.11 38 17 208 259037  1 6624421 54783 2.2 30 14 1 2 86% 5739 497 30%
c - 477.11 38 17 208 259037  1 6624421 54783 2.2 30 14 1 2 86% 5739 497 30%
c 2 477.11 38 17 208 259037  1 6624421 54783 2.2 30 14 1 2 86% 5739 497 30%
c d 477.11 38 17 208 259037  1 6624421 54783 2.2 30 14 1 2 86% 5739 497 30%
c p 477.11 38 17 208 259037  1 6624421 54783 2.2 30 14 1 2 86% 5739 497 30%
c k 477.11 38 17 208 259037  1 6624421 54783 2.2 30 14 1 2 86% 5739 497 30%
c 2 477.11 38 17 208 259037  1 6624421 54783 2.2 30 14 1 2 86% 5739 497 30%
c u 477.19 38 17 208 259037  1 6624421 54737 2.2 30 14 1 2 86% 5739 497 30%
c v 477.24 38 17 208 259037  1 6624421 54484 2.2 30 14 1 2 86% 5739 497 30%
c w 477.27 38 17 208 259037  1 6624421 54444 2.2 30 14 1 2 86% 5739 497 30%
c t 477.27 38 17 208 259037  1 6624421 54444 2.2 30 14 1 2 86% 5739 497 30%
c k 477.27 38 17 208 259037  1 6624421 54444 2.2 30 14 1 2 86% 5739 497 30%
c ~ 481.07 38 17 208 261238  1 6670180 85907 2.1 29 14 1 2 87% 5739 497 30%
c B 481.08 38 17 208 261238  1 6670181 85908 2.1 29 14 1 2 87% 5739 497 30%
c . 483.17 38 17 209 263520  2 6688765 99652 2.1 29 14 1 2 87% 5739 497 30%
c G 483.18 38 17 209 263520  2 6688765 54823 2.1 29 14 1 2 87% 5739 497 30%
c C 483.19 38 17 209 263520  2 6688765 54823 2.1 29 14 1 2 87% 5739 497 30%
c - 483.19 38 17 209 263520  2 6688765 54823 2.1 29 14 1 2 87% 5739 497 30%
c 2 483.19 38 17 209 263520  2 6688765 54823 2.1 29 14 1 2 87% 5739 497 30%
c d 483.19 38 17 209 263520  2 6688765 54823 2.1 29 14 1 2 87% 5739 497 30%
c 
c  seconds    reductions      conflicts         size   tier2     variables
c          MB       restarts         redundant     glue   trail      remaining
c           level          rate           size/glue  tier1 irredundant
c 
c p 483.19 38 17 209 263520  2 6688765 54823 2.1 29 14 1 2 87% 5739 497 30%
c k 483.19 38 17 209 263520  2 6688765 54823 2.1 29 14 1 2 87% 5739 497 30%
c 2 483.19 38 17 209 263520  2 6688765 54823 2.1 29 14 1 2 87% 5739 497 30%
c u 483.27 38 17 209 263520  2 6688765 54796 2.1 29 14 1 2 87% 5739 497 30%
c v 483.32 38 17 209 263520  2 6688765 54578 2.1 29 14 1 2 87% 5739 497 30%
c w 483.35 38 17 209 263520  2 6688765 54524 2.1 29 14 1 2 87% 5739 497 30%
c t 483.35 38 17 209 263520  2 6688765 54524 2.1 29 14 1 2 87% 5739 497 30%
c k 483.35 38 17 209 263520  2 6688765 54524 2.1 29 14 1 2 87% 5739 497 30%
c } 488.62 38 16 209 265236  1 6743670 89065 2.1 28 13 1 2 87% 5739 497 30%
c [ 488.62 38 16 209 265236  1 6743670 89065 1.7 23 14 1 2 88% 5739 497 30%
c . 489.70 38 15 210 265237  1 6753421 95652 1.7 24 14 1 2 88% 5739 497 30%
c G 489.70 38 15 210 265237  1 6753421 53903 1.7 24 14 1 2 88% 5739 497 30%
c C 489.71 38 15 210 265237  1 6753421 53903 1.7 24 14 1 2 88% 5739 497 30%
c - 489.71 38 15 210 265237  1 6753421 53903 1.7 24 14 1 2 88% 5739 497 30%
c 2 489.71 38 15 210 265237  1 6753421 53903 1.7 24 14 1 2 88% 5739 497 30%
c d 489.71 38 15 210 265237  1 6753421 53903 1.7 24 14 1 2 88% 5739 497 30%
c p 489.71 38 15 210 265237  1 6753421 53903 1.7 24 14 1 2 88% 5739 497 30%
c k 489.71 38 15 210 265237  1 6753421 53903 1.7 24 14 1 2 88% 5739 497 30%
c 2 489.71 38 15 210 265237  1 6753421 53903 1.7 24 14 1 2 88% 5739 497 30%
c u 489.80 38 15 210 265237  1 6753421 53875 1.7 24 14 1 2 88% 5739 497 30%
c 
c  seconds    reductions      conflicts         size   tier2     variables
c          MB       restarts         redundant     glue   trail      remaining
c           level          rate           size/glue  tier1 irredundant
c 
c v 489.85 38 15 210 265237  1 6753421 53604 1.7 24 14 1 2 88% 5739 497 30%
c w 489.87 38 15 210 265237  1 6753421 53414 1.7 24 14 1 2 88% 5739 497 30%
c t 489.87 38 15 210 265237  1 6753421 53414 1.7 24 14 1 2 88% 5739 497 30%
c k 489.87 38 15 210 265237  1 6753421 53414 1.7 24 14 1 2 88% 5739 497 30%
c ~ 492.79 38 16 210 265244  1 6786181 78947 1.9 27 14 1 2 89% 5739 497 30%
c O 492.79 38 16 210 265244  1 6786182 78948 1.9 27 14 1 2 89% 5739 497 30%
c . 495.93 38 16 211 265258  1 6818389 103867 2.0 28 14 1 2 89% 5739 497 30%
c G 495.94 38 16 211 265258  1 6818389 54824 2.0 28 14 1 2 89% 5739 497 30%
c C 495.95 38 16 211 265258  1 6818389 54824 2.0 28 14 1 2 89% 5739 497 30%
c - 495.95 38 16 211 265258  1 6818389 54824 2.0 28 14 1 2 89% 5739 497 30%
c 2 495.95 38 16 211 265258  1 6818389 54824 2.0 28 14 1 2 89% 5739 497 30%
c d 495.95 38 16 211 265258  1 6818389 54824 2.0 28 14 1 2 89% 5739 497 30%
c p 495.95 38 16 211 265258  1 6818389 54824 2.0 28 14 1 2 89% 5739 497 30%
c k 495.95 38 16 211 265258  1 6818389 54824 2.0 28 14 1 2 89% 5739 497 30%
c 2 495.95 38 16 211 265258  1 6818389 54824 2.0 28 14 1 2 89% 5739 497 30%
c u 496.04 38 16 211 265258  1 6818389 54803 2.0 28 14 1 2 89% 5739 497 30%
c v 496.09 38 16 211 265258  1 6818389 54548 2.0 28 14 1 2 89% 5739 497 30%
c w 496.10 38 16 211 265258  1 6818389 54441 2.0 28 14 1 2 89% 5739 497 30%
c t 496.11 38 16 211 265258  1 6818389 54441 2.0 28 14 1 2 89% 5739 497 30%
c k 496.11 38 16 211 265258  1 6818389 54441 2.0 28 14 1 2 89% 5739 497 30%
c 
c  seconds    reductions      conflicts          size   tier2     variables
c          MB       restarts         redundant      glue   trail      remaining
c           level          rate            size/glue  tier1 irredundant
c 
c . 501.93 38 16 212 265282  1 6883669 104840 2.2 31 14 1 2 89% 5739 497 30%
c G 501.94 38 16 212 265282  1 6883669 52512 2.2 31 14 1 2 89% 5739 497 30%
c C 501.95 38 16 212 265282  1 6883669 52512 2.2 31 14 1 2 89% 5739 497 30%
c - 501.95 38 16 212 265282  1 6883669 52512 2.2 31 14 1 2 89% 5739 497 30%
c 2 501.95 38 16 212 265282  1 6883669 52512 2.2 31 14 1 2 89% 5739 497 30%
c d 501.95 38 16 212 265282  1 6883669 52512 2.2 31 14 1 2 89% 5739 497 30%
c p 501.95 38 16 212 265282  1 6883669 52512 2.2 31 14 1 2 89% 5739 497 30%
c k 501.95 38 16 212 265282  1 6883669 52512 2.2 31 14 1 2 89% 5739 497 30%
c 2 501.95 38 16 212 265282  1 6883669 52512 2.2 31 14 1 2 89% 5739 497 30%
c u 502.01 38 16 212 265282  1 6883669 52496 2.2 31 14 1 2 89% 5739 497 30%
c v 502.05 38 16 212 265282  1 6883669 52281 2.2 31 14 1 2 89% 5739 497 30%
c w 502.05 38 16 212 265282  1 6883669 52281 2.2 31 14 1 2 89% 5739 497 30%
c x 502.08 38 16 212 265282  1 6883669 52281 2.2 31 14 1 2 89% 5738 497 30%
c t 502.08 38 16 212 265282  1 6883669 52281 2.2 31 14 1 2 89% 5738 497 30%
c k 502.08 38 16 212 265282  1 6883669 52281 2.2 31 14 1 2 89% 5738 497 30%
c 2 502.08 38 16 212 265282  1 6883669 52281 2.2 31 14 1 2 89% 5738 497 30%
c f 502.08 38 16 212 265282  1 6883669 52281 2.2 31 14 1 2 89% 5738 497 30%
c s 502.28 38 16 212 265282  1 6883669 52050 2.2 31 14 1 2 89% 5738 497 30%
c t 502.28 38 16 212 265282  1 6883669 52050 2.2 31 14 1 2 89% 5738 497 30%
c e 502.28 38 16 212 265282  1 6883669 52050 2.2 31 14 1 2 89% 5738 497 30%
c 
c  seconds    reductions      conflicts         size   tier2     variables
c          MB       restarts         redundant     glue   trail      remaining
c           level          rate           size/glue  tier1 irredundant
c 
c s 502.48 38 16 212 265282  1 6883669 51986 2.2 31 14 1 2 89% 5738 497 30%
c ~ 504.06 38 16 212 265290  1 6903182 64461 2.1 30 14 1 2 89% 5738 497 30%
c B 504.06 38 16 212 265290  1 6903183 64462 2.1 30 14 1 2 89% 5738 497 30%
c . 507.71 38 16 213 265300  1 6949261 88821 1.9 28 14 1 2 89% 5738 497 30%
c G 507.72 38 16 213 265300  1 6949261 49161 1.9 28 14 1 2 89% 5738 497 30%
c C 507.73 38 16 213 265300  1 6949261 49161 1.9 28 14 1 2 89% 5738 497 30%
c - 507.73 38 16 213 265300  1 6949261 49161 1.9 28 14 1 2 89% 5738 497 30%
c 2 507.73 38 16 213 265300  1 6949261 49161 1.9 28 14 1 2 89% 5738 497 30%
c d 507.73 38 16 213 265300  1 6949261 49161 1.9 28 14 1 2 89% 5738 497 30%
c p 507.73 38 16 213 265300  1 6949261 49161 1.9 28 14 1 2 89% 5738 497 30%
c k 507.73 38 16 213 265300  1 6949261 49161 1.9 28 14 1 2 89% 5738 497 30%
c 2 507.73 38 16 213 265300  1 6949261 49161 1.9 28 14 1 2 89% 5738 497 30%
c u 507.81 38 16 213 265300  1 6949261 49139 1.9 28 14 1 2 89% 5738 497 30%
c v 507.85 38 16 213 265300  1 6949261 48867 1.9 28 14 1 2 89% 5738 497 30%
c w 507.85 38 16 213 265300  1 6949261 48867 1.9 28 14 1 2 89% 5738 497 30%
c t 507.85 38 16 213 265300  1 6949261 48867 1.9 28 14 1 2 89% 5738 497 30%
c k 507.85 38 16 213 265300  1 6949261 48867 1.9 28 14 1 2 89% 5738 497 30%
c 2 507.85 38 16 213 265300  1 6949261 48867 1.9 28 14 1 2 89% 5738 497 30%
c f 507.85 38 16 213 265300  1 6949261 48867 1.9 28 14 1 2 89% 5738 497 30%
c ] 512.23 38 16 213 265301  1 7004082 77341 1.8 26 14 1 2 89% 5738 497 30%
c 
c  seconds    reductions      conflicts         size   tier2     variables
c          MB       restarts         redundant     glue   trail      remaining
c           level          rate           size/glue  tier1 irredundant
c 
c { 512.23 38 16 213 265301  1 7004082 77341 2.1 28 13 1 2 87% 5738 497 30%
c . 513.74 38 17 214 267327  1 7015166 85884 2.1 29 14 1 2 87% 5738 497 30%
c G 513.74 38 17 214 267327  1 7015166 50248 2.1 29 14 1 2 87% 5738 497 30%
c C 513.75 38 17 214 267327  1 7015166 50248 2.1 29 14 1 2 87% 5738 497 30%
c - 513.75 38 17 214 267327  1 7015166 50248 2.1 29 14 1 2 87% 5738 497 30%
c 2 513.75 38 17 214 267327  1 7015166 50248 2.1 29 14 1 2 87% 5738 497 30%
c d 513.75 38 17 214 267327  1 7015166 50248 2.1 29 14 1 2 87% 5738 497 30%
c p 513.75 38 17 214 267327  1 7015166 50248 2.1 29 14 1 2 87% 5738 497 30%
c c 513.76 38 17 214 267327  1 7015166 50248 2.1 29 14 1 2 87% 5738 497 30%
c k 513.76 38 17 214 267327  1 7015166 50248 2.1 29 14 1 2 87% 5738 497 30%
c 2 513.76 38 17 214 267327  1 7015166 50248 2.1 29 14 1 2 87% 5738 497 30%
c u 513.84 38 17 214 267327  1 7015166 50223 2.1 29 14 1 2 87% 5738 497 30%
c v 513.88 38 17 214 267327  1 7015166 49917 2.1 29 14 1 2 87% 5738 497 30%
c w 513.88 38 17 214 267327  1 7015166 49917 2.1 29 14 1 2 87% 5738 497 30%
c t 513.88 38 17 214 267327  1 7015166 49917 2.1 29 14 1 2 87% 5738 497 30%
c k 513.88 38 17 214 267327  1 7015166 49917 2.1 29 14 1 2 87% 5738 497 30%
c ~ 514.50 38 17 214 267956  1 7021183 54468 2.1 29 14 1 2 87% 5738 497 30%
c W 516.76 38 17 214 267956  1 7021184 54469 2.1 29 14 1 2 87% 5738 497 30%
c . 523.19 38 17 215 272617  2 7081383 100081 2.1 29 14 1 2 88% 5738 497 30%
c G 523.19 38 17 215 272617  2 7081383 55640 2.1 29 14 1 2 88% 5738 497 30%
c 
c  seconds    reductions      conflicts         size   tier2     variables
c          MB       restarts         redundant     glue   trail      remaining
c           level          rate           size/glue  tier1 irredundant
c 
c C 523.20 40 17 215 272617  2 7081383 55640 2.1 29 14 1 2 88% 5738 497 30%
c - 523.20 40 17 215 272617  2 7081383 55640 2.1 29 14 1 2 88% 5738 497 30%
c 2 523.20 40 17 215 272617  2 7081383 55640 2.1 29 14 1 2 88% 5738 497 30%
c d 523.20 40 17 215 272617  2 7081383 55640 2.1 29 14 1 2 88% 5738 497 30%
c p 523.21 40 17 215 272617  2 7081383 55640 2.1 29 14 1 2 88% 5738 497 30%
c k 523.21 40 17 215 272617  2 7081383 55640 2.1 29 14 1 2 88% 5738 497 30%
c 2 523.21 40 17 215 272617  2 7081383 55640 2.1 29 14 1 2 88% 5738 497 30%
c u 523.31 40 17 215 272617  2 7081383 55555 2.1 29 14 1 2 88% 5738 497 30%
c v 523.36 40 17 215 272617  2 7081383 55129 2.1 29 14 1 2 88% 5738 497 30%
c w 523.39 40 17 215 272617  2 7081383 55053 2.1 29 14 1 2 88% 5738 497 30%
c t 523.39 40 17 215 272617  2 7081383 55053 2.1 29 14 1 2 88% 5738 497 30%
c k 523.39 40 17 215 272617  2 7081383 55053 2.1 29 14 1 2 88% 5738 497 30%
c ~ 528.85 40 16 215 276160  1 7140184 97611 2.2 30 14 1 2 88% 5738 497 30%
c F 528.85 40 16 215 276160  1 7140185 97612 2.2 30 14 1 2 88% 5738 497 30%
c . 529.74 40 16 216 276950  1 7147910 102794 2.2 30 14 1 2 89% 5738 497 30%
c G 529.75 40 16 216 276950  1 7147910 56454 2.2 30 14 1 2 89% 5738 497 30%
c C 529.75 40 16 216 276950  1 7147910 56454 2.2 30 14 1 2 89% 5738 497 30%
c - 529.75 40 16 216 276950  1 7147910 56454 2.2 30 14 1 2 89% 5738 497 30%
c 2 529.75 40 16 216 276950  1 7147910 56454 2.2 30 14 1 2 89% 5738 497 30%
c d 529.75 40 16 216 276950  1 7147910 56454 2.2 30 14 1 2 89% 5738 497 30%
c 
c  seconds    reductions      conflicts         size   tier2     variables
c          MB       restarts         redundant     glue   trail      remaining
c           level          rate           size/glue  tier1 irredundant
c 
c p 529.76 40 16 216 276950  1 7147910 56454 2.2 30 14 1 2 89% 5738 497 30%
c k 529.76 40 16 216 276950  1 7147910 56454 2.2 30 14 1 2 89% 5738 497 30%
c 2 529.76 40 16 216 276950  1 7147910 56454 2.2 30 14 1 2 89% 5738 497 30%
c u 529.85 40 16 216 276950  1 7147910 56423 2.2 30 14 1 2 89% 5738 497 30%
c v 529.89 40 16 216 276950  1 7147910 56112 2.2 30 14 1 2 89% 5738 497 30%
c w 529.92 40 16 216 276950  1 7147910 56023 2.2 30 14 1 2 89% 5738 497 30%
c t 529.92 40 16 216 276950  1 7147910 56023 2.2 30 14 1 2 89% 5738 497 30%
c k 529.92 40 16 216 276950  1 7147910 56023 2.2 30 14 1 2 89% 5738 497 30%
c . 536.64 40 17 217 281660  1 7214748 106438 2.2 30 14 1 2 88% 5738 497 30%
c G 536.64 40 17 217 281660  1 7214748 58096 2.2 30 14 1 2 88% 5738 497 30%
c C 536.65 40 17 217 281660  1 7214748 58096 2.2 30 14 1 2 88% 5738 497 30%
c - 536.65 40 17 217 281660  1 7214748 58096 2.2 30 14 1 2 88% 5738 497 30%
c 2 536.65 40 17 217 281660  1 7214748 58096 2.2 30 14 1 2 88% 5738 497 30%
c d 536.65 40 17 217 281660  1 7214748 58096 2.2 30 14 1 2 88% 5738 497 30%
c p 536.65 40 17 217 281660  1 7214748 58096 2.2 30 14 1 2 88% 5738 497 30%
c k 536.65 40 17 217 281660  1 7214748 58096 2.2 30 14 1 2 88% 5738 497 30%
c 2 536.65 40 17 217 281660  1 7214748 58096 2.2 30 14 1 2 88% 5738 497 30%
c u 536.75 40 17 217 281660  1 7214748 58054 2.2 30 14 1 2 88% 5738 497 30%
c v 536.79 40 17 217 281660  1 7214748 57669 2.2 30 14 1 2 88% 5738 497 30%
c w 536.80 40 17 217 281660  1 7214748 57578 2.2 30 14 1 2 88% 5738 497 30%
c 
c  seconds    reductions      conflicts         size   tier2     variables
c          MB       restarts         redundant     glue   trail      remaining
c           level          rate           size/glue  tier1 irredundant
c 
c t 536.80 40 17 217 281660  1 7214748 57578 2.2 30 14 1 2 88% 5738 497 30%
c k 536.81 40 17 217 281660  1 7214748 57578 2.2 30 14 1 2 88% 5738 497 30%
c } 540.61 40 16 217 282898  1 7256790 80591 2.0 28 13 1 2 87% 5738 497 30%
c [ 540.61 40 16 217 282898  1 7256790 80591 1.8 26 14 1 2 89% 5738 497 30%
c ~ 540.82 40 16 217 282898  1 7260185 82680 1.8 26 14 1 2 89% 5738 497 30%
c W 541.56 40 16 217 282898  1 7260186 82681 1.8 26 14 1 2 89% 5738 497 30%
c . 543.16 40 16 218 282898  1 7281899 94271 1.8 26 14 1 2 89% 5738 497 30%
c G 543.17 40 16 218 282898  1 7281899 55046 1.8 26 14 1 2 89% 5738 497 30%
c C 543.18 40 16 218 282898  1 7281899 55046 1.8 26 14 1 2 89% 5738 497 30%
c - 543.18 40 16 218 282898  1 7281899 55046 1.8 26 14 1 2 89% 5738 497 30%
c 2 543.18 40 16 218 282898  1 7281899 55046 1.8 26 14 1 2 89% 5738 497 30%
c d 543.18 40 16 218 282898  1 7281899 55046 1.8 26 14 1 2 89% 5738 497 30%
c p 543.18 40 16 218 282898  1 7281899 55046 1.8 26 14 1 2 89% 5738 497 30%
c k 543.18 40 16 218 282898  1 7281899 55046 1.8 26 14 1 2 89% 5738 497 30%
c 2 543.18 40 16 218 282898  1 7281899 55046 1.8 26 14 1 2 89% 5738 497 30%
c u 543.26 40 16 218 282898  1 7281899 55002 1.8 26 14 1 2 89% 5738 497 30%
c v 543.30 40 16 218 282898  1 7281899 54750 1.8 26 14 1 2 89% 5738 497 30%
c w 543.30 40 16 218 282898  1 7281899 54750 1.8 26 14 1 2 89% 5738 497 30%
c t 543.30 40 16 218 282898  1 7281899 54750 1.8 26 14 1 2 89% 5738 497 30%
c k 543.30 40 16 218 282898  1 7281899 54750 1.8 26 14 1 2 89% 5738 497 30%
c 
c  seconds    reductions      conflicts         size   tier2     variables
c          MB       restarts         redundant     glue   trail      remaining
c           level          rate           size/glue  tier1 irredundant
c 
c . 548.03 40 16 219 282927  1 7349363 91333 1.7 25 14 1 2 89% 5738 497 30%
c G 548.03 40 16 219 282927  1 7349363 51303 1.7 25 14 1 2 89% 5738 497 30%
c C 548.04 40 16 219 282927  1 7349363 51303 1.7 25 14 1 2 89% 5738 497 30%
c - 548.04 40 16 219 282927  1 7349363 51303 1.7 25 14 1 2 89% 5738 497 30%
c 2 548.04 40 16 219 282927  1 7349363 51303 1.7 25 14 1 2 89% 5738 497 30%
c d 548.04 40 16 219 282927  1 7349363 51303 1.7 25 14 1 2 89% 5738 497 30%
c p 548.04 40 16 219 282927  1 7349363 51303 1.7 25 14 1 2 89% 5738 497 30%
c k 548.04 40 16 219 282927  1 7349363 51303 1.7 25 14 1 2 89% 5738 497 30%
c 2 548.04 40 16 219 282927  1 7349363 51303 1.7 25 14 1 2 89% 5738 497 30%
c u 548.12 40 16 219 282927  1 7349363 51263 1.7 25 14 1 2 89% 5738 497 30%
c v 548.16 40 16 219 282927  1 7349363 51057 1.7 25 14 1 2 89% 5738 497 30%
c w 548.16 40 16 219 282927  1 7349363 51056 1.7 25 14 1 2 89% 5738 497 30%
c t 548.16 40 16 219 282927  1 7349363 51056 1.7 25 14 1 2 89% 5738 497 30%
c k 548.16 40 16 219 282927  1 7349363 51056 1.7 25 14 1 2 89% 5738 497 30%
c ~ 549.97 40 16 219 282933  1 7381186 69466 1.7 25 14 1 2 89% 5738 497 30%
c I 549.97 40 16 219 282933  1 7381187 69467 1.7 25 14 1 2 89% 5738 497 30%
c . 552.30 40 17 220 282950  1 7417138 94271 1.7 25 15 1 2 88% 5738 497 30%
c G 552.30 40 17 220 282950  1 7417138 49510 1.7 25 15 1 2 88% 5738 497 30%
c C 552.31 29 17 220 282950  1 7417138 49510 1.7 25 15 1 2 88% 5738 497 30%
c - 552.31 29 17 220 282950  1 7417138 49510 1.7 25 15 1 2 88% 5738 497 30%
c 
c  seconds    reductions      conflicts         size   tier2     variables
c          MB       restarts         redundant     glue   trail      remaining
c           level          rate           size/glue  tier1 irredundant
c 
c 2 552.31 29 17 220 282950  1 7417138 49510 1.7 25 15 1 2 88% 5738 497 30%
c d 552.31 29 17 220 282950  1 7417138 49510 1.7 25 15 1 2 88% 5738 497 30%
c p 552.31 29 17 220 282950  1 7417138 49510 1.7 25 15 1 2 88% 5738 497 30%
c k 552.32 29 17 220 282950  1 7417138 49510 1.7 25 15 1 2 88% 5738 497 30%
c 2 552.32 29 17 220 282950  1 7417138 49510 1.7 25 15 1 2 88% 5738 497 30%
c u 552.38 29 17 220 282950  1 7417138 49486 1.7 25 15 1 2 88% 5738 497 30%
c v 552.41 29 17 220 282950  1 7417138 49266 1.7 25 15 1 2 88% 5738 497 30%
c w 552.42 29 17 220 282950  1 7417138 49266 1.7 25 15 1 2 88% 5738 497 30%
c t 552.42 29 17 220 282950  1 7417138 49266 1.7 25 15 1 2 88% 5738 497 30%
c k 552.42 29 17 220 282950  1 7417138 49266 1.7 25 15 1 2 88% 5738 497 30%
c . 557.20 29 16 221 282961  1 7485224 83317 1.6 24 15 1 2 89% 5738 497 30%
c G 557.20 29 16 221 282961  1 7485224 46597 1.6 24 15 1 2 89% 5738 497 30%
c C 557.21 31 16 221 282961  1 7485224 46597 1.6 24 15 1 2 89% 5738 497 30%
c - 557.21 31 16 221 282961  1 7485224 46597 1.6 24 15 1 2 89% 5738 497 30%
c 2 557.21 31 16 221 282961  1 7485224 46597 1.6 24 15 1 2 89% 5738 497 30%
c d 557.21 31 16 221 282961  1 7485224 46597 1.6 24 15 1 2 89% 5738 497 30%
c p 557.21 31 16 221 282961  1 7485224 46597 1.6 24 15 1 2 89% 5738 497 30%
c k 557.21 31 16 221 282961  1 7485224 46597 1.6 24 15 1 2 89% 5738 497 30%
c 2 557.21 31 16 221 282961  1 7485224 46597 1.6 24 15 1 2 89% 5738 497 30%
c u 557.28 31 16 221 282961  1 7485224 46575 1.6 24 15 1 2 89% 5738 497 30%
c 
c  seconds    reductions      conflicts         size   tier2     variables
c          MB       restarts         redundant     glue   trail      remaining
c           level          rate           size/glue  tier1 irredundant
c 
c v 557.32 31 16 221 282961  1 7485224 46235 1.6 24 15 1 2 89% 5738 497 30%
c w 557.32 31 16 221 282961  1 7485224 46234 1.6 24 15 1 2 89% 5738 497 30%
c t 557.32 31 16 221 282961  1 7485224 46234 1.6 24 15 1 2 89% 5738 497 30%
c k 557.32 31 16 221 282961  1 7485224 46234 1.6 24 15 1 2 89% 5738 497 30%
c ~ 558.80 31 16 221 282968  1 7503187 55104 1.6 24 15 1 2 89% 5738 497 30%
c B 558.80 31 16 221 282968  1 7503188 55105 1.6 24 15 1 2 89% 5738 497 30%
c . 562.68 31 16 222 282991  1 7553621 85234 1.7 25 15 1 2 89% 5738 497 30%
c G 562.68 31 16 222 282991  1 7553621 48478 1.7 25 15 1 2 89% 5738 497 30%
c C 562.69 31 16 222 282991  1 7553621 48478 1.7 25 15 1 2 89% 5738 497 30%
c - 562.69 31 16 222 282991  1 7553621 48478 1.7 25 15 1 2 89% 5738 497 30%
c 2 562.69 31 16 222 282991  1 7553621 48478 1.7 25 15 1 2 89% 5738 497 30%
c d 562.69 31 16 222 282991  1 7553621 48478 1.7 25 15 1 2 89% 5738 497 30%
c p 562.69 31 16 222 282991  1 7553621 48478 1.7 25 15 1 2 89% 5738 497 30%
c k 562.69 31 16 222 282991  1 7553621 48478 1.7 25 15 1 2 89% 5738 497 30%
c 2 562.69 31 16 222 282991  1 7553621 48478 1.7 25 15 1 2 89% 5738 497 30%
c u 562.77 31 16 222 282991  1 7553621 48442 1.7 25 15 1 2 89% 5738 497 30%
c v 562.81 31 16 222 282991  1 7553621 48063 1.7 25 15 1 2 89% 5738 497 30%
c w 562.83 31 16 222 282991  1 7553621 47953 1.7 25 15 1 2 89% 5738 497 30%
c t 562.83 31 16 222 282991  1 7553621 47953 1.7 25 15 1 2 89% 5738 497 30%
c k 562.83 31 16 222 282991  1 7553621 47953 1.7 25 15 1 2 89% 5738 497 30%
c 
c  seconds    reductions      conflicts         size   tier2     variables
c          MB       restarts         redundant     glue   trail      remaining
c           level          rate           size/glue  tier1 irredundant
c 
c ] 565.66 31 16 222 283003  1 7591262 68376 1.7 25 14 1 2 89% 5738 497 30%
c { 565.66 31 16 222 283003  1 7591262 68376 2.0 28 13 1 2 87% 5738 497 30%
c . 569.26 32 16 223 285175  1 7622330 92446 2.1 29 13 1 2 88% 5738 497 30%
c G 569.26 33 16 223 285175  1 7622330 52803 2.1 29 13 1 2 88% 5738 497 30%
c C 569.27 35 16 223 285175  1 7622330 52803 2.1 29 13 1 2 88% 5738 497 30%
c - 569.27 35 16 223 285175  1 7622330 52803 2.1 29 13 1 2 88% 5738 497 30%
c 2 569.27 35 16 223 285175  1 7622330 52803 2.1 29 13 1 2 88% 5738 497 30%
c d 569.27 35 16 223 285175  1 7622330 52803 2.1 29 13 1 2 88% 5738 497 30%
c p 569.27 35 16 223 285175  1 7622330 52803 2.1 29 13 1 2 88% 5738 497 30%
c k 569.27 35 16 223 285175  1 7622330 52803 2.1 29 13 1 2 88% 5738 497 30%
c 2 569.27 35 16 223 285175  1 7622330 52803 2.1 29 13 1 2 88% 5738 497 30%
c u 569.37 35 16 223 285175  1 7622330 52769 2.1 29 13 1 2 88% 5738 497 30%
c v 569.41 35 16 223 285175  1 7622330 52605 2.1 29 13 1 2 88% 5738 497 30%
c w 569.44 35 16 223 285175  1 7622330 52442 2.1 29 13 1 2 88% 5738 497 30%
c t 569.44 35 16 223 285175  1 7622330 52442 2.1 29 13 1 2 88% 5738 497 30%
c k 569.44 35 16 223 285175  1 7622330 52442 2.1 29 13 1 2 88% 5738 497 30%
c ~ 569.87 35 16 223 285766  1 7626188 55548 2.2 29 14 1 2 88% 5738 497 30%
c B 569.87 35 16 223 285766  1 7626189 55549 2.2 29 14 1 2 88% 5738 497 30%
c . 577.03 35 17 224 292126  1 7691351 108555 2.2 31 14 1 2 89% 5738 497 30%
c G 577.04 36 17 224 292126  1 7691351 59646 2.2 31 14 1 2 89% 5738 497 30%
c 
c  seconds    reductions      conflicts         size   tier2     variables
c          MB       restarts         redundant     glue   trail      remaining
c           level          rate           size/glue  tier1 irredundant
c 
c C 577.05 40 17 224 292126  1 7691351 59646 2.2 31 14 1 2 89% 5738 497 30%
c - 577.05 40 17 224 292126  1 7691351 59646 2.2 31 14 1 2 89% 5738 497 30%
c 2 577.05 40 17 224 292126  1 7691351 59646 2.2 31 14 1 2 89% 5738 497 30%
c d 577.05 40 17 224 292126  1 7691351 59646 2.2 31 14 1 2 89% 5738 497 30%
c p 577.06 40 17 224 292126  1 7691351 59646 2.2 31 14 1 2 89% 5738 497 30%
c k 577.06 40 17 224 292126  1 7691351 59646 2.2 31 14 1 2 89% 5738 497 30%
c 2 577.06 40 17 224 292126  1 7691351 59646 2.2 31 14 1 2 89% 5738 497 30%
c u 577.16 40 17 224 292126  1 7691351 59599 2.2 31 14 1 2 89% 5738 497 30%
c v 577.22 40 17 224 292126  1 7691351 59347 2.2 31 14 1 2 89% 5738 497 30%
c w 577.25 40 17 224 292126  1 7691351 59158 2.2 31 14 1 2 89% 5738 497 30%
c t 577.25 40 17 224 292126  1 7691351 59158 2.2 31 14 1 2 89% 5738 497 30%
c k 577.25 40 17 224 292126  1 7691351 59158 2.2 31 14 1 2 89% 5738 497 30%
c ~ 583.21 40 17 224 298131  2 7750189 95403 2.0 29 14 1 2 87% 5738 497 30%
c W 585.00 40 17 224 298131  2 7750190 95404 2.0 29 14 1 2 87% 5738 497 30%
c . 585.85 40 17 225 298494  2 7760684 104195 2.0 29 14 1 2 87% 5738 497 30%
c G 585.86 40 17 225 298494  2 7760684 58911 2.0 29 14 1 2 87% 5738 497 30%
c C 585.87 44 17 225 298494  2 7760684 58911 2.0 29 14 1 2 87% 5738 497 30%
c - 585.87 44 17 225 298494  2 7760684 58911 2.0 29 14 1 2 87% 5738 497 30%
c 2 585.87 44 17 225 298494  2 7760684 58911 2.0 29 14 1 2 87% 5738 497 30%
c d 585.87 44 17 225 298494  2 7760684 58911 2.0 29 14 1 2 87% 5738 497 30%
c 
c  seconds    reductions      conflicts         size   tier2     variables
c          MB       restarts         redundant     glue   trail      remaining
c           level          rate           size/glue  tier1 irredundant
c 
c p 585.87 44 17 225 298494  2 7760684 58911 2.0 29 14 1 2 87% 5738 497 30%
c k 585.87 44 17 225 298494  2 7760684 58911 2.0 29 14 1 2 87% 5738 497 30%
c 2 585.87 44 17 225 298494  2 7760684 58911 2.0 29 14 1 2 87% 5738 497 30%
c u 585.97 44 17 225 298494  2 7760684 58869 2.0 29 14 1 2 87% 5738 497 30%
c v 586.02 44 17 225 298494  2 7760684 58593 2.0 29 14 1 2 87% 5738 497 30%
c w 586.05 44 17 225 298494  2 7760684 58533 2.0 29 14 1 2 87% 5738 497 30%
c t 586.05 44 17 225 298494  2 7760684 58533 2.0 29 14 1 2 87% 5738 497 30%
c k 586.05 44 17 225 298494  2 7760684 58533 2.0 29 14 1 2 87% 5738 497 30%
c . 592.25 44 16 226 300803  1 7830330 100311 2.0 27 13 1 2 88% 5738 497 30%
c G 592.26 44 16 226 300803  1 7830330 57522 2.0 27 13 1 2 88% 5738 497 30%
c C 592.27 31 16 226 300803  1 7830330 57522 2.0 27 13 1 2 88% 5738 497 30%
c - 592.27 31 16 226 300803  1 7830330 57522 2.0 27 13 1 2 88% 5738 497 30%
c 2 592.27 31 16 226 300803  1 7830330 57522 2.0 27 13 1 2 88% 5738 497 30%
c d 592.27 31 16 226 300803  1 7830330 57522 2.0 27 13 1 2 88% 5738 497 30%
c p 592.27 31 16 226 300803  1 7830330 57522 2.0 27 13 1 2 88% 5738 497 30%
c k 592.27 31 16 226 300803  1 7830330 57522 2.0 27 13 1 2 88% 5738 497 30%
c 2 592.27 31 16 226 300803  1 7830330 57522 2.0 27 13 1 2 88% 5738 497 30%
c = 592.50 31 16 226 300803  1 7830330 57522 2.0 27 13 1 2 88% 5738 497 30%
c u 592.59 31 16 226 300803  1 7830330 57494 2.0 27 13 1 2 88% 5738 497 30%
c v 592.65 31 16 226 300803  1 7830330 57304 2.0 27 13 1 2 88% 5738 497 30%
c 
c  seconds    reductions      conflicts         size   tier2     variables
c          MB       restarts         redundant     glue   trail      remaining
c           level          rate           size/glue  tier1 irredundant
c 
c w 592.65 31 16 226 300803  1 7830330 57304 2.0 27 13 1 2 88% 5738 497 30%
c t 592.65 31 16 226 300803  1 7830330 57304 2.0 27 13 1 2 88% 5738 497 30%
c k 592.65 31 16 226 300803  1 7830330 57304 2.0 27 13 1 2 88% 5738 497 30%
c } 595.31 31 16 226 302445  1 7859233 76920 2.0 27 13 1 2 88% 5738 497 30%
c [ 595.31 31 16 226 302445  1 7859233 76920 1.7 25 14 1 2 89% 5738 497 30%
c ~ 596.96 31 16 226 302450  1 7875191 89261 1.8 25 14 1 2 89% 5738 497 30%
c W 597.35 31 16 226 302450  1 7875192 89262 1.8 25 14 1 2 89% 5738 497 30%
c . 599.64 31 16 227 302464  1 7900286 103882 1.8 26 14 1 2 89% 5738 497 30%
c G 599.65 32 16 227 302464  1 7900286 58126 1.8 26 14 1 2 89% 5738 497 30%
c C 599.66 35 16 227 302464  1 7900286 58126 1.8 26 14 1 2 89% 5738 497 30%
c - 599.66 35 16 227 302464  1 7900286 58126 1.8 26 14 1 2 89% 5738 497 30%
c 2 599.66 35 16 227 302464  1 7900286 58126 1.8 26 14 1 2 89% 5738 497 30%
c d 599.66 35 16 227 302464  1 7900286 58126 1.8 26 14 1 2 89% 5738 497 30%
c p 599.66 35 16 227 302464  1 7900286 58126 1.8 26 14 1 2 89% 5738 497 30%
c k 599.66 35 16 227 302464  1 7900286 58126 1.8 26 14 1 2 89% 5738 497 30%
c 2 599.66 35 16 227 302464  1 7900286 58126 1.8 26 14 1 2 89% 5738 497 30%
c u 599.76 35 16 227 302464  1 7900286 58104 1.8 26 14 1 2 89% 5738 497 30%
c v 599.81 35 16 227 302464  1 7900286 57897 1.8 26 14 1 2 89% 5738 497 30%
c w 599.81 35 16 227 302464  1 7900286 57897 1.8 26 14 1 2 89% 5738 497 30%
c t 599.81 35 16 227 302464  1 7900286 57897 1.8 26 14 1 2 89% 5738 497 30%
c 
c  seconds    reductions      conflicts         size   tier2     variables
c          MB       restarts         redundant     glue   trail      remaining
c           level          rate           size/glue  tier1 irredundant
c 
c k 599.81 35 16 227 302464  1 7900286 57897 1.8 26 14 1 2 89% 5738 497 30%
c . 606.17 35 17 228 302467  1 7970555 94301 1.7 25 15 1 2 89% 5738 497 30%
c G 606.17 35 17 228 302467  1 7970555 54977 1.7 25 15 1 2 89% 5738 497 30%
c C 606.18 35 17 228 302467  1 7970555 54977 1.7 25 15 1 2 89% 5738 497 30%
c - 606.18 35 17 228 302467  1 7970555 54977 1.7 25 15 1 2 89% 5738 497 30%
c 2 606.18 35 17 228 302467  1 7970555 54977 1.7 25 15 1 2 89% 5738 497 30%
c d 606.18 35 17 228 302467  1 7970555 54977 1.7 25 15 1 2 89% 5738 497 30%
c p 606.19 35 17 228 302467  1 7970555 54977 1.7 25 15 1 2 89% 5738 497 30%
c k 606.19 35 17 228 302467  1 7970555 54977 1.7 25 15 1 2 89% 5738 497 30%
c 2 606.19 35 17 228 302467  1 7970555 54977 1.7 25 15 1 2 89% 5738 497 30%
c u 606.28 35 17 228 302467  1 7970555 54934 1.7 25 15 1 2 89% 5738 497 30%
c v 606.33 35 17 228 302467  1 7970555 54664 1.7 25 15 1 2 89% 5738 497 30%
c w 606.33 35 17 228 302467  1 7970555 54664 1.7 25 15 1 2 89% 5738 497 30%
c t 606.33 35 17 228 302467  1 7970555 54664 1.7 25 15 1 2 89% 5738 497 30%
c k 606.33 35 17 228 302467  1 7970555 54664 1.7 25 15 1 2 89% 5738 497 30%
c ~ 608.70 35 17 228 302467  1 8001192 74562 1.7 25 15 1 2 88% 5738 497 30%
c O 608.70 35 17 228 302467  1 8001193 74563 1.7 25 15 1 2 88% 5738 497 30%
c . 612.07 35 17 229 302468  1 8041135 97158 1.8 26 15 1 2 88% 5738 497 30%
c G 612.08 35 17 229 302468  1 8041135 52359 1.8 26 15 1 2 88% 5738 497 30%
c C 612.09 35 17 229 302468  1 8041135 52359 1.8 26 15 1 2 88% 5738 497 30%
c 
c  seconds    reductions      conflicts         size   tier2     variables
c          MB       restarts         redundant     glue   trail      remaining
c           level          rate           size/glue  tier1 irredundant
c 
c - 612.09 35 17 229 302468  1 8041135 52359 1.8 26 15 1 2 88% 5738 497 30%
c 2 612.09 35 17 229 302468  1 8041135 52359 1.8 26 15 1 2 88% 5738 497 30%
c d 612.09 35 17 229 302468  1 8041135 52359 1.8 26 15 1 2 88% 5738 497 30%
c p 612.09 35 17 229 302468  1 8041135 52359 1.8 26 15 1 2 88% 5738 497 30%
c k 612.09 35 17 229 302468  1 8041135 52359 1.8 26 15 1 2 88% 5738 497 30%
c 2 612.09 35 17 229 302468  1 8041135 52359 1.8 26 15 1 2 88% 5738 497 30%
c u 612.15 35 17 229 302468  1 8041135 52343 1.8 26 15 1 2 88% 5738 497 30%
c v 612.18 35 17 229 302468  1 8041135 52062 1.8 26 15 1 2 88% 5738 497 30%
c w 612.19 35 17 229 302468  1 8041135 52061 1.8 26 15 1 2 88% 5738 497 30%
c x 612.22 35 17 229 302468  1 8041135 52060 1.8 26 15 1 2 88% 5699 497 30%
c t 612.22 35 17 229 302468  1 8041135 52060 1.8 26 15 1 2 88% 5699 497 30%
c k 612.22 35 17 229 302468  1 8041135 52060 1.8 26 15 1 2 88% 5699 497 30%
c 2 612.22 35 17 229 302468  1 8041135 52060 1.8 26 15 1 2 88% 5699 497 30%
c f 612.22 35 17 229 302468  1 8041135 52060 1.8 26 15 1 2 88% 5699 497 30%
c s 612.42 35 17 229 302468  1 8041135 51872 1.8 26 15 1 2 88% 5699 497 30%
c t 612.42 35 17 229 302468  1 8041135 51872 1.8 26 15 1 2 88% 5699 497 30%
c e 612.42 35 17 229 302468  1 8041135 51872 1.8 26 15 1 2 88% 5699 497 30%
c s 612.62 35 17 229 302468  1 8041135 51825 1.8 26 15 1 2 88% 5699 497 30%
c e 612.62 35 17 229 302468  1 8041135 51825 1.8 26 15 1 2 88% 5699 497 30%
c . 618.25 35 16 230 302468  1 8112028 87349 1.7 24 14 1 2 89% 5699 497 30%
c 
c  seconds    reductions      conflicts         size   tier2     variables
c          MB       restarts         redundant     glue   trail      remaining
c           level          rate           size/glue  tier1 irredundant
c 
c G 618.26 35 16 230 302468  1 8112028 49959 1.7 24 14 1 2 89% 5699 497 30%
c C 618.26 35 16 230 302468  1 8112028 49959 1.7 24 14 1 2 89% 5699 497 30%
c - 618.26 35 16 230 302468  1 8112028 49959 1.7 24 14 1 2 89% 5699 497 30%
c 2 618.26 35 16 230 302468  1 8112028 49959 1.7 24 14 1 2 89% 5699 497 30%
c d 618.26 35 16 230 302468  1 8112028 49959 1.7 24 14 1 2 89% 5699 497 30%
c p 618.27 35 16 230 302468  1 8112028 49959 1.7 24 14 1 2 89% 5699 497 30%
c k 618.27 35 16 230 302468  1 8112028 49959 1.7 24 14 1 2 89% 5699 497 30%
c 2 618.27 35 16 230 302468  1 8112028 49959 1.7 24 14 1 2 89% 5699 497 30%
c u 618.35 35 16 230 302468  1 8112028 49908 1.7 24 14 1 2 89% 5699 497 30%
c v 618.39 35 16 230 302468  1 8112028 49592 1.7 24 14 1 2 89% 5699 497 30%
c w 618.39 35 16 230 302468  1 8112028 49592 1.7 24 14 1 2 89% 5699 497 30%
c t 618.39 35 16 230 302468  1 8112028 49592 1.7 24 14 1 2 89% 5699 497 30%
c k 618.40 35 16 230 302468  1 8112028 49592 1.7 24 14 1 2 89% 5699 497 30%
c 2 618.40 35 16 230 302468  1 8112028 49592 1.7 24 14 1 2 89% 5699 497 30%
c f 618.40 35 16 230 302468  1 8112028 49592 1.7 24 14 1 2 89% 5699 497 30%
c ~ 619.54 35 16 230 302468  1 8128194 57477 1.7 24 14 1 2 89% 5699 497 30%
c B 619.54 35 16 230 302468  1 8128195 57478 1.7 24 14 1 2 89% 5699 497 30%
c ] 622.26 35 16 230 302469  1 8161639 76560 1.7 25 14 1 2 88% 5699 497 30%
c { 622.26 35 16 230 302469  1 8161639 76560 2.0 27 13 1 2 88% 5699 497 30%
c . 624.67 35 16 231 305517  1 8183233 92546 2.0 28 14 1 2 88% 5699 497 30%
c 
c  seconds    reductions      conflicts         size   tier2     variables
c          MB       restarts         redundant     glue   trail      remaining
c           level          rate           size/glue  tier1 irredundant
c 
c G 624.68 35 16 231 305517  1 8183233 55047 2.0 28 14 1 2 88% 5699 497 30%
c C 624.69 35 16 231 305517  1 8183233 55047 2.0 28 14 1 2 88% 5699 497 30%
c - 624.69 35 16 231 305517  1 8183233 55047 2.0 28 14 1 2 88% 5699 497 30%
c 2 624.69 35 16 231 305517  1 8183233 55047 2.0 28 14 1 2 88% 5699 497 30%
c d 624.69 35 16 231 305517  1 8183233 55047 2.0 28 14 1 2 88% 5699 497 30%
c p 624.69 35 16 231 305517  1 8183233 55047 2.0 28 14 1 2 88% 5699 497 30%
c k 624.69 35 16 231 305517  1 8183233 55047 2.0 28 14 1 2 88% 5699 497 30%
c 2 624.69 35 16 231 305517  1 8183233 55047 2.0 28 14 1 2 88% 5699 497 30%
c u 624.78 35 16 231 305517  1 8183233 55012 2.0 28 14 1 2 88% 5699 497 30%
c v 624.82 35 16 231 305517  1 8183233 54626 2.0 28 14 1 2 88% 5699 497 30%
c w 624.85 35 16 231 305517  1 8183233 54529 2.0 28 14 1 2 88% 5699 497 30%
c t 624.85 35 16 231 305517  1 8183233 54529 2.0 28 14 1 2 88% 5699 497 30%
c k 624.85 35 16 231 305517  1 8183233 54529 2.0 28 14 1 2 88% 5699 497 30%
c . 631.72 35 17 232 310923  1 8254749 104333 1.9 27 14 1 2 87% 5699 497 30%
c G 631.73 35 17 232 310923  1 8254749 59812 1.9 27 14 1 2 87% 5699 497 30%
c C 631.74 39 17 232 310923  1 8254749 59812 1.9 27 14 1 2 87% 5699 497 30%
c - 631.74 39 17 232 310923  1 8254749 59812 1.9 27 14 1 2 87% 5699 497 30%
c 2 631.74 39 17 232 310923  1 8254749 59812 1.9 27 14 1 2 87% 5699 497 30%
c d 631.74 39 17 232 310923  1 8254749 59812 1.9 27 14 1 2 87% 5699 497 30%
c p 631.74 39 17 232 310923  1 8254749 59812 1.9 27 14 1 2 87% 5699 497 30%
c 
c  seconds    reductions      conflicts         size   tier2     variables
c          MB       restarts         redundant     glue   trail      remaining
c           level          rate           size/glue  tier1 irredundant
c 
c k 631.74 39 17 232 310923  1 8254749 59812 1.9 27 14 1 2 87% 5699 497 30%
c 2 631.74 39 17 232 310923  1 8254749 59812 1.9 27 14 1 2 87% 5699 497 30%
c u 631.84 39 17 232 310923  1 8254749 59769 1.9 27 14 1 2 87% 5699 497 30%
c v 631.89 39 17 232 310923  1 8254749 59491 1.9 27 14 1 2 87% 5699 497 30%
c w 631.92 39 17 232 310923  1 8254749 59421 1.9 27 14 1 2 87% 5699 497 30%
c t 631.92 39 17 232 310923  1 8254749 59421 1.9 27 14 1 2 87% 5699 497 30%
c k 631.92 39 17 232 310923  1 8254749 59421 1.9 27 14 1 2 87% 5699 497 30%
c ~ 632.08 39 17 232 311292  1 8256195 60606 1.9 27 14 1 2 87% 5699 497 30%
c # 632.08 39 17 232 311292  1 8256196 60607 1.9 27 14 1 2 87% 5699 497 30%
c . 639.81 39 17 233 315593  1 8326576 111490 2.0 28 14 1 2 87% 5699 497 30%
c G 639.81 39 17 233 315593  1 8326576 62254 2.0 28 14 1 2 87% 5699 497 30%
c C 639.82 44 17 233 315593  1 8326576 62254 2.0 28 14 1 2 87% 5699 497 30%
c - 639.82 44 17 233 315593  1 8326576 62254 2.0 28 14 1 2 87% 5699 497 30%
c 2 639.83 44 17 233 315593  1 8326576 62254 2.0 28 14 1 2 87% 5699 497 30%
c d 639.83 44 17 233 315593  1 8326576 62254 2.0 28 14 1 2 87% 5699 497 30%
c p 639.83 44 17 233 315593  1 8326576 62254 2.0 28 14 1 2 87% 5699 497 30%
c k 639.83 44 17 233 315593  1 8326576 62254 2.0 28 14 1 2 87% 5699 497 30%
c 2 639.83 44 17 233 315593  1 8326576 62254 2.0 28 14 1 2 87% 5699 497 30%
c u 639.94 44 17 233 315593  1 8326576 62179 2.0 28 14 1 2 87% 5699 497 30%
c v 640.00 44 17 233 315593  1 8326576 61945 2.0 28 14 1 2 87% 5699 497 30%
c 
c  seconds    reductions      conflicts         size   tier2     variables
c          MB       restarts         redundant     glue   trail      remaining
c           level          rate           size/glue  tier1 irredundant
c 
c w 640.03 44 17 233 315593  1 8326576 61852 2.0 28 14 1 2 87% 5699 497 30%
c t 640.03 44 17 233 315593  1 8326576 61852 2.0 28 14 1 2 87% 5699 497 30%
c k 640.03 44 17 233 315593  1 8326576 61852 2.0 28 14 1 2 87% 5699 497 30%
c ~ 646.23 44 17 233 322171  2 8385196 108302 2.1 30 14 1 2 88% 5699 497 30%
c B 646.23 44 17 233 322171  2 8385197 108303 2.1 30 14 1 2 88% 5699 497 30%
c . 647.36 44 17 234 322561  2 8398715 118869 2.1 29 14 1 2 86% 5699 497 30%
c G 647.37 44 17 234 322561  2 8398715 64410 2.1 29 14 1 2 86% 5699 497 30%
c C 647.38 44 17 234 322561  2 8398715 64410 2.1 29 14 1 2 86% 5699 497 30%
c - 647.38 44 17 234 322561  2 8398715 64410 2.1 29 14 1 2 86% 5699 497 30%
c 2 647.38 44 17 234 322561  2 8398715 64410 2.1 29 14 1 2 86% 5699 497 30%
c d 647.38 44 17 234 322561  2 8398715 64410 2.1 29 14 1 2 86% 5699 497 30%
c p 647.38 44 17 234 322561  2 8398715 64410 2.1 29 14 1 2 86% 5699 497 30%
c k 647.38 44 17 234 322561  2 8398715 64410 2.1 29 14 1 2 86% 5699 497 30%
c 2 647.38 44 17 234 322561  2 8398715 64410 2.1 29 14 1 2 86% 5699 497 30%
c u 647.49 44 17 234 322561  2 8398715 64377 2.1 29 14 1 2 86% 5699 497 30%
c v 647.54 44 17 234 322561  2 8398715 64135 2.1 29 14 1 2 86% 5699 497 30%
c w 647.57 44 17 234 322561  2 8398715 63963 2.1 29 14 1 2 86% 5699 497 30%
c t 647.57 44 17 234 322561  2 8398715 63963 2.1 29 14 1 2 86% 5699 497 30%
c k 647.57 44 17 234 322561  2 8398715 63963 2.1 29 14 1 2 86% 5699 497 30%
c } 651.71 44 17 234 324371  1 8442653 95504 2.1 29 14 1 2 86% 5699 497 30%
c 
c  seconds    reductions      conflicts         size   tier2     variables
c          MB       restarts         redundant     glue   trail      remaining
c           level          rate           size/glue  tier1 irredundant
c 
c [ 651.71 44 16 234 324371  1 8442653 95504 1.7 25 14 1 2 88% 5699 497 30%
c . 655.08 44 16 235 324371  1 8471166 115878 1.8 25 14 1 2 86% 5699 497 30%
c G 655.08 44 16 235 324371  1 8471166 63552 1.8 25 14 1 2 86% 5699 497 30%
c C 655.09 44 16 235 324371  1 8471166 63552 1.8 25 14 1 2 86% 5699 497 30%
c - 655.09 44 16 235 324371  1 8471166 63552 1.8 25 14 1 2 86% 5699 497 30%
c 2 655.09 44 16 235 324371  1 8471166 63552 1.8 25 14 1 2 86% 5699 497 30%
c d 655.09 44 16 235 324371  1 8471166 63552 1.8 25 14 1 2 86% 5699 497 30%
c p 655.10 44 16 235 324371  1 8471166 63552 1.8 25 14 1 2 86% 5699 497 30%
c c 655.10 44 16 235 324371  1 8471166 63552 1.8 25 14 1 2 86% 5699 497 30%
c k 655.10 44 16 235 324371  1 8471166 63552 1.8 25 14 1 2 86% 5699 497 30%
c 2 655.10 44 16 235 324371  1 8471166 63552 1.8 25 14 1 2 86% 5699 497 30%
c u 655.20 44 16 235 324371  1 8471166 63521 1.8 25 14 1 2 86% 5699 497 30%
c v 655.26 44 16 235 324371  1 8471166 63227 1.8 25 14 1 2 86% 5699 497 30%
c w 655.26 44 16 235 324371  1 8471166 63227 1.8 25 14 1 2 86% 5699 497 30%
c t 655.26 44 16 235 324371  1 8471166 63227 1.8 25 14 1 2 86% 5699 497 30%
c k 655.27 44 16 235 324371  1 8471166 63227 1.8 25 14 1 2 86% 5699 497 30%
c ~ 658.32 44 17 235 324371  1 8515199 93267 1.7 25 15 1 2 86% 5699 497 30%
c W 660.85 44 17 235 324371  1 8515200 93268 1.7 25 15 1 2 86% 5699 497 30%
c . 663.30 44 16 236 324371  1 8543932 109080 1.7 25 14 1 2 86% 5699 497 30%
c G 663.30 44 16 236 324371  1 8543932 59974 1.7 25 14 1 2 86% 5699 497 30%
c 
c  seconds    reductions      conflicts         size   tier2     variables
c          MB       restarts         redundant     glue   trail      remaining
c           level          rate           size/glue  tier1 irredundant
c 
c C 663.31 32 16 236 324371  1 8543932 59974 1.7 25 14 1 2 86% 5699 497 30%
c - 663.31 32 16 236 324371  1 8543932 59974 1.7 25 14 1 2 86% 5699 497 30%
c 2 663.32 32 16 236 324371  1 8543932 59974 1.7 25 14 1 2 86% 5699 497 30%
c d 663.32 32 16 236 324371  1 8543932 59974 1.7 25 14 1 2 86% 5699 497 30%
c p 663.32 32 16 236 324371  1 8543932 59974 1.7 25 14 1 2 86% 5699 497 30%
c k 663.32 32 16 236 324371  1 8543932 59974 1.7 25 14 1 2 86% 5699 497 30%
c 2 663.32 32 16 236 324371  1 8543932 59974 1.7 25 14 1 2 86% 5699 497 30%
c u 663.40 32 16 236 324371  1 8543932 59956 1.7 25 14 1 2 86% 5699 497 30%
c v 663.45 32 16 236 324371  1 8543932 59675 1.7 25 14 1 2 86% 5699 497 30%
c w 663.45 32 16 236 324371  1 8543932 59675 1.7 25 14 1 2 86% 5699 497 30%
c t 663.45 32 16 236 324371  1 8543932 59675 1.7 25 14 1 2 86% 5699 497 30%
c k 663.45 32 16 236 324371  1 8543932 59675 1.7 25 14 1 2 86% 5699 497 30%
c . 668.96 32 17 237 324371  1 8617011 103681 1.6 25 15 1 2 87% 5699 497 30%
c G 668.97 32 17 237 324371  1 8617011 53816 1.6 25 15 1 2 87% 5699 497 30%
c C 668.98 35 17 237 324371  1 8617011 53816 1.6 25 15 1 2 87% 5699 497 30%
c - 668.98 35 17 237 324371  1 8617011 53816 1.6 25 15 1 2 87% 5699 497 30%
c 2 668.98 35 17 237 324371  1 8617011 53816 1.6 25 15 1 2 87% 5699 497 30%
c d 668.98 35 17 237 324371  1 8617011 53816 1.6 25 15 1 2 87% 5699 497 30%
c p 668.98 35 17 237 324371  1 8617011 53816 1.6 25 15 1 2 87% 5699 497 30%
c k 668.98 35 17 237 324371  1 8617011 53816 1.6 25 15 1 2 87% 5699 497 30%
c 
c  seconds    reductions      conflicts         size   tier2     variables
c          MB       restarts         redundant     glue   trail      remaining
c           level          rate           size/glue  tier1 irredundant
c 
c 2 668.98 35 17 237 324371  1 8617011 53816 1.6 25 15 1 2 87% 5699 497 30%
c u 669.07 35 17 237 324371  1 8617011 53794 1.6 25 15 1 2 87% 5699 497 30%
c v 669.11 35 17 237 324371  1 8617011 53586 1.6 25 15 1 2 87% 5699 497 30%
c w 669.11 35 17 237 324371  1 8617011 53586 1.6 25 15 1 2 87% 5699 497 30%
c t 669.11 35 17 237 324371  1 8617011 53586 1.6 25 15 1 2 87% 5699 497 30%
c k 669.11 35 17 237 324371  1 8617011 53586 1.6 25 15 1 2 87% 5699 497 30%
c ~ 670.93 35 17 237 324371  1 8646200 74206 1.7 25 15 1 2 86% 5699 497 30%
c I 670.93 35 17 237 324371  1 8646201 74207 1.7 25 15 1 2 86% 5699 497 30%
c . 673.59 35 17 238 324371  1 8690397 102709 1.6 24 15 1 2 85% 5699 497 30%
c G 673.60 35 17 238 324371  1 8690397 52942 1.6 24 15 1 2 85% 5699 497 30%
c C 673.60 35 17 238 324371  1 8690397 52942 1.6 24 15 1 2 85% 5699 497 30%
c - 673.60 35 17 238 324371  1 8690397 52942 1.6 24 15 1 2 85% 5699 497 30%
c 2 673.60 35 17 238 324371  1 8690397 52942 1.6 24 15 1 2 85% 5699 497 30%
c d 673.60 35 17 238 324371  1 8690397 52942 1.6 24 15 1 2 85% 5699 497 30%
c p 673.61 35 17 238 324371  1 8690397 52942 1.6 24 15 1 2 85% 5699 497 30%
c k 673.61 35 17 238 324371  1 8690397 52942 1.6 24 15 1 2 85% 5699 497 30%
c 2 673.61 35 17 238 324371  1 8690397 52942 1.6 24 15 1 2 85% 5699 497 30%
c u 673.68 35 17 238 324371  1 8690397 52926 1.6 24 15 1 2 85% 5699 497 30%
c v 673.71 35 17 238 324371  1 8690397 52740 1.6 24 15 1 2 85% 5699 497 30%
c w 673.72 35 17 238 324371  1 8690397 52737 1.6 24 15 1 2 85% 5699 497 30%
c 
c  seconds    reductions      conflicts         size   tier2     variables
c          MB       restarts         redundant     glue   trail      remaining
c           level          rate           size/glue  tier1 irredundant
c 
c t 673.72 35 17 238 324371  1 8690397 52737 1.6 24 15 1 2 85% 5699 497 30%
c k 673.72 35 17 238 324371  1 8690397 52737 1.6 24 15 1 2 85% 5699 497 30%
c . 678.69 35 17 239 324372  1 8764096 102292 1.6 25 15 1 2 86% 5699 497 30%
c G 678.69 35 17 239 324372  1 8764096 53360 1.6 25 15 1 2 86% 5699 497 30%
c C 678.70 35 17 239 324372  1 8764096 53360 1.6 25 15 1 2 86% 5699 497 30%
c - 678.70 35 17 239 324372  1 8764096 53360 1.6 25 15 1 2 86% 5699 497 30%
c 2 678.70 35 17 239 324372  1 8764096 53360 1.6 25 15 1 2 86% 5699 497 30%
c d 678.70 35 17 239 324372  1 8764096 53360 1.6 25 15 1 2 86% 5699 497 30%
c p 678.70 35 17 239 324372  1 8764096 53360 1.6 25 15 1 2 86% 5699 497 30%
c k 678.70 35 17 239 324372  1 8764096 53360 1.6 25 15 1 2 86% 5699 497 30%
c 2 678.70 35 17 239 324372  1 8764096 53360 1.6 25 15 1 2 86% 5699 497 30%
c u 678.78 35 17 239 324372  1 8764096 53342 1.6 25 15 1 2 86% 5699 497 30%
c v 678.82 35 17 239 324372  1 8764096 52939 1.6 25 15 1 2 86% 5699 497 30%
c w 678.82 35 17 239 324372  1 8764096 52938 1.6 25 15 1 2 86% 5699 497 30%
c t 678.82 35 17 239 324372  1 8764096 52938 1.6 25 15 1 2 86% 5699 497 30%
c k 678.82 35 17 239 324372  1 8764096 52938 1.6 25 15 1 2 86% 5699 497 30%
c ~ 679.65 35 17 239 324372  1 8778203 62723 1.7 25 15 1 2 86% 5699 497 30%
c B 679.65 35 17 239 324372  1 8778204 62724 1.7 25 15 1 2 86% 5699 497 30%
c ] 681.58 35 18 239 324372  1 8812084 85605 1.7 25 15 1 2 86% 5699 497 30%
c { 681.58 35 17 239 324372  1 8812084 85605 2.1 29 14 1 2 86% 5699 497 30%
c 
c  seconds    reductions      conflicts          size   tier2     variables
c          MB       restarts         redundant      glue   trail      remaining
c           level          rate            size/glue  tier1 irredundant
c 
c . 683.78 35 17 240 326293  1 8838106 104140 2.1 28 14 1 2 84% 5699 497 30%
c G 683.79 35 17 240 326293  1 8838106 57768 2.1 28 14 1 2 84% 5699 497 30%
c C 683.80 37 17 240 326293  1 8838106 57768 2.1 28 14 1 2 84% 5699 497 30%
c - 683.80 37 17 240 326293  1 8838106 57768 2.1 28 14 1 2 84% 5699 497 30%
c 2 683.80 37 17 240 326293  1 8838106 57768 2.1 28 14 1 2 84% 5699 497 30%
c d 683.80 37 17 240 326293  1 8838106 57768 2.1 28 14 1 2 84% 5699 497 30%
c p 683.80 37 17 240 326293  1 8838106 57768 2.1 28 14 1 2 84% 5699 497 30%
c k 683.80 37 17 240 326293  1 8838106 57768 2.1 28 14 1 2 84% 5699 497 30%
c 2 683.80 37 17 240 326293  1 8838106 57768 2.1 28 14 1 2 84% 5699 497 30%
c u 683.87 37 17 240 326293  1 8838106 57698 2.1 28 14 1 2 84% 5699 497 30%
c v 683.91 37 17 240 326293  1 8838106 57442 2.1 28 14 1 2 84% 5699 497 30%
c w 683.93 37 17 240 326293  1 8838106 57320 2.1 28 14 1 2 84% 5699 497 30%
c t 683.93 37 17 240 326293  1 8838106 57320 2.1 28 14 1 2 84% 5699 497 30%
c k 683.93 37 17 240 326293  1 8838106 57320 2.1 28 14 1 2 84% 5699 497 30%
c ~ 690.58 37 16 240 331709  1 8911204 111750 2.1 28 14 1 2 84% 5699 497 30%
c W 691.54 37 16 240 331709  1 8911205 111751 2.1 28 14 1 2 84% 5699 497 30%
c . 691.66 37 16 241 331761  1 8912429 112643 2.1 28 14 1 2 84% 5699 497 30%
c G 691.67 37 16 241 331761  1 8912429 62606 2.1 28 14 1 2 84% 5699 497 30%
c C 691.68 41 16 241 331761  1 8912429 62606 2.1 28 14 1 2 84% 5699 497 30%
c - 691.68 41 16 241 331761  1 8912429 62606 2.1 28 14 1 2 84% 5699 497 30%
c 
c  seconds    reductions      conflicts         size   tier2     variables
c          MB       restarts         redundant     glue   trail      remaining
c           level          rate           size/glue  tier1 irredundant
c 
c 2 691.68 41 16 241 331761  1 8912429 62606 2.1 28 14 1 2 84% 5699 497 30%
c d 691.68 41 16 241 331761  1 8912429 62606 2.1 28 14 1 2 84% 5699 497 30%
c p 691.68 41 16 241 331761  1 8912429 62606 2.1 28 14 1 2 84% 5699 497 30%
c k 691.68 41 16 241 331761  1 8912429 62606 2.1 28 14 1 2 84% 5699 497 30%
c 2 691.68 41 16 241 331761  1 8912429 62606 2.1 28 14 1 2 84% 5699 497 30%
c u 691.78 41 16 241 331761  1 8912429 62509 2.1 28 14 1 2 84% 5699 497 30%
c v 691.84 41 16 241 331761  1 8912429 62166 2.1 28 14 1 2 84% 5699 497 30%
c w 691.87 41 16 241 331761  1 8912429 62076 2.1 28 14 1 2 84% 5699 497 30%
c t 691.87 41 16 241 331761  1 8912429 62076 2.1 28 14 1 2 84% 5699 497 30%
c k 691.87 41 16 241 331761  1 8912429 62076 2.1 28 14 1 2 84% 5699 497 30%
c . 700.33 41 17 242 340305  2 8987064 115524 2.0 29 14 1 2 86% 5699 497 30%
c G 700.33 41 17 242 340305  2 8987064 64618 2.0 29 14 1 2 86% 5699 497 30%
c C 700.34 45 17 242 340305  2 8987064 64618 2.0 29 14 1 2 86% 5699 497 30%
c - 700.34 45 17 242 340305  2 8987064 64618 2.0 29 14 1 2 86% 5699 497 30%
c 2 700.34 45 17 242 340305  2 8987064 64618 2.0 29 14 1 2 86% 5699 497 30%
c d 700.35 45 17 242 340305  2 8987064 64618 2.0 29 14 1 2 86% 5699 497 30%
c p 700.35 45 17 242 340305  2 8987064 64618 2.0 29 14 1 2 86% 5699 497 30%
c k 700.35 45 17 242 340305  2 8987064 64618 2.0 29 14 1 2 86% 5699 497 30%
c 2 700.35 45 17 242 340305  2 8987064 64618 2.0 29 14 1 2 86% 5699 497 30%
c u 700.46 45 17 242 340305  2 8987064 64565 2.0 29 14 1 2 86% 5699 497 30%
c 
c  seconds    reductions      conflicts         size   tier2     variables
c          MB       restarts         redundant     glue   trail      remaining
c           level          rate           size/glue  tier1 irredundant
c 
c v 700.52 45 17 242 340305  2 8987064 64138 2.0 29 14 1 2 86% 5699 497 30%
c w 700.56 45 17 242 340305  2 8987064 64007 2.0 29 14 1 2 86% 5699 497 30%
c t 700.56 45 17 242 340305  2 8987064 64007 2.0 29 14 1 2 86% 5699 497 30%
c k 700.56 45 17 242 340305  2 8987064 64007 2.0 29 14 1 2 86% 5699 497 30%
c ~ 705.34 45 15 242 340670  1 9045206 107752 2.0 26 13 1 2 80% 5699 497 30%
c F 705.35 45 15 242 340670  1 9045207 107753 2.0 26 13 1 2 80% 5699 497 30%
c . 707.63 45 15 243 342095  1 9062011 120366 2.0 25 12 1 2 78% 5699 497 30%
c G 707.64 45 15 243 342095  1 9062011 66843 2.0 25 12 1 2 78% 5699 497 30%
c C 707.65 45 15 243 342095  1 9062011 66843 2.0 25 12 1 2 78% 5699 497 30%
c - 707.65 45 15 243 342095  1 9062011 66843 2.0 25 12 1 2 78% 5699 497 30%
c 2 707.65 45 15 243 342095  1 9062011 66843 2.0 25 12 1 2 78% 5699 497 30%
c d 707.65 45 15 243 342095  1 9062011 66843 2.0 25 12 1 2 78% 5699 497 30%
c p 707.65 45 15 243 342095  1 9062011 66843 2.0 25 12 1 2 78% 5699 497 30%
c k 707.65 45 15 243 342095  1 9062011 66843 2.0 25 12 1 2 78% 5699 497 30%
c 2 707.65 45 15 243 342095  1 9062011 66843 2.0 25 12 1 2 78% 5699 497 30%
c u 707.75 45 15 243 342095  1 9062011 66797 2.0 25 12 1 2 78% 5699 497 30%
c v 707.80 45 15 243 342095  1 9062011 66489 2.0 25 12 1 2 78% 5699 497 30%
c w 707.80 45 15 243 342095  1 9062011 66489 2.0 25 12 1 2 78% 5699 497 30%
c t 707.80 45 15 243 342095  1 9062011 66489 2.0 25 12 1 2 78% 5699 497 30%
c k 707.81 45 15 243 342095  1 9062011 66489 2.0 25 12 1 2 78% 5699 497 30%
c 
c  seconds    reductions      conflicts          size   tier2     variables
c          MB       restarts         redundant      glue   trail      remaining
c           level          rate            size/glue  tier1 irredundant
c 
c } 713.84 45 17 243 350811  2 9113162 104354 2.0 28 14 1 2 81% 5699 497 30%
c [ 713.84 45 18 243 350811  1 9113162 104354 1.7 25 15 1 2 86% 5699 497 30%
c . 716.23 45 17 244 350811  1 9137269 120847 1.8 26 15 1 2 87% 5699 497 30%
c G 716.24 45 17 244 350811  1 9137269 67266 1.8 26 15 1 2 87% 5699 497 30%
c C 716.25 45 17 244 350811  1 9137269 67266 1.8 26 15 1 2 87% 5699 497 30%
c - 716.25 45 17 244 350811  1 9137269 67266 1.8 26 15 1 2 87% 5699 497 30%
c 2 716.25 45 17 244 350811  1 9137269 67266 1.8 26 15 1 2 87% 5699 497 30%
c d 716.25 45 17 244 350811  1 9137269 67266 1.8 26 15 1 2 87% 5699 497 30%
c p 716.25 45 17 244 350811  1 9137269 67266 1.8 26 15 1 2 87% 5699 497 30%
c k 716.25 45 17 244 350811  1 9137269 67266 1.8 26 15 1 2 87% 5699 497 30%
c 2 716.25 45 17 244 350811  1 9137269 67266 1.8 26 15 1 2 87% 5699 497 30%
c u 716.37 45 17 244 350811  1 9137269 67229 1.8 26 15 1 2 87% 5699 497 30%
c v 716.43 45 17 244 350811  1 9137269 66861 1.8 26 15 1 2 87% 5699 497 30%
c w 716.44 45 17 244 350811  1 9137269 66861 1.8 26 15 1 2 87% 5699 497 30%
c t 716.44 45 17 244 350811  1 9137269 66861 1.8 26 15 1 2 87% 5699 497 30%
c k 716.44 45 17 244 350811  1 9137269 66861 1.8 26 15 1 2 87% 5699 497 30%
c ~ 719.69 45 17 244 350811  1 9180207 96095 1.8 27 15 1 2 87% 5699 497 30%
c W 720.86 45 17 244 350811  1 9180208 96096 1.8 27 15 1 2 87% 5699 497 30%
c . 723.02 45 17 245 350811  1 9212839 116652 1.7 26 15 1 2 87% 5699 497 30%
c G 723.03 45 17 245 350811  1 9212839 65087 1.7 26 15 1 2 87% 5699 497 30%
c 
c  seconds    reductions      conflicts         size   tier2     variables
c          MB       restarts         redundant     glue   trail      remaining
c           level          rate           size/glue  tier1 irredundant
c 
c C 723.04 33 17 245 350811  1 9212839 65087 1.7 26 15 1 2 87% 5699 497 30%
c - 723.04 33 17 245 350811  1 9212839 65087 1.7 26 15 1 2 87% 5699 497 30%
c 2 723.04 33 17 245 350811  1 9212839 65087 1.7 26 15 1 2 87% 5699 497 30%
c d 723.04 33 17 245 350811  1 9212839 65087 1.7 26 15 1 2 87% 5699 497 30%
c p 723.05 33 17 245 350811  1 9212839 65087 1.7 26 15 1 2 87% 5699 497 30%
c k 723.05 33 17 245 350811  1 9212839 65087 1.7 26 15 1 2 87% 5699 497 30%
c 2 723.05 33 17 245 350811  1 9212839 65087 1.7 26 15 1 2 87% 5699 497 30%
c u 723.13 33 17 245 350811  1 9212839 65065 1.7 26 15 1 2 87% 5699 497 30%
c v 723.18 33 17 245 350811  1 9212839 64873 1.7 26 15 1 2 87% 5699 497 30%
c w 723.18 33 17 245 350811  1 9212839 64871 1.7 26 15 1 2 87% 5699 497 30%
c t 723.18 33 17 245 350811  1 9212839 64871 1.7 26 15 1 2 87% 5699 497 30%
c k 723.18 33 17 245 350811  1 9212839 64871 1.7 26 15 1 2 87% 5699 497 30%
c . 727.92 33 17 246 350811  1 9288720 114254 1.8 25 14 1 2 86% 5699 497 30%
c G 727.93 33 17 246 350811  1 9288720 58409 1.8 25 14 1 2 86% 5699 497 30%
c C 727.94 36 17 246 350811  1 9288720 58409 1.8 25 14 1 2 86% 5699 497 30%
c - 727.94 36 17 246 350811  1 9288720 58409 1.8 25 14 1 2 86% 5699 497 30%
c 2 727.94 36 17 246 350811  1 9288720 58409 1.8 25 14 1 2 86% 5699 497 30%
c d 727.94 36 17 246 350811  1 9288720 58409 1.8 25 14 1 2 86% 5699 497 30%
c p 727.94 36 17 246 350811  1 9288720 58409 1.8 25 14 1 2 86% 5699 497 30%
c k 727.94 36 17 246 350811  1 9288720 58409 1.8 25 14 1 2 86% 5699 497 30%
c 
c  seconds    reductions      conflicts         size   tier2     variables
c          MB       restarts         redundant     glue   trail      remaining
c           level          rate           size/glue  tier1 irredundant
c 
c 2 727.95 36 17 246 350811  1 9288720 58409 1.8 25 14 1 2 86% 5699 497 30%
c u 728.02 36 17 246 350811  1 9288720 58385 1.8 25 14 1 2 86% 5699 497 30%
c v 728.06 36 17 246 350811  1 9288720 58268 1.8 25 14 1 2 86% 5699 497 30%
c w 728.06 36 17 246 350811  1 9288720 58268 1.8 25 14 1 2 86% 5699 497 30%
c t 728.06 36 17 246 350811  1 9288720 58268 1.8 25 14 1 2 86% 5699 497 30%
c k 728.06 36 17 246 350811  1 9288720 58268 1.8 25 14 1 2 86% 5699 497 30%
c ~ 729.63 36 17 246 350811  1 9316210 76643 1.8 25 14 1 2 86% 5699 497 30%
c O 729.64 36 17 246 350811  1 9316211 76644 1.8 25 14 1 2 86% 5699 497 30%
c . 734.74 36 17 247 350811  1 9364914 103614 1.8 25 14 1 2 86% 5699 497 30%
c G 734.75 36 17 247 350811  1 9364914 57117 1.8 25 14 1 2 86% 5699 497 30%
c C 734.76 36 17 247 350811  1 9364914 57117 1.8 25 14 1 2 86% 5699 497 30%
c - 734.76 36 17 247 350811  1 9364914 57117 1.8 25 14 1 2 86% 5699 497 30%
c 2 734.76 36 17 247 350811  1 9364914 57117 1.8 25 14 1 2 86% 5699 497 30%
c d 734.76 36 17 247 350811  1 9364914 57117 1.8 25 14 1 2 86% 5699 497 30%
c p 734.76 36 17 247 350811  1 9364914 57117 1.8 25 14 1 2 86% 5699 497 30%
c k 734.76 36 17 247 350811  1 9364914 57117 1.8 25 14 1 2 86% 5699 497 30%
c 2 734.76 36 17 247 350811  1 9364914 57117 1.8 25 14 1 2 86% 5699 497 30%
c = 734.77 36 17 247 350811  1 9364914 57117 1.8 25 14 1 2 86% 5699 497 30%
c u 734.84 36 17 247 350811  1 9364914 57102 1.8 25 14 1 2 86% 5699 497 30%
c v 734.88 36 17 247 350811  1 9364914 56848 1.8 25 14 1 2 86% 5699 497 30%
c 
c  seconds    reductions      conflicts         size   tier2     variables
c          MB       restarts         redundant     glue   trail      remaining
c           level          rate           size/glue  tier1 irredundant
c 
c w 734.88 36 17 247 350811  1 9364914 56848 1.8 25 14 1 2 86% 5699 497 30%
c x 734.91 36 17 247 350811  1 9364914 56847 1.8 25 14 1 2 86% 5697 497 30%
c t 734.91 36 17 247 350811  1 9364914 56847 1.8 25 14 1 2 86% 5697 497 30%
c k 734.91 36 17 247 350811  1 9364914 56847 1.8 25 14 1 2 86% 5697 497 30%
c 2 734.91 36 17 247 350811  1 9364914 56847 1.8 25 14 1 2 86% 5697 497 30%
c f 734.92 36 17 247 350811  1 9364914 56847 1.8 25 14 1 2 86% 5697 497 30%
c s 735.15 36 17 247 350811  1 9364914 56591 1.8 25 14 1 2 86% 5697 497 30%
c t 735.15 36 17 247 350811  1 9364914 56591 1.8 25 14 1 2 86% 5697 497 30%
c e 735.15 36 17 247 350811  1 9364914 56591 1.8 25 14 1 2 86% 5697 497 30%
c s 735.38 36 17 247 350811  1 9364914 56515 1.8 25 14 1 2 86% 5697 497 30%
c . 742.72 36 16 248 350811  1 9441419 99249 1.7 25 14 1 2 87% 5697 497 30%
c G 742.72 36 16 248 350811  1 9441419 56569 1.7 25 14 1 2 87% 5697 497 30%
c C 742.73 36 16 248 350811  1 9441419 56569 1.7 25 14 1 2 87% 5697 497 30%
c - 742.73 36 16 248 350811  1 9441419 56569 1.7 25 14 1 2 87% 5697 497 30%
c 2 742.73 36 16 248 350811  1 9441419 56569 1.7 25 14 1 2 87% 5697 497 30%
c d 742.73 36 16 248 350811  1 9441419 56569 1.7 25 14 1 2 87% 5697 497 30%
c p 742.73 36 16 248 350811  1 9441419 56569 1.7 25 14 1 2 87% 5697 497 30%
c k 742.73 36 16 248 350811  1 9441419 56569 1.7 25 14 1 2 87% 5697 497 30%
c 2 742.73 36 16 248 350811  1 9441419 56569 1.7 25 14 1 2 87% 5697 497 30%
c u 742.83 36 16 248 350811  1 9441419 56507 1.7 25 14 1 2 87% 5697 497 30%
c 
c  seconds    reductions      conflicts         size   tier2     variables
c          MB       restarts         redundant     glue   trail      remaining
c           level          rate           size/glue  tier1 irredundant
c 
c v 742.90 36 16 248 350811  1 9441419 56049 1.7 25 14 1 2 87% 5697 497 30%
c w 742.90 36 16 248 350811  1 9441419 56048 1.7 25 14 1 2 87% 5697 497 30%
c t 742.90 36 16 248 350811  1 9441419 56048 1.7 25 14 1 2 87% 5697 497 30%
c k 742.90 36 16 248 350811  1 9441419 56048 1.7 25 14 1 2 87% 5697 497 30%
c 2 742.90 36 16 248 350811  1 9441419 56048 1.7 25 14 1 2 87% 5697 497 30%
c f 742.90 36 16 248 350811  1 9441419 56048 1.7 25 14 1 2 87% 5697 497 30%
c ~ 743.91 36 16 248 350811  1 9453212 63254 1.7 25 14 1 2 87% 5697 497 30%
c B 743.91 36 16 248 350811  1 9453213 63255 1.7 25 14 1 2 87% 5697 497 30%
c ] 744.76 36 17 248 350811  1 9467071 74321 1.8 26 15 1 2 87% 5697 497 30%
c { 744.76 36 17 248 350811  2 9467071 74321 2.0 28 14 1 2 81% 5697 497 30%
c . 751.36 36 17 249 355417  2 9518237 111657 2.1 28 14 1 2 84% 5697 497 30%
c G 751.37 37 17 249 355417  2 9518237 65322 2.1 28 14 1 2 84% 5697 497 30%
c C 751.38 41 17 249 355417  2 9518237 65322 2.1 28 14 1 2 84% 5697 497 30%
c - 751.38 41 17 249 355417  2 9518237 65322 2.1 28 14 1 2 84% 5697 497 30%
c 2 751.38 41 17 249 355417  2 9518237 65322 2.1 28 14 1 2 84% 5697 497 30%
c d 751.38 41 17 249 355417  2 9518237 65322 2.1 28 14 1 2 84% 5697 497 30%
c p 751.39 41 17 249 355417  2 9518237 65322 2.1 28 14 1 2 84% 5697 497 30%
c k 751.39 41 17 249 355417  2 9518237 65322 2.1 28 14 1 2 84% 5697 497 30%
c 2 751.39 41 17 249 355417  2 9518237 65322 2.1 28 14 1 2 84% 5697 497 30%
c u 751.50 41 17 249 355417  2 9518237 65220 2.1 28 14 1 2 84% 5697 497 30%
c 
c  seconds    reductions      conflicts         size   tier2     variables
c          MB       restarts         redundant     glue   trail      remaining
c           level          rate           size/glue  tier1 irredundant
c 
c v 751.56 41 17 249 355417  2 9518237 64901 2.1 28 14 1 2 84% 5697 497 30%
c w 751.60 41 17 249 355417  2 9518237 64810 2.1 28 14 1 2 84% 5697 497 30%
c t 751.60 41 17 249 355417  2 9518237 64810 2.1 28 14 1 2 84% 5697 497 30%
c k 751.60 41 17 249 355417  2 9518237 64810 2.1 28 14 1 2 84% 5697 497 30%
c 2 751.60 41 17 249 355417  2 9518237 64810 2.1 28 14 1 2 84% 5697 497 30%
c f 751.60 41 17 249 355417  2 9518237 64810 2.1 28 14 1 2 84% 5697 497 30%
c ~ 759.04 41 17 249 362269  2 9591215 119623 2.0 29 14 1 2 85% 5697 497 30%
c B 759.04 41 17 249 362269  2 9591216 119624 2.0 29 14 1 2 85% 5697 497 30%
c . 759.65 41 17 250 362707  2 9595366 122759 2.1 29 14 1 2 85% 5697 497 30%
c G 759.66 41 17 250 362707  2 9595366 68771 2.1 29 14 1 2 85% 5697 497 30%
c C 759.67 45 17 250 362707  2 9595366 68771 2.1 29 14 1 2 85% 5697 497 30%
c - 759.67 45 17 250 362707  2 9595366 68771 2.1 29 14 1 2 85% 5697 497 30%
c 2 759.67 45 17 250 362707  2 9595366 68771 2.1 29 14 1 2 85% 5697 497 30%
c d 759.67 45 17 250 362707  2 9595366 68771 2.1 29 14 1 2 85% 5697 497 30%
c p 759.68 45 17 250 362707  2 9595366 68771 2.1 29 14 1 2 85% 5697 497 30%
c k 759.68 45 17 250 362707  2 9595366 68771 2.1 29 14 1 2 85% 5697 497 30%
c 2 759.68 45 17 250 362707  2 9595366 68771 2.1 29 14 1 2 85% 5697 497 30%
c u 759.79 45 17 250 362707  2 9595366 68716 2.1 29 14 1 2 85% 5697 497 30%
c v 759.85 45 17 250 362707  2 9595366 68397 2.1 29 14 1 2 85% 5697 497 30%
c w 759.89 45 17 250 362707  2 9595366 68353 2.1 29 14 1 2 85% 5697 497 30%
c 
c  seconds    reductions      conflicts         size   tier2     variables
c          MB       restarts         redundant     glue   trail      remaining
c           level          rate           size/glue  tier1 irredundant
c 
c t 759.89 45 17 250 362707  2 9595366 68353 2.1 29 14 1 2 85% 5697 497 30%
c k 759.89 45 17 250 362707  2 9595366 68353 2.1 29 14 1 2 85% 5697 497 30%
c s 763.77 45 17 250 366715  2 9632350 95618 2.0 29 14 1 2 85% 5696 497 30%
c t 763.77 45 17 250 366715  2 9632350 95618 2.0 29 14 1 2 85% 5696 497 30%
c e 763.78 45 17 250 366715  2 9632350 95618 2.0 29 14 1 2 85% 5696 497 30%
c s 764.16 45 17 250 366715  2 9632350 95552 2.0 29 14 1 2 85% 5696 497 30%
c . 768.31 45 17 251 368930  2 9672807 126383 2.0 28 14 1 2 83% 5696 497 30%
c G 768.32 45 17 251 368930  2 9672807 69393 2.0 28 14 1 2 83% 5696 497 30%
c C 768.33 45 17 251 368930  2 9672807 69393 2.0 28 14 1 2 83% 5696 497 30%
c - 768.33 45 17 251 368930  2 9672807 69393 2.0 28 14 1 2 83% 5696 497 30%
c 2 768.33 45 17 251 368930  2 9672807 69393 2.0 28 14 1 2 83% 5696 497 30%
c d 768.33 45 17 251 368930  2 9672807 69393 2.0 28 14 1 2 83% 5696 497 30%
c p 768.33 45 17 251 368930  2 9672807 69393 2.0 28 14 1 2 83% 5696 497 30%
c k 768.33 45 17 251 368930  2 9672807 69393 2.0 28 14 1 2 83% 5696 497 30%
c 2 768.33 45 17 251 368930  2 9672807 69393 2.0 28 14 1 2 83% 5696 497 30%
c u 768.45 45 17 251 368930  2 9672807 69345 2.0 28 14 1 2 83% 5696 497 30%
c v 768.51 45 17 251 368930  2 9672807 69210 2.0 28 14 1 2 83% 5696 497 30%
c w 768.55 45 17 251 368930  2 9672807 69161 2.0 28 14 1 2 83% 5696 497 30%
c t 768.55 45 17 251 368930  2 9672807 69161 2.0 28 14 1 2 83% 5696 497 30%
c k 768.55 45 17 251 368930  2 9672807 69161 2.0 28 14 1 2 83% 5696 497 30%
c 
c  seconds    reductions      conflicts         size   tier2     variables
c          MB       restarts         redundant     glue   trail      remaining
c           level          rate           size/glue  tier1 irredundant
c 
c 2 768.55 45 17 251 368930  2 9672807 69161 2.0 28 14 1 2 83% 5696 497 30%
c f 768.55 45 17 251 368930  2 9672807 69161 2.0 28 14 1 2 83% 5696 497 30%
c ~ 774.44 45 16 251 370321  1 9730216 108082 2.1 28 13 1 2 86% 5696 497 30%
c W 776.11 45 16 251 370321  1 9730217 108083 2.1 28 13 1 2 86% 5696 497 30%
c . 778.57 45 16 252 372519  1 9750560 120619 2.0 28 14 1 2 86% 5696 497 30%
c G 778.58 45 16 252 372519  1 9750560 68100 2.0 28 14 1 2 86% 5696 497 30%
c C 778.59 45 16 252 372519  1 9750560 68100 2.0 28 14 1 2 86% 5696 497 30%
c - 778.59 45 16 252 372519  1 9750560 68100 2.0 28 14 1 2 86% 5696 497 30%
c 2 778.59 45 16 252 372519  1 9750560 68100 2.0 28 14 1 2 86% 5696 497 30%
c d 778.59 45 16 252 372519  1 9750560 68100 2.0 28 14 1 2 86% 5696 497 30%
c p 778.59 45 16 252 372519  1 9750560 68100 2.0 28 14 1 2 86% 5696 497 30%
c k 778.59 45 16 252 372519  1 9750560 68100 2.0 28 14 1 2 86% 5696 497 30%
c 2 778.59 45 16 252 372519  1 9750560 68100 2.0 28 14 1 2 86% 5696 497 30%
c u 778.71 45 16 252 372519  1 9750560 68066 2.0 28 14 1 2 86% 5696 497 30%
c v 778.78 45 16 252 372519  1 9750560 67902 2.0 28 14 1 2 86% 5696 497 30%
c w 778.78 45 16 252 372519  1 9750560 67902 2.0 28 14 1 2 86% 5696 497 30%
c t 778.78 45 16 252 372519  1 9750560 67902 2.0 28 14 1 2 86% 5696 497 30%
c k 778.78 45 16 252 372519  1 9750560 67902 2.0 28 14 1 2 86% 5696 497 30%
c } 780.33 45 16 252 373774  1 9765266 80465 2.1 28 13 1 2 86% 5696 497 30%
c [ 780.33 45 17 252 373774  1 9765266 80465 1.8 26 15 1 2 87% 5696 497 30%
c 
c  seconds    reductions      conflicts          size   tier2     variables
c          MB       restarts         redundant      glue   trail      remaining
c           level          rate            size/glue  tier1 irredundant
c 
c . 787.73 45 14 253 373776  1 9828627 137080 2.4 28 12 1 2 89% 5696 497 30%
c G 787.74 45 14 253 373776  1 9828627 72265 2.4 28 12 1 2 89% 5696 497 30%
c C 787.75 45 14 253 373776  1 9828627 72265 2.4 28 12 1 2 89% 5696 497 30%
c - 787.75 45 14 253 373776  1 9828627 72265 2.4 28 12 1 2 89% 5696 497 30%
c 2 787.75 45 14 253 373776  1 9828627 72265 2.4 28 12 1 2 89% 5696 497 30%
c d 787.75 45 14 253 373776  1 9828627 72265 2.4 28 12 1 2 89% 5696 497 30%
c p 787.76 45 14 253 373776  1 9828627 72265 2.4 28 12 1 2 89% 5696 497 30%
c k 787.76 45 14 253 373776  1 9828627 72265 2.4 28 12 1 2 89% 5696 497 30%
c 2 787.76 45 14 253 373776  1 9828627 72265 2.4 28 12 1 2 89% 5696 497 30%
c u 787.87 45 14 253 373776  1 9828627 72246 2.4 28 12 1 2 89% 5696 497 30%
c v 787.97 45 14 253 373776  1 9828627 71961 2.4 28 12 1 2 89% 5696 497 30%
c w 787.97 45 14 253 373776  1 9828627 71961 2.4 28 12 1 2 89% 5696 497 30%
c t 787.97 45 14 253 373776  1 9828627 71961 2.4 28 12 1 2 89% 5696 497 30%
c k 787.97 45 14 253 373776  1 9828627 71961 2.4 28 12 1 2 89% 5696 497 30%
c ~ 790.47 45 15 253 373796  1 9870220 97173 2.2 26 12 1 2 87% 5696 497 30%
c W 791.12 45 15 253 373796  1 9870221 97174 2.2 26 12 1 2 87% 5696 497 30%
c . 793.45 45 15 254 373805  1 9907004 119556 2.1 25 12 1 2 85% 5696 497 30%
c G 793.45 45 15 254 373805  1 9907004 65164 2.1 25 12 1 2 85% 5696 497 30%
c C 793.46 45 15 254 373805  1 9907004 65164 2.1 25 12 1 2 85% 5696 497 30%
c - 793.46 45 15 254 373805  1 9907004 65164 2.1 25 12 1 2 85% 5696 497 30%
c 
c  seconds    reductions      conflicts         size   tier2     variables
c          MB       restarts         redundant     glue   trail      remaining
c           level          rate           size/glue  tier1 irredundant
c 
c 2 793.46 45 15 254 373805  1 9907004 65164 2.1 25 12 1 2 85% 5696 497 30%
c d 793.47 45 15 254 373805  1 9907004 65164 2.1 25 12 1 2 85% 5696 497 30%
c p 793.47 45 15 254 373805  1 9907004 65164 2.1 25 12 1 2 85% 5696 497 30%
c k 793.47 45 15 254 373805  1 9907004 65164 2.1 25 12 1 2 85% 5696 497 30%
c 2 793.47 45 15 254 373805  1 9907004 65164 2.1 25 12 1 2 85% 5696 497 30%
c u 793.55 45 15 254 373805  1 9907004 65123 2.1 25 12 1 2 85% 5696 497 30%
c v 793.59 45 15 254 373805  1 9907004 65048 2.1 25 12 1 2 85% 5696 497 30%
c w 793.59 45 15 254 373805  1 9907004 65048 2.1 25 12 1 2 85% 5696 497 30%
c t 793.59 45 15 254 373805  1 9907004 65048 2.1 25 12 1 2 85% 5696 497 30%
c k 793.59 45 15 254 373805  1 9907004 65048 2.1 25 12 1 2 85% 5696 497 30%
c . 798.59 45 15 255 373836  1 9985694 115581 1.9 24 12 1 2 84% 5696 497 30%
c G 798.60 45 15 255 373836  1 9985694 59916 1.9 24 12 1 2 84% 5696 497 30%
c C 798.61 45 15 255 373836  1 9985694 59916 1.9 24 12 1 2 84% 5696 497 30%
c - 798.61 45 15 255 373836  1 9985694 59916 1.9 24 12 1 2 84% 5696 497 30%
c 2 798.61 45 15 255 373836  1 9985694 59916 1.9 24 12 1 2 84% 5696 497 30%
c d 798.61 45 15 255 373836  1 9985694 59916 1.9 24 12 1 2 84% 5696 497 30%
c p 798.61 45 15 255 373836  1 9985694 59916 1.9 24 12 1 2 84% 5696 497 30%
c k 798.61 45 15 255 373836  1 9985694 59916 1.9 24 12 1 2 84% 5696 497 30%
c 2 798.61 45 15 255 373836  1 9985694 59916 1.9 24 12 1 2 84% 5696 497 30%
c u 798.69 45 15 255 373836  1 9985694 59876 1.9 24 12 1 2 84% 5696 497 30%
c 
c  seconds    reductions      conflicts         size   tier2     variables
c          MB       restarts         redundant     glue   trail      remaining
c           level          rate           size/glue  tier1 irredundant
c 
c v 798.74 45 15 255 373836  1 9985694 59788 1.9 24 12 1 2 84% 5696 497 30%
c w 798.74 45 15 255 373836  1 9985694 59788 1.9 24 12 1 2 84% 5696 497 30%
c t 798.74 45 15 255 373836  1 9985694 59788 1.9 24 12 1 2 84% 5696 497 30%
c k 798.74 45 15 255 373836  1 9985694 59788 1.9 24 12 1 2 84% 5696 497 30%
c ~ 800.50 45 15 255 373837  1 10011222 76115 1.9 24 13 1 2 85% 5696 497 30%
c I 800.50 45 15 255 373837  1 10011223 76116 1.9 24 13 1 2 85% 5696 497 30%
c . 803.91 45 16 256 373858  1 10064694 106395 1.8 24 14 1 2 86% 5696 497 30%
c G 803.92 45 16 256 373858  1 10064694 58311 1.8 24 14 1 2 86% 5696 497 30%
c C 803.93 45 16 256 373858  1 10064694 58311 1.8 24 14 1 2 86% 5696 497 30%
c - 803.93 45 16 256 373858  1 10064694 58311 1.8 24 14 1 2 86% 5696 497 30%
c 2 803.93 45 16 256 373858  1 10064694 58311 1.8 24 14 1 2 86% 5696 497 30%
c d 803.93 45 16 256 373858  1 10064694 58311 1.8 24 14 1 2 86% 5696 497 30%
c p 803.93 45 16 256 373858  1 10064694 58311 1.8 24 14 1 2 86% 5696 497 30%
c k 803.93 45 16 256 373858  1 10064694 58311 1.8 24 14 1 2 86% 5696 497 30%
c 2 803.93 45 16 256 373858  1 10064694 58311 1.8 24 14 1 2 86% 5696 497 30%
c u 804.02 45 16 256 373858  1 10064694 58277 1.8 24 14 1 2 86% 5696 497 30%
c v 804.06 45 16 256 373858  1 10064694 58022 1.8 24 14 1 2 86% 5696 497 30%
c w 804.06 45 16 256 373858  1 10064694 58022 1.8 24 14 1 2 86% 5696 497 30%
c t 804.06 45 16 256 373858  1 10064694 58022 1.8 24 14 1 2 86% 5696 497 30%
c k 804.06 45 16 256 373858  1 10064694 58022 1.8 24 14 1 2 86% 5696 497 30%
c 
c  seconds    reductions      conflicts           size   tier2     variables
c          MB       restarts          redundant      glue   trail      remaining
c           level          rate             size/glue  tier1 irredundant
c 
c . 809.37 45 15 257 373886  1 10144008 100868 1.7 23 14 1 2 85% 5696 497 30%
c G 809.37 45 15 257 373886  1 10144008 56202 1.7 23 14 1 2 85% 5696 497 30%
c C 809.38 45 15 257 373886  1 10144008 56202 1.7 23 14 1 2 85% 5696 497 30%
c - 809.38 45 15 257 373886  1 10144008 56202 1.7 23 14 1 2 85% 5696 497 30%
c 2 809.38 45 15 257 373886  1 10144008 56202 1.7 23 14 1 2 85% 5696 497 30%
c d 809.38 45 15 257 373886  1 10144008 56202 1.7 23 14 1 2 85% 5696 497 30%
c p 809.38 45 15 257 373886  1 10144008 56202 1.7 23 14 1 2 85% 5696 497 30%
c c 809.38 45 15 257 373886  1 10144008 56202 1.7 23 14 1 2 85% 5696 497 30%
c k 809.39 45 15 257 373886  1 10144008 56202 1.7 23 14 1 2 85% 5696 497 30%
c 2 809.39 45 15 257 373886  1 10144008 56202 1.7 23 14 1 2 85% 5696 497 30%
c u 809.47 45 15 257 373886  1 10144008 56174 1.7 23 14 1 2 85% 5696 497 30%
c v 809.51 45 15 257 373886  1 10144008 55856 1.7 23 14 1 2 85% 5696 497 30%
c w 809.51 45 15 257 373886  1 10144008 55856 1.7 23 14 1 2 85% 5696 497 30%
c t 809.51 45 15 257 373886  1 10144008 55856 1.7 23 14 1 2 85% 5696 497 30%
c k 809.51 45 15 257 373886  1 10144008 55856 1.7 23 14 1 2 85% 5696 497 30%
c ~ 810.10 45 16 257 373891  1 10153224 61895 1.7 23 14 1 2 85% 5696 497 30%
c B 810.10 45 16 257 373891  1 10153225 61896 1.7 23 14 1 2 85% 5696 497 30%
c ] 811.10 45 16 257 373898  1 10169034 72223 1.7 23 14 1 2 85% 5696 497 30%
c { 811.10 45 16 257 373898  1 10169034 72223 2.1 28 13 1 2 86% 5696 497 30%
c . 817.20 45 16 258 378764  2 10223633 115701 2.1 29 14 1 2 87% 5696 497 30%
c 
c  seconds    reductions      conflicts          size   tier2     variables
c          MB       restarts          redundant     glue   trail      remaining
c           level          rate            size/glue  tier1 irredundant
c 
c G 817.20 45 16 258 378764  2 10223633 66435 2.1 29 14 1 2 87% 5696 497 30%
c C 817.21 45 16 258 378764  2 10223633 66435 2.1 29 14 1 2 87% 5696 497 30%
c - 817.21 45 16 258 378764  2 10223633 66435 2.1 29 14 1 2 87% 5696 497 30%
c 2 817.21 45 16 258 378764  2 10223633 66435 2.1 29 14 1 2 87% 5696 497 30%
c d 817.21 45 16 258 378764  2 10223633 66435 2.1 29 14 1 2 87% 5696 497 30%
c p 817.22 45 16 258 378764  2 10223633 66435 2.1 29 14 1 2 87% 5696 497 30%
c k 817.22 45 16 258 378764  2 10223633 66435 2.1 29 14 1 2 87% 5696 497 30%
c 2 817.22 45 16 258 378764  2 10223633 66435 2.1 29 14 1 2 87% 5696 497 30%
c u 817.33 45 16 258 378764  2 10223633 66386 2.1 29 14 1 2 87% 5696 497 30%
c v 817.39 45 16 258 378764  2 10223633 66022 2.1 29 14 1 2 87% 5696 497 30%
c w 817.42 45 16 258 378764  2 10223633 65923 2.1 29 14 1 2 87% 5696 497 30%
c t 817.42 45 16 258 378764  2 10223633 65923 2.1 29 14 1 2 87% 5696 497 30%
c k 817.42 45 16 258 378764  2 10223633 65923 2.1 29 14 1 2 87% 5696 497 30%
c ~ 825.99 45 16 258 384562  1 10296226 119481 2.2 29 14 1 2 88% 5696 497 30%
c # 825.99 45 16 258 384562  1 10296227 119482 2.2 29 14 1 2 88% 5696 497 30%
c . 827.13 45 17 259 386155  2 10303570 125398 2.2 30 14 1 2 88% 5696 497 30%
c G 827.14 45 17 259 386155  2 10303570 70577 2.2 30 14 1 2 88% 5696 497 30%
c C 827.15 46 17 259 386155  2 10303570 70577 2.2 30 14 1 2 88% 5696 497 30%
c - 827.15 46 17 259 386155  2 10303570 70577 2.2 30 14 1 2 88% 5696 497 30%
c 2 827.15 46 17 259 386155  2 10303570 70577 2.2 30 14 1 2 88% 5696 497 30%
c 
c  seconds    reductions      conflicts          size   tier2     variables
c          MB       restarts          redundant     glue   trail      remaining
c           level          rate            size/glue  tier1 irredundant
c 
c d 827.15 46 17 259 386155  2 10303570 70577 2.2 30 14 1 2 88% 5696 497 30%
c p 827.16 46 17 259 386155  2 10303570 70577 2.2 30 14 1 2 88% 5696 497 30%
c k 827.16 46 17 259 386155  2 10303570 70577 2.2 30 14 1 2 88% 5696 497 30%
c 2 827.16 46 17 259 386155  2 10303570 70577 2.2 30 14 1 2 88% 5696 497 30%
c u 827.28 46 17 259 386155  2 10303570 70511 2.2 30 14 1 2 88% 5696 497 30%
c v 827.37 46 17 259 386155  2 10303570 70192 2.2 30 14 1 2 88% 5696 497 30%
c w 827.42 46 17 259 386155  2 10303570 70058 2.2 30 14 1 2 88% 5696 497 30%
c t 827.42 46 17 259 386155  2 10303570 70058 2.2 30 14 1 2 88% 5696 497 30%
c k 827.42 46 17 259 386155  2 10303570 70058 2.2 30 14 1 2 88% 5696 497 30%
c . 835.19 46 17 260 393176  2 10383817 125081 2.0 28 14 1 2 86% 5696 497 30%
c G 835.20 46 17 260 393176  2 10383817 70666 2.0 28 14 1 2 86% 5696 497 30%
c C 835.21 46 17 260 393176  2 10383817 70666 2.0 28 14 1 2 86% 5696 497 30%
c - 835.21 46 17 260 393176  2 10383817 70666 2.0 28 14 1 2 86% 5696 497 30%
c 2 835.21 46 17 260 393176  2 10383817 70666 2.0 28 14 1 2 86% 5696 497 30%
c d 835.21 46 17 260 393176  2 10383817 70666 2.0 28 14 1 2 86% 5696 497 30%
c p 835.22 46 17 260 393176  2 10383817 70666 2.0 28 14 1 2 86% 5696 497 30%
c k 835.22 46 17 260 393176  2 10383817 70666 2.0 28 14 1 2 86% 5696 497 30%
c 2 835.22 46 17 260 393176  2 10383817 70666 2.0 28 14 1 2 86% 5696 497 30%
c u 835.33 46 17 260 393176  2 10383817 70630 2.0 28 14 1 2 86% 5696 497 30%
c v 835.39 46 17 260 393176  2 10383817 70431 2.0 28 14 1 2 86% 5696 497 30%
c 
c  seconds    reductions      conflicts          size   tier2     variables
c          MB       restarts          redundant     glue   trail      remaining
c           level          rate            size/glue  tier1 irredundant
c 
c w 835.43 46 17 260 393176  2 10383817 70351 2.0 28 14 1 2 86% 5696 497 30%
c t 835.43 46 17 260 393176  2 10383817 70351 2.0 28 14 1 2 86% 5696 497 30%
c k 835.43 46 17 260 393176  2 10383817 70351 2.0 28 14 1 2 86% 5696 497 30%
c ~ 840.60 46 16 260 395236  1 10440228 105179 1.9 25 14 1 2 81% 5696 497 30%
c B 840.61 46 16 260 395236  1 10440229 105180 1.9 25 14 1 2 81% 5696 497 30%
c . 843.21 46 17 261 398318  1 10464376 122688 1.8 26 14 1 2 80% 5696 497 30%
c G 843.22 46 17 261 398318  1 10464376 70374 1.8 26 14 1 2 80% 5696 497 30%
c C 843.23 46 17 261 398318  1 10464376 70374 1.8 26 14 1 2 80% 5696 497 30%
c - 843.23 46 17 261 398318  1 10464376 70374 1.8 26 14 1 2 80% 5696 497 30%
c 2 843.23 46 17 261 398318  1 10464376 70374 1.8 26 14 1 2 80% 5696 497 30%
c d 843.23 46 17 261 398318  1 10464376 70374 1.8 26 14 1 2 80% 5696 497 30%
c p 843.23 46 17 261 398318  1 10464376 70374 1.8 26 14 1 2 80% 5696 497 30%
c k 843.23 46 17 261 398318  1 10464376 70374 1.8 26 14 1 2 80% 5696 497 30%
c 2 843.23 46 17 261 398318  1 10464376 70374 1.8 26 14 1 2 80% 5696 497 30%
c u 843.34 46 17 261 398318  1 10464376 70343 1.8 26 14 1 2 80% 5696 497 30%
c v 843.41 46 17 261 398318  1 10464376 70121 1.8 26 14 1 2 80% 5696 497 30%
c w 843.43 46 17 261 398318  1 10464376 69919 1.8 26 14 1 2 80% 5696 497 30%
c t 843.43 46 17 261 398318  1 10464376 69919 1.8 26 14 1 2 80% 5696 497 30%
c k 843.43 46 17 261 398318  1 10464376 69919 1.8 26 14 1 2 80% 5696 497 30%
c } 846.39 46 16 261 399530  1 10491740 92260 2.0 28 14 1 2 82% 5696 497 30%
c 
c  seconds    reductions      conflicts          size   tier2     variables
c          MB       restarts          redundant     glue   trail      remaining
c           level          rate            size/glue  tier1 irredundant
c 
c [ 846.39 46 16 261 399530  1 10491740 92260 1.7 23 14 1 2 85% 5696 497 30%
c . 850.40 46 16 262 399532  1 10545250 120309 1.6 22 14 1 2 86% 5696 497 30%
c G 850.41 46 16 262 399532  1 10545250 69092 1.6 22 14 1 2 86% 5696 497 30%
c C 850.42 36 16 262 399532  1 10545250 69092 1.6 22 14 1 2 86% 5696 497 30%
c - 850.42 36 16 262 399532  1 10545250 69092 1.6 22 14 1 2 86% 5696 497 30%
c 2 850.42 36 16 262 399532  1 10545250 69092 1.6 22 14 1 2 86% 5696 497 30%
c d 850.42 36 16 262 399532  1 10545250 69092 1.6 22 14 1 2 86% 5696 497 30%
c p 850.43 36 16 262 399532  1 10545250 69092 1.6 22 14 1 2 86% 5696 497 30%
c k 850.43 36 16 262 399532  1 10545250 69092 1.6 22 14 1 2 86% 5696 497 30%
c 2 850.43 36 16 262 399532  1 10545250 69092 1.6 22 14 1 2 86% 5696 497 30%
c u 850.53 36 16 262 399532  1 10545250 69059 1.6 22 14 1 2 86% 5696 497 30%
c v 850.59 36 16 262 399532  1 10545250 68753 1.6 22 14 1 2 86% 5696 497 30%
c w 850.59 36 16 262 399532  1 10545250 68752 1.6 22 14 1 2 86% 5696 497 30%
c t 850.59 36 16 262 399532  1 10545250 68752 1.6 22 14 1 2 86% 5696 497 30%
c k 850.59 36 16 262 399532  1 10545250 68752 1.6 22 14 1 2 86% 5696 497 30%
c ~ 853.76 36 16 262 399533  1 10585230 93942 1.6 24 14 1 2 87% 5696 497 30%
c W 855.74 36 16 262 399533  1 10585231 93943 1.6 24 14 1 2 87% 5696 497 30%
c . 859.34 36 17 263 399543  1 10626433 121591 1.7 25 15 1 2 87% 5696 497 30%
c G 859.35 36 17 263 399543  1 10626433 66139 1.7 25 15 1 2 87% 5696 497 30%
c C 859.36 40 17 263 399543  1 10626433 66139 1.7 25 15 1 2 87% 5696 497 30%
c 
c  seconds    reductions      conflicts          size   tier2     variables
c          MB       restarts          redundant     glue   trail      remaining
c           level          rate            size/glue  tier1 irredundant
c 
c - 859.36 40 17 263 399543  1 10626433 66139 1.7 25 15 1 2 87% 5696 497 30%
c 2 859.36 40 17 263 399543  1 10626433 66139 1.7 25 15 1 2 87% 5696 497 30%
c d 859.36 40 17 263 399543  1 10626433 66139 1.7 25 15 1 2 87% 5696 497 30%
c p 859.37 40 17 263 399543  1 10626433 66139 1.7 25 15 1 2 87% 5696 497 30%
c k 859.37 40 17 263 399543  1 10626433 66139 1.7 25 15 1 2 87% 5696 497 30%
c 2 859.37 40 17 263 399543  1 10626433 66139 1.7 25 15 1 2 87% 5696 497 30%
c u 859.47 40 17 263 399543  1 10626433 66098 1.7 25 15 1 2 87% 5696 497 30%
c v 859.54 40 17 263 399543  1 10626433 65966 1.7 25 15 1 2 87% 5696 497 30%
c w 859.54 40 17 263 399543  1 10626433 65966 1.7 25 15 1 2 87% 5696 497 30%
c t 859.54 40 17 263 399543  1 10626433 65966 1.7 25 15 1 2 87% 5696 497 30%
c k 859.54 40 17 263 399543  1 10626433 65966 1.7 25 15 1 2 87% 5696 497 30%
c . 864.96 40 16 264 399573  1 10707928 116767 1.6 24 15 1 2 88% 5696 497 30%
c G 864.97 40 16 264 399573  1 10707928 61782 1.6 24 15 1 2 88% 5696 497 30%
c C 864.98 40 16 264 399573  1 10707928 61782 1.6 24 15 1 2 88% 5696 497 30%
c - 864.98 40 16 264 399573  1 10707928 61782 1.6 24 15 1 2 88% 5696 497 30%
c 2 864.98 40 16 264 399573  1 10707928 61782 1.6 24 15 1 2 88% 5696 497 30%
c d 864.98 40 16 264 399573  1 10707928 61782 1.6 24 15 1 2 88% 5696 497 30%
c p 864.98 40 16 264 399573  1 10707928 61782 1.6 24 15 1 2 88% 5696 497 30%
c k 864.99 40 16 264 399573  1 10707928 61782 1.6 24 15 1 2 88% 5696 497 30%
c 2 864.99 40 16 264 399573  1 10707928 61782 1.6 24 15 1 2 88% 5696 497 30%
c 
c  seconds    reductions      conflicts          size   tier2     variables
c          MB       restarts          redundant     glue   trail      remaining
c           level          rate            size/glue  tier1 irredundant
c 
c u 865.07 40 16 264 399573  1 10707928 61765 1.6 24 15 1 2 88% 5696 497 30%
c v 865.12 40 16 264 399573  1 10707928 61623 1.6 24 15 1 2 88% 5696 497 30%
c w 865.12 40 16 264 399573  1 10707928 61623 1.6 24 15 1 2 88% 5696 497 30%
c t 865.12 40 16 264 399573  1 10707928 61623 1.6 24 15 1 2 88% 5696 497 30%
c k 865.12 40 16 264 399573  1 10707928 61623 1.6 24 15 1 2 88% 5696 497 30%
c ~ 866.60 40 16 264 399583  1 10731231 73469 1.6 24 14 1 2 88% 5696 497 30%
c O 866.60 40 16 264 399583  1 10731232 73470 1.6 24 14 1 2 88% 5696 497 30%
c . 873.13 40 16 265 399596  1 10789736 99273 1.6 23 15 1 2 88% 5696 497 30%
c G 873.14 40 16 265 399596  1 10789736 58638 1.6 23 15 1 2 88% 5696 497 30%
c C 873.15 40 16 265 399596  1 10789736 58638 1.6 23 15 1 2 88% 5696 497 30%
c - 873.15 40 16 265 399596  1 10789736 58638 1.6 23 15 1 2 88% 5696 497 30%
c 2 873.15 40 16 265 399596  1 10789736 58638 1.6 23 15 1 2 88% 5696 497 30%
c d 873.15 40 16 265 399596  1 10789736 58638 1.6 23 15 1 2 88% 5696 497 30%
c p 873.15 40 16 265 399596  1 10789736 58638 1.6 23 15 1 2 88% 5696 497 30%
c k 873.15 40 16 265 399596  1 10789736 58638 1.6 23 15 1 2 88% 5696 497 30%
c 2 873.15 40 16 265 399596  1 10789736 58638 1.6 23 15 1 2 88% 5696 497 30%
c u 873.25 40 16 265 399596  1 10789736 58620 1.6 23 15 1 2 88% 5696 497 30%
c v 873.33 40 16 265 399596  1 10789736 58192 1.6 23 15 1 2 88% 5696 497 30%
c w 873.33 40 16 265 399596  1 10789736 58192 1.6 23 15 1 2 88% 5696 497 30%
c t 873.33 40 16 265 399596  1 10789736 58192 1.6 23 15 1 2 88% 5696 497 30%
c 
c  seconds    reductions      conflicts          size   tier2     variables
c          MB       restarts          redundant     glue   trail      remaining
c           level          rate            size/glue  tier1 irredundant
c 
c k 873.33 40 16 265 399596  1 10789736 58192 1.6 23 15 1 2 88% 5696 497 30%
c ] 881.09 40 16 265 399624  1 10862273 98339 1.7 24 14 1 2 88% 5696 497 30%
c { 881.09 40 16 265 399624  1 10862273 98339 2.0 28 14 1 2 82% 5696 497 30%
c . 882.53 40 17 266 401706  2 10871857 105333 2.0 28 14 1 2 82% 5696 497 30%
c G 882.54 40 17 266 401706  2 10871857 63294 2.0 28 14 1 2 82% 5696 497 30%
c C 882.55 43 17 266 401706  2 10871857 63294 2.0 28 14 1 2 82% 5696 497 30%
c - 882.55 43 17 266 401706  2 10871857 63294 2.0 28 14 1 2 82% 5696 497 30%
c 2 882.55 43 17 266 401706  2 10871857 63294 2.0 28 14 1 2 82% 5696 497 30%
c d 882.55 43 17 266 401706  2 10871857 63294 2.0 28 14 1 2 82% 5696 497 30%
c p 882.55 43 17 266 401706  2 10871857 63294 2.0 28 14 1 2 82% 5696 497 30%
c k 882.55 43 17 266 401706  2 10871857 63294 2.0 28 14 1 2 82% 5696 497 30%
c 2 882.55 43 17 266 401706  2 10871857 63294 2.0 28 14 1 2 82% 5696 497 30%
c u 882.65 43 17 266 401706  2 10871857 63252 2.0 28 14 1 2 82% 5696 497 30%
c v 882.69 43 17 266 401706  2 10871857 62839 2.0 28 14 1 2 82% 5696 497 30%
c w 882.72 43 17 266 401706  2 10871857 62747 2.0 28 14 1 2 82% 5696 497 30%
c x 882.76 43 17 266 401706  2 10871857 62746 2.0 28 14 1 2 82% 5692 497 30%
c t 882.76 43 17 266 401706  2 10871857 62746 2.0 28 14 1 2 82% 5692 497 30%
c k 882.77 43 17 266 401706  2 10871857 62746 2.0 28 14 1 2 82% 5692 497 30%
c 2 882.77 43 17 266 401706  2 10871857 62746 2.0 28 14 1 2 82% 5692 497 30%
c f 882.77 43 17 266 401706  2 10871857 62746 2.0 28 14 1 2 82% 5692 497 30%
c 
c  seconds    reductions      conflicts          size   tier2     variables
c          MB       restarts          redundant     glue   trail      remaining
c           level          rate            size/glue  tier1 irredundant
c 
c s 883.06 43 17 266 401706  2 10871857 62520 2.0 28 14 1 2 82% 5692 497 30%
c t 883.06 43 17 266 401706  2 10871857 62520 2.0 28 14 1 2 82% 5692 497 30%
c e 883.06 43 17 266 401706  2 10871857 61777 2.0 28 14 1 2 82% 5708 496 30%
c s 883.35 43 17 266 401706  2 10871857 61732 2.0 28 14 1 2 82% 5705 496 30%
c e 883.36 43 17 266 401706  2 10871857 61732 2.0 28 14 1 2 82% 5705 496 30%
c ~ 884.04 43 17 266 402744  2 10878232 66807 2.0 28 14 1 2 82% 5705 496 30%
c W 885.26 43 17 266 402744  2 10878233 66808 2.0 28 14 1 2 82% 5705 496 30%
c . 893.92 43 17 267 408345  2 10954288 128521 2.1 30 14 1 2 85% 5705 496 30%
c G 893.93 43 17 267 408345  2 10954288 71555 2.1 30 14 1 2 85% 5705 496 30%
c C 893.94 48 17 267 408345  2 10954288 71555 2.1 30 14 1 2 85% 5705 496 30%
c - 893.94 48 17 267 408345  2 10954288 71555 2.1 30 14 1 2 85% 5705 496 30%
c 2 893.94 48 17 267 408345  2 10954288 71555 2.1 30 14 1 2 85% 5705 496 30%
c d 893.94 48 17 267 408345  2 10954288 71555 2.1 30 14 1 2 85% 5705 496 30%
c p 893.94 48 17 267 408345  2 10954288 71555 2.1 30 14 1 2 85% 5705 496 30%
c k 893.94 48 17 267 408345  2 10954288 71555 2.1 30 14 1 2 85% 5705 496 30%
c 2 893.94 48 17 267 408345  2 10954288 71555 2.1 30 14 1 2 85% 5705 496 30%
c u 894.07 48 17 267 408345  2 10954288 71464 2.1 30 14 1 2 85% 5705 496 30%
c v 894.15 48 17 267 408345  2 10954288 71178 2.1 30 14 1 2 85% 5705 496 30%
c w 894.19 48 17 267 408345  2 10954288 71111 2.1 30 14 1 2 85% 5705 496 30%
c t 894.19 48 17 267 408345  2 10954288 71111 2.1 30 14 1 2 85% 5705 496 30%
c 
c  seconds    reductions      conflicts          size   tier2     variables
c          MB       restarts          redundant     glue   trail      remaining
c           level          rate            size/glue  tier1 irredundant
c 
c k 894.19 48 17 267 408345  2 10954288 71111 2.1 30 14 1 2 85% 5705 496 30%
c 2 894.20 48 17 267 408345  2 10954288 71111 2.1 30 14 1 2 85% 5705 496 30%
c f 894.20 48 17 267 408345  2 10954288 71111 2.1 30 14 1 2 85% 5705 496 30%
c ~ 902.63 48 17 267 414620  2 11026234 123355 2.1 31 14 1 2 87% 5705 496 30%
c F 902.63 48 17 267 414620  2 11026235 123356 2.1 31 14 1 2 87% 5705 496 30%
c . 903.99 48 17 268 415327  2 11037031 132302 2.1 30 14 1 2 86% 5705 496 30%
c G 903.99 48 17 268 415327  2 11037031 73412 2.1 30 14 1 2 86% 5705 496 30%
c C 904.01 48 17 268 415327  2 11037031 73412 2.1 30 14 1 2 86% 5705 496 30%
c - 904.01 48 17 268 415327  2 11037031 73412 2.1 30 14 1 2 86% 5705 496 30%
c 2 904.01 48 17 268 415327  2 11037031 73412 2.1 30 14 1 2 86% 5705 496 30%
c d 904.01 48 17 268 415327  2 11037031 73412 2.1 30 14 1 2 86% 5705 496 30%
c p 904.01 48 17 268 415327  2 11037031 73412 2.1 30 14 1 2 86% 5705 496 30%
c k 904.01 48 17 268 415327  2 11037031 73412 2.1 30 14 1 2 86% 5705 496 30%
c 2 904.01 48 17 268 415327  2 11037031 73412 2.1 30 14 1 2 86% 5705 496 30%
c u 904.13 48 17 268 415327  2 11037031 73346 2.1 30 14 1 2 86% 5705 496 30%
c v 904.23 48 17 268 415327  2 11037031 72947 2.1 30 14 1 2 86% 5705 496 30%
c w 904.27 48 17 268 415327  2 11037031 72874 2.1 30 14 1 2 86% 5705 496 30%
c t 904.27 48 17 268 415327  2 11037031 72874 2.1 30 14 1 2 86% 5705 496 30%
c k 904.27 48 17 268 415327  2 11037031 72874 2.1 30 14 1 2 86% 5705 496 30%
c . 912.56 48 16 269 420126  1 11120087 133362 2.1 30 14 1 2 86% 5705 496 30%
c 
c  seconds    reductions      conflicts          size   tier2     variables
c          MB       restarts          redundant     glue   trail      remaining
c           level          rate            size/glue  tier1 irredundant
c 
c G 912.57 48 16 269 420126  1 11120087 73700 2.1 30 14 1 2 86% 5705 496 30%
c C 912.58 48 16 269 420126  1 11120087 73700 2.1 30 14 1 2 86% 5705 496 30%
c - 912.58 48 16 269 420126  1 11120087 73700 2.1 30 14 1 2 86% 5705 496 30%
c 2 912.58 48 16 269 420126  1 11120087 73700 2.1 30 14 1 2 86% 5705 496 30%
c d 912.58 48 16 269 420126  1 11120087 73700 2.1 30 14 1 2 86% 5705 496 30%
c p 912.58 48 16 269 420126  1 11120087 73700 2.1 30 14 1 2 86% 5705 496 30%
c k 912.59 48 16 269 420126  1 11120087 73700 2.1 30 14 1 2 86% 5705 496 30%
c 2 912.59 48 16 269 420126  1 11120087 73700 2.1 30 14 1 2 86% 5705 496 30%
c = 912.89 48 16 269 420126  1 11120087 73700 2.1 30 14 1 2 86% 5705 496 30%
c u 913.01 48 16 269 420126  1 11120087 73640 2.1 30 14 1 2 86% 5705 496 30%
c v 913.09 48 16 269 420126  1 11120087 73311 2.1 30 14 1 2 86% 5705 496 30%
c w 913.12 48 16 269 420126  1 11120087 73100 2.1 30 14 1 2 86% 5705 496 30%
c t 913.12 48 16 269 420126  1 11120087 73100 2.1 30 14 1 2 86% 5705 496 30%
c k 913.12 48 16 269 420126  1 11120087 73100 2.1 30 14 1 2 86% 5705 496 30%
c ~ 920.37 48 16 269 425344  2 11175236 112922 2.1 29 14 1 2 88% 5705 496 30%
c B 920.37 48 16 269 425344  2 11175237 112923 2.1 29 14 1 2 88% 5705 496 30%
c } 920.53 48 16 269 425410  2 11176362 113694 2.1 29 14 1 2 88% 5705 496 30%
c [ 920.53 48 16 269 425410  1 11176362 113694 1.7 24 14 1 2 88% 5705 496 30%
c . 923.89 48 15 270 425413  1 11203455 124700 1.6 23 14 1 2 88% 5705 496 30%
c G 923.90 48 15 270 425413  1 11203455 71532 1.6 23 14 1 2 88% 5705 496 30%
c 
c  seconds    reductions      conflicts          size   tier2     variables
c          MB       restarts          redundant     glue   trail      remaining
c           level          rate            size/glue  tier1 irredundant
c 
c C 923.91 48 15 270 425413  1 11203455 71532 1.6 23 14 1 2 88% 5705 496 30%
c - 923.91 48 15 270 425413  1 11203455 71532 1.6 23 14 1 2 88% 5705 496 30%
c 2 923.91 48 15 270 425413  1 11203455 71532 1.6 23 14 1 2 88% 5705 496 30%
c d 923.91 48 15 270 425413  1 11203455 71532 1.6 23 14 1 2 88% 5705 496 30%
c p 923.91 48 15 270 425413  1 11203455 71532 1.6 23 14 1 2 88% 5705 496 30%
c k 923.91 48 15 270 425413  1 11203455 71532 1.6 23 14 1 2 88% 5705 496 30%
c 2 923.91 48 15 270 425413  1 11203455 71532 1.6 23 14 1 2 88% 5705 496 30%
c u 924.03 48 15 270 425413  1 11203455 71497 1.6 23 14 1 2 88% 5705 496 30%
c v 924.17 48 15 270 425413  1 11203455 71089 1.6 23 14 1 2 88% 5705 496 30%
c w 924.17 48 15 270 425413  1 11203455 71089 1.6 23 14 1 2 88% 5705 496 30%
c t 924.17 48 15 270 425413  1 11203455 71089 1.6 23 14 1 2 88% 5705 496 30%
c k 924.17 48 15 270 425413  1 11203455 71089 1.6 23 14 1 2 88% 5705 496 30%
c . 933.71 48 14 271 425444  1 11287133 122235 1.9 23 12 1 2 88% 5705 496 30%
c G 933.72 48 14 271 425444  1 11287133 70135 1.9 23 12 1 2 88% 5705 496 30%
c C 933.73 48 14 271 425444  1 11287133 70135 1.9 23 12 1 2 88% 5705 496 30%
c - 933.73 48 14 271 425444  1 11287133 70135 1.9 23 12 1 2 88% 5705 496 30%
c 2 933.73 48 14 271 425444  1 11287133 70135 1.9 23 12 1 2 88% 5705 496 30%
c d 933.73 48 14 271 425444  1 11287133 70135 1.9 23 12 1 2 88% 5705 496 30%
c p 933.73 48 14 271 425444  1 11287133 70135 1.9 23 12 1 2 88% 5705 496 30%
c k 933.74 48 14 271 425444  1 11287133 70135 1.9 23 12 1 2 88% 5705 496 30%
c 
c  seconds    reductions      conflicts          size   tier2     variables
c          MB       restarts          redundant     glue   trail      remaining
c           level          rate            size/glue  tier1 irredundant
c 
c 2 933.74 48 14 271 425444  1 11287133 70135 1.9 23 12 1 2 88% 5705 496 30%
c u 933.85 48 14 271 425444  1 11287133 70090 1.9 23 12 1 2 88% 5705 496 30%
c v 933.96 48 14 271 425444  1 11287133 69690 1.9 23 12 1 2 88% 5705 496 30%
c w 933.96 48 14 271 425444  1 11287133 69690 1.9 23 12 1 2 88% 5705 496 30%
c t 933.96 48 14 271 425444  1 11287133 69690 1.9 23 12 1 2 88% 5705 496 30%
c k 933.96 48 14 271 425444  1 11287133 69690 1.9 23 12 1 2 88% 5705 496 30%
c ~ 937.88 48 14 271 425446  1 11325238 94482 2.0 24 12 1 2 89% 5705 496 30%
c B 937.88 48 14 271 425446  1 11325239 94483 2.0 24 12 1 2 89% 5705 496 30%
c . 942.17 48 14 272 425446  1 11371124 120482 1.9 24 13 1 2 88% 5705 496 30%
c G 942.18 48 14 272 425446  1 11371124 65540 1.9 24 13 1 2 88% 5705 496 30%
c C 942.19 37 14 272 425446  1 11371124 65540 1.9 24 13 1 2 88% 5705 496 30%
c - 942.19 37 14 272 425446  1 11371124 65540 1.9 24 13 1 2 88% 5705 496 30%
c 2 942.19 37 14 272 425446  1 11371124 65540 1.9 24 13 1 2 88% 5705 496 30%
c d 942.19 37 14 272 425446  1 11371124 65540 1.9 24 13 1 2 88% 5705 496 30%
c p 942.20 37 14 272 425446  1 11371124 65540 1.9 24 13 1 2 88% 5705 496 30%
c k 942.20 37 14 272 425446  1 11371124 65540 1.9 24 13 1 2 88% 5705 496 30%
c 2 942.20 37 14 272 425446  1 11371124 65540 1.9 24 13 1 2 88% 5705 496 30%
c u 942.30 37 14 272 425446  1 11371124 65510 1.9 24 13 1 2 88% 5705 496 30%
c v 942.39 37 14 272 425446  1 11371124 65122 1.9 24 13 1 2 88% 5705 496 30%
c w 942.39 37 14 272 425446  1 11371124 65122 1.9 24 13 1 2 88% 5705 496 30%
c 
c  seconds    reductions      conflicts          size   tier2     variables
c          MB       restarts          redundant     glue   trail      remaining
c           level          rate            size/glue  tier1 irredundant
c 
c t 942.39 37 14 272 425446  1 11371124 65122 1.9 24 13 1 2 88% 5705 496 30%
c k 942.39 37 14 272 425446  1 11371124 65122 1.9 24 13 1 2 88% 5705 496 30%
c . 952.31 37 16 273 425447  1 11455426 117230 1.8 25 14 1 2 86% 5705 496 30%
c G 952.32 37 16 273 425447  1 11455426 64349 1.8 25 14 1 2 86% 5705 496 30%
c C 952.33 41 16 273 425447  1 11455426 64349 1.8 25 14 1 2 86% 5705 496 30%
c - 952.33 41 16 273 425447  1 11455426 64349 1.8 25 14 1 2 86% 5705 496 30%
c 2 952.33 41 16 273 425447  1 11455426 64349 1.8 25 14 1 2 86% 5705 496 30%
c d 952.33 41 16 273 425447  1 11455426 64349 1.8 25 14 1 2 86% 5705 496 30%
c p 952.33 41 16 273 425447  1 11455426 64349 1.8 25 14 1 2 86% 5705 496 30%
c k 952.33 41 16 273 425447  1 11455426 64349 1.8 25 14 1 2 86% 5705 496 30%
c 2 952.33 41 16 273 425447  1 11455426 64349 1.8 25 14 1 2 86% 5705 496 30%
c u 952.44 41 16 273 425447  1 11455426 64321 1.8 25 14 1 2 86% 5705 496 30%
c v 952.55 41 16 273 425447  1 11455426 63613 1.8 25 14 1 2 86% 5705 496 30%
c w 952.55 41 16 273 425447  1 11455426 63613 1.8 25 14 1 2 86% 5705 496 30%
c t 952.55 41 16 273 425447  1 11455426 63613 1.8 25 14 1 2 86% 5705 496 30%
c k 952.56 41 16 273 425447  1 11455426 63613 1.8 25 14 1 2 86% 5705 496 30%
c ~ 954.26 41 16 273 425447  1 11476239 75617 1.8 25 14 1 2 85% 5705 496 30%
c W 956.75 41 16 273 425447  1 11476240 75618 1.8 25 14 1 2 85% 5705 496 30%
c ] 958.30 41 16 273 425447  1 11493594 84818 1.7 24 14 1 2 84% 5705 496 30%
c { 958.30 41 16 273 425447  2 11493594 84818 2.1 29 14 1 2 88% 5705 496 30%
c 
c  seconds    reductions      conflicts           size   tier2     variables
c          MB       restarts          redundant      glue   trail      remaining
c           level          rate             size/glue  tier1 irredundant
c 
c . 962.55 41 16 274 427778  1 11540041 119214 2.1 27 13 1 2 82% 5705 496 30%
c G 962.56 41 16 274 427778  1 11540041 68529 2.1 27 13 1 2 82% 5705 496 30%
c C 962.57 45 16 274 427778  1 11540041 68529 2.1 27 13 1 2 82% 5705 496 30%
c - 962.57 45 16 274 427778  1 11540041 68529 2.1 27 13 1 2 82% 5705 496 30%
c 2 962.57 45 16 274 427778  1 11540041 68529 2.1 27 13 1 2 82% 5705 496 30%
c d 962.57 45 16 274 427778  1 11540041 68529 2.1 27 13 1 2 82% 5705 496 30%
c p 962.57 45 16 274 427778  1 11540041 68529 2.1 27 13 1 2 82% 5705 496 30%
c k 962.57 45 16 274 427778  1 11540041 68529 2.1 27 13 1 2 82% 5705 496 30%
c 2 962.57 45 16 274 427778  1 11540041 68529 2.1 27 13 1 2 82% 5705 496 30%
c u 962.68 45 16 274 427778  1 11540041 68502 2.1 27 13 1 2 82% 5705 496 30%
c v 962.74 45 16 274 427778  1 11540041 68206 2.1 27 13 1 2 82% 5705 496 30%
c w 962.77 45 16 274 427778  1 11540041 68059 2.1 27 13 1 2 82% 5705 496 30%
c t 962.77 45 16 274 427778  1 11540041 68059 2.1 27 13 1 2 82% 5705 496 30%
c k 962.77 45 16 274 427778  1 11540041 68059 2.1 27 13 1 2 82% 5705 496 30%
c . 973.09 45 17 275 436762  2 11624968 137181 2.0 28 14 1 2 82% 5705 496 30%
c G 973.10 45 17 275 436762  2 11624968 75941 2.0 28 14 1 2 82% 5705 496 30%
c C 973.12 50 17 275 436762  2 11624968 75941 2.0 28 14 1 2 82% 5705 496 30%
c - 973.12 50 17 275 436762  2 11624968 75941 2.0 28 14 1 2 82% 5705 496 30%
c 2 973.12 50 17 275 436762  2 11624968 75941 2.0 28 14 1 2 82% 5705 496 30%
c d 973.12 50 17 275 436762  2 11624968 75941 2.0 28 14 1 2 82% 5705 496 30%
c 
c  seconds    reductions      conflicts          size   tier2     variables
c          MB       restarts          redundant     glue   trail      remaining
c           level          rate            size/glue  tier1 irredundant
c 
c p 973.12 50 17 275 436762  2 11624968 75941 2.0 28 14 1 2 82% 5705 496 30%
c k 973.12 50 17 275 436762  2 11624968 75941 2.0 28 14 1 2 82% 5705 496 30%
c 2 973.12 50 17 275 436762  2 11624968 75941 2.0 28 14 1 2 82% 5705 496 30%
c u 973.24 50 17 275 436762  2 11624968 75909 2.0 28 14 1 2 82% 5705 496 30%
c v 973.34 50 17 275 436762  2 11624968 75407 2.0 28 14 1 2 82% 5705 496 30%
c w 973.39 50 17 275 436762  2 11624968 75227 2.0 28 14 1 2 82% 5705 496 30%
c t 973.39 50 17 275 436762  2 11624968 75227 2.0 28 14 1 2 82% 5705 496 30%
c k 973.39 50 17 275 436762  2 11624968 75227 2.0 28 14 1 2 82% 5705 496 30%
c ~ 973.68 50 17 275 436782  2 11628240 77025 2.0 28 14 1 2 82% 5705 496 30%
c W 974.39 50 17 275 436782  2 11628241 77026 2.0 28 14 1 2 82% 5705 496 30%
c . 984.13 50 16 276 441506  2 11710207 124399 2.0 26 13 1 2 86% 5705 496 30%
c G 984.14 50 16 276 441506  2 11710207 73486 2.0 26 13 1 2 86% 5705 496 30%
c C 984.15 40 16 276 441506  2 11710207 73486 2.0 26 13 1 2 86% 5705 496 30%
c - 984.15 40 16 276 441506  2 11710207 73486 2.0 26 13 1 2 86% 5705 496 30%
c 2 984.15 40 16 276 441506  2 11710207 73486 2.0 26 13 1 2 86% 5705 496 30%
c d 984.15 40 16 276 441506  2 11710207 73486 2.0 26 13 1 2 86% 5705 496 30%
c p 984.16 40 16 276 441506  2 11710207 73486 2.0 26 13 1 2 86% 5705 496 30%
c k 984.16 40 16 276 441506  2 11710207 73486 2.0 26 13 1 2 86% 5705 496 30%
c 2 984.16 40 16 276 441506  2 11710207 73486 2.0 26 13 1 2 86% 5705 496 30%
c u 984.28 40 16 276 441506  2 11710207 73437 2.0 26 13 1 2 86% 5705 496 30%
c 
c  seconds    reductions      conflicts          size   tier2     variables
c          MB       restarts          redundant     glue   trail      remaining
c           level          rate            size/glue  tier1 irredundant
c 
c v 984.38 40 16 276 441506  2 11710207 73050 2.0 26 13 1 2 86% 5705 496 30%
c w 984.38 40 16 276 441506  2 11710207 73050 2.0 26 13 1 2 86% 5705 496 30%
c t 984.38 40 16 276 441506  2 11710207 73050 2.0 26 13 1 2 86% 5705 496 30%
c k 984.38 40 16 276 441506  2 11710207 73050 2.0 26 13 1 2 86% 5705 496 30%
c ~ 993.19 40 16 276 449231  2 11781241 121190 1.9 26 14 1 2 85% 5705 496 30%
c # 993.19 40 16 276 449231  2 11781242 121191 1.9 26 14 1 2 85% 5705 496 30%
c . 995.18 41 16 277 450554  2 11795760 130367 1.9 26 14 1 2 85% 5705 496 30%
c G 995.19 41 16 277 450554  2 11795760 75297 1.9 26 14 1 2 85% 5705 496 30%
c C 995.20 46 16 277 450554  2 11795760 75297 1.9 26 14 1 2 85% 5705 496 30%
c - 995.20 46 16 277 450554  2 11795760 75297 1.9 26 14 1 2 85% 5705 496 30%
c 2 995.20 46 16 277 450554  2 11795760 75297 1.9 26 14 1 2 85% 5705 496 30%
c d 995.20 46 16 277 450554  2 11795760 75297 1.9 26 14 1 2 85% 5705 496 30%
c p 995.20 46 16 277 450554  2 11795760 75297 1.9 26 14 1 2 85% 5705 496 30%
c k 995.20 46 16 277 450554  2 11795760 75297 1.9 26 14 1 2 85% 5705 496 30%
c 2 995.20 46 16 277 450554  2 11795760 75297 1.9 26 14 1 2 85% 5705 496 30%
c u 995.33 46 16 277 450554  2 11795760 75269 1.9 26 14 1 2 85% 5705 496 30%
c v 995.44 46 16 277 450554  2 11795760 74873 1.9 26 14 1 2 85% 5705 496 30%
c w 995.44 46 16 277 450554  2 11795760 74873 1.9 26 14 1 2 85% 5705 496 30%
c t 995.44 46 16 277 450554  2 11795760 74873 1.9 26 14 1 2 85% 5705 496 30%
c k 995.44 46 16 277 450554  2 11795760 74873 1.9 26 14 1 2 85% 5705 496 30%
c 
c  seconds    reductions      conflicts          size   tier2     variables
c          MB       restarts          redundant     glue   trail      remaining
c           level          rate            size/glue  tier1 irredundant
c 
c } 998.36 46 16 277 453250  2 11826333 95413 1.9 26 14 1 2 83% 5705 496 30%
c [ 998.36 46 16 277 453250  1 11826333 95413 1.7 24 14 1 2 84% 5705 496 30%
c . 1005.12 46 16 278 453265  1 11881623 135860 1.8 25 13 1 2 83% 5705 496 30%
c G 1005.13 46 16 278 453265  1 11881623 77002 1.8 25 13 1 2 83% 5705 496 30%
c C 1005.15 46 16 278 453265  1 11881623 77002 1.8 25 13 1 2 83% 5705 496 30%
c - 1005.15 46 16 278 453265  1 11881623 77002 1.8 25 13 1 2 83% 5705 496 30%
c 2 1005.15 46 16 278 453265  1 11881623 77002 1.8 25 13 1 2 83% 5705 496 30%
c d 1005.15 46 16 278 453265  1 11881623 77002 1.8 25 13 1 2 83% 5705 496 30%
c p 1005.15 46 16 278 453265  1 11881623 77002 1.8 25 13 1 2 83% 5705 496 30%
c k 1005.15 46 16 278 453265  1 11881623 77002 1.8 25 13 1 2 83% 5705 496 30%
c 2 1005.15 46 16 278 453265  1 11881623 77002 1.8 25 13 1 2 83% 5705 496 30%
c u 1005.27 46 16 278 453265  1 11881623 76968 1.8 25 13 1 2 83% 5705 496 30%
c v 1005.37 46 16 278 453265  1 11881623 76612 1.8 25 13 1 2 83% 5705 496 30%
c w 1005.37 46 16 278 453265  1 11881623 76612 1.8 25 13 1 2 83% 5705 496 30%
c t 1005.37 46 16 278 453265  1 11881623 76612 1.8 25 13 1 2 83% 5705 496 30%
c k 1005.37 46 16 278 453265  1 11881623 76612 1.8 25 13 1 2 83% 5705 496 30%
c ~ 1009.76 46 17 278 453283  1 11935242 118410 1.8 26 14 1 2 83% 5705 496 30%
c I 1009.76 46 17 278 453283  1 11935243 118411 1.8 26 14 1 2 83% 5705 496 30%
c . 1012.39 46 17 279 453297  1 11967800 139707 1.8 26 14 1 2 85% 5705 496 30%
c G 1012.40 46 17 279 453297  1 11967800 76122 1.8 26 14 1 2 85% 5705 496 30%
c 
c   seconds    reductions      conflicts          size   tier2     variables
c           MB       restarts          redundant     glue   trail      remaining
c            level          rate            size/glue  tier1 irredundant
c 
c C 1012.41 47 17 279 453297  1 11967800 76122 1.8 26 14 1 2 85% 5705 496 30%
c - 1012.41 47 17 279 453297  1 11967800 76122 1.8 26 14 1 2 85% 5705 496 30%
c 2 1012.41 47 17 279 453297  1 11967800 76122 1.8 26 14 1 2 85% 5705 496 30%
c d 1012.41 47 17 279 453297  1 11967800 76122 1.8 26 14 1 2 85% 5705 496 30%
c p 1012.42 47 17 279 453297  1 11967800 76122 1.8 26 14 1 2 85% 5705 496 30%
c k 1012.42 47 17 279 453297  1 11967800 76122 1.8 26 14 1 2 85% 5705 496 30%
c 2 1012.42 47 17 279 453297  1 11967800 76122 1.8 26 14 1 2 85% 5705 496 30%
c u 1012.53 47 17 279 453297  1 11967800 76097 1.8 26 14 1 2 85% 5705 496 30%
c v 1012.59 47 17 279 453297  1 11967800 75884 1.8 26 14 1 2 85% 5705 496 30%
c w 1012.59 47 17 279 453297  1 11967800 75884 1.8 26 14 1 2 85% 5705 496 30%
c t 1012.59 47 17 279 453297  1 11967800 75884 1.8 26 14 1 2 85% 5705 496 30%
c k 1012.59 47 17 279 453297  1 11967800 75884 1.8 26 14 1 2 85% 5705 496 30%
c . 1019.84 47 17 280 453317  1 12054286 128834 1.7 25 14 1 2 85% 5705 496 30%
c G 1019.85 47 17 280 453317  1 12054286 68289 1.7 25 14 1 2 85% 5705 496 30%
c C 1019.86 37 17 280 453317  1 12054286 68289 1.7 25 14 1 2 85% 5705 496 30%
c - 1019.86 37 17 280 453317  1 12054286 68289 1.7 25 14 1 2 85% 5705 496 30%
c 2 1019.86 37 17 280 453317  1 12054286 68289 1.7 25 14 1 2 85% 5705 496 30%
c d 1019.86 37 17 280 453317  1 12054286 68289 1.7 25 14 1 2 85% 5705 496 30%
c p 1019.86 37 17 280 453317  1 12054286 68289 1.7 25 14 1 2 85% 5705 496 30%
c c 1019.86 37 17 280 453317  1 12054286 68289 1.7 25 14 1 2 85% 5705 496 30%
c 
c   seconds    reductions      conflicts          size   tier2     variables
c           MB       restarts          redundant     glue   trail      remaining
c            level          rate            size/glue  tier1 irredundant
c 
c k 1019.86 37 17 280 453317  1 12054286 68289 1.7 25 14 1 2 85% 5705 496 30%
c 2 1019.87 37 17 280 453317  1 12054286 68289 1.7 25 14 1 2 85% 5705 496 30%
c u 1019.97 37 17 280 453317  1 12054286 68262 1.7 25 14 1 2 85% 5705 496 30%
c v 1020.03 37 17 280 453317  1 12054286 67934 1.7 25 14 1 2 85% 5705 496 30%
c w 1020.03 37 17 280 453317  1 12054286 67933 1.7 25 14 1 2 85% 5705 496 30%
c t 1020.03 37 17 280 453317  1 12054286 67933 1.7 25 14 1 2 85% 5705 496 30%
c k 1020.03 37 17 280 453317  1 12054286 67933 1.7 25 14 1 2 85% 5705 496 30%
c ~ 1022.65 37 17 280 453334  1 12090243 93600 1.7 26 15 1 2 85% 5705 496 30%
c B 1022.65 37 17 280 453334  1 12090244 93601 1.7 26 15 1 2 85% 5705 496 30%
c . 1027.72 37 17 281 453351  1 12141084 125231 1.8 26 15 1 2 86% 5705 496 30%
c G 1027.73 37 17 281 453351  1 12141084 67946 1.8 26 15 1 2 86% 5705 496 30%
c C 1027.74 41 17 281 453351  1 12141084 67946 1.8 26 15 1 2 86% 5705 496 30%
c - 1027.74 41 17 281 453351  1 12141084 67946 1.8 26 15 1 2 86% 5705 496 30%
c 2 1027.74 41 17 281 453351  1 12141084 67946 1.8 26 15 1 2 86% 5705 496 30%
c d 1027.74 41 17 281 453351  1 12141084 67946 1.8 26 15 1 2 86% 5705 496 30%
c p 1027.75 41 17 281 453351  1 12141084 67946 1.8 26 15 1 2 86% 5705 496 30%
c k 1027.75 41 17 281 453351  1 12141084 67946 1.8 26 15 1 2 86% 5705 496 30%
c 2 1027.75 41 17 281 453351  1 12141084 67946 1.8 26 15 1 2 86% 5705 496 30%
c u 1027.85 41 17 281 453351  1 12141084 67930 1.8 26 15 1 2 86% 5705 496 30%
c v 1027.94 41 17 281 453351  1 12141084 67525 1.8 26 15 1 2 86% 5705 496 30%
c 
c   seconds    reductions      conflicts          size   tier2     variables
c           MB       restarts          redundant     glue   trail      remaining
c            level          rate            size/glue  tier1 irredundant
c 
c w 1027.94 41 17 281 453351  1 12141084 67525 1.8 26 15 1 2 86% 5705 496 30%
c t 1027.94 41 17 281 453351  1 12141084 67525 1.8 26 15 1 2 86% 5705 496 30%
c k 1027.94 41 17 281 453351  1 12141084 67525 1.8 26 15 1 2 86% 5705 496 30%
c ] 1034.66 41 16 281 453376  1 12214980 106859 1.7 25 14 1 2 86% 5705 496 30%
c { 1034.66 41 16 281 453376  2 12214980 106859 1.9 26 14 1 2 83% 5705 496 30%
c . 1035.58 41 16 282 454033  2 12228194 115685 1.8 25 14 1 2 81% 5705 496 30%
c G 1035.59 41 16 282 454033  2 12228194 66257 1.8 25 14 1 2 81% 5705 496 30%
c C 1035.60 41 16 282 454033  2 12228194 66257 1.8 25 14 1 2 81% 5705 496 30%
c - 1035.60 41 16 282 454033  2 12228194 66257 1.8 25 14 1 2 81% 5705 496 30%
c 2 1035.60 41 16 282 454033  2 12228194 66257 1.8 25 14 1 2 81% 5705 496 30%
c d 1035.60 41 16 282 454033  2 12228194 66257 1.8 25 14 1 2 81% 5705 496 30%
c p 1035.60 41 16 282 454033  2 12228194 66257 1.8 25 14 1 2 81% 5705 496 30%
c k 1035.60 41 16 282 454033  2 12228194 66257 1.8 25 14 1 2 81% 5705 496 30%
c 2 1035.60 41 16 282 454033  2 12228194 66257 1.8 25 14 1 2 81% 5705 496 30%
c u 1035.71 41 16 282 454033  2 12228194 66239 1.8 25 14 1 2 81% 5705 496 30%
c v 1035.77 41 16 282 454033  2 12228194 65895 1.8 25 14 1 2 81% 5705 496 30%
c w 1035.78 41 16 282 454033  2 12228194 65894 1.8 25 14 1 2 81% 5705 496 30%
c t 1035.78 41 16 282 454033  2 12228194 65894 1.8 25 14 1 2 81% 5705 496 30%
c k 1035.78 41 16 282 454033  2 12228194 65894 1.8 25 14 1 2 81% 5705 496 30%
c ~ 1037.49 41 16 282 455611  2 12246245 78631 1.9 26 14 1 2 80% 5705 496 30%
c 
c   seconds    reductions      conflicts          size   tier2     variables
c           MB       restarts          redundant     glue   trail      remaining
c            level          rate            size/glue  tier1 irredundant
c 
c B 1037.49 41 16 282 455611  2 12246246 78632 1.9 26 14 1 2 80% 5705 496 30%
c . 1043.97 41 16 283 460079  2 12315617 127020 1.8 25 14 1 2 79% 5705 496 30%
c G 1043.98 41 16 283 460079  2 12315617 73933 1.8 25 14 1 2 79% 5705 496 30%
c C 1043.99 42 16 283 460079  2 12315617 73933 1.8 25 14 1 2 79% 5705 496 30%
c - 1043.99 42 16 283 460079  2 12315617 73933 1.8 25 14 1 2 79% 5705 496 30%
c 2 1043.99 42 16 283 460079  2 12315617 73933 1.8 25 14 1 2 79% 5705 496 30%
c d 1043.99 42 16 283 460079  2 12315617 73933 1.8 25 14 1 2 79% 5705 496 30%
c p 1044.00 42 16 283 460079  2 12315617 73933 1.8 25 14 1 2 79% 5705 496 30%
c k 1044.00 42 16 283 460079  2 12315617 73933 1.8 25 14 1 2 79% 5705 496 30%
c 2 1044.00 42 16 283 460079  2 12315617 73933 1.8 25 14 1 2 79% 5705 496 30%
c u 1044.11 42 16 283 460079  2 12315617 73914 1.8 25 14 1 2 79% 5705 496 30%
c v 1044.17 42 16 283 460079  2 12315617 73597 1.8 25 14 1 2 79% 5705 496 30%
c w 1044.21 42 16 283 460079  2 12315617 73350 1.8 25 14 1 2 79% 5705 496 30%
c t 1044.21 42 16 283 460079  2 12315617 73350 1.8 25 14 1 2 79% 5705 496 30%
c k 1044.21 42 16 283 460079  2 12315617 73350 1.8 25 14 1 2 79% 5705 496 30%
c ~ 1054.12 43 17 283 468196  2 12403247 142166 1.9 26 14 1 2 78% 5705 496 30%
c W 1056.42 43 17 283 468196  2 12403248 142167 1.9 26 14 1 2 78% 5705 496 30%
c . 1056.44 43 17 284 468196  2 12403352 142238 1.9 26 14 1 2 78% 5705 496 30%
c G 1056.45 43 17 284 468196  2 12403352 79901 1.9 26 14 1 2 78% 5705 496 30%
c C 1056.47 49 17 284 468196  2 12403352 79901 1.9 26 14 1 2 78% 5705 496 30%
c 
c   seconds    reductions      conflicts          size   tier2     variables
c           MB       restarts          redundant     glue   trail      remaining
c            level          rate            size/glue  tier1 irredundant
c 
c - 1056.47 49 17 284 468196  2 12403352 79901 1.9 26 14 1 2 78% 5705 496 30%
c 2 1056.47 49 17 284 468196  2 12403352 79901 1.9 26 14 1 2 78% 5705 496 30%
c d 1056.47 49 17 284 468196  2 12403352 79901 1.9 26 14 1 2 78% 5705 496 30%
c p 1056.47 38 17 284 468196  2 12403352 79901 1.9 26 14 1 2 78% 5705 496 30%
c k 1056.47 38 17 284 468196  2 12403352 79901 1.9 26 14 1 2 78% 5705 496 30%
c 2 1056.47 38 17 284 468196  2 12403352 79901 1.9 26 14 1 2 78% 5705 496 30%
c u 1056.61 38 17 284 468196  2 12403352 79790 1.9 26 14 1 2 78% 5705 496 30%
c v 1056.69 38 17 284 468196  2 12403352 79508 1.9 26 14 1 2 78% 5705 496 30%
c w 1056.73 38 17 284 468196  2 12403352 79459 1.9 26 14 1 2 78% 5705 496 30%
c t 1056.73 38 17 284 468196  2 12403352 79459 1.9 26 14 1 2 78% 5705 496 30%
c k 1056.73 38 17 284 468196  2 12403352 79459 1.9 26 14 1 2 78% 5705 496 30%
c . 1064.76 39 15 285 470150  1 12491397 129367 1.8 23 13 1 2 80% 5705 496 30%
c G 1064.77 39 15 285 470150  1 12491397 76514 1.8 23 13 1 2 80% 5705 496 30%
c C 1064.78 39 15 285 470150  1 12491397 76514 1.8 23 13 1 2 80% 5705 496 30%
c - 1064.78 39 15 285 470150  1 12491397 76514 1.8 23 13 1 2 80% 5705 496 30%
c 2 1064.78 39 15 285 470150  1 12491397 76514 1.8 23 13 1 2 80% 5705 496 30%
c d 1064.78 39 15 285 470150  1 12491397 76514 1.8 23 13 1 2 80% 5705 496 30%
c p 1064.79 39 15 285 470150  1 12491397 76514 1.8 23 13 1 2 80% 5705 496 30%
c k 1064.79 39 15 285 470150  1 12491397 76514 1.8 23 13 1 2 80% 5705 496 30%
c 2 1064.79 39 15 285 470150  1 12491397 76514 1.8 23 13 1 2 80% 5705 496 30%
c 
c   seconds    reductions      conflicts          size   tier2     variables
c           MB       restarts          redundant     glue   trail      remaining
c            level          rate            size/glue  tier1 irredundant
c 
c u 1064.91 39 15 285 470150  1 12491397 76487 1.8 23 13 1 2 80% 5705 496 30%
c v 1064.98 39 15 285 470150  1 12491397 76134 1.8 23 13 1 2 80% 5705 496 30%
c w 1064.98 39 15 285 470150  1 12491397 76134 1.8 23 13 1 2 80% 5705 496 30%
c t 1064.98 39 15 285 470150  1 12491397 76134 1.8 23 13 1 2 80% 5705 496 30%
c k 1064.98 39 15 285 470150  1 12491397 76134 1.8 23 13 1 2 80% 5705 496 30%
c ~ 1073.85 40 16 285 480808  2 12561248 128591 1.8 25 14 1 2 80% 5705 496 30%
c F 1073.85 40 16 285 480808  2 12561249 128592 1.8 25 14 1 2 80% 5705 496 30%
c . 1076.48 41 17 286 482859  2 12579754 142998 1.8 25 14 1 2 80% 5705 496 30%
c G 1076.49 42 17 286 482859  2 12579754 80485 1.8 25 14 1 2 80% 5705 496 30%
c C 1076.51 47 17 286 482859  2 12579754 80485 1.8 25 14 1 2 80% 5705 496 30%
c - 1076.51 47 17 286 482859  2 12579754 80485 1.8 25 14 1 2 80% 5705 496 30%
c 2 1076.51 47 17 286 482859  2 12579754 80485 1.8 25 14 1 2 80% 5705 496 30%
c d 1076.51 47 17 286 482859  2 12579754 80485 1.8 25 14 1 2 80% 5705 496 30%
c p 1076.51 47 17 286 482859  2 12579754 80485 1.8 25 14 1 2 80% 5705 496 30%
c k 1076.51 47 17 286 482859  2 12579754 80485 1.8 25 14 1 2 80% 5705 496 30%
c 2 1076.51 47 17 286 482859  2 12579754 80485 1.8 25 14 1 2 80% 5705 496 30%
c u 1076.62 47 17 286 482859  2 12579754 80458 1.8 25 14 1 2 80% 5705 496 30%
c v 1076.68 47 17 286 482859  2 12579754 80233 1.8 25 14 1 2 80% 5705 496 30%
c w 1076.71 47 17 286 482859  2 12579754 80092 1.8 25 14 1 2 80% 5705 496 30%
c x 1076.76 47 17 286 482859  2 12579754 80091 1.8 25 14 1 2 80% 5702 496 30%
c 
c   seconds    reductions      conflicts          size   tier2     variables
c           MB       restarts          redundant     glue   trail      remaining
c            level          rate            size/glue  tier1 irredundant
c 
c t 1076.76 47 17 286 482859  2 12579754 80091 1.8 25 14 1 2 80% 5702 496 30%
c k 1076.76 47 17 286 482859  2 12579754 80091 1.8 25 14 1 2 80% 5702 496 30%
c 2 1076.76 47 17 286 482859  2 12579754 80091 1.8 25 14 1 2 80% 5702 496 30%
c f 1076.76 47 17 286 482859  2 12579754 80091 1.8 25 14 1 2 80% 5702 496 30%
c s 1077.19 47 17 286 482859  2 12579754 79535 1.8 25 14 1 2 80% 5701 496 30%
c t 1077.19 47 17 286 482859  2 12579754 79535 1.8 25 14 1 2 80% 5701 496 30%
c e 1077.19 47 17 286 482859  2 12579754 79535 1.8 25 14 1 2 80% 5701 496 30%
c s 1077.65 47 17 286 482859  2 12579754 79410 1.8 25 14 1 2 80% 5701 496 30%
c } 1079.37 47 17 286 484903  2 12599789 94995 1.8 25 14 1 2 78% 5701 496 30%
c [ 1079.37 47 16 286 484903  1 12599789 94995 1.7 25 14 1 2 86% 5701 496 30%
c . 1086.22 47 16 287 484904  1 12668423 132355 1.7 24 15 1 2 87% 5701 496 30%
c G 1086.23 47 16 287 484904  1 12668423 77767 1.7 24 15 1 2 87% 5701 496 30%
c C 1086.24 48 16 287 484904  1 12668423 77767 1.7 24 15 1 2 87% 5701 496 30%
c - 1086.24 48 16 287 484904  1 12668423 77767 1.7 24 15 1 2 87% 5701 496 30%
c 2 1086.24 48 16 287 484904  1 12668423 77767 1.7 24 15 1 2 87% 5701 496 30%
c d 1086.24 48 16 287 484904  1 12668423 77767 1.7 24 15 1 2 87% 5701 496 30%
c p 1086.25 48 16 287 484904  1 12668423 77767 1.7 24 15 1 2 87% 5701 496 30%
c k 1086.25 48 16 287 484904  1 12668423 77767 1.7 24 15 1 2 87% 5701 496 30%
c 2 1086.25 48 16 287 484904  1 12668423 77767 1.7 24 15 1 2 87% 5701 496 30%
c u 1086.37 48 16 287 484904  1 12668423 77720 1.7 24 15 1 2 87% 5701 496 30%
c 
c   seconds    reductions      conflicts          size   tier2     variables
c           MB       restarts          redundant     glue   trail      remaining
c            level          rate            size/glue  tier1 irredundant
c 
c v 1086.45 48 16 287 484904  1 12668423 77395 1.7 24 15 1 2 87% 5701 496 30%
c w 1086.45 48 16 287 484904  1 12668423 77394 1.7 24 15 1 2 87% 5701 496 30%
c t 1086.45 48 16 287 484904  1 12668423 77394 1.7 24 15 1 2 87% 5701 496 30%
c k 1086.45 48 16 287 484904  1 12668423 77394 1.7 24 15 1 2 87% 5701 496 30%
c 2 1086.45 48 16 287 484904  1 12668423 77394 1.7 24 15 1 2 87% 5701 496 30%
c f 1086.46 48 16 287 484904  1 12668423 77394 1.7 24 15 1 2 87% 5701 496 30%
c ~ 1091.35 48 17 287 484918  1 12720250 112581 1.8 26 15 1 2 88% 5701 496 30%
c W 1092.88 48 17 287 484918  1 12720251 112582 1.8 26 15 1 2 88% 5701 496 30%
c . 1096.95 48 18 288 484934  1 12757406 135149 1.7 27 15 1 2 87% 5701 496 30%
c G 1096.96 48 18 288 484934  1 12757406 74684 1.7 27 15 1 2 87% 5701 496 30%
c C 1096.98 49 18 288 484934  1 12757406 74684 1.7 27 15 1 2 87% 5701 496 30%
c - 1096.98 49 18 288 484934  1 12757406 74684 1.7 27 15 1 2 87% 5701 496 30%
c 2 1096.98 49 18 288 484934  1 12757406 74684 1.7 27 15 1 2 87% 5701 496 30%
c d 1096.98 49 18 288 484934  1 12757406 74684 1.7 27 15 1 2 87% 5701 496 30%
c p 1096.98 49 18 288 484934  1 12757406 74684 1.7 27 15 1 2 87% 5701 496 30%
c k 1096.98 49 18 288 484934  1 12757406 74684 1.7 27 15 1 2 87% 5701 496 30%
c 2 1096.98 49 18 288 484934  1 12757406 74684 1.7 27 15 1 2 87% 5701 496 30%
c u 1097.10 49 18 288 484934  1 12757406 74641 1.7 27 15 1 2 87% 5701 496 30%
c v 1097.20 49 18 288 484934  1 12757406 74291 1.7 27 15 1 2 87% 5701 496 30%
c w 1097.20 49 18 288 484934  1 12757406 74291 1.7 27 15 1 2 87% 5701 496 30%
c 
c   seconds    reductions      conflicts          size   tier2     variables
c           MB       restarts          redundant     glue   trail      remaining
c            level          rate            size/glue  tier1 irredundant
c 
c t 1097.20 49 18 288 484934  1 12757406 74291 1.7 27 15 1 2 87% 5701 496 30%
c k 1097.20 49 18 288 484934  1 12757406 74291 1.7 27 15 1 2 87% 5701 496 30%
c . 1106.31 49 17 289 484966  1 12846700 124446 1.7 26 15 1 2 87% 5701 496 30%
c G 1106.32 49 17 289 484966  1 12846700 68436 1.7 26 15 1 2 87% 5701 496 30%
c C 1106.33 49 17 289 484966  1 12846700 68436 1.7 26 15 1 2 87% 5701 496 30%
c - 1106.33 49 17 289 484966  1 12846700 68436 1.7 26 15 1 2 87% 5701 496 30%
c 2 1106.33 49 17 289 484966  1 12846700 68436 1.7 26 15 1 2 87% 5701 496 30%
c d 1106.33 49 17 289 484966  1 12846700 68436 1.7 26 15 1 2 87% 5701 496 30%
c p 1106.33 49 17 289 484966  1 12846700 68436 1.7 26 15 1 2 87% 5701 496 30%
c k 1106.33 49 17 289 484966  1 12846700 68436 1.7 26 15 1 2 87% 5701 496 30%
c 2 1106.33 49 17 289 484966  1 12846700 68436 1.7 26 15 1 2 87% 5701 496 30%
c u 1106.44 49 17 289 484966  1 12846700 68411 1.7 26 15 1 2 87% 5701 496 30%
c v 1106.54 49 17 289 484966  1 12846700 68049 1.7 26 15 1 2 87% 5701 496 30%
c w 1106.55 49 17 289 484966  1 12846700 68049 1.7 26 15 1 2 87% 5701 496 30%
c t 1106.55 49 17 289 484966  1 12846700 68049 1.7 26 15 1 2 87% 5701 496 30%
c k 1106.55 49 17 289 484966  1 12846700 68049 1.7 26 15 1 2 87% 5701 496 30%
c ~ 1109.41 49 17 289 484967  1 12880251 87445 1.7 25 15 1 2 87% 5701 496 30%
c O 1109.41 49 17 289 484967  1 12880252 87446 1.7 25 15 1 2 87% 5701 496 30%
c . 1113.04 49 16 290 484988  1 12936305 121676 1.7 23 14 1 2 73% 5701 496 30%
c G 1113.05 49 16 290 484988  1 12936305 68528 1.7 23 14 1 2 73% 5701 496 30%
c 
c   seconds    reductions      conflicts          size   tier2     variables
c           MB       restarts          redundant     glue   trail      remaining
c            level          rate            size/glue  tier1 irredundant
c 
c C 1113.06 49 16 290 484988  1 12936305 68528 1.7 23 14 1 2 73% 5701 496 30%
c - 1113.06 49 16 290 484988  1 12936305 68528 1.7 23 14 1 2 73% 5701 496 30%
c 2 1113.06 49 16 290 484988  1 12936305 68528 1.7 23 14 1 2 73% 5701 496 30%
c d 1113.06 49 16 290 484988  1 12936305 68528 1.7 23 14 1 2 73% 5701 496 30%
c p 1113.06 49 16 290 484988  1 12936305 68528 1.7 23 14 1 2 73% 5701 496 30%
c k 1113.07 49 16 290 484988  1 12936305 68528 1.7 23 14 1 2 73% 5701 496 30%
c 2 1113.07 49 16 290 484988  1 12936305 68528 1.7 23 14 1 2 73% 5701 496 30%
c u 1113.17 49 16 290 484988  1 12936305 68514 1.7 23 14 1 2 73% 5701 496 30%
c v 1113.22 49 16 290 484988  1 12936305 68296 1.7 23 14 1 2 73% 5701 496 30%
c w 1113.22 49 16 290 484988  1 12936305 68296 1.7 23 14 1 2 73% 5701 496 30%
c t 1113.22 49 16 290 484988  1 12936305 68296 1.7 23 14 1 2 73% 5701 496 30%
c k 1113.22 49 16 290 484988  1 12936305 68296 1.7 23 14 1 2 73% 5701 496 30%
c ] 1119.35 49 16 290 485007  1 12992416 106266 1.8 26 14 1 2 78% 5701 496 30%
c { 1119.35 49 17 290 485007  2 12992416 106266 1.8 25 14 1 2 78% 5701 496 30%
c . 1123.57 49 16 291 486819  2 13026223 131634 1.9 25 14 1 2 78% 5701 496 30%
c G 1123.58 49 16 291 486819  2 13026223 76572 1.9 25 14 1 2 78% 5701 496 30%
c C 1123.59 49 16 291 486819  2 13026223 76572 1.9 25 14 1 2 78% 5701 496 30%
c - 1123.59 49 16 291 486819  2 13026223 76572 1.9 25 14 1 2 78% 5701 496 30%
c 2 1123.59 49 16 291 486819  2 13026223 76572 1.9 25 14 1 2 78% 5701 496 30%
c d 1123.59 49 16 291 486819  2 13026223 76572 1.9 25 14 1 2 78% 5701 496 30%
c 
c   seconds    reductions      conflicts          size   tier2     variables
c           MB       restarts          redundant     glue   trail      remaining
c            level          rate            size/glue  tier1 irredundant
c 
c p 1123.60 49 16 291 486819  2 13026223 76572 1.9 25 14 1 2 78% 5701 496 30%
c k 1123.60 49 16 291 486819  2 13026223 76572 1.9 25 14 1 2 78% 5701 496 30%
c 2 1123.60 49 16 291 486819  2 13026223 76572 1.9 25 14 1 2 78% 5701 496 30%
c u 1123.73 49 16 291 486819  2 13026223 76506 1.9 25 14 1 2 78% 5701 496 30%
c v 1123.83 49 16 291 486819  2 13026223 75992 1.9 25 14 1 2 78% 5701 496 30%
c w 1123.88 49 16 291 486819  2 13026223 75946 1.9 25 14 1 2 78% 5701 496 30%
c t 1123.88 49 16 291 486819  2 13026223 75946 1.9 25 14 1 2 78% 5701 496 30%
c k 1123.88 49 16 291 486819  2 13026223 75946 1.9 25 14 1 2 78% 5701 496 30%
c ~ 1125.58 49 16 291 487533  2 13041252 85167 1.9 25 14 1 2 79% 5701 496 30%
c B 1125.58 49 16 291 487533  2 13041253 85168 1.9 25 14 1 2 79% 5701 496 30%
c . 1133.61 49 16 292 492093  1 13116453 143111 2.1 27 13 1 2 81% 5701 496 30%
c G 1133.62 49 16 292 492093  1 13116453 81405 2.1 27 13 1 2 81% 5701 496 30%
c C 1133.63 49 16 292 492093  1 13116453 81405 2.1 27 13 1 2 81% 5701 496 30%
c - 1133.63 49 16 292 492093  1 13116453 81405 2.1 27 13 1 2 81% 5701 496 30%
c 2 1133.63 49 16 292 492093  1 13116453 81405 2.1 27 13 1 2 81% 5701 496 30%
c d 1133.63 49 16 292 492093  1 13116453 81405 2.1 27 13 1 2 81% 5701 496 30%
c p 1133.64 49 16 292 492093  1 13116453 81405 2.1 27 13 1 2 81% 5701 496 30%
c k 1133.64 49 16 292 492093  1 13116453 81405 2.1 27 13 1 2 81% 5701 496 30%
c 2 1133.64 49 16 292 492093  1 13116453 81405 2.1 27 13 1 2 81% 5701 496 30%
c = 1134.11 49 16 292 492093  1 13116453 81405 2.1 27 13 1 2 81% 5701 496 30%
c 
c   seconds    reductions      conflicts          size   tier2     variables
c           MB       restarts          redundant     glue   trail      remaining
c            level          rate            size/glue  tier1 irredundant
c 
c u 1134.25 49 16 292 492093  1 13116453 81343 2.1 27 13 1 2 81% 5701 496 30%
c v 1134.34 49 16 292 492093  1 13116453 81158 2.1 27 13 1 2 81% 5701 496 30%
c w 1134.39 49 16 292 492093  1 13116453 81126 2.1 27 13 1 2 81% 5701 496 30%
c t 1134.39 49 16 292 492093  1 13116453 81126 2.1 27 13 1 2 81% 5701 496 30%
c k 1134.39 49 16 292 492093  1 13116453 81126 2.1 27 13 1 2 81% 5701 496 30%
c 2 1134.39 49 16 292 492093  1 13116453 81126 2.1 27 13 1 2 81% 5701 496 30%
c f 1134.39 49 16 292 492093  1 13116453 81126 2.1 27 13 1 2 81% 5701 496 30%
c ~ 1144.94 49 17 292 502432  2 13203253 147239 2.0 28 14 1 2 79% 5701 496 30%
c W 1146.93 49 17 292 502432  2 13203254 147240 2.0 28 14 1 2 79% 5701 496 30%
c . 1147.53 49 17 293 503206  2 13206994 150008 2.0 28 14 1 2 79% 5701 496 30%
c G 1147.54 49 17 293 503206  2 13206994 83803 2.0 28 14 1 2 79% 5701 496 30%
c C 1147.55 55 17 293 503206  2 13206994 83803 2.0 28 14 1 2 79% 5701 496 30%
c - 1147.55 55 17 293 503206  2 13206994 83803 2.0 28 14 1 2 79% 5701 496 30%
c 2 1147.55 55 17 293 503206  2 13206994 83803 2.0 28 14 1 2 79% 5701 496 30%
c d 1147.56 55 17 293 503206  2 13206994 83803 2.0 28 14 1 2 79% 5701 496 30%
c p 1147.56 41 17 293 503206  2 13206994 83803 2.0 28 14 1 2 79% 5701 496 30%
c k 1147.56 41 17 293 503206  2 13206994 83803 2.0 28 14 1 2 79% 5701 496 30%
c 2 1147.56 41 17 293 503206  2 13206994 83803 2.0 28 14 1 2 79% 5701 496 30%
c u 1147.70 41 17 293 503206  2 13206994 83755 2.0 28 14 1 2 79% 5701 496 30%
c v 1147.80 41 17 293 503206  2 13206994 83373 2.0 28 14 1 2 79% 5701 496 30%
c 
c   seconds    reductions      conflicts          size   tier2     variables
c           MB       restarts          redundant     glue   trail      remaining
c            level          rate            size/glue  tier1 irredundant
c 
c w 1147.84 41 17 293 503206  2 13206994 83228 2.0 28 14 1 2 79% 5701 496 30%
c t 1147.85 41 17 293 503206  2 13206994 83228 2.0 28 14 1 2 79% 5701 496 30%
c k 1147.85 41 17 293 503206  2 13206994 83228 2.0 28 14 1 2 79% 5701 496 30%
c . 1158.44 42 16 294 508242  2 13297848 142536 2.0 27 14 1 2 85% 5701 496 30%
c G 1158.45 43 16 294 508242  2 13297848 82362 2.0 27 14 1 2 85% 5701 496 30%
c C 1158.46 42 16 294 508242  2 13297848 82362 2.0 27 14 1 2 85% 5701 496 30%
c - 1158.46 42 16 294 508242  2 13297848 82362 2.0 27 14 1 2 85% 5701 496 30%
c 2 1158.46 42 16 294 508242  2 13297848 82362 2.0 27 14 1 2 85% 5701 496 30%
c d 1158.46 42 16 294 508242  2 13297848 82362 2.0 27 14 1 2 85% 5701 496 30%
c p 1158.47 42 16 294 508242  2 13297848 82362 2.0 27 14 1 2 85% 5701 496 30%
c k 1158.47 42 16 294 508242  2 13297848 82362 2.0 27 14 1 2 85% 5701 496 30%
c 2 1158.47 42 16 294 508242  2 13297848 82362 2.0 27 14 1 2 85% 5701 496 30%
c u 1158.60 42 16 294 508242  2 13297848 82330 2.0 27 14 1 2 85% 5701 496 30%
c v 1158.71 42 16 294 508242  2 13297848 82004 2.0 27 14 1 2 85% 5701 496 30%
c w 1158.72 42 16 294 508242  2 13297848 82004 2.0 27 14 1 2 85% 5701 496 30%
c t 1158.72 42 16 294 508242  2 13297848 82004 2.0 27 14 1 2 85% 5701 496 30%
c k 1158.72 42 16 294 508242  2 13297848 82004 2.0 27 14 1 2 85% 5701 496 30%
c } 1165.09 42 17 294 515131  2 13360874 126627 1.9 26 14 1 2 80% 5701 496 30%
c [ 1165.09 42 16 294 515131  1 13360874 126627 1.8 26 14 1 2 78% 5701 496 30%
c ~ 1166.04 42 16 294 515135  1 13366254 128756 1.8 26 14 1 2 79% 5701 496 30%
c 
c   seconds    reductions      conflicts           size   tier2     variables
c           MB       restarts          redundant      glue   trail      remaining
c            level          rate             size/glue  tier1 irredundant
c 
c B 1166.04 42 16 294 515135  1 13366255 128757 1.8 26 14 1 2 79% 5701 496 30%
c . 1167.74 42 16 295 515144  1 13389013 145572 1.8 26 14 1 2 80% 5701 496 30%
c G 1167.75 43 16 295 515144  1 13389013 82651 1.8 26 14 1 2 80% 5701 496 30%
c C 1167.77 48 16 295 515144  1 13389013 82651 1.8 26 14 1 2 80% 5701 496 30%
c - 1167.77 48 16 295 515144  1 13389013 82651 1.8 26 14 1 2 80% 5701 496 30%
c 2 1167.77 48 16 295 515144  1 13389013 82651 1.8 26 14 1 2 80% 5701 496 30%
c d 1167.77 48 16 295 515144  1 13389013 82651 1.8 26 14 1 2 80% 5701 496 30%
c p 1167.77 48 16 295 515144  1 13389013 82651 1.8 26 14 1 2 80% 5701 496 30%
c k 1167.77 48 16 295 515144  1 13389013 82651 1.8 26 14 1 2 80% 5701 496 30%
c 2 1167.77 48 16 295 515144  1 13389013 82651 1.8 26 14 1 2 80% 5701 496 30%
c u 1167.90 48 16 295 515144  1 13389013 82637 1.8 26 14 1 2 80% 5701 496 30%
c v 1167.98 48 16 295 515144  1 13389013 82531 1.8 26 14 1 2 80% 5701 496 30%
c w 1167.99 48 16 295 515144  1 13389013 82530 1.8 26 14 1 2 80% 5701 496 30%
c t 1167.99 48 16 295 515144  1 13389013 82530 1.8 26 14 1 2 80% 5701 496 30%
c k 1167.99 48 16 295 515144  1 13389013 82530 1.8 26 14 1 2 80% 5701 496 30%
c . 1174.40 48 16 296 515155  1 13480491 135241 1.7 24 14 1 2 83% 5701 496 30%
c G 1174.41 48 16 296 515155  1 13480491 78382 1.7 24 14 1 2 83% 5701 496 30%
c C 1174.42 49 16 296 515155  1 13480491 78382 1.7 24 14 1 2 83% 5701 496 30%
c - 1174.42 49 16 296 515155  1 13480491 78382 1.7 24 14 1 2 83% 5701 496 30%
c 2 1174.42 49 16 296 515155  1 13480491 78382 1.7 24 14 1 2 83% 5701 496 30%
c 
c   seconds    reductions      conflicts          size   tier2     variables
c           MB       restarts          redundant     glue   trail      remaining
c            level          rate            size/glue  tier1 irredundant
c 
c d 1174.42 49 16 296 515155  1 13480491 78382 1.7 24 14 1 2 83% 5701 496 30%
c p 1174.42 49 16 296 515155  1 13480491 78382 1.7 24 14 1 2 83% 5701 496 30%
c k 1174.42 49 16 296 515155  1 13480491 78382 1.7 24 14 1 2 83% 5701 496 30%
c 2 1174.42 49 16 296 515155  1 13480491 78382 1.7 24 14 1 2 83% 5701 496 30%
c u 1174.53 49 16 296 515155  1 13480491 78365 1.7 24 14 1 2 83% 5701 496 30%
c v 1174.59 49 16 296 515155  1 13480491 78226 1.7 24 14 1 2 83% 5701 496 30%
c w 1174.59 49 16 296 515155  1 13480491 78226 1.7 24 14 1 2 83% 5701 496 30%
c t 1174.59 49 16 296 515155  1 13480491 78226 1.7 24 14 1 2 83% 5701 496 30%
c k 1174.59 49 16 296 515155  1 13480491 78226 1.7 24 14 1 2 83% 5701 496 30%
c ~ 1178.08 49 16 296 515156  1 13530255 105500 1.6 23 14 1 2 84% 5701 496 30%
c W 1179.53 49 16 296 515156  1 13530256 105501 1.6 23 14 1 2 84% 5701 496 30%
c . 1182.76 49 16 297 515156  1 13572283 130612 1.6 23 14 1 2 85% 5701 496 30%
c G 1182.77 49 16 297 515156  1 13572283 69890 1.6 23 14 1 2 85% 5701 496 30%
c C 1182.78 49 16 297 515156  1 13572283 69890 1.6 23 14 1 2 85% 5701 496 30%
c - 1182.78 49 16 297 515156  1 13572283 69890 1.6 23 14 1 2 85% 5701 496 30%
c 2 1182.78 49 16 297 515156  1 13572283 69890 1.6 23 14 1 2 85% 5701 496 30%
c d 1182.78 49 16 297 515156  1 13572283 69890 1.6 23 14 1 2 85% 5701 496 30%
c p 1182.79 49 16 297 515156  1 13572283 69890 1.6 23 14 1 2 85% 5701 496 30%
c k 1182.79 49 16 297 515156  1 13572283 69890 1.6 23 14 1 2 85% 5701 496 30%
c 2 1182.79 49 16 297 515156  1 13572283 69890 1.6 23 14 1 2 85% 5701 496 30%
c 
c   seconds    reductions      conflicts          size   tier2     variables
c           MB       restarts          redundant     glue   trail      remaining
c            level          rate            size/glue  tier1 irredundant
c 
c u 1182.90 49 16 297 515156  1 13572283 69870 1.6 23 14 1 2 85% 5701 496 30%
c v 1182.95 49 16 297 515156  1 13572283 69652 1.6 23 14 1 2 85% 5701 496 30%
c w 1182.95 49 16 297 515156  1 13572283 69652 1.6 23 14 1 2 85% 5701 496 30%
c t 1182.95 49 16 297 515156  1 13572283 69652 1.6 23 14 1 2 85% 5701 496 30%
c k 1182.95 49 16 297 515156  1 13572283 69652 1.6 23 14 1 2 85% 5701 496 30%
c . 1189.35 49 15 298 515157  1 13664384 120713 1.6 22 14 1 2 86% 5701 496 30%
c G 1189.36 49 15 298 515157  1 13664384 67226 1.6 22 14 1 2 86% 5701 496 30%
c C 1189.37 38 15 298 515157  1 13664384 67226 1.6 22 14 1 2 86% 5701 496 30%
c - 1189.37 38 15 298 515157  1 13664384 67226 1.6 22 14 1 2 86% 5701 496 30%
c 2 1189.37 38 15 298 515157  1 13664384 67226 1.6 22 14 1 2 86% 5701 496 30%
c d 1189.37 38 15 298 515157  1 13664384 67226 1.6 22 14 1 2 86% 5701 496 30%
c p 1189.38 38 15 298 515157  1 13664384 67226 1.6 22 14 1 2 86% 5701 496 30%
c k 1189.38 38 15 298 515157  1 13664384 67226 1.6 22 14 1 2 86% 5701 496 30%
c 2 1189.38 38 15 298 515157  1 13664384 67226 1.6 22 14 1 2 86% 5701 496 30%
c u 1189.48 38 15 298 515157  1 13664384 67205 1.6 22 14 1 2 86% 5701 496 30%
c v 1189.53 38 15 298 515157  1 13664384 66847 1.6 22 14 1 2 86% 5701 496 30%
c w 1189.53 38 15 298 515157  1 13664384 66846 1.6 22 14 1 2 86% 5701 496 30%
c t 1189.53 38 15 298 515157  1 13664384 66846 1.6 22 14 1 2 86% 5701 496 30%
c k 1189.53 38 15 298 515157  1 13664384 66846 1.6 22 14 1 2 86% 5701 496 30%
c ~ 1191.88 38 15 298 515157  1 13695256 83607 1.6 22 14 1 2 87% 5701 496 30%
c 
c   seconds    reductions      conflicts          size   tier2     variables
c           MB       restarts          redundant     glue   trail      remaining
c            level          rate            size/glue  tier1 irredundant
c 
c I 1191.88 38 15 298 515157  1 13695257 83608 1.6 22 14 1 2 87% 5701 496 30%
c . 1196.58 38 16 299 515157  1 13756797 126466 1.7 23 14 1 2 86% 5701 496 30%
c G 1196.59 38 16 299 515157  1 13756797 68972 1.7 23 14 1 2 86% 5701 496 30%
c C 1196.61 42 16 299 515157  1 13756797 68972 1.7 23 14 1 2 86% 5701 496 30%
c - 1196.61 42 16 299 515157  1 13756797 68972 1.7 23 14 1 2 86% 5701 496 30%
c 2 1196.61 42 16 299 515157  1 13756797 68972 1.7 23 14 1 2 86% 5701 496 30%
c d 1196.61 42 16 299 515157  1 13756797 68972 1.7 23 14 1 2 86% 5701 496 30%
c p 1196.61 42 16 299 515157  1 13756797 68972 1.7 23 14 1 2 86% 5701 496 30%
c k 1196.61 42 16 299 515157  1 13756797 68972 1.7 23 14 1 2 86% 5701 496 30%
c 2 1196.61 42 16 299 515157  1 13756797 68972 1.7 23 14 1 2 86% 5701 496 30%
c u 1196.72 42 16 299 515157  1 13756797 68957 1.7 23 14 1 2 86% 5701 496 30%
c v 1196.78 42 16 299 515157  1 13756797 68453 1.7 23 14 1 2 86% 5701 496 30%
c w 1196.79 42 16 299 515157  1 13756797 68365 1.7 23 14 1 2 86% 5701 496 30%
c t 1196.79 42 16 299 515157  1 13756797 68365 1.7 23 14 1 2 86% 5701 496 30%
c k 1196.79 42 16 299 515157  1 13756797 68365 1.7 23 14 1 2 86% 5701 496 30%
c . 1203.65 42 16 300 515157  1 13849522 130765 1.7 24 14 1 2 85% 5701 496 30%
c G 1203.66 42 16 300 515157  1 13849522 70736 1.7 24 14 1 2 85% 5701 496 30%
c C 1203.67 46 16 300 515157  1 13849522 70736 1.7 24 14 1 2 85% 5701 496 30%
c - 1203.67 46 16 300 515157  1 13849522 70736 1.7 24 14 1 2 85% 5701 496 30%
c 2 1203.67 46 16 300 515157  1 13849522 70736 1.7 24 14 1 2 85% 5701 496 30%
c 
c   seconds    reductions      conflicts          size   tier2     variables
c           MB       restarts          redundant     glue   trail      remaining
c            level          rate            size/glue  tier1 irredundant
c 
c d 1203.67 46 16 300 515157  1 13849522 70736 1.7 24 14 1 2 85% 5701 496 30%
c p 1203.68 46 16 300 515157  1 13849522 70736 1.7 24 14 1 2 85% 5701 496 30%
c k 1203.68 46 16 300 515157  1 13849522 70736 1.7 24 14 1 2 85% 5701 496 30%
c 2 1203.68 46 16 300 515157  1 13849522 70736 1.7 24 14 1 2 85% 5701 496 30%
c u 1203.78 46 16 300 515157  1 13849522 70716 1.7 24 14 1 2 85% 5701 496 30%
c v 1203.84 46 16 300 515157  1 13849522 70510 1.7 24 14 1 2 85% 5701 496 30%
c w 1203.87 46 16 300 515157  1 13849522 70359 1.7 24 14 1 2 85% 5701 496 30%
c t 1203.87 46 16 300 515157  1 13849522 70359 1.7 24 14 1 2 85% 5701 496 30%
c k 1203.87 46 16 300 515157  1 13849522 70359 1.7 24 14 1 2 85% 5701 496 30%
c ~ 1204.63 46 16 300 515157  1 13861257 78295 1.7 24 14 1 2 85% 5701 496 30%
c B 1204.63 46 16 300 515157  1 13861258 78296 1.7 24 14 1 2 85% 5701 496 30%
c ] 1206.25 46 16 300 515157  1 13881840 90449 1.7 24 14 1 2 85% 5701 496 30%
c { 1206.25 46 17 300 515157  2 13881840 90449 1.9 26 14 1 2 80% 5701 496 30%
c . 1213.32 46 16 301 517420  1 13942559 135743 2.1 28 13 1 2 82% 5701 496 30%
c G 1213.33 46 16 301 517420  1 13942559 77544 2.1 28 13 1 2 82% 5701 496 30%
c C 1213.34 46 16 301 517420  1 13942559 77544 2.1 28 13 1 2 82% 5701 496 30%
c - 1213.34 46 16 301 517420  1 13942559 77544 2.1 28 13 1 2 82% 5701 496 30%
c 2 1213.34 46 16 301 517420  1 13942559 77544 2.1 28 13 1 2 82% 5701 496 30%
c d 1213.34 46 16 301 517420  1 13942559 77544 2.1 28 13 1 2 82% 5701 496 30%
c p 1213.34 46 16 301 517420  1 13942559 77544 2.1 28 13 1 2 82% 5701 496 30%
c 
c   seconds    reductions      conflicts          size   tier2     variables
c           MB       restarts          redundant     glue   trail      remaining
c            level          rate            size/glue  tier1 irredundant
c 
c k 1213.34 46 16 301 517420  1 13942559 77544 2.1 28 13 1 2 82% 5701 496 30%
c 2 1213.34 46 16 301 517420  1 13942559 77544 2.1 28 13 1 2 82% 5701 496 30%
c u 1213.47 46 16 301 517420  1 13942559 77513 2.1 28 13 1 2 82% 5701 496 30%
c v 1213.56 46 16 301 517420  1 13942559 76988 2.1 28 13 1 2 82% 5701 496 30%
c w 1213.60 46 16 301 517420  1 13942559 76886 2.1 28 13 1 2 82% 5701 496 30%
c t 1213.61 46 16 301 517420  1 13942559 76886 2.1 28 13 1 2 82% 5701 496 30%
c k 1213.61 46 16 301 517420  1 13942559 76886 2.1 28 13 1 2 82% 5701 496 30%
c ~ 1224.30 46 16 301 525821  2 14028258 140052 2.2 30 14 1 2 84% 5701 496 30%
c # 1224.30 46 16 301 525821  2 14028259 140053 2.2 30 14 1 2 84% 5701 496 30%
c . 1225.74 46 17 302 527509  2 14035909 145765 2.1 29 14 1 2 84% 5701 496 30%
c G 1225.75 47 17 302 527509  2 14035909 83389 2.1 29 14 1 2 84% 5701 496 30%
c C 1225.77 52 17 302 527509  2 14035909 83389 2.1 29 14 1 2 84% 5701 496 30%
c - 1225.77 52 17 302 527509  2 14035909 83389 2.1 29 14 1 2 84% 5701 496 30%
c 2 1225.77 52 17 302 527509  2 14035909 83389 2.1 29 14 1 2 84% 5701 496 30%
c d 1225.77 52 17 302 527509  2 14035909 83389 2.1 29 14 1 2 84% 5701 496 30%
c p 1225.77 40 17 302 527509  2 14035909 83389 2.1 29 14 1 2 84% 5701 496 30%
c k 1225.77 40 17 302 527509  2 14035909 83389 2.1 29 14 1 2 84% 5701 496 30%
c 2 1225.77 40 17 302 527509  2 14035909 83389 2.1 29 14 1 2 84% 5701 496 30%
c u 1225.91 40 17 302 527509  2 14035909 83345 2.1 29 14 1 2 84% 5701 496 30%
c v 1226.05 40 17 302 527509  2 14035909 82787 2.1 29 14 1 2 84% 5701 496 30%
c 
c   seconds    reductions      conflicts          size   tier2     variables
c           MB       restarts          redundant     glue   trail      remaining
c            level          rate            size/glue  tier1 irredundant
c 
c w 1226.10 40 17 302 527509  2 14035909 82582 2.1 29 14 1 2 84% 5701 496 30%
c t 1226.10 40 17 302 527509  2 14035909 82582 2.1 29 14 1 2 84% 5701 496 30%
c k 1226.10 40 17 302 527509  2 14035909 82582 2.1 29 14 1 2 84% 5701 496 30%
c . 1236.02 43 16 303 533765  2 14129571 149823 2.0 26 13 1 2 75% 5701 496 30%
c G 1236.03 44 16 303 533765  2 14129571 85950 2.0 26 13 1 2 75% 5701 496 30%
c C 1236.05 43 16 303 533765  2 14129571 85950 2.0 26 13 1 2 75% 5701 496 30%
c - 1236.05 43 16 303 533765  2 14129571 85950 2.0 26 13 1 2 75% 5701 496 30%
c 2 1236.05 43 16 303 533765  2 14129571 85950 2.0 26 13 1 2 75% 5701 496 30%
c d 1236.05 43 16 303 533765  2 14129571 85950 2.0 26 13 1 2 75% 5701 496 30%
c p 1236.05 43 16 303 533765  2 14129571 85950 2.0 26 13 1 2 75% 5701 496 30%
c k 1236.05 43 16 303 533765  2 14129571 85950 2.0 26 13 1 2 75% 5701 496 30%
c 2 1236.05 43 16 303 533765  2 14129571 85950 2.0 26 13 1 2 75% 5701 496 30%
c u 1236.19 43 16 303 533765  2 14129571 85917 2.0 26 13 1 2 75% 5701 496 30%
c v 1236.28 43 16 303 533765  2 14129571 85630 2.0 26 13 1 2 75% 5701 496 30%
c w 1236.32 43 16 303 533765  2 14129571 85477 2.0 26 13 1 2 75% 5701 496 30%
c t 1236.32 43 16 303 533765  2 14129571 85477 2.0 26 13 1 2 75% 5701 496 30%
c k 1236.32 43 16 303 533765  2 14129571 85477 2.0 26 13 1 2 75% 5701 496 30%
c ~ 1244.31 43 17 303 541844  2 14196260 137197 1.9 26 14 1 2 75% 5701 496 30%
c B 1244.31 43 17 303 541844  2 14196261 137198 1.9 26 14 1 2 75% 5701 496 30%
c . 1249.19 45 16 304 542816  2 14223544 159228 2.0 27 13 1 2 78% 5701 496 30%
c 
c   seconds    reductions      conflicts          size   tier2     variables
c           MB       restarts          redundant     glue   trail      remaining
c            level          rate            size/glue  tier1 irredundant
c 
c G 1249.20 46 16 304 542816  2 14223544 88919 2.0 27 13 1 2 78% 5701 496 30%
c C 1249.22 46 16 304 542816  2 14223544 88919 2.0 27 13 1 2 78% 5701 496 30%
c - 1249.22 46 16 304 542816  2 14223544 88919 2.0 27 13 1 2 78% 5701 496 30%
c 2 1249.22 46 16 304 542816  2 14223544 88919 2.0 27 13 1 2 78% 5701 496 30%
c d 1249.22 46 16 304 542816  2 14223544 88919 2.0 27 13 1 2 78% 5701 496 30%
c p 1249.22 46 16 304 542816  2 14223544 88919 2.0 27 13 1 2 78% 5701 496 30%
c c 1249.22 46 16 304 542816  2 14223544 88919 2.0 27 13 1 2 78% 5701 496 30%
c k 1249.23 46 16 304 542816  2 14223544 88919 2.0 27 13 1 2 78% 5701 496 30%
c 2 1249.23 46 16 304 542816  2 14223544 88919 2.0 27 13 1 2 78% 5701 496 30%
c u 1249.37 46 16 304 542816  2 14223544 88888 2.0 27 13 1 2 78% 5701 496 30%
c v 1249.52 46 16 304 542816  2 14223544 88197 2.0 27 13 1 2 78% 5701 496 30%
c w 1249.52 46 16 304 542816  2 14223544 88197 2.0 27 13 1 2 78% 5701 496 30%
c t 1249.52 46 16 304 542816  2 14223544 88197 2.0 27 13 1 2 78% 5701 496 30%
c k 1249.52 46 16 304 542816  2 14223544 88197 2.0 27 13 1 2 78% 5701 496 30%
c } 1252.39 46 16 304 545788  2 14246655 103824 2.0 27 14 1 2 80% 5701 496 30%
c [ 1252.39 46 16 304 545788  1 14246655 103824 1.7 24 14 1 2 85% 5701 496 30%
c . 1260.29 46 14 305 545803  1 14317830 135681 1.7 22 13 1 2 85% 5701 496 30%
c G 1260.30 46 14 305 545803  1 14317830 82724 1.7 22 13 1 2 85% 5701 496 30%
c C 1260.32 41 14 305 545803  1 14317830 82724 1.7 22 13 1 2 85% 5701 496 30%
c - 1260.32 41 14 305 545803  1 14317830 82724 1.7 22 13 1 2 85% 5701 496 30%
c 
c   seconds    reductions      conflicts          size   tier2     variables
c           MB       restarts          redundant     glue   trail      remaining
c            level          rate            size/glue  tier1 irredundant
c 
c 2 1260.32 41 14 305 545803  1 14317830 82724 1.7 22 13 1 2 85% 5701 496 30%
c d 1260.32 41 14 305 545803  1 14317830 82724 1.7 22 13 1 2 85% 5701 496 30%
c p 1260.32 41 14 305 545803  1 14317830 82724 1.7 22 13 1 2 85% 5701 496 30%
c k 1260.32 41 14 305 545803  1 14317830 82724 1.7 22 13 1 2 85% 5701 496 30%
c 2 1260.32 41 14 305 545803  1 14317830 82724 1.7 22 13 1 2 85% 5701 496 30%
c u 1260.45 41 14 305 545803  1 14317830 82697 1.7 22 13 1 2 85% 5701 496 30%
c v 1260.58 41 14 305 545803  1 14317830 82253 1.7 22 13 1 2 85% 5701 496 30%
c w 1260.58 41 14 305 545803  1 14317830 82253 1.7 22 13 1 2 85% 5701 496 30%
c t 1260.58 41 14 305 545803  1 14317830 82253 1.7 22 13 1 2 85% 5701 496 30%
c k 1260.58 41 14 305 545803  1 14317830 82253 1.7 22 13 1 2 85% 5701 496 30%
c ~ 1264.58 41 16 305 545819  1 14365262 115012 1.7 24 14 1 2 86% 5701 496 30%
c W 1267.66 41 16 305 545819  1 14365263 115013 1.7 24 14 1 2 86% 5701 496 30%
c . 1271.84 41 17 306 545840  1 14412428 146418 1.8 25 14 1 2 87% 5701 496 30%
c G 1271.85 41 17 306 545840  1 14412428 82111 1.8 25 14 1 2 87% 5701 496 30%
c C 1271.87 46 17 306 545840  1 14412428 82111 1.8 25 14 1 2 87% 5701 496 30%
c - 1271.87 46 17 306 545840  1 14412428 82111 1.8 25 14 1 2 87% 5701 496 30%
c 2 1271.87 46 17 306 545840  1 14412428 82111 1.8 25 14 1 2 87% 5701 496 30%
c d 1271.87 46 17 306 545840  1 14412428 82111 1.8 25 14 1 2 87% 5701 496 30%
c p 1271.87 46 17 306 545840  1 14412428 82111 1.8 25 14 1 2 87% 5701 496 30%
c k 1271.87 46 17 306 545840  1 14412428 82111 1.8 25 14 1 2 87% 5701 496 30%
c 
c   seconds    reductions      conflicts          size   tier2     variables
c           MB       restarts          redundant     glue   trail      remaining
c            level          rate            size/glue  tier1 irredundant
c 
c 2 1271.87 46 17 306 545840  1 14412428 82111 1.8 25 14 1 2 87% 5701 496 30%
c u 1272.00 46 17 306 545840  1 14412428 82090 1.8 25 14 1 2 87% 5701 496 30%
c v 1272.08 46 17 306 545840  1 14412428 81770 1.8 25 14 1 2 87% 5701 496 30%
c w 1272.08 46 17 306 545840  1 14412428 81770 1.8 25 14 1 2 87% 5701 496 30%
c t 1272.08 46 17 306 545840  1 14412428 81770 1.8 25 14 1 2 87% 5701 496 30%
c k 1272.08 46 17 306 545840  1 14412428 81770 1.8 25 14 1 2 87% 5701 496 30%
c . 1279.65 46 16 307 545864  1 14507339 141694 1.7 25 14 1 2 86% 5701 496 30%
c G 1279.66 46 16 307 545864  1 14507339 75831 1.7 25 14 1 2 86% 5701 496 30%
c C 1279.67 46 16 307 545864  1 14507339 75831 1.7 25 14 1 2 86% 5701 496 30%
c - 1279.67 46 16 307 545864  1 14507339 75831 1.7 25 14 1 2 86% 5701 496 30%
c 2 1279.67 46 16 307 545864  1 14507339 75831 1.7 25 14 1 2 86% 5701 496 30%
c d 1279.67 46 16 307 545864  1 14507339 75831 1.7 25 14 1 2 86% 5701 496 30%
c p 1279.68 46 16 307 545864  1 14507339 75831 1.7 25 14 1 2 86% 5701 496 30%
c k 1279.68 46 16 307 545864  1 14507339 75831 1.7 25 14 1 2 86% 5701 496 30%
c 2 1279.68 46 16 307 545864  1 14507339 75831 1.7 25 14 1 2 86% 5701 496 30%
c u 1279.76 46 16 307 545864  1 14507339 74556 1.7 25 14 1 2 86% 5701 496 30%
c v 1279.81 46 16 307 545864  1 14507339 74381 1.7 25 14 1 2 86% 5701 496 30%
c w 1279.81 46 16 307 545864  1 14507339 74379 1.7 25 14 1 2 86% 5701 496 30%
c x 1279.86 46 16 307 545864  1 14507339 74376 1.7 25 14 1 2 86% 5698 496 30%
c t 1279.86 46 16 307 545864  1 14507339 74376 1.7 25 14 1 2 86% 5698 496 30%
c 
c   seconds    reductions      conflicts          size   tier2     variables
c           MB       restarts          redundant     glue   trail      remaining
c            level          rate            size/glue  tier1 irredundant
c 
c k 1279.86 46 16 307 545864  1 14507339 74376 1.7 25 14 1 2 86% 5698 496 30%
c 2 1279.86 46 16 307 545864  1 14507339 74376 1.7 25 14 1 2 86% 5698 496 30%
c f 1279.86 46 16 307 545864  1 14507339 74376 1.7 25 14 1 2 86% 5698 496 30%
c s 1280.23 46 16 307 545864  1 14507339 73808 1.7 25 14 1 2 86% 5698 496 30%
c t 1280.24 46 16 307 545864  1 14507339 73808 1.7 25 14 1 2 86% 5698 496 30%
c e 1280.24 46 16 307 545864  1 14507339 73808 1.7 25 14 1 2 86% 5698 496 30%
c s 1280.62 46 16 307 545864  1 14507339 73705 1.7 25 14 1 2 86% 5698 496 30%
c ~ 1282.58 46 16 307 545876  1 14535263 89205 1.7 24 14 1 2 87% 5698 496 30%
c O 1282.58 46 16 307 545876  1 14535264 89206 1.7 24 14 1 2 87% 5698 496 30%
c . 1290.17 46 16 308 545897  1 14602561 119672 1.7 23 14 1 2 88% 5698 496 30%
c G 1290.18 46 16 308 545897  1 14602561 70998 1.7 23 14 1 2 88% 5698 496 30%
c C 1290.19 46 16 308 545897  1 14602561 70998 1.7 23 14 1 2 88% 5698 496 30%
c - 1290.19 46 16 308 545897  1 14602561 70998 1.7 23 14 1 2 88% 5698 496 30%
c 2 1290.19 46 16 308 545897  1 14602561 70998 1.7 23 14 1 2 88% 5698 496 30%
c d 1290.19 46 16 308 545897  1 14602561 70998 1.7 23 14 1 2 88% 5698 496 30%
c p 1290.20 46 16 308 545897  1 14602561 70998 1.7 23 14 1 2 88% 5698 496 30%
c k 1290.20 46 16 308 545897  1 14602561 70998 1.7 23 14 1 2 88% 5698 496 30%
c 2 1290.20 46 16 308 545897  1 14602561 70998 1.7 23 14 1 2 88% 5698 496 30%
c u 1290.32 46 16 308 545897  1 14602561 68682 1.7 23 14 1 2 88% 5698 496 30%
c v 1290.42 46 16 308 545897  1 14602561 68150 1.7 23 14 1 2 88% 5698 496 30%
c 
c   seconds    reductions      conflicts          size   tier2     variables
c           MB       restarts          redundant     glue   trail      remaining
c            level          rate            size/glue  tier1 irredundant
c 
c w 1290.42 46 16 308 545897  1 14602561 68150 1.7 23 14 1 2 88% 5698 496 30%
c t 1290.43 46 16 308 545897  1 14602561 68150 1.7 23 14 1 2 88% 5698 496 30%
c k 1290.43 46 16 308 545897  1 14602561 68150 1.7 23 14 1 2 88% 5698 496 30%
c 2 1290.43 46 16 308 545897  1 14602561 68150 1.7 23 14 1 2 88% 5698 496 30%
c f 1290.43 46 16 308 545897  1 14602561 68150 1.7 23 14 1 2 88% 5698 496 30%
c ] 1297.80 46 15 308 545914  1 14677739 104821 1.6 23 14 1 2 87% 5698 496 30%
c { 1297.80 46 16 308 545914  2 14677739 104821 2.0 27 14 1 2 80% 5698 496 30%
c . 1300.20 46 17 309 548060  2 14698094 119942 2.0 27 14 1 2 79% 5698 496 30%
c G 1300.21 46 17 309 548060  2 14698094 73292 2.0 27 14 1 2 79% 5698 496 30%
c C 1300.22 46 17 309 548060  2 14698094 73292 2.0 27 14 1 2 79% 5698 496 30%
c - 1300.22 46 17 309 548060  2 14698094 73292 2.0 27 14 1 2 79% 5698 496 30%
c 2 1300.22 46 17 309 548060  2 14698094 73292 2.0 27 14 1 2 79% 5698 496 30%
c d 1300.22 46 17 309 548060  2 14698094 73292 2.0 27 14 1 2 79% 5698 496 30%
c p 1300.22 46 17 309 548060  2 14698094 73292 2.0 27 14 1 2 79% 5698 496 30%
c k 1300.23 46 17 309 548060  2 14698094 73292 2.0 27 14 1 2 79% 5698 496 30%
c 2 1300.23 46 17 309 548060  2 14698094 73292 2.0 27 14 1 2 79% 5698 496 30%
c u 1300.37 46 17 309 548060  2 14698094 71261 2.0 27 14 1 2 79% 5698 496 30%
c v 1300.45 46 17 309 548060  2 14698094 70773 2.0 27 14 1 2 79% 5698 496 30%
c w 1300.50 46 17 309 548060  2 14698094 70659 2.0 27 14 1 2 79% 5698 496 30%
c t 1300.50 46 17 309 548060  2 14698094 70659 2.0 27 14 1 2 79% 5698 496 30%
c 
c   seconds    reductions      conflicts          size   tier2     variables
c           MB       restarts          redundant     glue   trail      remaining
c            level          rate            size/glue  tier1 irredundant
c 
c k 1300.50 46 17 309 548060  2 14698094 70659 2.0 27 14 1 2 79% 5698 496 30%
c ~ 1301.35 46 17 309 549206  2 14706264 77383 2.0 27 14 1 2 80% 5698 496 30%
c W 1302.85 46 17 309 549206  2 14706265 77384 2.0 27 14 1 2 80% 5698 496 30%
c . 1311.59 46 16 310 552564  1 14793941 142491 2.1 28 13 1 2 82% 5698 496 30%
c G 1311.59 46 16 310 552564  1 14793941 79343 2.1 28 13 1 2 82% 5698 496 30%
c C 1311.61 49 16 310 552564  1 14793941 79343 2.1 28 13 1 2 82% 5698 496 30%
c - 1311.61 49 16 310 552564  1 14793941 79343 2.1 28 13 1 2 82% 5698 496 30%
c 2 1311.61 49 16 310 552564  1 14793941 79343 2.1 28 13 1 2 82% 5698 496 30%
c d 1311.61 49 16 310 552564  1 14793941 79343 2.1 28 13 1 2 82% 5698 496 30%
c p 1311.61 49 16 310 552564  1 14793941 79343 2.1 28 13 1 2 82% 5698 496 30%
c k 1311.61 49 16 310 552564  1 14793941 79343 2.1 28 13 1 2 82% 5698 496 30%
c 2 1311.61 49 16 310 552564  1 14793941 79343 2.1 28 13 1 2 82% 5698 496 30%
c u 1311.77 49 16 310 552564  1 14793941 77484 2.1 28 13 1 2 82% 5698 496 30%
c v 1311.84 49 16 310 552564  1 14793941 77000 2.1 28 13 1 2 82% 5698 496 30%
c w 1311.89 49 16 310 552564  1 14793941 76941 2.1 28 13 1 2 82% 5698 496 30%
c t 1311.89 49 16 310 552564  1 14793941 76941 2.1 28 13 1 2 82% 5698 496 30%
c k 1311.89 49 16 310 552564  1 14793941 76941 2.1 28 13 1 2 82% 5698 496 30%
c s 1313.41 49 16 310 553784  1 14803192 83117 2.1 28 13 1 2 82% 5698 496 30%
c t 1313.41 49 16 310 553784  1 14803192 83117 2.1 28 13 1 2 82% 5698 496 30%
c e 1313.41 49 16 310 553784  1 14803192 83117 2.1 28 13 1 2 82% 5698 496 30%
c 
c   seconds    reductions      conflicts          size   tier2     variables
c           MB       restarts          redundant     glue   trail      remaining
c            level          rate            size/glue  tier1 irredundant
c 
c s 1313.89 49 16 310 553784  1 14803192 83032 2.1 28 13 1 2 82% 5698 496 30%
c ~ 1323.52 49 16 310 561456  2 14878265 134000 2.0 27 14 1 2 82% 5698 496 30%
c F 1323.53 49 16 310 561456  2 14878266 134001 2.0 27 14 1 2 82% 5698 496 30%
c . 1325.75 49 17 311 563628  2 14890099 143642 2.0 28 14 1 2 83% 5698 496 30%
c G 1325.76 49 17 311 563628  2 14890099 79812 2.0 28 14 1 2 83% 5698 496 30%
c C 1325.77 55 17 311 563628  2 14890099 79812 2.0 28 14 1 2 83% 5698 496 30%
c - 1325.77 55 17 311 563628  2 14890099 79812 2.0 28 14 1 2 83% 5698 496 30%
c 2 1325.77 55 17 311 563628  2 14890099 79812 2.0 28 14 1 2 83% 5698 496 30%
c d 1325.77 55 17 311 563628  2 14890099 79812 2.0 28 14 1 2 83% 5698 496 30%
c p 1325.78 55 17 311 563628  2 14890099 79812 2.0 28 14 1 2 83% 5698 496 30%
c k 1325.78 55 17 311 563628  2 14890099 79812 2.0 28 14 1 2 83% 5698 496 30%
c 2 1325.78 55 17 311 563628  2 14890099 79812 2.0 28 14 1 2 83% 5698 496 30%
c u 1325.93 55 17 311 563628  2 14890099 77502 2.0 28 14 1 2 83% 5698 496 30%
c v 1326.06 55 17 311 563628  2 14890099 77161 2.0 28 14 1 2 83% 5698 496 30%
c w 1326.11 55 17 311 563628  2 14890099 77033 2.0 28 14 1 2 83% 5698 496 30%
c t 1326.11 55 17 311 563628  2 14890099 77033 2.0 28 14 1 2 83% 5698 496 30%
c k 1326.11 55 17 311 563628  2 14890099 77033 2.0 28 14 1 2 83% 5698 496 30%
c 2 1326.11 55 17 311 563628  2 14890099 77033 2.0 28 14 1 2 83% 5698 496 30%
c f 1326.11 55 17 311 563628  2 14890099 77033 2.0 28 14 1 2 83% 5698 496 30%
c . 1336.52 55 16 312 568535  1 14986569 134181 1.9 26 14 1 2 86% 5698 496 30%
c 
c   seconds    reductions      conflicts          size   tier2     variables
c           MB       restarts          redundant     glue   trail      remaining
c            level          rate            size/glue  tier1 irredundant
c 
c G 1336.53 55 16 312 568535  1 14986569 75926 1.9 26 14 1 2 86% 5698 496 30%
c C 1336.55 43 16 312 568535  1 14986569 75926 1.9 26 14 1 2 86% 5698 496 30%
c - 1336.55 43 16 312 568535  1 14986569 75926 1.9 26 14 1 2 86% 5698 496 30%
c 2 1336.55 43 16 312 568535  1 14986569 75926 1.9 26 14 1 2 86% 5698 496 30%
c d 1336.55 43 16 312 568535  1 14986569 75926 1.9 26 14 1 2 86% 5698 496 30%
c p 1336.55 43 16 312 568535  1 14986569 75926 1.9 26 14 1 2 86% 5698 496 30%
c k 1336.55 43 16 312 568535  1 14986569 75926 1.9 26 14 1 2 86% 5698 496 30%
c 2 1336.55 43 16 312 568535  1 14986569 75926 1.9 26 14 1 2 86% 5698 496 30%
c u 1336.71 43 16 312 568535  1 14986569 74194 1.9 26 14 1 2 86% 5698 496 30%
c v 1336.80 43 16 312 568535  1 14986569 73945 1.9 26 14 1 2 86% 5698 496 30%
c w 1336.80 43 16 312 568535  1 14986569 73945 1.9 26 14 1 2 86% 5698 496 30%
c t 1336.80 43 16 312 568535  1 14986569 73945 1.9 26 14 1 2 86% 5698 496 30%
c k 1336.80 43 16 312 568535  1 14986569 73945 1.9 26 14 1 2 86% 5698 496 30%
c ~ 1342.83 43 16 312 574433  2 15051267 116410 1.8 25 13 1 2 78% 5698 496 30%
c B 1342.84 43 16 312 574433  2 15051268 116411 1.8 25 13 1 2 78% 5698 496 30%
c . 1347.32 43 16 313 577508  2 15083351 139895 1.9 26 14 1 2 80% 5698 496 30%
c G 1347.33 44 16 313 577508  2 15083351 76700 1.9 26 14 1 2 80% 5698 496 30%
c C 1347.35 48 16 313 577508  2 15083351 76700 1.9 26 14 1 2 80% 5698 496 30%
c - 1347.35 48 16 313 577508  2 15083351 76700 1.9 26 14 1 2 80% 5698 496 30%
c 2 1347.35 48 16 313 577508  2 15083351 76700 1.9 26 14 1 2 80% 5698 496 30%
c 
c   seconds    reductions      conflicts          size   tier2     variables
c           MB       restarts          redundant     glue   trail      remaining
c            level          rate            size/glue  tier1 irredundant
c 
c d 1347.35 48 16 313 577508  2 15083351 76700 1.9 26 14 1 2 80% 5698 496 30%
c p 1347.35 48 16 313 577508  2 15083351 76700 1.9 26 14 1 2 80% 5698 496 30%
c k 1347.35 48 16 313 577508  2 15083351 76700 1.9 26 14 1 2 80% 5698 496 30%
c 2 1347.35 48 16 313 577508  2 15083351 76700 1.9 26 14 1 2 80% 5698 496 30%
c u 1347.50 48 16 313 577508  2 15083351 74906 1.9 26 14 1 2 80% 5698 496 30%
c v 1347.58 48 16 313 577508  2 15083351 74626 1.9 26 14 1 2 80% 5698 496 30%
c w 1347.58 48 16 313 577508  2 15083351 74626 1.9 26 14 1 2 80% 5698 496 30%
c t 1347.58 48 16 313 577508  2 15083351 74626 1.9 26 14 1 2 80% 5698 496 30%
c k 1347.58 48 16 313 577508  2 15083351 74626 1.9 26 14 1 2 80% 5698 496 30%
c } 1349.01 48 17 313 578922  2 15095593 84086 1.9 26 14 1 2 80% 5698 496 30%
c [ 1349.01 48 15 313 578922  1 15095593 84086 1.6 23 14 1 2 87% 5698 496 30%
c . 1356.10 48 16 314 578930  1 15180444 135400 1.7 24 14 1 2 87% 5698 496 30%
c G 1356.11 48 16 314 578930  1 15180444 73845 1.7 24 14 1 2 87% 5698 496 30%
c C 1356.13 48 16 314 578930  1 15180444 73845 1.7 24 14 1 2 87% 5698 496 30%
c - 1356.13 48 16 314 578930  1 15180444 73845 1.7 24 14 1 2 87% 5698 496 30%
c 2 1356.13 48 16 314 578930  1 15180444 73845 1.7 24 14 1 2 87% 5698 496 30%
c d 1356.13 48 16 314 578930  1 15180444 73845 1.7 24 14 1 2 87% 5698 496 30%
c p 1356.13 48 16 314 578930  1 15180444 73845 1.7 24 14 1 2 87% 5698 496 30%
c k 1356.13 48 16 314 578930  1 15180444 73845 1.7 24 14 1 2 87% 5698 496 30%
c 2 1356.13 48 16 314 578930  1 15180444 73845 1.7 24 14 1 2 87% 5698 496 30%
c 
c   seconds    reductions      conflicts          size   tier2     variables
c           MB       restarts          redundant     glue   trail      remaining
c            level          rate            size/glue  tier1 irredundant
c 
c u 1356.26 48 16 314 578930  1 15180444 72325 1.7 24 14 1 2 87% 5698 496 30%
c v 1356.33 48 16 314 578930  1 15180444 71982 1.7 24 14 1 2 87% 5698 496 30%
c w 1356.34 48 16 314 578930  1 15180444 71981 1.7 24 14 1 2 87% 5698 496 30%
c t 1356.34 48 16 314 578930  1 15180444 71981 1.7 24 14 1 2 87% 5698 496 30%
c k 1356.34 48 16 314 578930  1 15180444 71981 1.7 24 14 1 2 87% 5698 496 30%
c ~ 1359.84 48 16 314 578952  1 15225270 95553 1.7 23 14 1 2 87% 5698 496 30%
c B 1359.84 48 16 314 578952  1 15225271 95554 1.7 23 14 1 2 87% 5698 496 30%
c . 1364.06 48 16 315 578969  1 15277850 122896 1.6 23 14 1 2 87% 5698 496 30%
c G 1364.07 48 16 315 578969  1 15277850 65164 1.6 23 14 1 2 87% 5698 496 30%
c C 1364.08 48 16 315 578969  1 15277850 65164 1.6 23 14 1 2 87% 5698 496 30%
c - 1364.08 48 16 315 578969  1 15277850 65164 1.6 23 14 1 2 87% 5698 496 30%
c 2 1364.08 48 16 315 578969  1 15277850 65164 1.6 23 14 1 2 87% 5698 496 30%
c d 1364.08 48 16 315 578969  1 15277850 65164 1.6 23 14 1 2 87% 5698 496 30%
c p 1364.09 48 16 315 578969  1 15277850 65164 1.6 23 14 1 2 87% 5698 496 30%
c k 1364.09 48 16 315 578969  1 15277850 65164 1.6 23 14 1 2 87% 5698 496 30%
c 2 1364.09 48 16 315 578969  1 15277850 65164 1.6 23 14 1 2 87% 5698 496 30%
c u 1364.21 48 16 315 578969  1 15277850 63556 1.6 23 14 1 2 87% 5698 496 30%
c v 1364.28 48 16 315 578969  1 15277850 63361 1.6 23 14 1 2 87% 5698 496 30%
c w 1364.28 48 16 315 578969  1 15277850 63360 1.6 23 14 1 2 87% 5698 496 30%
c t 1364.28 48 16 315 578969  1 15277850 63360 1.6 23 14 1 2 87% 5698 496 30%
c 
c   seconds    reductions      conflicts          size   tier2     variables
c           MB       restarts          redundant     glue   trail      remaining
c            level          rate            size/glue  tier1 irredundant
c 
c k 1364.28 48 16 315 578969  1 15277850 63360 1.6 23 14 1 2 87% 5698 496 30%
c . 1372.76 48 16 316 578993  1 15375567 118180 1.7 24 14 1 2 88% 5698 496 30%
c G 1372.77 48 16 316 578993  1 15375567 59490 1.7 24 14 1 2 88% 5698 496 30%
c C 1372.78 48 16 316 578993  1 15375567 59490 1.7 24 14 1 2 88% 5698 496 30%
c - 1372.78 48 16 316 578993  1 15375567 59490 1.7 24 14 1 2 88% 5698 496 30%
c 2 1372.78 48 16 316 578993  1 15375567 59490 1.7 24 14 1 2 88% 5698 496 30%
c d 1372.78 48 16 316 578993  1 15375567 59490 1.7 24 14 1 2 88% 5698 496 30%
c p 1372.78 48 16 316 578993  1 15375567 59490 1.7 24 14 1 2 88% 5698 496 30%
c k 1372.78 48 16 316 578993  1 15375567 59490 1.7 24 14 1 2 88% 5698 496 30%
c 2 1372.78 48 16 316 578993  1 15375567 59490 1.7 24 14 1 2 88% 5698 496 30%
c = 1373.03 48 16 316 578993  1 15375567 59490 1.7 24 14 1 2 88% 5698 496 30%
c u 1373.16 48 16 316 578993  1 15375567 57363 1.7 24 14 1 2 88% 5698 496 30%
c v 1373.23 48 16 316 578993  1 15375567 57074 1.7 24 14 1 2 88% 5698 496 30%
c w 1373.23 48 16 316 578993  1 15375567 57074 1.7 24 14 1 2 88% 5698 496 30%
c t 1373.23 48 16 316 578993  1 15375567 57074 1.7 24 14 1 2 88% 5698 496 30%
c k 1373.23 48 16 316 578993  1 15375567 57074 1.7 24 14 1 2 88% 5698 496 30%
c ~ 1374.74 48 16 316 579002  1 15400273 70615 1.7 24 14 1 2 88% 5698 496 30%
c W 1376.99 48 16 316 579002  1 15400274 70616 1.7 24 14 1 2 88% 5698 496 30%
c . 1382.85 48 16 317 579031  1 15473598 113049 1.6 24 15 1 2 87% 5698 496 30%
c G 1382.86 48 16 317 579031  1 15473598 57629 1.6 24 15 1 2 87% 5698 496 30%
c 
c   seconds    reductions      conflicts          size   tier2     variables
c           MB       restarts          redundant     glue   trail      remaining
c            level          rate            size/glue  tier1 irredundant
c 
c C 1382.87 48 16 317 579031  1 15473598 57629 1.6 24 15 1 2 87% 5698 496 30%
c - 1382.87 48 16 317 579031  1 15473598 57629 1.6 24 15 1 2 87% 5698 496 30%
c 2 1382.87 48 16 317 579031  1 15473598 57629 1.6 24 15 1 2 87% 5698 496 30%
c d 1382.87 48 16 317 579031  1 15473598 57629 1.6 24 15 1 2 87% 5698 496 30%
c p 1382.87 48 16 317 579031  1 15473598 57629 1.6 24 15 1 2 87% 5698 496 30%
c k 1382.87 48 16 317 579031  1 15473598 57629 1.6 24 15 1 2 87% 5698 496 30%
c 2 1382.87 48 16 317 579031  1 15473598 57629 1.6 24 15 1 2 87% 5698 496 30%
c u 1382.99 48 16 317 579031  1 15473598 56319 1.6 24 15 1 2 87% 5698 496 30%
c v 1383.05 48 16 317 579031  1 15473598 55979 1.6 24 15 1 2 87% 5698 496 30%
c w 1383.05 48 16 317 579031  1 15473598 55979 1.6 24 15 1 2 87% 5698 496 30%
c t 1383.05 48 16 317 579031  1 15473598 55979 1.6 24 15 1 2 87% 5698 496 30%
c k 1383.05 48 16 317 579031  1 15473598 55979 1.6 24 15 1 2 87% 5698 496 30%
c . 1390.84 48 16 318 579050  1 15571939 109602 1.6 23 14 1 2 87% 5698 496 30%
c G 1390.84 48 16 318 579050  1 15571939 55108 1.6 23 14 1 2 87% 5698 496 30%
c C 1390.86 36 16 318 579050  1 15571939 55108 1.6 23 14 1 2 87% 5698 496 30%
c - 1390.86 36 16 318 579050  1 15571939 55108 1.6 23 14 1 2 87% 5698 496 30%
c 2 1390.86 36 16 318 579050  1 15571939 55108 1.6 23 14 1 2 87% 5698 496 30%
c d 1390.86 36 16 318 579050  1 15571939 55108 1.6 23 14 1 2 87% 5698 496 30%
c p 1390.86 36 16 318 579050  1 15571939 55108 1.6 23 14 1 2 87% 5698 496 30%
c k 1390.86 36 16 318 579050  1 15571939 55108 1.6 23 14 1 2 87% 5698 496 30%
c 
c   seconds    reductions      conflicts          size   tier2     variables
c           MB       restarts          redundant     glue   trail      remaining
c            level          rate            size/glue  tier1 irredundant
c 
c 2 1390.86 36 16 318 579050  1 15571939 55108 1.6 23 14 1 2 87% 5698 496 30%
c u 1390.98 36 16 318 579050  1 15571939 53523 1.6 23 14 1 2 87% 5698 496 30%
c v 1391.04 36 16 318 579050  1 15571939 53011 1.6 23 14 1 2 87% 5698 496 30%
c w 1391.04 36 16 318 579050  1 15571939 53011 1.6 23 14 1 2 87% 5698 496 30%
c t 1391.04 36 16 318 579050  1 15571939 53011 1.6 23 14 1 2 87% 5698 496 30%
c k 1391.05 36 16 318 579050  1 15571939 53011 1.6 23 14 1 2 87% 5698 496 30%
c ~ 1391.27 36 16 318 579050  1 15576274 55638 1.6 23 14 1 2 87% 5698 496 30%
c I 1391.27 36 16 318 579050  1 15576275 55639 1.6 23 14 1 2 87% 5698 496 30%
c ] 1396.45 36 16 318 579051  1 15653529 100900 1.6 23 14 1 2 86% 5698 496 30%
c { 1396.45 36 17 318 579051  2 15653529 100900 1.9 26 14 1 2 80% 5698 496 30%
c . 1398.52 38 17 319 580749  2 15670592 112834 1.9 26 14 1 2 82% 5698 496 30%
c G 1398.53 39 17 319 580749  2 15670592 59707 1.9 26 14 1 2 82% 5698 496 30%
c C 1398.54 42 17 319 580749  2 15670592 59707 1.9 26 14 1 2 82% 5698 496 30%
c - 1398.54 42 17 319 580749  2 15670592 59707 1.9 26 14 1 2 82% 5698 496 30%
c 2 1398.54 42 17 319 580749  2 15670592 59707 1.9 26 14 1 2 82% 5698 496 30%
c d 1398.54 42 17 319 580749  2 15670592 59707 1.9 26 14 1 2 82% 5698 496 30%
c p 1398.54 42 17 319 580749  2 15670592 59707 1.9 26 14 1 2 82% 5698 496 30%
c k 1398.54 42 17 319 580749  2 15670592 59707 1.9 26 14 1 2 82% 5698 496 30%
c 2 1398.54 42 17 319 580749  2 15670592 59707 1.9 26 14 1 2 82% 5698 496 30%
c u 1398.66 42 17 319 580749  2 15670592 58358 1.9 26 14 1 2 82% 5698 496 30%
c 
c   seconds    reductions      conflicts          size   tier2     variables
c           MB       restarts          redundant     glue   trail      remaining
c            level          rate            size/glue  tier1 irredundant
c 
c v 1398.72 42 17 319 580749  2 15670592 58109 1.9 26 14 1 2 82% 5698 496 30%
c w 1398.75 42 17 319 580749  2 15670592 58036 1.9 26 14 1 2 82% 5698 496 30%
c t 1398.75 42 17 319 580749  2 15670592 58036 1.9 26 14 1 2 82% 5698 496 30%
c k 1398.75 42 17 319 580749  2 15670592 58036 1.9 26 14 1 2 82% 5698 496 30%
c ~ 1407.21 42 15 319 582495  1 15753276 109312 2.1 26 13 1 2 85% 5698 496 30%
c W 1408.55 42 15 319 582495  1 15753277 109313 2.1 26 13 1 2 85% 5698 496 30%
c . 1410.72 42 15 320 584878  1 15769557 121566 2.0 26 13 1 2 84% 5698 496 30%
c G 1410.73 42 15 320 584878  1 15769557 64659 2.0 26 13 1 2 84% 5698 496 30%
c C 1410.74 46 15 320 584878  1 15769557 64659 2.0 26 13 1 2 84% 5698 496 30%
c - 1410.74 46 15 320 584878  1 15769557 64659 2.0 26 13 1 2 84% 5698 496 30%
c 2 1410.74 46 15 320 584878  1 15769557 64659 2.0 26 13 1 2 84% 5698 496 30%
c d 1410.74 46 15 320 584878  1 15769557 64659 2.0 26 13 1 2 84% 5698 496 30%
c p 1410.75 46 15 320 584878  1 15769557 64659 2.0 26 13 1 2 84% 5698 496 30%
c k 1410.75 46 15 320 584878  1 15769557 64659 2.0 26 13 1 2 84% 5698 496 30%
c 2 1410.75 46 15 320 584878  1 15769557 64659 2.0 26 13 1 2 84% 5698 496 30%
c u 1410.90 46 15 320 584878  1 15769557 62663 2.0 26 13 1 2 84% 5698 496 30%
c v 1410.99 46 15 320 584878  1 15769557 62249 2.0 26 13 1 2 84% 5698 496 30%
c w 1411.03 46 15 320 584878  1 15769557 62099 2.0 26 13 1 2 84% 5698 496 30%
c t 1411.03 46 15 320 584878  1 15769557 62099 2.0 26 13 1 2 84% 5698 496 30%
c k 1411.03 46 15 320 584878  1 15769557 62099 2.0 26 13 1 2 84% 5698 496 30%
c 
c   seconds    reductions      conflicts           size   tier2     variables
c           MB       restarts          redundant      glue   trail      remaining
c            level          rate             size/glue  tier1 irredundant
c 
c . 1423.96 46 17 321 595940  2 15868834 139362 2.2 30 14 1 2 86% 5698 496 30%
c G 1423.97 47 17 321 595940  2 15868834 69863 2.2 30 14 1 2 86% 5698 496 30%
c C 1423.98 51 17 321 595940  2 15868834 69863 2.2 30 14 1 2 86% 5698 496 30%
c - 1423.98 51 17 321 595940  2 15868834 69863 2.2 30 14 1 2 86% 5698 496 30%
c 2 1423.98 51 17 321 595940  2 15868834 69863 2.2 30 14 1 2 86% 5698 496 30%
c d 1423.98 51 17 321 595940  2 15868834 69863 2.2 30 14 1 2 86% 5698 496 30%
c p 1423.99 51 17 321 595940  2 15868834 69863 2.2 30 14 1 2 86% 5698 496 30%
c k 1423.99 51 17 321 595940  2 15868834 69863 2.2 30 14 1 2 86% 5698 496 30%
c 2 1423.99 51 17 321 595940  2 15868834 69863 2.2 30 14 1 2 86% 5698 496 30%
c u 1424.16 51 17 321 595940  2 15868834 68191 2.2 30 14 1 2 86% 5698 496 30%
c v 1424.27 51 17 321 595940  2 15868834 67784 2.2 30 14 1 2 86% 5698 496 30%
c w 1424.32 51 17 321 595940  2 15868834 67700 2.2 30 14 1 2 86% 5698 496 30%
c t 1424.32 51 17 321 595940  2 15868834 67700 2.2 30 14 1 2 86% 5698 496 30%
c k 1424.32 51 17 321 595940  2 15868834 67700 2.2 30 14 1 2 86% 5698 496 30%
c ~ 1430.47 51 15 321 598592  2 15931277 111561 2.1 26 13 1 2 79% 5698 496 30%
c # 1430.47 51 15 321 598592  2 15931278 111562 2.1 26 13 1 2 79% 5698 496 30%
c . 1435.55 51 16 322 603525  2 15968423 139329 2.0 27 13 1 2 80% 5698 496 30%
c G 1435.56 51 16 322 603525  2 15968423 69522 2.0 27 13 1 2 80% 5698 496 30%
c C 1435.58 51 16 322 603525  2 15968423 69522 2.0 27 13 1 2 80% 5698 496 30%
c - 1435.58 51 16 322 603525  2 15968423 69522 2.0 27 13 1 2 80% 5698 496 30%
c 
c   seconds    reductions      conflicts          size   tier2     variables
c           MB       restarts          redundant     glue   trail      remaining
c            level          rate            size/glue  tier1 irredundant
c 
c 2 1435.58 51 16 322 603525  2 15968423 69522 2.0 27 13 1 2 80% 5698 496 30%
c d 1435.58 51 16 322 603525  2 15968423 69522 2.0 27 13 1 2 80% 5698 496 30%
c p 1435.58 51 16 322 603525  2 15968423 69522 2.0 27 13 1 2 80% 5698 496 30%
c k 1435.58 51 16 322 603525  2 15968423 69522 2.0 27 13 1 2 80% 5698 496 30%
c 2 1435.58 51 16 322 603525  2 15968423 69522 2.0 27 13 1 2 80% 5698 496 30%
c u 1435.70 51 16 322 603525  2 15968423 69318 2.0 27 13 1 2 80% 5698 496 30%
c v 1435.82 51 16 322 603525  2 15968423 68992 2.0 27 13 1 2 80% 5698 496 30%
c w 1435.82 51 16 322 603525  2 15968423 68992 2.0 27 13 1 2 80% 5698 496 30%
c t 1435.83 51 16 322 603525  2 15968423 68992 2.0 27 13 1 2 80% 5698 496 30%
c k 1435.83 51 16 322 603525  2 15968423 68992 2.0 27 13 1 2 80% 5698 496 30%
c . 1447.12 51 17 323 613579  2 16068324 136098 1.9 26 14 1 2 82% 5698 496 30%
c G 1447.13 51 17 323 613579  2 16068324 68722 1.9 26 14 1 2 82% 5698 496 30%
c C 1447.14 51 17 323 613579  2 16068324 68722 1.9 26 14 1 2 82% 5698 496 30%
c - 1447.14 51 17 323 613579  2 16068324 68722 1.9 26 14 1 2 82% 5698 496 30%
c 2 1447.14 51 17 323 613579  2 16068324 68722 1.9 26 14 1 2 82% 5698 496 30%
c d 1447.14 51 17 323 613579  2 16068324 68722 1.9 26 14 1 2 82% 5698 496 30%
c p 1447.14 51 17 323 613579  2 16068324 68722 1.9 26 14 1 2 82% 5698 496 30%
c k 1447.14 51 17 323 613579  2 16068324 68722 1.9 26 14 1 2 82% 5698 496 30%
c 2 1447.14 51 17 323 613579  2 16068324 68722 1.9 26 14 1 2 82% 5698 496 30%
c u 1447.26 51 17 323 613579  2 16068324 68674 1.9 26 14 1 2 82% 5698 496 30%
c 
c   seconds    reductions      conflicts          size   tier2     variables
c           MB       restarts          redundant     glue   trail      remaining
c            level          rate            size/glue  tier1 irredundant
c 
c v 1447.39 51 17 323 613579  2 16068324 68096 1.9 26 14 1 2 82% 5698 496 30%
c w 1447.39 51 17 323 613579  2 16068324 68094 1.9 26 14 1 2 82% 5698 496 30%
c t 1447.39 51 17 323 613579  2 16068324 68094 1.9 26 14 1 2 82% 5698 496 30%
c k 1447.39 51 17 323 613579  2 16068324 68094 1.9 26 14 1 2 82% 5698 496 30%
c } 1449.86 51 17 323 615561  2 16097157 91549 2.0 27 14 1 2 82% 5698 496 30%
c [ 1449.86 51 16 323 615561  1 16097157 91549 1.6 23 14 1 2 86% 5698 496 30%
c ~ 1451.20 51 16 323 615561  1 16110278 101930 1.7 25 14 1 2 87% 5698 496 30%
c B 1451.21 51 16 323 615561  1 16110279 101931 1.7 25 14 1 2 87% 5698 496 30%
c . 1457.49 51 17 324 615561  1 16168537 154478 2.0 29 14 1 2 89% 5698 496 30%
c G 1457.50 51 17 324 615561  1 16168537 73004 2.0 29 14 1 2 89% 5698 496 30%
c C 1457.51 51 17 324 615561  1 16168537 73004 2.0 29 14 1 2 89% 5698 496 30%
c - 1457.51 51 17 324 615561  1 16168537 73004 2.0 29 14 1 2 89% 5698 496 30%
c 2 1457.51 51 17 324 615561  1 16168537 73004 2.0 29 14 1 2 89% 5698 496 30%
c d 1457.51 51 17 324 615561  1 16168537 73004 2.0 29 14 1 2 89% 5698 496 30%
c p 1457.52 51 17 324 615561  1 16168537 73004 2.0 29 14 1 2 89% 5698 496 30%
c k 1457.52 51 17 324 615561  1 16168537 73004 2.0 29 14 1 2 89% 5698 496 30%
c 2 1457.52 51 17 324 615561  1 16168537 73004 2.0 29 14 1 2 89% 5698 496 30%
c u 1457.64 51 17 324 615561  1 16168537 72998 2.0 29 14 1 2 89% 5698 496 30%
c v 1457.75 51 17 324 615561  1 16168537 72726 2.0 29 14 1 2 89% 5698 496 30%
c w 1457.79 51 17 324 615561  1 16168537 72588 2.0 29 14 1 2 89% 5698 496 30%
c 
c   seconds    reductions      conflicts          size   tier2     variables
c           MB       restarts          redundant     glue   trail      remaining
c            level          rate            size/glue  tier1 irredundant
c 
c t 1457.79 51 17 324 615561  1 16168537 72588 2.0 29 14 1 2 89% 5698 496 30%
c k 1457.79 51 17 324 615561  1 16168537 72588 2.0 29 14 1 2 89% 5698 496 30%
c . 1468.72 51 16 325 615591  1 16269062 140202 2.1 29 14 1 2 89% 5698 496 30%
c G 1468.73 51 16 325 615591  1 16269062 67036 2.1 29 14 1 2 89% 5698 496 30%
c C 1468.74 51 16 325 615591  1 16269062 67036 2.1 29 14 1 2 89% 5698 496 30%
c - 1468.74 51 16 325 615591  1 16269062 67036 2.1 29 14 1 2 89% 5698 496 30%
c 2 1468.74 51 16 325 615591  1 16269062 67036 2.1 29 14 1 2 89% 5698 496 30%
c d 1468.74 51 16 325 615591  1 16269062 67036 2.1 29 14 1 2 89% 5698 496 30%
c p 1468.74 51 16 325 615591  1 16269062 67036 2.1 29 14 1 2 89% 5698 496 30%
c k 1468.75 51 16 325 615591  1 16269062 67036 2.1 29 14 1 2 89% 5698 496 30%
c 2 1468.75 51 16 325 615591  1 16269062 67036 2.1 29 14 1 2 89% 5698 496 30%
c u 1468.85 51 16 325 615591  1 16269062 67025 2.1 29 14 1 2 89% 5698 496 30%
c v 1469.00 51 16 325 615591  1 16269062 66553 2.1 29 14 1 2 89% 5698 496 30%
c w 1469.00 51 16 325 615591  1 16269062 66552 2.1 29 14 1 2 89% 5698 496 30%
c t 1469.00 51 16 325 615591  1 16269062 66552 2.1 29 14 1 2 89% 5698 496 30%
c k 1469.00 51 16 325 615591  1 16269062 66552 2.1 29 14 1 2 89% 5698 496 30%
c ~ 1470.71 51 16 325 615594  1 16290279 76505 2.0 28 14 1 2 89% 5698 496 30%
c W 1473.03 51 16 325 615594  1 16290280 76506 2.0 28 14 1 2 89% 5698 496 30%
c . 1481.09 51 16 326 615623  1 16369899 112237 1.8 26 14 1 2 89% 5698 496 30%
c G 1481.09 51 16 326 615623  1 16369899 56709 1.8 26 14 1 2 89% 5698 496 30%
c 
c   seconds    reductions      conflicts          size   tier2     variables
c           MB       restarts          redundant     glue   trail      remaining
c            level          rate            size/glue  tier1 irredundant
c 
c C 1481.10 51 16 326 615623  1 16369899 56709 1.8 26 14 1 2 89% 5698 496 30%
c - 1481.10 51 16 326 615623  1 16369899 56709 1.8 26 14 1 2 89% 5698 496 30%
c 2 1481.10 51 16 326 615623  1 16369899 56709 1.8 26 14 1 2 89% 5698 496 30%
c d 1481.10 51 16 326 615623  1 16369899 56709 1.8 26 14 1 2 89% 5698 496 30%
c p 1481.11 51 16 326 615623  1 16369899 56709 1.8 26 14 1 2 89% 5698 496 30%
c k 1481.11 51 16 326 615623  1 16369899 56709 1.8 26 14 1 2 89% 5698 496 30%
c 2 1481.11 51 16 326 615623  1 16369899 56709 1.8 26 14 1 2 89% 5698 496 30%
c u 1481.20 51 16 326 615623  1 16369899 56704 1.8 26 14 1 2 89% 5698 496 30%
c v 1481.34 51 16 326 615623  1 16369899 55989 1.8 26 14 1 2 89% 5698 496 30%
c w 1481.34 51 16 326 615623  1 16369899 55988 1.8 26 14 1 2 89% 5698 496 30%
c t 1481.34 51 16 326 615623  1 16369899 55988 1.8 26 14 1 2 89% 5698 496 30%
c k 1481.34 51 16 326 615623  1 16369899 55988 1.8 26 14 1 2 89% 5698 496 30%
c . 1489.38 51 15 327 615655  1 16471048 123214 1.9 26 13 1 2 88% 5698 496 30%
c G 1489.39 51 15 327 615655  1 16471048 59793 1.9 26 13 1 2 88% 5698 496 30%
c C 1489.40 51 15 327 615655  1 16471048 59793 1.9 26 13 1 2 88% 5698 496 30%
c - 1489.40 51 15 327 615655  1 16471048 59793 1.9 26 13 1 2 88% 5698 496 30%
c 2 1489.40 51 15 327 615655  1 16471048 59793 1.9 26 13 1 2 88% 5698 496 30%
c d 1489.40 51 15 327 615655  1 16471048 59793 1.9 26 13 1 2 88% 5698 496 30%
c p 1489.40 51 15 327 615655  1 16471048 59793 1.9 26 13 1 2 88% 5698 496 30%
c k 1489.40 51 15 327 615655  1 16471048 59793 1.9 26 13 1 2 88% 5698 496 30%
c 
c   seconds    reductions      conflicts          size   tier2     variables
c           MB       restarts          redundant     glue   trail      remaining
c            level          rate            size/glue  tier1 irredundant
c 
c 2 1489.40 51 15 327 615655  1 16471048 59793 1.9 26 13 1 2 88% 5698 496 30%
c u 1489.50 51 15 327 615655  1 16471048 59786 1.9 26 13 1 2 88% 5698 496 30%
c v 1489.58 51 15 327 615655  1 16471048 59163 1.9 26 13 1 2 88% 5698 496 30%
c w 1489.62 51 15 327 615655  1 16471048 59011 1.9 26 13 1 2 88% 5698 496 30%
c t 1489.62 51 15 327 615655  1 16471048 59011 1.9 26 13 1 2 88% 5698 496 30%
c k 1489.62 51 15 327 615655  1 16471048 59011 1.9 26 13 1 2 88% 5698 496 30%
c ~ 1489.63 51 15 327 615655  1 16471280 59185 1.9 26 13 1 2 88% 5698 496 30%
c O 1489.63 51 15 327 615655  1 16471281 59186 1.9 26 13 1 2 88% 5698 496 30%
c . 1499.98 51 15 328 615687  1 16572509 108049 1.8 25 14 1 2 88% 5698 496 30%
c G 1499.99 51 15 328 615687  1 16572509 57105 1.8 25 14 1 2 88% 5698 496 30%
c C 1500.00 51 15 328 615687  1 16572509 57105 1.8 25 14 1 2 88% 5698 496 30%
c - 1500.00 51 15 328 615687  1 16572509 57105 1.8 25 14 1 2 88% 5698 496 30%
c 2 1500.00 51 15 328 615687  1 16572509 57105 1.8 25 14 1 2 88% 5698 496 30%
c d 1500.00 51 15 328 615687  1 16572509 57105 1.8 25 14 1 2 88% 5698 496 30%
c p 1500.00 51 15 328 615687  1 16572509 57105 1.8 25 14 1 2 88% 5698 496 30%
c k 1500.00 51 15 328 615687  1 16572509 57105 1.8 25 14 1 2 88% 5698 496 30%
c 2 1500.00 51 15 328 615687  1 16572509 57105 1.8 25 14 1 2 88% 5698 496 30%
c u 1500.10 51 15 328 615687  1 16572509 57086 1.8 25 14 1 2 88% 5698 496 30%
c v 1500.23 51 15 328 615687  1 16572509 56389 1.8 25 14 1 2 88% 5698 496 30%
c w 1500.23 51 15 328 615687  1 16572509 56389 1.8 25 14 1 2 88% 5698 496 30%
c 
c   seconds    reductions      conflicts          size   tier2     variables
c           MB       restarts          redundant     glue   trail      remaining
c            level          rate            size/glue  tier1 irredundant
c 
c t 1500.23 51 15 328 615687  1 16572509 56389 1.8 25 14 1 2 88% 5698 496 30%
c k 1500.23 51 15 328 615687  1 16572509 56389 1.8 25 14 1 2 88% 5698 496 30%
c ] 1501.00 51 15 328 615687  1 16581069 61852 1.9 26 14 1 2 88% 5698 496 30%
c { 1501.00 51 17 328 615687  2 16581069 61852 2.0 27 14 1 2 82% 5698 496 30%
c ~ 1510.97 51 17 328 619896  2 16653281 120107 2.3 30 13 1 2 85% 5698 496 30%
c B 1510.98 51 17 328 619896  2 16653282 120108 2.3 30 13 1 2 85% 5698 496 30%
c . 1514.64 51 17 329 623587  2 16674285 136433 2.2 30 14 1 2 85% 5698 496 30%
c G 1514.65 51 17 329 623587  2 16674285 70615 2.2 30 14 1 2 85% 5698 496 30%
c C 1514.66 51 17 329 623587  2 16674285 70615 2.2 30 14 1 2 85% 5698 496 30%
c - 1514.66 51 17 329 623587  2 16674285 70615 2.2 30 14 1 2 85% 5698 496 30%
c 2 1514.66 51 17 329 623587  2 16674285 70615 2.2 30 14 1 2 85% 5698 496 30%
c d 1514.66 51 17 329 623587  2 16674285 70615 2.2 30 14 1 2 85% 5698 496 30%
c p 1514.66 51 17 329 623587  2 16674285 70615 2.2 30 14 1 2 85% 5698 496 30%
c c 1514.67 51 17 329 623587  2 16674285 70615 2.2 30 14 1 2 85% 5698 496 30%
c k 1514.67 51 17 329 623587  2 16674285 70615 2.2 30 14 1 2 85% 5698 496 30%
c 2 1514.67 51 17 329 623587  2 16674285 70615 2.2 30 14 1 2 85% 5698 496 30%
c u 1514.79 51 17 329 623587  2 16674285 70521 2.2 30 14 1 2 85% 5698 496 30%
c v 1514.87 51 17 329 623587  2 16674285 70086 2.2 30 14 1 2 85% 5698 496 30%
c w 1514.93 51 17 329 623587  2 16674285 70042 2.2 30 14 1 2 85% 5698 496 30%
c x 1514.97 51 17 329 623587  2 16674285 70042 2.2 30 14 1 2 85% 5697 496 30%
c 
c   seconds    reductions      conflicts          size   tier2     variables
c           MB       restarts          redundant     glue   trail      remaining
c            level          rate            size/glue  tier1 irredundant
c 
c t 1514.97 51 17 329 623587  2 16674285 70042 2.2 30 14 1 2 85% 5697 496 30%
c k 1514.97 51 17 329 623587  2 16674285 70042 2.2 30 14 1 2 85% 5697 496 30%
c 2 1514.97 51 17 329 623587  2 16674285 70042 2.2 30 14 1 2 85% 5697 496 30%
c f 1514.97 51 17 329 623587  2 16674285 70042 2.2 30 14 1 2 85% 5697 496 30%
c s 1515.31 51 17 329 623587  2 16674285 68984 2.2 30 14 1 2 85% 5697 496 30%
c t 1515.31 51 17 329 623587  2 16674285 68984 2.2 30 14 1 2 85% 5697 496 30%
c e 1515.31 51 17 329 623587  2 16674285 68984 2.2 30 14 1 2 85% 5697 496 30%
c s 1515.66 51 17 329 623587  2 16674285 68796 2.2 30 14 1 2 85% 5697 496 30%
c . 1526.07 51 16 330 628630  2 16776370 133459 2.0 26 13 1 2 82% 5697 496 30%
c G 1526.08 51 16 330 628630  2 16776370 70303 2.0 26 13 1 2 82% 5697 496 30%
c C 1526.09 51 16 330 628630  2 16776370 70303 2.0 26 13 1 2 82% 5697 496 30%
c - 1526.09 51 16 330 628630  2 16776370 70303 2.0 26 13 1 2 82% 5697 496 30%
c 2 1526.09 51 16 330 628630  2 16776370 70303 2.0 26 13 1 2 82% 5697 496 30%
c d 1526.09 51 16 330 628630  2 16776370 70303 2.0 26 13 1 2 82% 5697 496 30%
c p 1526.09 51 16 330 628630  2 16776370 70303 2.0 26 13 1 2 82% 5697 496 30%
c k 1526.09 51 16 330 628630  2 16776370 70303 2.0 26 13 1 2 82% 5697 496 30%
c 2 1526.09 51 16 330 628630  2 16776370 70303 2.0 26 13 1 2 82% 5697 496 30%
c u 1526.21 51 16 330 628630  2 16776370 70252 2.0 26 13 1 2 82% 5697 496 30%
c v 1526.33 51 16 330 628630  2 16776370 69871 2.0 26 13 1 2 82% 5697 496 30%
c w 1526.38 51 16 330 628630  2 16776370 69796 2.0 26 13 1 2 82% 5697 496 30%
c 
c   seconds    reductions      conflicts          size   tier2     variables
c           MB       restarts          redundant     glue   trail      remaining
c            level          rate            size/glue  tier1 irredundant
c 
c t 1526.38 51 16 330 628630  2 16776370 69796 2.0 26 13 1 2 82% 5697 496 30%
c k 1526.38 51 16 330 628630  2 16776370 69796 2.0 26 13 1 2 82% 5697 496 30%
c 2 1526.38 51 16 330 628630  2 16776370 69796 2.0 26 13 1 2 82% 5697 496 30%
c f 1526.38 51 16 330 628630  2 16776370 69796 2.0 26 13 1 2 82% 5697 496 30%
c ~ 1531.61 51 14 330 628662  1 16836283 101103 1.9 23 12 1 2 83% 5697 496 30%
c W 1534.13 51 14 330 628662  1 16836284 101104 1.9 23 12 1 2 83% 5697 496 30%
c . 1540.75 51 16 331 637437  2 16878769 132426 1.8 25 13 1 2 84% 5697 496 30%
c G 1540.76 51 16 331 637437  2 16878769 70119 1.8 25 13 1 2 84% 5697 496 30%
c C 1540.77 51 16 331 637437  2 16878769 70119 1.8 25 13 1 2 84% 5697 496 30%
c - 1540.77 51 16 331 637437  2 16878769 70119 1.8 25 13 1 2 84% 5697 496 30%
c 2 1540.77 51 16 331 637437  2 16878769 70119 1.8 25 13 1 2 84% 5697 496 30%
c d 1540.77 51 16 331 637437  2 16878769 70119 1.8 25 13 1 2 84% 5697 496 30%
c p 1540.77 51 16 331 637437  2 16878769 70119 1.8 25 13 1 2 84% 5697 496 30%
c k 1540.77 51 16 331 637437  2 16878769 70119 1.8 25 13 1 2 84% 5697 496 30%
c 2 1540.77 51 16 331 637437  2 16878769 70119 1.8 25 13 1 2 84% 5697 496 30%
c u 1540.89 51 16 331 637437  2 16878769 70099 1.8 25 13 1 2 84% 5697 496 30%
c v 1541.03 51 16 331 637437  2 16878769 69642 1.8 25 13 1 2 84% 5697 496 30%
c w 1541.03 51 16 331 637437  2 16878769 69642 1.8 25 13 1 2 84% 5697 496 30%
c t 1541.03 51 16 331 637437  2 16878769 69642 1.8 25 13 1 2 84% 5697 496 30%
c k 1541.03 51 16 331 637437  2 16878769 69642 1.8 25 13 1 2 84% 5697 496 30%
c 
c   seconds    reductions      conflicts           size   tier2     variables
c           MB       restarts          redundant      glue   trail      remaining
c            level          rate             size/glue  tier1 irredundant
c 
c . 1551.17 51 16 332 643544  2 16981478 148308 1.9 25 13 1 2 76% 5697 496 30%
c G 1551.18 51 16 332 643544  2 16981478 74805 1.9 25 13 1 2 76% 5697 496 30%
c C 1551.19 55 16 332 643544  2 16981478 74805 1.9 25 13 1 2 76% 5697 496 30%
c - 1551.19 55 16 332 643544  2 16981478 74805 1.9 25 13 1 2 76% 5697 496 30%
c 2 1551.19 55 16 332 643544  2 16981478 74805 1.9 25 13 1 2 76% 5697 496 30%
c d 1551.19 55 16 332 643544  2 16981478 74805 1.9 25 13 1 2 76% 5697 496 30%
c p 1551.20 55 16 332 643544  2 16981478 74805 1.9 25 13 1 2 76% 5697 496 30%
c k 1551.20 55 16 332 643544  2 16981478 74805 1.9 25 13 1 2 76% 5697 496 30%
c 2 1551.20 55 16 332 643544  2 16981478 74805 1.9 25 13 1 2 76% 5697 496 30%
c u 1551.32 55 16 332 643544  2 16981478 74766 1.9 25 13 1 2 76% 5697 496 30%
c v 1551.42 55 16 332 643544  2 16981478 74512 1.9 25 13 1 2 76% 5697 496 30%
c w 1551.43 55 16 332 643544  2 16981478 74512 1.9 25 13 1 2 76% 5697 496 30%
c t 1551.43 55 16 332 643544  2 16981478 74512 1.9 25 13 1 2 76% 5697 496 30%
c k 1551.43 55 16 332 643544  2 16981478 74512 1.9 25 13 1 2 76% 5697 496 30%
c ~ 1555.31 55 15 332 644617  1 17020284 104750 2.0 25 12 1 2 80% 5697 496 30%
c F 1555.31 55 15 332 644617  1 17020285 104751 2.0 25 12 1 2 80% 5697 496 30%
c } 1558.06 55 16 332 648201  2 17038409 118402 2.0 26 13 1 2 81% 5697 496 30%
c [ 1558.06 55 15 332 648201  1 17038409 118402 1.9 26 14 1 2 88% 5697 496 30%
c . 1562.64 55 14 333 648202  1 17084499 137913 1.8 23 13 1 2 87% 5697 496 30%
c G 1562.65 55 14 333 648202  1 17084499 72461 1.8 23 13 1 2 87% 5697 496 30%
c 
c   seconds    reductions      conflicts          size   tier2     variables
c           MB       restarts          redundant     glue   trail      remaining
c            level          rate            size/glue  tier1 irredundant
c 
c C 1562.66 55 14 333 648202  1 17084499 72461 1.8 23 13 1 2 87% 5697 496 30%
c - 1562.66 55 14 333 648202  1 17084499 72461 1.8 23 13 1 2 87% 5697 496 30%
c 2 1562.66 55 14 333 648202  1 17084499 72461 1.8 23 13 1 2 87% 5697 496 30%
c d 1562.66 55 14 333 648202  1 17084499 72461 1.8 23 13 1 2 87% 5697 496 30%
c p 1562.67 55 14 333 648202  1 17084499 72461 1.8 23 13 1 2 87% 5697 496 30%
c k 1562.67 55 14 333 648202  1 17084499 72461 1.8 23 13 1 2 87% 5697 496 30%
c 2 1562.67 55 14 333 648202  1 17084499 72461 1.8 23 13 1 2 87% 5697 496 30%
c u 1562.78 55 14 333 648202  1 17084499 72442 1.8 23 13 1 2 87% 5697 496 30%
c v 1562.93 55 14 333 648202  1 17084499 72001 1.8 23 13 1 2 87% 5697 496 30%
c w 1562.93 55 14 333 648202  1 17084499 72001 1.8 23 13 1 2 87% 5697 496 30%
c t 1562.93 55 14 333 648202  1 17084499 72001 1.8 23 13 1 2 87% 5697 496 30%
c k 1562.93 55 14 333 648202  1 17084499 72001 1.8 23 13 1 2 87% 5697 496 30%
c . 1571.41 55 16 334 648232  1 17187832 136723 1.7 25 14 1 2 88% 5697 496 30%
c G 1571.42 55 16 334 648232  1 17187832 70669 1.7 25 14 1 2 88% 5697 496 30%
c C 1571.43 55 16 334 648232  1 17187832 70669 1.7 25 14 1 2 88% 5697 496 30%
c - 1571.43 55 16 334 648232  1 17187832 70669 1.7 25 14 1 2 88% 5697 496 30%
c 2 1571.43 55 16 334 648232  1 17187832 70669 1.7 25 14 1 2 88% 5697 496 30%
c d 1571.43 55 16 334 648232  1 17187832 70669 1.7 25 14 1 2 88% 5697 496 30%
c p 1571.43 55 16 334 648232  1 17187832 70669 1.7 25 14 1 2 88% 5697 496 30%
c k 1571.43 55 16 334 648232  1 17187832 70669 1.7 25 14 1 2 88% 5697 496 30%
c 
c   seconds    reductions      conflicts          size   tier2     variables
c           MB       restarts          redundant     glue   trail      remaining
c            level          rate            size/glue  tier1 irredundant
c 
c 2 1571.43 55 16 334 648232  1 17187832 70669 1.7 25 14 1 2 88% 5697 496 30%
c u 1571.55 55 16 334 648232  1 17187832 70665 1.7 25 14 1 2 88% 5697 496 30%
c v 1571.65 55 16 334 648232  1 17187832 70480 1.7 25 14 1 2 88% 5697 496 30%
c w 1571.65 55 16 334 648232  1 17187832 70478 1.7 25 14 1 2 88% 5697 496 30%
c t 1571.65 55 16 334 648232  1 17187832 70478 1.7 25 14 1 2 88% 5697 496 30%
c k 1571.65 55 16 334 648232  1 17187832 70478 1.7 25 14 1 2 88% 5697 496 30%
c ~ 1572.92 55 16 334 648233  1 17205286 81900 1.8 26 14 1 2 88% 5697 496 30%
c B 1572.93 55 16 334 648233  1 17205287 81901 1.8 26 14 1 2 88% 5697 496 30%
c . 1581.54 55 17 335 648265  1 17291479 134628 1.8 27 15 1 2 88% 5697 496 30%
c G 1581.55 55 17 335 648265  1 17291479 64831 1.8 27 15 1 2 88% 5697 496 30%
c C 1581.56 55 17 335 648265  1 17291479 64831 1.8 27 15 1 2 88% 5697 496 30%
c - 1581.56 55 17 335 648265  1 17291479 64831 1.8 27 15 1 2 88% 5697 496 30%
c 2 1581.56 55 17 335 648265  1 17291479 64831 1.8 27 15 1 2 88% 5697 496 30%
c d 1581.56 55 17 335 648265  1 17291479 64831 1.8 27 15 1 2 88% 5697 496 30%
c p 1581.56 55 17 335 648265  1 17291479 64831 1.8 27 15 1 2 88% 5697 496 30%
c k 1581.56 55 17 335 648265  1 17291479 64831 1.8 27 15 1 2 88% 5697 496 30%
c 2 1581.56 55 17 335 648265  1 17291479 64831 1.8 27 15 1 2 88% 5697 496 30%
c u 1581.67 55 17 335 648265  1 17291479 64824 1.8 27 15 1 2 88% 5697 496 30%
c v 1581.80 55 17 335 648265  1 17291479 64361 1.8 27 15 1 2 88% 5697 496 30%
c w 1581.80 55 17 335 648265  1 17291479 64361 1.8 27 15 1 2 88% 5697 496 30%
c 
c   seconds    reductions      conflicts          size   tier2     variables
c           MB       restarts          redundant     glue   trail      remaining
c            level          rate            size/glue  tier1 irredundant
c 
c t 1581.80 55 17 335 648265  1 17291479 64361 1.8 27 15 1 2 88% 5697 496 30%
c k 1581.80 55 17 335 648265  1 17291479 64361 1.8 27 15 1 2 88% 5697 496 30%
c ~ 1590.17 55 16 335 648296  1 17391288 122798 1.8 26 14 1 2 88% 5697 496 30%
c W 1592.24 55 16 335 648296  1 17391289 122799 1.8 26 14 1 2 88% 5697 496 30%
c . 1592.60 55 16 336 648296  1 17395438 125120 1.8 26 14 1 2 88% 5697 496 30%
c G 1592.60 55 16 336 648296  1 17395438 62143 1.8 26 14 1 2 88% 5697 496 30%
c C 1592.62 41 16 336 648296  1 17395438 62143 1.8 26 14 1 2 88% 5697 496 30%
c - 1592.62 41 16 336 648296  1 17395438 62143 1.8 26 14 1 2 88% 5697 496 30%
c 2 1592.62 41 16 336 648296  1 17395438 62143 1.8 26 14 1 2 88% 5697 496 30%
c d 1592.62 41 16 336 648296  1 17395438 62143 1.8 26 14 1 2 88% 5697 496 30%
c p 1592.62 41 16 336 648296  1 17395438 62143 1.8 26 14 1 2 88% 5697 496 30%
c k 1592.62 41 16 336 648296  1 17395438 62143 1.8 26 14 1 2 88% 5697 496 30%
c 2 1592.62 41 16 336 648296  1 17395438 62143 1.8 26 14 1 2 88% 5697 496 30%
c u 1592.72 41 16 336 648296  1 17395438 62141 1.8 26 14 1 2 88% 5697 496 30%
c v 1592.83 41 16 336 648296  1 17395438 61809 1.8 26 14 1 2 88% 5697 496 30%
c w 1592.83 41 16 336 648296  1 17395438 61807 1.8 26 14 1 2 88% 5697 496 30%
c t 1592.83 41 16 336 648296  1 17395438 61807 1.8 26 14 1 2 88% 5697 496 30%
c k 1592.83 41 16 336 648296  1 17395438 61807 1.8 26 14 1 2 88% 5697 496 30%
c . 1601.23 41 16 337 648328  1 17499707 120310 1.8 25 14 1 2 87% 5697 496 30%
c G 1601.24 41 16 337 648328  1 17499707 60398 1.8 25 14 1 2 87% 5697 496 30%
c 
c   seconds    reductions      conflicts          size   tier2     variables
c           MB       restarts          redundant     glue   trail      remaining
c            level          rate            size/glue  tier1 irredundant
c 
c C 1601.25 44 16 337 648328  1 17499707 60398 1.8 25 14 1 2 87% 5697 496 30%
c - 1601.25 44 16 337 648328  1 17499707 60398 1.8 25 14 1 2 87% 5697 496 30%
c 2 1601.25 44 16 337 648328  1 17499707 60398 1.8 25 14 1 2 87% 5697 496 30%
c d 1601.25 44 16 337 648328  1 17499707 60398 1.8 25 14 1 2 87% 5697 496 30%
c p 1601.26 44 16 337 648328  1 17499707 60398 1.8 25 14 1 2 87% 5697 496 30%
c k 1601.26 44 16 337 648328  1 17499707 60398 1.8 25 14 1 2 87% 5697 496 30%
c 2 1601.26 44 16 337 648328  1 17499707 60398 1.8 25 14 1 2 87% 5697 496 30%
c u 1601.36 44 16 337 648328  1 17499707 60394 1.8 25 14 1 2 87% 5697 496 30%
c v 1601.46 44 16 337 648328  1 17499707 59952 1.8 25 14 1 2 87% 5697 496 30%
c w 1601.46 44 16 337 648328  1 17499707 59952 1.8 25 14 1 2 87% 5697 496 30%
c t 1601.46 44 16 337 648328  1 17499707 59952 1.8 25 14 1 2 87% 5697 496 30%
c k 1601.46 44 16 337 648328  1 17499707 59952 1.8 25 14 1 2 87% 5697 496 30%
c ~ 1607.38 44 15 337 648329  1 17578289 106171 1.8 25 14 1 2 87% 5697 496 30%
c I 1607.38 44 15 337 648329  1 17578290 106172 1.8 25 14 1 2 87% 5697 496 30%
c ] 1608.37 44 15 337 648330  1 17594770 115804 1.8 24 14 1 2 87% 5697 496 30%
c { 1608.37 44 16 337 648330  2 17594770 115804 2.0 26 13 1 2 81% 5697 496 30%
c . 1610.03 44 16 338 650605  2 17604289 123335 2.0 26 13 1 2 81% 5697 496 30%
c G 1610.04 44 16 338 650605  2 17604289 64880 2.0 26 13 1 2 81% 5697 496 30%
c C 1610.06 48 16 338 650605  2 17604289 64880 2.0 26 13 1 2 81% 5697 496 30%
c - 1610.06 48 16 338 650605  2 17604289 64880 2.0 26 13 1 2 81% 5697 496 30%
c 
c   seconds    reductions      conflicts          size   tier2     variables
c           MB       restarts          redundant     glue   trail      remaining
c            level          rate            size/glue  tier1 irredundant
c 
c 2 1610.06 48 16 338 650605  2 17604289 64880 2.0 26 13 1 2 81% 5697 496 30%
c d 1610.06 48 16 338 650605  2 17604289 64880 2.0 26 13 1 2 81% 5697 496 30%
c p 1610.06 48 16 338 650605  2 17604289 64880 2.0 26 13 1 2 81% 5697 496 30%
c k 1610.06 48 16 338 650605  2 17604289 64880 2.0 26 13 1 2 81% 5697 496 30%
c 2 1610.06 48 16 338 650605  2 17604289 64880 2.0 26 13 1 2 81% 5697 496 30%
c u 1610.17 48 16 338 650605  2 17604289 64869 2.0 26 13 1 2 81% 5697 496 30%
c v 1610.26 48 16 338 650605  2 17604289 64516 2.0 26 13 1 2 81% 5697 496 30%
c w 1610.30 48 16 338 650605  2 17604289 64406 2.0 26 13 1 2 81% 5697 496 30%
c t 1610.30 48 16 338 650605  2 17604289 64406 2.0 26 13 1 2 81% 5697 496 30%
c k 1610.30 48 16 338 650605  2 17604289 64406 2.0 26 13 1 2 81% 5697 496 30%
c . 1623.82 48 17 339 660043  2 17709183 147397 2.1 29 14 1 2 84% 5697 496 30%
c G 1623.83 48 17 339 660043  2 17709183 76232 2.1 29 14 1 2 84% 5697 496 30%
c C 1623.84 53 17 339 660043  2 17709183 76232 2.1 29 14 1 2 84% 5697 496 30%
c - 1623.84 53 17 339 660043  2 17709183 76232 2.1 29 14 1 2 84% 5697 496 30%
c 2 1623.84 53 17 339 660043  2 17709183 76232 2.1 29 14 1 2 84% 5697 496 30%
c d 1623.84 53 17 339 660043  2 17709183 76232 2.1 29 14 1 2 84% 5697 496 30%
c p 1623.85 53 17 339 660043  2 17709183 76232 2.1 29 14 1 2 84% 5697 496 30%
c k 1623.85 53 17 339 660043  2 17709183 76232 2.1 29 14 1 2 84% 5697 496 30%
c 2 1623.85 53 17 339 660043  2 17709183 76232 2.1 29 14 1 2 84% 5697 496 30%
c u 1623.98 53 17 339 660043  2 17709183 76186 2.1 29 14 1 2 84% 5697 496 30%
c 
c   seconds    reductions      conflicts          size   tier2     variables
c           MB       restarts          redundant     glue   trail      remaining
c            level          rate            size/glue  tier1 irredundant
c 
c v 1624.14 53 17 339 660043  2 17709183 75734 2.1 29 14 1 2 84% 5697 496 30%
c w 1624.20 53 17 339 660043  2 17709183 75562 2.1 29 14 1 2 84% 5697 496 30%
c t 1624.20 53 17 339 660043  2 17709183 75562 2.1 29 14 1 2 84% 5697 496 30%
c k 1624.20 53 17 339 660043  2 17709183 75562 2.1 29 14 1 2 84% 5697 496 30%
c ~ 1630.68 53 17 339 665342  2 17766291 113935 2.0 28 14 1 2 84% 5697 496 30%
c B 1630.69 53 17 339 665342  2 17766292 113936 2.0 28 14 1 2 84% 5697 496 30%
c . 1640.11 53 16 340 666794  2 17814389 156552 2.5 31 12 1 2 87% 5697 496 30%
c G 1640.12 53 16 340 666794  2 17814389 80884 2.5 31 12 1 2 87% 5697 496 30%
c C 1640.14 53 16 340 666794  2 17814389 80884 2.5 31 12 1 2 87% 5697 496 30%
c - 1640.14 53 16 340 666794  2 17814389 80884 2.5 31 12 1 2 87% 5697 496 30%
c 2 1640.14 53 16 340 666794  2 17814389 80884 2.5 31 12 1 2 87% 5697 496 30%
c d 1640.14 53 16 340 666794  2 17814389 80884 2.5 31 12 1 2 87% 5697 496 30%
c p 1640.14 53 16 340 666794  2 17814389 80884 2.5 31 12 1 2 87% 5697 496 30%
c k 1640.14 53 16 340 666794  2 17814389 80884 2.5 31 12 1 2 87% 5697 496 30%
c 2 1640.14 53 16 340 666794  2 17814389 80884 2.5 31 12 1 2 87% 5697 496 30%
c u 1640.28 53 16 340 666794  2 17814389 80803 2.5 31 12 1 2 87% 5697 496 30%
c v 1640.50 53 16 340 666794  2 17814389 80265 2.5 31 12 1 2 87% 5697 496 30%
c w 1640.57 53 16 340 666794  2 17814389 79913 2.5 31 12 1 2 87% 5697 496 30%
c t 1640.57 53 16 340 666794  2 17814389 79913 2.5 31 12 1 2 87% 5697 496 30%
c k 1640.57 53 16 340 666794  2 17814389 79913 2.5 31 12 1 2 87% 5697 496 30%
c 
c   seconds    reductions      conflicts           size   tier2     variables
c           MB       restarts          redundant      glue   trail      remaining
c            level          rate             size/glue  tier1 irredundant
c 
c . 1656.22 53 16 341 679443  2 17919907 162681 2.2 29 13 1 2 85% 5697 496 30%
c G 1656.23 53 16 341 679443  2 17919907 83073 2.2 29 13 1 2 85% 5697 496 30%
c C 1656.25 59 16 341 679443  2 17919907 83073 2.2 29 13 1 2 85% 5697 496 30%
c - 1656.25 59 16 341 679443  2 17919907 83073 2.2 29 13 1 2 85% 5697 496 30%
c 2 1656.25 59 16 341 679443  2 17919907 83073 2.2 29 13 1 2 85% 5697 496 30%
c d 1656.25 59 16 341 679443  2 17919907 83073 2.2 29 13 1 2 85% 5697 496 30%
c p 1656.25 47 16 341 679443  2 17919907 83073 2.2 29 13 1 2 85% 5697 496 30%
c k 1656.25 47 16 341 679443  2 17919907 83073 2.2 29 13 1 2 85% 5697 496 30%
c 2 1656.25 47 16 341 679443  2 17919907 83073 2.2 29 13 1 2 85% 5697 496 30%
c = 1656.69 47 16 341 679443  2 17919907 83073 2.2 29 13 1 2 85% 5697 496 30%
c u 1656.83 47 16 341 679443  2 17919907 83018 2.2 29 13 1 2 85% 5697 496 30%
c v 1657.03 47 16 341 679443  2 17919907 82471 2.2 29 13 1 2 85% 5697 496 30%
c w 1657.03 47 16 341 679443  2 17919907 82470 2.2 29 13 1 2 85% 5697 496 30%
c t 1657.03 47 16 341 679443  2 17919907 82470 2.2 29 13 1 2 85% 5697 496 30%
c k 1657.03 47 16 341 679443  2 17919907 82470 2.2 29 13 1 2 85% 5697 496 30%
c ~ 1660.30 47 16 341 682110  2 17955292 106803 2.0 28 14 1 2 82% 5697 496 30%
c W 1663.20 47 16 341 682110  2 17955293 106804 2.0 28 14 1 2 82% 5697 496 30%
c } 1668.89 47 17 341 687253  2 18005330 141138 1.9 26 14 1 2 81% 5697 496 30%
c [ 1668.89 47 15 341 687253  1 18005330 141138 1.8 24 14 1 2 87% 5697 496 30%
c . 1670.40 47 15 342 687253  1 18025737 154711 1.8 24 14 1 2 87% 5697 496 30%
c 
c   seconds    reductions      conflicts          size   tier2     variables
c           MB       restarts          redundant     glue   trail      remaining
c            level          rate            size/glue  tier1 irredundant
c 
c G 1670.41 47 15 342 687253  1 18025737 80817 1.8 24 14 1 2 87% 5697 496 30%
c C 1670.43 46 15 342 687253  1 18025737 80817 1.8 24 14 1 2 87% 5697 496 30%
c - 1670.43 46 15 342 687253  1 18025737 80817 1.8 24 14 1 2 87% 5697 496 30%
c 2 1670.43 46 15 342 687253  1 18025737 80817 1.8 24 14 1 2 87% 5697 496 30%
c d 1670.43 46 15 342 687253  1 18025737 80817 1.8 24 14 1 2 87% 5697 496 30%
c p 1670.44 46 15 342 687253  1 18025737 80817 1.8 24 14 1 2 87% 5697 496 30%
c k 1670.44 46 15 342 687253  1 18025737 80817 1.8 24 14 1 2 87% 5697 496 30%
c 2 1670.44 46 15 342 687253  1 18025737 80817 1.8 24 14 1 2 87% 5697 496 30%
c u 1670.57 46 15 342 687253  1 18025737 80801 1.8 24 14 1 2 87% 5697 496 30%
c v 1670.68 46 15 342 687253  1 18025737 80632 1.8 24 14 1 2 87% 5697 496 30%
c w 1670.68 46 15 342 687253  1 18025737 80631 1.8 24 14 1 2 87% 5697 496 30%
c t 1670.68 46 15 342 687253  1 18025737 80631 1.8 24 14 1 2 87% 5697 496 30%
c k 1670.68 46 15 342 687253  1 18025737 80631 1.8 24 14 1 2 87% 5697 496 30%
c . 1679.84 46 15 343 687254  1 18131878 143908 1.8 25 14 1 2 88% 5697 496 30%
c G 1679.86 46 15 343 687254  1 18131878 76182 1.8 25 14 1 2 88% 5697 496 30%
c C 1679.87 51 15 343 687254  1 18131878 76182 1.8 25 14 1 2 88% 5697 496 30%
c - 1679.87 51 15 343 687254  1 18131878 76182 1.8 25 14 1 2 88% 5697 496 30%
c 2 1679.87 51 15 343 687254  1 18131878 76182 1.8 25 14 1 2 88% 5697 496 30%
c d 1679.87 51 15 343 687254  1 18131878 76182 1.8 25 14 1 2 88% 5697 496 30%
c p 1679.88 51 15 343 687254  1 18131878 76182 1.8 25 14 1 2 88% 5697 496 30%
c 
c   seconds    reductions      conflicts          size   tier2     variables
c           MB       restarts          redundant     glue   trail      remaining
c            level          rate            size/glue  tier1 irredundant
c 
c k 1679.88 51 15 343 687254  1 18131878 76182 1.8 25 14 1 2 88% 5697 496 30%
c 2 1679.88 51 15 343 687254  1 18131878 76182 1.8 25 14 1 2 88% 5697 496 30%
c u 1680.00 51 15 343 687254  1 18131878 76175 1.8 25 14 1 2 88% 5697 496 30%
c v 1680.10 51 15 343 687254  1 18131878 75939 1.8 25 14 1 2 88% 5697 496 30%
c w 1680.10 51 15 343 687254  1 18131878 75939 1.8 25 14 1 2 88% 5697 496 30%
c t 1680.10 51 15 343 687254  1 18131878 75939 1.8 25 14 1 2 88% 5697 496 30%
c k 1680.10 51 15 343 687254  1 18131878 75939 1.8 25 14 1 2 88% 5697 496 30%
c ~ 1681.11 51 15 343 687254  1 18145293 83969 1.8 25 14 1 2 88% 5697 496 30%
c B 1681.12 51 15 343 687254  1 18145294 83970 1.8 25 14 1 2 88% 5697 496 30%
c . 1689.34 51 16 344 687254  1 18238333 135659 1.7 24 14 1 2 85% 5697 496 30%
c G 1689.35 51 16 344 687254  1 18238333 68882 1.7 24 14 1 2 85% 5697 496 30%
c C 1689.37 51 16 344 687254  1 18238333 68882 1.7 24 14 1 2 85% 5697 496 30%
c - 1689.37 51 16 344 687254  1 18238333 68882 1.7 24 14 1 2 85% 5697 496 30%
c 2 1689.37 51 16 344 687254  1 18238333 68882 1.7 24 14 1 2 85% 5697 496 30%
c d 1689.37 51 16 344 687254  1 18238333 68882 1.7 24 14 1 2 85% 5697 496 30%
c p 1689.37 51 16 344 687254  1 18238333 68882 1.7 24 14 1 2 85% 5697 496 30%
c k 1689.37 51 16 344 687254  1 18238333 68882 1.7 24 14 1 2 85% 5697 496 30%
c 2 1689.37 51 16 344 687254  1 18238333 68882 1.7 24 14 1 2 85% 5697 496 30%
c u 1689.48 51 16 344 687254  1 18238333 68879 1.7 24 14 1 2 85% 5697 496 30%
c v 1689.60 51 16 344 687254  1 18238333 68648 1.7 24 14 1 2 85% 5697 496 30%
c 
c   seconds    reductions      conflicts          size   tier2     variables
c           MB       restarts          redundant     glue   trail      remaining
c            level          rate            size/glue  tier1 irredundant
c 
c w 1689.60 51 16 344 687254  1 18238333 68648 1.7 24 14 1 2 85% 5697 496 30%
c t 1689.60 51 16 344 687254  1 18238333 68648 1.7 24 14 1 2 85% 5697 496 30%
c k 1689.60 51 16 344 687254  1 18238333 68648 1.7 24 14 1 2 85% 5697 496 30%
c ~ 1698.13 51 15 344 687254  1 18336294 122237 1.7 23 14 1 2 85% 5697 496 30%
c W 1699.46 51 15 344 687254  1 18336295 122238 1.7 23 14 1 2 85% 5697 496 30%
c . 1700.36 51 15 345 687254  1 18345098 128712 1.7 24 14 1 2 85% 5697 496 30%
c G 1700.37 51 15 345 687254  1 18345098 66734 1.7 24 14 1 2 85% 5697 496 30%
c C 1700.38 51 15 345 687254  1 18345098 66734 1.7 24 14 1 2 85% 5697 496 30%
c - 1700.38 51 15 345 687254  1 18345098 66734 1.7 24 14 1 2 85% 5697 496 30%
c 2 1700.38 51 15 345 687254  1 18345098 66734 1.7 24 14 1 2 85% 5697 496 30%
c d 1700.38 51 15 345 687254  1 18345098 66734 1.7 24 14 1 2 85% 5697 496 30%
c p 1700.39 51 15 345 687254  1 18345098 66734 1.7 24 14 1 2 85% 5697 496 30%
c k 1700.39 51 15 345 687254  1 18345098 66734 1.7 24 14 1 2 85% 5697 496 30%
c 2 1700.39 51 15 345 687254  1 18345098 66734 1.7 24 14 1 2 85% 5697 496 30%
c u 1700.49 51 15 345 687254  1 18345098 66732 1.7 24 14 1 2 85% 5697 496 30%
c v 1700.62 51 15 345 687254  1 18345098 66458 1.7 24 14 1 2 85% 5697 496 30%
c w 1700.62 51 15 345 687254  1 18345098 66456 1.7 24 14 1 2 85% 5697 496 30%
c t 1700.62 51 15 345 687254  1 18345098 66456 1.7 24 14 1 2 85% 5697 496 30%
c k 1700.62 51 15 345 687254  1 18345098 66456 1.7 24 14 1 2 85% 5697 496 30%
c . 1711.09 51 16 346 687255  1 18452175 124024 1.8 25 14 1 2 88% 5697 496 30%
c 
c   seconds    reductions      conflicts          size   tier2     variables
c           MB       restarts          redundant     glue   trail      remaining
c            level          rate            size/glue  tier1 irredundant
c 
c G 1711.10 51 16 346 687255  1 18452175 65916 1.8 25 14 1 2 88% 5697 496 30%
c C 1711.11 51 16 346 687255  1 18452175 65916 1.8 25 14 1 2 88% 5697 496 30%
c - 1711.11 51 16 346 687255  1 18452175 65916 1.8 25 14 1 2 88% 5697 496 30%
c 2 1711.11 51 16 346 687255  1 18452175 65916 1.8 25 14 1 2 88% 5697 496 30%
c d 1711.11 51 16 346 687255  1 18452175 65916 1.8 25 14 1 2 88% 5697 496 30%
c p 1711.12 51 16 346 687255  1 18452175 65916 1.8 25 14 1 2 88% 5697 496 30%
c k 1711.12 51 16 346 687255  1 18452175 65916 1.8 25 14 1 2 88% 5697 496 30%
c 2 1711.12 51 16 346 687255  1 18452175 65916 1.8 25 14 1 2 88% 5697 496 30%
c u 1711.22 51 16 346 687255  1 18452175 65909 1.8 25 14 1 2 88% 5697 496 30%
c v 1711.37 51 16 346 687255  1 18452175 65572 1.8 25 14 1 2 88% 5697 496 30%
c w 1711.38 51 16 346 687255  1 18452175 65572 1.8 25 14 1 2 88% 5697 496 30%
c t 1711.38 51 16 346 687255  1 18452175 65572 1.8 25 14 1 2 88% 5697 496 30%
c k 1711.38 51 16 346 687255  1 18452175 65572 1.8 25 14 1 2 88% 5697 496 30%
c ~ 1718.27 51 15 346 687255  1 18528295 106957 1.8 24 14 1 2 87% 5697 496 30%
c O 1718.27 51 15 346 687255  1 18528296 106958 1.8 24 14 1 2 87% 5697 496 30%
c . 1721.37 51 15 347 687255  1 18559565 123093 1.7 24 14 1 2 87% 5697 496 30%
c G 1721.38 51 15 347 687255  1 18559565 66564 1.7 24 14 1 2 87% 5697 496 30%
c C 1721.39 51 15 347 687255  1 18559565 66564 1.7 24 14 1 2 87% 5697 496 30%
c - 1721.39 51 15 347 687255  1 18559565 66564 1.7 24 14 1 2 87% 5697 496 30%
c 2 1721.39 51 15 347 687255  1 18559565 66564 1.7 24 14 1 2 87% 5697 496 30%
c 
c   seconds    reductions      conflicts          size   tier2     variables
c           MB       restarts          redundant     glue   trail      remaining
c            level          rate            size/glue  tier1 irredundant
c 
c d 1721.39 51 15 347 687255  1 18559565 66564 1.7 24 14 1 2 87% 5697 496 30%
c p 1721.40 51 15 347 687255  1 18559565 66564 1.7 24 14 1 2 87% 5697 496 30%
c k 1721.40 51 15 347 687255  1 18559565 66564 1.7 24 14 1 2 87% 5697 496 30%
c 2 1721.40 51 15 347 687255  1 18559565 66564 1.7 24 14 1 2 87% 5697 496 30%
c u 1721.50 51 15 347 687255  1 18559565 66558 1.7 24 14 1 2 87% 5697 496 30%
c v 1721.65 51 15 347 687255  1 18559565 66228 1.7 24 14 1 2 87% 5697 496 30%
c w 1721.65 51 15 347 687255  1 18559565 66228 1.7 24 14 1 2 87% 5697 496 30%
c t 1721.65 51 15 347 687255  1 18559565 66228 1.7 24 14 1 2 87% 5697 496 30%
c k 1721.65 51 15 347 687255  1 18559565 66228 1.7 24 14 1 2 87% 5697 496 30%
c ] 1721.99 51 15 347 687255  1 18563626 68738 1.7 24 14 1 2 86% 5697 496 30%
c { 1721.99 51 17 347 687255  2 18563626 68738 1.9 26 14 1 2 81% 5697 496 30%
c . 1733.12 51 16 348 694027  2 18667268 134219 1.9 25 13 1 2 83% 5697 496 30%
c G 1733.13 51 16 348 694027  2 18667268 75397 1.9 25 13 1 2 83% 5697 496 30%
c C 1733.15 51 16 348 694027  2 18667268 75397 1.9 25 13 1 2 83% 5697 496 30%
c - 1733.15 51 16 348 694027  2 18667268 75397 1.9 25 13 1 2 83% 5697 496 30%
c 2 1733.15 51 16 348 694027  2 18667268 75397 1.9 25 13 1 2 83% 5697 496 30%
c d 1733.15 51 16 348 694027  2 18667268 75397 1.9 25 13 1 2 83% 5697 496 30%
c p 1733.15 51 16 348 694027  2 18667268 75397 1.9 25 13 1 2 83% 5697 496 30%
c k 1733.15 51 16 348 694027  2 18667268 75397 1.9 25 13 1 2 83% 5697 496 30%
c 2 1733.15 51 16 348 694027  2 18667268 75397 1.9 25 13 1 2 83% 5697 496 30%
c 
c   seconds    reductions      conflicts          size   tier2     variables
c           MB       restarts          redundant     glue   trail      remaining
c            level          rate            size/glue  tier1 irredundant
c 
c u 1733.28 51 16 348 694027  2 18667268 75359 1.9 25 13 1 2 83% 5697 496 30%
c v 1733.42 51 16 348 694027  2 18667268 75000 1.9 25 13 1 2 83% 5697 496 30%
c w 1733.47 51 16 348 694027  2 18667268 74831 1.9 25 13 1 2 83% 5697 496 30%
c t 1733.47 51 16 348 694027  2 18667268 74831 1.9 25 13 1 2 83% 5697 496 30%
c k 1733.47 51 16 348 694027  2 18667268 74831 1.9 25 13 1 2 83% 5697 496 30%
c ~ 1739.15 51 16 348 698975  2 18721296 109852 1.9 25 14 1 2 84% 5697 496 30%
c # 1739.15 51 16 348 698975  2 18721297 109853 1.9 25 14 1 2 84% 5697 496 30%
c . 1745.43 51 16 349 703133  2 18775282 146164 1.9 26 14 1 2 85% 5697 496 30%
c G 1745.44 51 16 349 703133  2 18775282 79405 1.9 26 14 1 2 85% 5697 496 30%
c C 1745.45 52 16 349 703133  2 18775282 79405 1.9 26 14 1 2 85% 5697 496 30%
c - 1745.45 52 16 349 703133  2 18775282 79405 1.9 26 14 1 2 85% 5697 496 30%
c 2 1745.45 52 16 349 703133  2 18775282 79405 1.9 26 14 1 2 85% 5697 496 30%
c d 1745.45 52 16 349 703133  2 18775282 79405 1.9 26 14 1 2 85% 5697 496 30%
c p 1745.46 52 16 349 703133  2 18775282 79405 1.9 26 14 1 2 85% 5697 496 30%
c k 1745.46 52 16 349 703133  2 18775282 79405 1.9 26 14 1 2 85% 5697 496 30%
c 2 1745.46 52 16 349 703133  2 18775282 79405 1.9 26 14 1 2 85% 5697 496 30%
c u 1745.59 52 16 349 703133  2 18775282 79385 1.9 26 14 1 2 85% 5697 496 30%
c v 1745.73 52 16 349 703133  2 18775282 78964 1.9 26 14 1 2 85% 5697 496 30%
c w 1745.78 52 16 349 703133  2 18775282 78491 1.9 26 14 1 2 85% 5697 496 30%
c t 1745.78 52 16 349 703133  2 18775282 78491 1.9 26 14 1 2 85% 5697 496 30%
c 
c   seconds    reductions      conflicts          size   tier2     variables
c           MB       restarts          redundant     glue   trail      remaining
c            level          rate            size/glue  tier1 irredundant
c 
c k 1745.78 52 16 349 703133  2 18775282 78491 1.9 26 14 1 2 85% 5697 496 30%
c . 1761.60 52 16 350 710515  2 18883609 154535 1.9 25 13 1 2 82% 5697 496 30%
c G 1761.62 52 16 350 710515  2 18883609 83301 1.9 25 13 1 2 82% 5697 496 30%
c C 1761.63 58 16 350 710515  2 18883609 83301 1.9 25 13 1 2 82% 5697 496 30%
c - 1761.64 58 16 350 710515  2 18883609 83301 1.9 25 13 1 2 82% 5697 496 30%
c 2 1761.64 58 16 350 710515  2 18883609 83301 1.9 25 13 1 2 82% 5697 496 30%
c d 1761.64 58 16 350 710515  2 18883609 83301 1.9 25 13 1 2 82% 5697 496 30%
c p 1761.64 58 16 350 710515  2 18883609 83301 1.9 25 13 1 2 82% 5697 496 30%
c k 1761.64 58 16 350 710515  2 18883609 83301 1.9 25 13 1 2 82% 5697 496 30%
c 2 1761.64 58 16 350 710515  2 18883609 83301 1.9 25 13 1 2 82% 5697 496 30%
c u 1761.78 58 16 350 710515  2 18883609 83194 1.9 25 13 1 2 82% 5697 496 30%
c v 1762.00 58 16 350 710515  2 18883609 82695 1.9 25 13 1 2 82% 5697 496 30%
c w 1762.07 58 16 350 710515  2 18883609 82278 1.9 25 13 1 2 82% 5697 496 30%
c t 1762.07 58 16 350 710515  2 18883609 82278 1.9 25 13 1 2 82% 5697 496 30%
c k 1762.07 58 16 350 710515  2 18883609 82278 1.9 25 13 1 2 82% 5697 496 30%
c ~ 1765.58 58 17 350 714132  2 18915298 107683 1.9 27 14 1 2 83% 5697 496 30%
c B 1765.58 58 17 350 714132  2 18915299 107684 1.9 27 14 1 2 83% 5697 496 30%
c . 1773.06 58 16 351 718133  1 18992248 158189 1.8 25 13 1 2 82% 5697 496 30%
c G 1773.07 58 16 351 718133  1 18992248 84317 1.8 25 13 1 2 82% 5697 496 30%
c C 1773.08 58 16 351 718133  1 18992248 84317 1.8 25 13 1 2 82% 5697 496 30%
c 
c   seconds    reductions      conflicts          size   tier2     variables
c           MB       restarts          redundant     glue   trail      remaining
c            level          rate            size/glue  tier1 irredundant
c 
c - 1773.08 58 16 351 718133  1 18992248 84317 1.8 25 13 1 2 82% 5697 496 30%
c 2 1773.08 58 16 351 718133  1 18992248 84317 1.8 25 13 1 2 82% 5697 496 30%
c d 1773.08 58 16 351 718133  1 18992248 84317 1.8 25 13 1 2 82% 5697 496 30%
c p 1773.09 58 16 351 718133  1 18992248 84317 1.8 25 13 1 2 82% 5697 496 30%
c k 1773.09 58 16 351 718133  1 18992248 84317 1.8 25 13 1 2 82% 5697 496 30%
c 2 1773.09 58 16 351 718133  1 18992248 84317 1.8 25 13 1 2 82% 5697 496 30%
c u 1773.22 58 16 351 718133  1 18992248 84300 1.8 25 13 1 2 82% 5697 496 30%
c v 1773.37 58 16 351 718133  1 18992248 84011 1.8 25 13 1 2 82% 5697 496 30%
c w 1773.37 58 16 351 718133  1 18992248 84010 1.8 25 13 1 2 82% 5697 496 30%
c t 1773.37 58 16 351 718133  1 18992248 84010 1.8 25 13 1 2 82% 5697 496 30%
c k 1773.37 58 16 351 718133  1 18992248 84010 1.8 25 13 1 2 82% 5697 496 30%
c } 1779.20 58 16 351 723798  2 19041480 119767 1.9 26 14 1 2 84% 5697 496 30%
c [ 1779.20 58 15 351 723798  1 19041480 119767 1.7 24 14 1 2 86% 5697 496 30%
c . 1785.97 58 16 352 723798  1 19101199 155328 1.8 25 14 1 2 88% 5697 496 30%
c G 1785.98 58 16 352 723798  1 19101199 82794 1.8 25 14 1 2 88% 5697 496 30%
c C 1786.00 58 16 352 723798  1 19101199 82794 1.8 25 14 1 2 88% 5697 496 30%
c - 1786.00 58 16 352 723798  1 19101199 82794 1.8 25 14 1 2 88% 5697 496 30%
c 2 1786.00 58 16 352 723798  1 19101199 82794 1.8 25 14 1 2 88% 5697 496 30%
c d 1786.00 58 16 352 723798  1 19101199 82794 1.8 25 14 1 2 88% 5697 496 30%
c p 1786.00 58 16 352 723798  1 19101199 82794 1.8 25 14 1 2 88% 5697 496 30%
c 
c   seconds    reductions      conflicts          size   tier2     variables
c           MB       restarts          redundant     glue   trail      remaining
c            level          rate            size/glue  tier1 irredundant
c 
c k 1786.00 58 16 352 723798  1 19101199 82794 1.8 25 14 1 2 88% 5697 496 30%
c 2 1786.00 58 16 352 723798  1 19101199 82794 1.8 25 14 1 2 88% 5697 496 30%
c u 1786.13 58 16 352 723798  1 19101199 82780 1.8 25 14 1 2 88% 5697 496 30%
c v 1786.20 58 16 352 723798  1 19101199 82604 1.8 25 14 1 2 88% 5697 496 30%
c w 1786.20 58 16 352 723798  1 19101199 82604 1.8 25 14 1 2 88% 5697 496 30%
c x 1786.24 58 16 352 723798  1 19101199 82604 1.8 25 14 1 2 88% 5697 496 30%
c t 1786.25 58 16 352 723798  1 19101199 82604 1.8 25 14 1 2 88% 5697 496 30%
c k 1786.25 58 16 352 723798  1 19101199 82604 1.8 25 14 1 2 88% 5697 496 30%
c 2 1786.25 58 16 352 723798  1 19101199 82604 1.8 25 14 1 2 88% 5697 496 30%
c f 1786.25 58 16 352 723798  1 19101199 82604 1.8 25 14 1 2 88% 5697 496 30%
c s 1786.71 58 16 352 723798  1 19101199 82088 1.8 25 14 1 2 88% 5697 496 30%
c t 1786.71 58 16 352 723798  1 19101199 82088 1.8 25 14 1 2 88% 5697 496 30%
c e 1786.71 58 16 352 723798  1 19101199 82088 1.8 25 14 1 2 88% 5697 496 30%
c s 1787.18 58 16 352 723798  1 19101199 81939 1.8 25 14 1 2 88% 5697 496 30%
c ~ 1788.05 58 16 352 723798  1 19110300 87490 1.8 25 14 1 2 88% 5697 496 30%
c B 1788.05 58 16 352 723798  1 19110301 87491 1.8 25 14 1 2 88% 5697 496 30%
c . 1799.13 58 17 353 723798  1 19210462 149908 1.8 27 15 1 2 87% 5697 496 30%
c G 1799.14 58 17 353 723798  1 19210462 79927 1.8 27 15 1 2 87% 5697 496 30%
c C 1799.15 58 17 353 723798  1 19210462 79927 1.8 27 15 1 2 87% 5697 496 30%
c - 1799.15 58 17 353 723798  1 19210462 79927 1.8 27 15 1 2 87% 5697 496 30%
c 
c   seconds    reductions      conflicts          size   tier2     variables
c           MB       restarts          redundant     glue   trail      remaining
c            level          rate            size/glue  tier1 irredundant
c 
c 2 1799.15 58 17 353 723798  1 19210462 79927 1.8 27 15 1 2 87% 5697 496 30%
c d 1799.15 58 17 353 723798  1 19210462 79927 1.8 27 15 1 2 87% 5697 496 30%
c p 1799.16 58 17 353 723798  1 19210462 79927 1.8 27 15 1 2 87% 5697 496 30%
c k 1799.16 58 17 353 723798  1 19210462 79927 1.8 27 15 1 2 87% 5697 496 30%
c 2 1799.16 58 17 353 723798  1 19210462 79927 1.8 27 15 1 2 87% 5697 496 30%
c u 1799.28 58 17 353 723798  1 19210462 79907 1.8 27 15 1 2 87% 5697 496 30%
c v 1799.47 58 17 353 723798  1 19210462 79680 1.8 27 15 1 2 87% 5697 496 30%
c w 1799.47 58 17 353 723798  1 19210462 79680 1.8 27 15 1 2 87% 5697 496 30%
c t 1799.47 58 17 353 723798  1 19210462 79680 1.8 27 15 1 2 87% 5697 496 30%
c k 1799.47 58 17 353 723798  1 19210462 79680 1.8 27 15 1 2 87% 5697 496 30%
c 2 1799.47 58 17 353 723798  1 19210462 79680 1.8 27 15 1 2 87% 5697 496 30%
c f 1799.47 58 17 353 723798  1 19210462 79680 1.8 27 15 1 2 87% 5697 496 30%
c ~ 1808.63 58 16 353 723798  1 19306301 134991 1.8 25 14 1 2 86% 5697 496 30%
c W 1813.38 58 16 353 723798  1 19306302 134992 1.8 25 14 1 2 86% 5697 496 30%
c . 1815.13 58 16 354 723798  1 19320037 143318 1.8 25 14 1 2 86% 5697 496 30%
c G 1815.14 58 16 354 723798  1 19320037 72481 1.8 25 14 1 2 86% 5697 496 30%
c C 1815.16 41 16 354 723798  1 19320037 72481 1.8 25 14 1 2 86% 5697 496 30%
c - 1815.16 41 16 354 723798  1 19320037 72481 1.8 25 14 1 2 86% 5697 496 30%
c 2 1815.16 41 16 354 723798  1 19320037 72481 1.8 25 14 1 2 86% 5697 496 30%
c d 1815.16 41 16 354 723798  1 19320037 72481 1.8 25 14 1 2 86% 5697 496 30%
c 
c   seconds    reductions      conflicts          size   tier2     variables
c           MB       restarts          redundant     glue   trail      remaining
c            level          rate            size/glue  tier1 irredundant
c 
c p 1815.16 41 16 354 723798  1 19320037 72481 1.8 25 14 1 2 86% 5697 496 30%
c k 1815.16 41 16 354 723798  1 19320037 72481 1.8 25 14 1 2 86% 5697 496 30%
c 2 1815.16 41 16 354 723798  1 19320037 72481 1.8 25 14 1 2 86% 5697 496 30%
c u 1815.27 41 16 354 723798  1 19320037 72475 1.8 25 14 1 2 86% 5697 496 30%
c v 1815.44 41 16 354 723798  1 19320037 72233 1.8 25 14 1 2 86% 5697 496 30%
c w 1815.44 41 16 354 723798  1 19320037 72232 1.8 25 14 1 2 86% 5697 496 30%
c t 1815.44 41 16 354 723798  1 19320037 72232 1.8 25 14 1 2 86% 5697 496 30%
c k 1815.44 41 16 354 723798  1 19320037 72232 1.8 25 14 1 2 86% 5697 496 30%
c . 1827.44 41 16 355 723799  1 19429924 123436 1.6 23 14 1 2 87% 5697 496 30%
c G 1827.45 41 16 355 723799  1 19429924 67832 1.6 23 14 1 2 87% 5697 496 30%
c C 1827.47 45 16 355 723799  1 19429924 67832 1.6 23 14 1 2 87% 5697 496 30%
c - 1827.47 45 16 355 723799  1 19429924 67832 1.6 23 14 1 2 87% 5697 496 30%
c 2 1827.47 45 16 355 723799  1 19429924 67832 1.6 23 14 1 2 87% 5697 496 30%
c d 1827.47 45 16 355 723799  1 19429924 67832 1.6 23 14 1 2 87% 5697 496 30%
c p 1827.47 45 16 355 723799  1 19429924 67832 1.6 23 14 1 2 87% 5697 496 30%
c c 1827.47 45 16 355 723799  1 19429924 67832 1.6 23 14 1 2 87% 5697 496 30%
c k 1827.47 45 16 355 723799  1 19429924 67832 1.6 23 14 1 2 87% 5697 496 30%
c 2 1827.47 45 16 355 723799  1 19429924 67832 1.6 23 14 1 2 87% 5697 496 30%
c u 1827.58 45 16 355 723799  1 19429924 67827 1.6 23 14 1 2 87% 5697 496 30%
c v 1827.75 45 16 355 723799  1 19429924 66952 1.6 23 14 1 2 87% 5697 496 30%
c 
c   seconds    reductions      conflicts          size   tier2     variables
c           MB       restarts          redundant     glue   trail      remaining
c            level          rate            size/glue  tier1 irredundant
c 
c w 1827.75 45 16 355 723799  1 19429924 66952 1.6 23 14 1 2 87% 5697 496 30%
c t 1827.75 45 16 355 723799  1 19429924 66952 1.6 23 14 1 2 87% 5697 496 30%
c k 1827.75 45 16 355 723799  1 19429924 66952 1.6 23 14 1 2 87% 5697 496 30%
c ~ 1835.44 45 15 355 723799  1 19503303 100324 1.6 22 14 1 2 88% 5697 496 30%
c I 1835.44 45 15 355 723799  1 19503304 100325 1.6 22 14 1 2 88% 5697 496 30%
c . 1838.28 45 15 356 723799  1 19540123 121349 1.6 22 14 1 2 88% 5697 496 30%
c G 1838.29 45 15 356 723799  1 19540123 68261 1.6 22 14 1 2 88% 5697 496 30%
c C 1838.30 45 15 356 723799  1 19540123 68261 1.6 22 14 1 2 88% 5697 496 30%
c - 1838.30 45 15 356 723799  1 19540123 68261 1.6 22 14 1 2 88% 5697 496 30%
c 2 1838.30 45 15 356 723799  1 19540123 68261 1.6 22 14 1 2 88% 5697 496 30%
c d 1838.30 45 15 356 723799  1 19540123 68261 1.6 22 14 1 2 88% 5697 496 30%
c p 1838.31 45 15 356 723799  1 19540123 68261 1.6 22 14 1 2 88% 5697 496 30%
c k 1838.31 45 15 356 723799  1 19540123 68261 1.6 22 14 1 2 88% 5697 496 30%
c 2 1838.31 45 15 356 723799  1 19540123 68261 1.6 22 14 1 2 88% 5697 496 30%
c u 1838.42 45 15 356 723799  1 19540123 68239 1.6 22 14 1 2 88% 5697 496 30%
c v 1838.55 45 15 356 723799  1 19540123 67650 1.6 22 14 1 2 88% 5697 496 30%
c w 1838.55 45 15 356 723799  1 19540123 67650 1.6 22 14 1 2 88% 5697 496 30%
c t 1838.55 45 15 356 723799  1 19540123 67650 1.6 22 14 1 2 88% 5697 496 30%
c k 1838.55 45 15 356 723799  1 19540123 67650 1.6 22 14 1 2 88% 5697 496 30%
c ] 1838.97 45 15 356 723799  1 19546253 71054 1.6 22 14 1 2 87% 5697 496 30%
c 
c   seconds    reductions      conflicts          size   tier2     variables
c           MB       restarts          redundant     glue   trail      remaining
c            level          rate            size/glue  tier1 irredundant
c 
c { 1838.97 45 16 356 723799  2 19546253 71054 1.9 26 14 1 2 84% 5697 496 30%
c . 1850.06 45 16 357 729920  2 19650635 139291 1.9 25 14 1 2 85% 5697 496 30%
c G 1850.07 45 16 357 729920  2 19650635 78376 1.9 25 14 1 2 85% 5697 496 30%
c C 1850.08 48 16 357 729920  2 19650635 78376 1.9 25 14 1 2 85% 5697 496 30%
c - 1850.08 48 16 357 729920  2 19650635 78376 1.9 25 14 1 2 85% 5697 496 30%
c 2 1850.08 48 16 357 729920  2 19650635 78376 1.9 25 14 1 2 85% 5697 496 30%
c d 1850.08 48 16 357 729920  2 19650635 78376 1.9 25 14 1 2 85% 5697 496 30%
c p 1850.09 48 16 357 729920  2 19650635 78376 1.9 25 14 1 2 85% 5697 496 30%
c k 1850.09 48 16 357 729920  2 19650635 78376 1.9 25 14 1 2 85% 5697 496 30%
c 2 1850.09 48 16 357 729920  2 19650635 78376 1.9 25 14 1 2 85% 5697 496 30%
c u 1850.22 48 16 357 729920  2 19650635 78330 1.9 25 14 1 2 85% 5697 496 30%
c v 1850.35 48 16 357 729920  2 19650635 77933 1.9 25 14 1 2 85% 5697 496 30%
c w 1850.40 48 16 357 729920  2 19650635 77392 1.9 25 14 1 2 85% 5697 496 30%
c t 1850.40 48 16 357 729920  2 19650635 77392 1.9 25 14 1 2 85% 5697 496 30%
c k 1850.40 48 16 357 729920  2 19650635 77392 1.9 25 14 1 2 85% 5697 496 30%
c ~ 1855.68 48 16 357 733713  2 19701304 109454 1.8 25 14 1 2 84% 5697 496 30%
c W 1857.24 48 16 357 733713  2 19701305 109455 1.8 25 14 1 2 84% 5697 496 30%
c . 1864.68 48 16 358 739282  2 19761457 149873 1.8 25 14 1 2 85% 5697 496 30%
c G 1864.69 48 16 358 739282  2 19761457 82339 1.8 25 14 1 2 85% 5697 496 30%
c C 1864.71 54 16 358 739282  2 19761457 82339 1.8 25 14 1 2 85% 5697 496 30%
c 
c   seconds    reductions      conflicts          size   tier2     variables
c           MB       restarts          redundant     glue   trail      remaining
c            level          rate            size/glue  tier1 irredundant
c 
c - 1864.71 54 16 358 739282  2 19761457 82339 1.8 25 14 1 2 85% 5697 496 30%
c 2 1864.71 54 16 358 739282  2 19761457 82339 1.8 25 14 1 2 85% 5697 496 30%
c d 1864.71 54 16 358 739282  2 19761457 82339 1.8 25 14 1 2 85% 5697 496 30%
c p 1864.72 54 16 358 739282  2 19761457 82339 1.8 25 14 1 2 85% 5697 496 30%
c k 1864.72 54 16 358 739282  2 19761457 82339 1.8 25 14 1 2 85% 5697 496 30%
c 2 1864.72 54 16 358 739282  2 19761457 82339 1.8 25 14 1 2 85% 5697 496 30%
c u 1864.85 54 16 358 739282  2 19761457 82318 1.8 25 14 1 2 85% 5697 496 30%
c v 1865.00 54 16 358 739282  2 19761457 81920 1.8 25 14 1 2 85% 5697 496 30%
c w 1865.06 54 16 358 739282  2 19761457 81793 1.8 25 14 1 2 85% 5697 496 30%
c t 1865.06 54 16 358 739282  2 19761457 81793 1.8 25 14 1 2 85% 5697 496 30%
c k 1865.06 54 16 358 739282  2 19761457 81793 1.8 25 14 1 2 85% 5697 496 30%
c . 1875.76 54 14 359 741844  1 19872591 146086 1.8 23 13 1 2 85% 5697 496 30%
c G 1875.77 54 14 359 741844  1 19872591 81272 1.8 23 13 1 2 85% 5697 496 30%
c C 1875.78 54 14 359 741844  1 19872591 81272 1.8 23 13 1 2 85% 5697 496 30%
c - 1875.78 54 14 359 741844  1 19872591 81272 1.8 23 13 1 2 85% 5697 496 30%
c 2 1875.78 54 14 359 741844  1 19872591 81272 1.8 23 13 1 2 85% 5697 496 30%
c d 1875.78 54 14 359 741844  1 19872591 81272 1.8 23 13 1 2 85% 5697 496 30%
c p 1875.78 54 14 359 741844  1 19872591 81272 1.8 23 13 1 2 85% 5697 496 30%
c k 1875.78 54 14 359 741844  1 19872591 81272 1.8 23 13 1 2 85% 5697 496 30%
c 2 1875.79 54 14 359 741844  1 19872591 81272 1.8 23 13 1 2 85% 5697 496 30%
c 
c   seconds    reductions      conflicts          size   tier2     variables
c           MB       restarts          redundant     glue   trail      remaining
c            level          rate            size/glue  tier1 irredundant
c 
c u 1875.91 54 14 359 741844  1 19872591 81257 1.8 23 13 1 2 85% 5697 496 30%
c v 1876.04 54 14 359 741844  1 19872591 80932 1.8 23 13 1 2 85% 5697 496 30%
c w 1876.07 54 14 359 741844  1 19872591 80414 1.8 23 13 1 2 85% 5697 496 30%
c t 1876.07 54 14 359 741844  1 19872591 80414 1.8 23 13 1 2 85% 5697 496 30%
c k 1876.07 54 14 359 741844  1 19872591 80414 1.8 23 13 1 2 85% 5697 496 30%
c ~ 1878.83 54 14 359 741844  1 19900306 95696 1.9 23 12 1 2 85% 5697 496 30%
c F 1878.83 54 14 359 741844  1 19900307 95697 1.9 23 12 1 2 85% 5697 496 30%
c . 1890.85 54 15 360 752998  2 19984040 160886 2.0 25 13 1 2 83% 5697 496 30%
c G 1890.86 54 15 360 752998  2 19984040 86512 2.0 25 13 1 2 83% 5697 496 30%
c C 1890.88 54 15 360 752998  2 19984040 86512 2.0 25 13 1 2 83% 5697 496 30%
c - 1890.88 54 15 360 752998  2 19984040 86512 2.0 25 13 1 2 83% 5697 496 30%
c 2 1890.88 54 15 360 752998  2 19984040 86512 2.0 25 13 1 2 83% 5697 496 30%
c d 1890.88 54 15 360 752998  2 19984040 86512 2.0 25 13 1 2 83% 5697 496 30%
c p 1890.88 54 15 360 752998  2 19984040 86512 2.0 25 13 1 2 83% 5697 496 30%
c k 1890.89 54 15 360 752998  2 19984040 86512 2.0 25 13 1 2 83% 5697 496 30%
c 2 1890.89 54 15 360 752998  2 19984040 86512 2.0 25 13 1 2 83% 5697 496 30%
c u 1891.03 54 15 360 752998  2 19984040 86487 2.0 25 13 1 2 83% 5697 496 30%
c v 1891.21 54 15 360 752998  2 19984040 86251 2.0 25 13 1 2 83% 5697 496 30%
c w 1891.21 54 15 360 752998  2 19984040 86251 2.0 25 13 1 2 83% 5697 496 30%
c t 1891.21 54 15 360 752998  2 19984040 86251 2.0 25 13 1 2 83% 5697 496 30%
c 
c   seconds    reductions      conflicts          size   tier2     variables
c           MB       restarts          redundant     glue   trail      remaining
c            level          rate            size/glue  tier1 irredundant
c 
c k 1891.21 54 15 360 752998  2 19984040 86251 2.0 25 13 1 2 83% 5697 496 30%
c } 1900.24 54 17 360 763590  2 20051661 139024 1.9 26 14 1 2 82% 5697 496 30%
c [ 1900.24 54 15 360 763590  1 20051661 139024 1.6 22 14 1 2 87% 5697 496 30%
c . 1905.15 54 15 361 763590  1 20095799 169410 1.7 23 14 1 2 86% 5697 496 30%
c G 1905.17 54 15 361 763590  1 20095799 89236 1.7 23 14 1 2 86% 5697 496 30%
c C 1905.18 54 15 361 763590  1 20095799 89236 1.7 23 14 1 2 86% 5697 496 30%
c - 1905.18 54 15 361 763590  1 20095799 89236 1.7 23 14 1 2 86% 5697 496 30%
c 2 1905.18 54 15 361 763590  1 20095799 89236 1.7 23 14 1 2 86% 5697 496 30%
c d 1905.18 54 15 361 763590  1 20095799 89236 1.7 23 14 1 2 86% 5697 496 30%
c p 1905.19 54 15 361 763590  1 20095799 89236 1.7 23 14 1 2 86% 5697 496 30%
c k 1905.19 54 15 361 763590  1 20095799 89236 1.7 23 14 1 2 86% 5697 496 30%
c 2 1905.19 54 15 361 763590  1 20095799 89236 1.7 23 14 1 2 86% 5697 496 30%
c u 1905.33 54 15 361 763590  1 20095799 89223 1.7 23 14 1 2 86% 5697 496 30%
c v 1905.51 54 15 361 763590  1 20095799 88836 1.7 23 14 1 2 86% 5697 496 30%
c w 1905.51 54 15 361 763590  1 20095799 88836 1.7 23 14 1 2 86% 5697 496 30%
c t 1905.51 54 15 361 763590  1 20095799 88836 1.7 23 14 1 2 86% 5697 496 30%
c k 1905.51 54 15 361 763590  1 20095799 88836 1.7 23 14 1 2 86% 5697 496 30%
c ~ 1905.82 54 15 361 763590  1 20100307 92696 1.7 23 14 1 2 86% 5697 496 30%
c B 1905.82 54 15 361 763590  1 20100308 92697 1.7 23 14 1 2 86% 5697 496 30%
c . 1916.11 54 15 362 763590  1 20207869 146587 1.6 22 14 1 2 87% 5697 496 30%
c 
c   seconds    reductions      conflicts          size   tier2     variables
c           MB       restarts          redundant     glue   trail      remaining
c            level          rate            size/glue  tier1 irredundant
c 
c G 1916.12 54 15 362 763590  1 20207869 81397 1.6 22 14 1 2 87% 5697 496 30%
c C 1916.14 54 15 362 763590  1 20207869 81397 1.6 22 14 1 2 87% 5697 496 30%
c - 1916.14 54 15 362 763590  1 20207869 81397 1.6 22 14 1 2 87% 5697 496 30%
c 2 1916.14 54 15 362 763590  1 20207869 81397 1.6 22 14 1 2 87% 5697 496 30%
c d 1916.14 54 15 362 763590  1 20207869 81397 1.6 22 14 1 2 87% 5697 496 30%
c p 1916.14 54 15 362 763590  1 20207869 81397 1.6 22 14 1 2 87% 5697 496 30%
c k 1916.14 54 15 362 763590  1 20207869 81397 1.6 22 14 1 2 87% 5697 496 30%
c 2 1916.14 54 15 362 763590  1 20207869 81397 1.6 22 14 1 2 87% 5697 496 30%
c u 1916.27 54 15 362 763590  1 20207869 81391 1.6 22 14 1 2 87% 5697 496 30%
c v 1916.40 54 15 362 763590  1 20207869 81075 1.6 22 14 1 2 87% 5697 496 30%
c w 1916.40 54 15 362 763590  1 20207869 81075 1.6 22 14 1 2 87% 5697 496 30%
c t 1916.41 54 15 362 763590  1 20207869 81075 1.6 22 14 1 2 87% 5697 496 30%
c k 1916.41 54 15 362 763590  1 20207869 81075 1.6 22 14 1 2 87% 5697 496 30%
c ~ 1924.99 54 15 362 763590  1 20301308 126143 1.6 21 13 1 2 87% 5697 496 30%
c W 1928.07 54 15 362 763590  1 20301309 126144 1.6 21 13 1 2 87% 5697 496 30%
c . 1929.66 54 15 363 763590  1 20320251 137107 1.6 22 13 1 2 87% 5697 496 30%
c G 1929.67 54 15 363 763590  1 20320251 71641 1.6 22 13 1 2 87% 5697 496 30%
c C 1929.68 54 15 363 763590  1 20320251 71641 1.6 22 13 1 2 87% 5697 496 30%
c - 1929.68 54 15 363 763590  1 20320251 71641 1.6 22 13 1 2 87% 5697 496 30%
c 2 1929.68 54 15 363 763590  1 20320251 71641 1.6 22 13 1 2 87% 5697 496 30%
c 
c   seconds    reductions      conflicts          size   tier2     variables
c           MB       restarts          redundant     glue   trail      remaining
c            level          rate            size/glue  tier1 irredundant
c 
c d 1929.68 54 15 363 763590  1 20320251 71641 1.6 22 13 1 2 87% 5697 496 30%
c p 1929.68 54 15 363 763590  1 20320251 71641 1.6 22 13 1 2 87% 5697 496 30%
c k 1929.68 54 15 363 763590  1 20320251 71641 1.6 22 13 1 2 87% 5697 496 30%
c 2 1929.68 54 15 363 763590  1 20320251 71641 1.6 22 13 1 2 87% 5697 496 30%
c u 1929.79 54 15 363 763590  1 20320251 71640 1.6 22 13 1 2 87% 5697 496 30%
c v 1929.93 54 15 363 763590  1 20320251 71142 1.6 22 13 1 2 87% 5697 496 30%
c w 1929.93 54 15 363 763590  1 20320251 71141 1.6 22 13 1 2 87% 5697 496 30%
c t 1929.93 54 15 363 763590  1 20320251 71141 1.6 22 13 1 2 87% 5697 496 30%
c k 1929.94 54 15 363 763590  1 20320251 71141 1.6 22 13 1 2 87% 5697 496 30%
c . 1939.78 54 15 364 763590  1 20432946 125500 1.6 22 14 1 2 88% 5697 496 30%
c G 1939.79 54 15 364 763590  1 20432946 69116 1.6 22 14 1 2 88% 5697 496 30%
c C 1939.80 54 15 364 763590  1 20432946 69116 1.6 22 14 1 2 88% 5697 496 30%
c - 1939.80 54 15 364 763590  1 20432946 69116 1.6 22 14 1 2 88% 5697 496 30%
c 2 1939.81 54 15 364 763590  1 20432946 69116 1.6 22 14 1 2 88% 5697 496 30%
c d 1939.81 54 15 364 763590  1 20432946 69116 1.6 22 14 1 2 88% 5697 496 30%
c p 1939.81 54 15 364 763590  1 20432946 69116 1.6 22 14 1 2 88% 5697 496 30%
c k 1939.81 54 15 364 763590  1 20432946 69116 1.6 22 14 1 2 88% 5697 496 30%
c 2 1939.81 54 15 364 763590  1 20432946 69116 1.6 22 14 1 2 88% 5697 496 30%
c u 1939.92 54 15 364 763590  1 20432946 69108 1.6 22 14 1 2 88% 5697 496 30%
c v 1940.04 54 15 364 763590  1 20432946 68555 1.6 22 14 1 2 88% 5697 496 30%
c 
c   seconds    reductions      conflicts          size   tier2     variables
c           MB       restarts          redundant     glue   trail      remaining
c            level          rate            size/glue  tier1 irredundant
c 
c w 1940.04 54 15 364 763590  1 20432946 68555 1.6 22 14 1 2 88% 5697 496 30%
c t 1940.04 54 15 364 763590  1 20432946 68555 1.6 22 14 1 2 88% 5697 496 30%
c k 1940.04 54 15 364 763590  1 20432946 68555 1.6 22 14 1 2 88% 5697 496 30%
c ~ 1946.13 54 15 364 763590  1 20503309 108518 1.6 22 14 1 2 87% 5697 496 30%
c O 1946.13 54 15 364 763590  1 20503310 108519 1.6 22 14 1 2 87% 5697 496 30%
c . 1951.83 54 15 365 763590  1 20545954 128828 1.6 22 14 1 2 88% 5697 496 30%
c G 1951.84 54 15 365 763590  1 20545954 73495 1.6 22 14 1 2 88% 5697 496 30%
c C 1951.85 54 15 365 763590  1 20545954 73495 1.6 22 14 1 2 88% 5697 496 30%
c - 1951.85 54 15 365 763590  1 20545954 73495 1.6 22 14 1 2 88% 5697 496 30%
c 2 1951.85 54 15 365 763590  1 20545954 73495 1.6 22 14 1 2 88% 5697 496 30%
c d 1951.85 54 15 365 763590  1 20545954 73495 1.6 22 14 1 2 88% 5697 496 30%
c p 1951.86 54 15 365 763590  1 20545954 73495 1.6 22 14 1 2 88% 5697 496 30%
c k 1951.86 54 15 365 763590  1 20545954 73495 1.6 22 14 1 2 88% 5697 496 30%
c 2 1951.86 54 15 365 763590  1 20545954 73495 1.6 22 14 1 2 88% 5697 496 30%
c u 1951.97 54 15 365 763590  1 20545954 73458 1.6 22 14 1 2 88% 5697 496 30%
c v 1952.14 54 15 365 763590  1 20545954 72763 1.6 22 14 1 2 88% 5697 496 30%
c w 1952.19 54 15 365 763590  1 20545954 72516 1.6 22 14 1 2 88% 5697 496 30%
c t 1952.19 54 15 365 763590  1 20545954 72516 1.6 22 14 1 2 88% 5697 496 30%
c k 1952.20 54 15 365 763590  1 20545954 72516 1.6 22 14 1 2 88% 5697 496 30%
c ] 1958.95 54 14 365 763590  1 20599295 99210 1.7 22 13 1 2 89% 5697 496 30%
c 
c   seconds    reductions      conflicts          size   tier2     variables
c           MB       restarts          redundant     glue   trail      remaining
c            level          rate            size/glue  tier1 irredundant
c 
c { 1958.95 54 17 365 763590  2 20599295 99210 1.9 26 14 1 2 82% 5697 496 30%
c . 1967.35 54 15 366 764502  2 20659273 130147 1.9 24 13 1 2 85% 5697 496 30%
c G 1967.36 54 15 366 764502  2 20659273 77362 1.9 24 13 1 2 85% 5697 496 30%
c C 1967.37 54 15 366 764502  2 20659273 77362 1.9 24 13 1 2 85% 5697 496 30%
c - 1967.37 54 15 366 764502  2 20659273 77362 1.9 24 13 1 2 85% 5697 496 30%
c 2 1967.37 54 15 366 764502  2 20659273 77362 1.9 24 13 1 2 85% 5697 496 30%
c d 1967.37 54 15 366 764502  2 20659273 77362 1.9 24 13 1 2 85% 5697 496 30%
c p 1967.37 54 15 366 764502  2 20659273 77362 1.9 24 13 1 2 85% 5697 496 30%
c k 1967.37 54 15 366 764502  2 20659273 77362 1.9 24 13 1 2 85% 5697 496 30%
c 2 1967.37 54 15 366 764502  2 20659273 77362 1.9 24 13 1 2 85% 5697 496 30%
c u 1967.50 54 15 366 764502  2 20659273 77335 1.9 24 13 1 2 85% 5697 496 30%
c v 1967.73 54 15 366 764502  2 20659273 76752 1.9 24 13 1 2 85% 5697 496 30%
c w 1967.80 54 15 366 764502  2 20659273 76501 1.9 24 13 1 2 85% 5697 496 30%
c t 1967.80 54 15 366 764502  2 20659273 76501 1.9 24 13 1 2 85% 5697 496 30%
c k 1967.80 54 15 366 764502  2 20659273 76501 1.9 24 13 1 2 85% 5697 496 30%
c ~ 1972.92 54 16 366 768965  2 20706311 109421 1.9 25 13 1 2 81% 5697 496 30%
c B 1972.92 54 16 366 768965  2 20706312 109422 1.9 25 13 1 2 81% 5697 496 30%
c . 1982.16 54 16 367 776089  2 20772905 156492 1.9 26 14 1 2 82% 5697 496 30%
c G 1982.17 54 16 367 776089  2 20772905 87129 1.9 26 14 1 2 82% 5697 496 30%
c C 1982.19 55 16 367 776089  2 20772905 87129 1.9 26 14 1 2 82% 5697 496 30%
c 
c   seconds    reductions      conflicts          size   tier2     variables
c           MB       restarts          redundant     glue   trail      remaining
c            level          rate            size/glue  tier1 irredundant
c 
c - 1982.19 55 16 367 776089  2 20772905 87129 1.9 26 14 1 2 82% 5697 496 30%
c 2 1982.19 55 16 367 776089  2 20772905 87129 1.9 26 14 1 2 82% 5697 496 30%
c d 1982.19 55 16 367 776089  2 20772905 87129 1.9 26 14 1 2 82% 5697 496 30%
c p 1982.19 55 16 367 776089  2 20772905 87129 1.9 26 14 1 2 82% 5697 496 30%
c k 1982.19 55 16 367 776089  2 20772905 87129 1.9 26 14 1 2 82% 5697 496 30%
c 2 1982.19 55 16 367 776089  2 20772905 87129 1.9 26 14 1 2 82% 5697 496 30%
c = 1982.68 55 16 367 776089  2 20772905 87129 1.9 26 14 1 2 82% 5697 496 30%
c u 1982.82 55 16 367 776089  2 20772905 87109 1.9 26 14 1 2 82% 5697 496 30%
c v 1983.01 55 16 367 776089  2 20772905 86747 1.9 26 14 1 2 82% 5697 496 30%
c w 1983.08 55 16 367 776089  2 20772905 86661 1.9 26 14 1 2 82% 5697 496 30%
c t 1983.08 55 16 367 776089  2 20772905 86661 1.9 26 14 1 2 82% 5697 496 30%
c k 1983.08 55 16 367 776089  2 20772905 86661 1.9 26 14 1 2 82% 5697 496 30%
c . 1995.41 55 15 368 781530  1 20886848 153663 1.8 23 13 1 2 82% 5697 496 30%
c G 1995.42 55 15 368 781530  1 20886848 86489 1.8 23 13 1 2 82% 5697 496 30%
c C 1995.44 55 15 368 781530  1 20886848 86489 1.8 23 13 1 2 82% 5697 496 30%
c - 1995.44 55 15 368 781530  1 20886848 86489 1.8 23 13 1 2 82% 5697 496 30%
c 2 1995.44 55 15 368 781530  1 20886848 86489 1.8 23 13 1 2 82% 5697 496 30%
c d 1995.44 55 15 368 781530  1 20886848 86489 1.8 23 13 1 2 82% 5697 496 30%
c p 1995.44 55 15 368 781530  1 20886848 86489 1.8 23 13 1 2 82% 5697 496 30%
c k 1995.45 55 15 368 781530  1 20886848 86489 1.8 23 13 1 2 82% 5697 496 30%
c 
c   seconds    reductions      conflicts          size   tier2     variables
c           MB       restarts          redundant     glue   trail      remaining
c            level          rate            size/glue  tier1 irredundant
c 
c 2 1995.45 55 15 368 781530  1 20886848 86489 1.8 23 13 1 2 82% 5697 496 30%
c u 1995.58 55 15 368 781530  1 20886848 86476 1.8 23 13 1 2 82% 5697 496 30%
c v 1995.76 55 15 368 781530  1 20886848 86132 1.8 23 13 1 2 82% 5697 496 30%
c w 1995.76 55 15 368 781530  1 20886848 86110 1.8 23 13 1 2 82% 5697 496 30%
c t 1995.77 55 15 368 781530  1 20886848 86110 1.8 23 13 1 2 82% 5697 496 30%
c k 1995.77 55 15 368 781530  1 20886848 86110 1.8 23 13 1 2 82% 5697 496 30%
c ~ 1998.44 55 15 368 783919  1 20910312 100169 1.8 23 13 1 2 81% 5697 496 30%
c W 2001.00 55 15 368 783919  1 20910313 100170 1.8 23 13 1 2 81% 5697 496 30%
c . 2013.63 55 16 369 794145  2 21001103 160622 1.8 24 13 1 2 83% 5697 496 30%
c G 2013.64 55 16 369 794145  2 21001103 88262 1.8 24 13 1 2 83% 5697 496 30%
c C 2013.66 55 16 369 794145  2 21001103 88262 1.8 24 13 1 2 83% 5697 496 30%
c - 2013.66 55 16 369 794145  2 21001103 88262 1.8 24 13 1 2 83% 5697 496 30%
c 2 2013.66 55 16 369 794145  2 21001103 88262 1.8 24 13 1 2 83% 5697 496 30%
c d 2013.66 55 16 369 794145  2 21001103 88262 1.8 24 13 1 2 83% 5697 496 30%
c p 2013.67 55 16 369 794145  2 21001103 88262 1.8 24 13 1 2 83% 5697 496 30%
c k 2013.67 55 16 369 794145  2 21001103 88262 1.8 24 13 1 2 83% 5697 496 30%
c 2 2013.67 55 16 369 794145  2 21001103 88262 1.8 24 13 1 2 83% 5697 496 30%
c u 2013.80 55 16 369 794145  2 21001103 88257 1.8 24 13 1 2 83% 5697 496 30%
c v 2014.01 55 16 369 794145  2 21001103 87904 1.8 24 13 1 2 83% 5697 496 30%
c w 2014.01 55 16 369 794145  2 21001103 87904 1.8 24 13 1 2 83% 5697 496 30%
c 
c   seconds    reductions      conflicts          size   tier2     variables
c           MB       restarts          redundant     glue   trail      remaining
c            level          rate            size/glue  tier1 irredundant
c 
c t 2014.02 55 16 369 794145  2 21001103 87904 1.8 24 13 1 2 83% 5697 496 30%
c k 2014.02 55 16 369 794145  2 21001103 87904 1.8 24 13 1 2 83% 5697 496 30%
c } 2024.28 55 14 369 796201  1 21084068 129274 1.7 21 12 1 2 83% 5697 496 30%
c [ 2024.28 55 14 369 796201  1 21084068 129274 1.7 22 13 1 2 89% 5697 496 30%
c ~ 2027.45 55 14 369 796201  1 21115313 144791 1.7 22 13 1 2 88% 5697 496 30%
c B 2027.45 55 14 369 796201  1 21115314 144792 1.7 22 13 1 2 88% 5697 496 30%
c . 2027.48 55 14 370 796201  1 21115670 145110 1.7 22 13 1 2 88% 5697 496 30%
c G 2027.49 55 14 370 796201  1 21115670 84405 1.7 22 13 1 2 88% 5697 496 30%
c C 2027.50 55 14 370 796201  1 21115670 84405 1.7 22 13 1 2 88% 5697 496 30%
c - 2027.50 55 14 370 796201  1 21115670 84405 1.7 22 13 1 2 88% 5697 496 30%
c 2 2027.50 55 14 370 796201  1 21115670 84405 1.7 22 13 1 2 88% 5697 496 30%
c d 2027.50 55 14 370 796201  1 21115670 84405 1.7 22 13 1 2 88% 5697 496 30%
c p 2027.51 55 14 370 796201  1 21115670 84405 1.7 22 13 1 2 88% 5697 496 30%
c k 2027.51 55 14 370 796201  1 21115670 84405 1.7 22 13 1 2 88% 5697 496 30%
c 2 2027.51 55 14 370 796201  1 21115670 84405 1.7 22 13 1 2 88% 5697 496 30%
c u 2027.64 55 14 370 796201  1 21115670 84399 1.7 22 13 1 2 88% 5697 496 30%
c v 2027.84 55 14 370 796201  1 21115670 83913 1.7 22 13 1 2 88% 5697 496 30%
c w 2027.84 55 14 370 796201  1 21115670 83913 1.7 22 13 1 2 88% 5697 496 30%
c t 2027.84 55 14 370 796201  1 21115670 83913 1.7 22 13 1 2 88% 5697 496 30%
c k 2027.84 55 14 370 796201  1 21115670 83913 1.7 22 13 1 2 88% 5697 496 30%
c 
c   seconds    reductions      conflicts           size   tier2     variables
c           MB       restarts          redundant      glue   trail      remaining
c            level          rate             size/glue  tier1 irredundant
c 
c . 2039.46 55 16 371 796201  1 21230550 152688 1.7 24 14 1 2 86% 5697 496 30%
c G 2039.47 55 16 371 796201  1 21230550 83675 1.7 24 14 1 2 86% 5697 496 30%
c C 2039.49 55 16 371 796201  1 21230550 83675 1.7 24 14 1 2 86% 5697 496 30%
c - 2039.49 55 16 371 796201  1 21230550 83675 1.7 24 14 1 2 86% 5697 496 30%
c 2 2039.49 55 16 371 796201  1 21230550 83675 1.7 24 14 1 2 86% 5697 496 30%
c d 2039.49 55 16 371 796201  1 21230550 83675 1.7 24 14 1 2 86% 5697 496 30%
c p 2039.49 55 16 371 796201  1 21230550 83675 1.7 24 14 1 2 86% 5697 496 30%
c k 2039.49 55 16 371 796201  1 21230550 83675 1.7 24 14 1 2 86% 5697 496 30%
c 2 2039.49 55 16 371 796201  1 21230550 83675 1.7 24 14 1 2 86% 5697 496 30%
c u 2039.62 55 16 371 796201  1 21230550 83664 1.7 24 14 1 2 86% 5697 496 30%
c v 2039.77 55 16 371 796201  1 21230550 83131 1.7 24 14 1 2 86% 5697 496 30%
c w 2039.78 55 16 371 796201  1 21230550 83131 1.7 24 14 1 2 86% 5697 496 30%
c t 2039.78 55 16 371 796201  1 21230550 83131 1.7 24 14 1 2 86% 5697 496 30%
c k 2039.78 55 16 371 796201  1 21230550 83131 1.7 24 14 1 2 86% 5697 496 30%
c ~ 2048.34 55 16 371 796201  1 21321315 133555 1.8 25 14 1 2 87% 5697 496 30%
c W 2050.53 55 16 371 796201  1 21321316 133556 1.8 25 14 1 2 87% 5697 496 30%
c . 2052.96 55 16 372 796201  1 21345742 146936 1.8 25 14 1 2 87% 5697 496 30%
c G 2052.97 55 16 372 796201  1 21345742 77129 1.8 25 14 1 2 87% 5697 496 30%
c C 2052.99 55 16 372 796201  1 21345742 77129 1.8 25 14 1 2 87% 5697 496 30%
c - 2052.99 55 16 372 796201  1 21345742 77129 1.8 25 14 1 2 87% 5697 496 30%
c 
c   seconds    reductions      conflicts          size   tier2     variables
c           MB       restarts          redundant     glue   trail      remaining
c            level          rate            size/glue  tier1 irredundant
c 
c 2 2052.99 55 16 372 796201  1 21345742 77129 1.8 25 14 1 2 87% 5697 496 30%
c d 2052.99 55 16 372 796201  1 21345742 77129 1.8 25 14 1 2 87% 5697 496 30%
c p 2052.99 55 16 372 796201  1 21345742 77129 1.8 25 14 1 2 87% 5697 496 30%
c k 2052.99 55 16 372 796201  1 21345742 77129 1.8 25 14 1 2 87% 5697 496 30%
c 2 2052.99 55 16 372 796201  1 21345742 77129 1.8 25 14 1 2 87% 5697 496 30%
c u 2053.11 55 16 372 796201  1 21345742 77127 1.8 25 14 1 2 87% 5697 496 30%
c v 2053.26 55 16 372 796201  1 21345742 76602 1.8 25 14 1 2 87% 5697 496 30%
c w 2053.26 55 16 372 796201  1 21345742 76602 1.8 25 14 1 2 87% 5697 496 30%
c t 2053.26 55 16 372 796201  1 21345742 76602 1.8 25 14 1 2 87% 5697 496 30%
c k 2053.27 55 16 372 796201  1 21345742 76602 1.8 25 14 1 2 87% 5697 496 30%
c . 2064.40 55 16 373 796213  1 21461246 140205 1.8 25 14 1 2 88% 5697 496 30%
c G 2064.41 55 16 373 796213  1 21461246 75090 1.8 25 14 1 2 88% 5697 496 30%
c C 2064.42 55 16 373 796213  1 21461246 75090 1.8 25 14 1 2 88% 5697 496 30%
c - 2064.42 55 16 373 796213  1 21461246 75090 1.8 25 14 1 2 88% 5697 496 30%
c 2 2064.43 55 16 373 796213  1 21461246 75090 1.8 25 14 1 2 88% 5697 496 30%
c d 2064.43 55 16 373 796213  1 21461246 75090 1.8 25 14 1 2 88% 5697 496 30%
c p 2064.43 55 16 373 796213  1 21461246 75090 1.8 25 14 1 2 88% 5697 496 30%
c k 2064.43 55 16 373 796213  1 21461246 75090 1.8 25 14 1 2 88% 5697 496 30%
c 2 2064.43 55 16 373 796213  1 21461246 75090 1.8 25 14 1 2 88% 5697 496 30%
c u 2064.54 55 16 373 796213  1 21461246 75082 1.8 25 14 1 2 88% 5697 496 30%
c 
c   seconds    reductions      conflicts          size   tier2     variables
c           MB       restarts          redundant     glue   trail      remaining
c            level          rate            size/glue  tier1 irredundant
c 
c v 2064.70 55 16 373 796213  1 21461246 74311 1.8 25 14 1 2 88% 5697 496 30%
c w 2064.70 55 16 373 796213  1 21461246 74311 1.8 25 14 1 2 88% 5697 496 30%
c t 2064.70 55 16 373 796213  1 21461246 74311 1.8 25 14 1 2 88% 5697 496 30%
c k 2064.70 55 16 373 796213  1 21461246 74311 1.8 25 14 1 2 88% 5697 496 30%
c ~ 2071.28 55 16 373 796235  1 21528317 108602 1.7 25 14 1 2 88% 5697 496 30%
c I 2071.28 55 16 373 796235  1 21528318 108603 1.7 25 14 1 2 88% 5697 496 30%
c . 2075.22 55 16 374 796260  1 21577061 137091 1.7 24 14 1 2 88% 5697 496 30%
c G 2075.23 55 16 374 796260  1 21577061 75964 1.7 24 14 1 2 88% 5697 496 30%
c C 2075.25 55 16 374 796260  1 21577061 75964 1.7 24 14 1 2 88% 5697 496 30%
c - 2075.25 55 16 374 796260  1 21577061 75964 1.7 24 14 1 2 88% 5697 496 30%
c 2 2075.25 55 16 374 796260  1 21577061 75964 1.7 24 14 1 2 88% 5697 496 30%
c d 2075.25 55 16 374 796260  1 21577061 75964 1.7 24 14 1 2 88% 5697 496 30%
c p 2075.25 55 16 374 796260  1 21577061 75964 1.7 24 14 1 2 88% 5697 496 30%
c k 2075.25 55 16 374 796260  1 21577061 75964 1.7 24 14 1 2 88% 5697 496 30%
c 2 2075.25 55 16 374 796260  1 21577061 75964 1.7 24 14 1 2 88% 5697 496 30%
c u 2075.37 55 16 374 796260  1 21577061 75954 1.7 24 14 1 2 88% 5697 496 30%
c v 2075.51 55 16 374 796260  1 21577061 75363 1.7 24 14 1 2 88% 5697 496 30%
c w 2075.51 55 16 374 796260  1 21577061 75362 1.7 24 14 1 2 88% 5697 496 30%
c t 2075.51 55 16 374 796260  1 21577061 75362 1.7 24 14 1 2 88% 5697 496 30%
c k 2075.51 55 16 374 796260  1 21577061 75362 1.7 24 14 1 2 88% 5697 496 30%
c 
c   seconds    reductions      conflicts           size   tier2     variables
c           MB       restarts          redundant      glue   trail      remaining
c            level          rate             size/glue  tier1 irredundant
c 
c ] 2083.88 55 15 374 796279  1 21670939 133815 1.7 23 14 1 2 87% 5697 496 30%
c { 2083.88 55 14 374 796279  1 21670939 133815 1.7 21 12 1 2 83% 5697 496 30%
c . 2087.63 55 15 375 800869  2 21693188 150938 1.7 23 13 1 2 84% 5697 496 30%
c G 2087.64 55 15 375 800869  2 21693188 82832 1.7 23 13 1 2 84% 5697 496 30%
c C 2087.66 55 15 375 800869  2 21693188 82832 1.7 23 13 1 2 84% 5697 496 30%
c - 2087.66 55 15 375 800869  2 21693188 82832 1.7 23 13 1 2 84% 5697 496 30%
c 2 2087.66 55 15 375 800869  2 21693188 82832 1.7 23 13 1 2 84% 5697 496 30%
c d 2087.66 55 15 375 800869  2 21693188 82832 1.7 23 13 1 2 84% 5697 496 30%
c p 2087.66 55 15 375 800869  2 21693188 82832 1.7 23 13 1 2 84% 5697 496 30%
c k 2087.66 55 15 375 800869  2 21693188 82832 1.7 23 13 1 2 84% 5697 496 30%
c 2 2087.66 55 15 375 800869  2 21693188 82832 1.7 23 13 1 2 84% 5697 496 30%
c u 2087.79 55 15 375 800869  2 21693188 82818 1.7 23 13 1 2 84% 5697 496 30%
c v 2087.94 55 15 375 800869  2 21693188 82240 1.7 23 13 1 2 84% 5697 496 30%
c w 2088.00 55 15 375 800869  2 21693188 81753 1.7 23 13 1 2 84% 5697 496 30%
c t 2088.00 55 15 375 800869  2 21693188 81753 1.7 23 13 1 2 84% 5697 496 30%
c k 2088.00 55 15 375 800869  2 21693188 81753 1.7 23 13 1 2 84% 5697 496 30%
c ~ 2092.62 55 15 375 803837  2 21736319 110790 1.8 23 13 1 2 83% 5697 496 30%
c # 2092.62 55 15 375 803837  2 21736320 110791 1.8 23 13 1 2 83% 5697 496 30%
c . 2101.92 55 16 376 810776  2 21809627 160055 1.8 24 13 1 2 83% 5697 496 30%
c G 2101.93 55 16 376 810776  2 21809627 88636 1.8 24 13 1 2 83% 5697 496 30%
c 
c   seconds    reductions      conflicts          size   tier2     variables
c           MB       restarts          redundant     glue   trail      remaining
c            level          rate            size/glue  tier1 irredundant
c 
c C 2101.95 55 16 376 810776  2 21809627 88636 1.8 24 13 1 2 83% 5697 496 30%
c - 2101.95 55 16 376 810776  2 21809627 88636 1.8 24 13 1 2 83% 5697 496 30%
c 2 2101.95 55 16 376 810776  2 21809627 88636 1.8 24 13 1 2 83% 5697 496 30%
c d 2101.95 55 16 376 810776  2 21809627 88636 1.8 24 13 1 2 83% 5697 496 30%
c p 2101.95 55 16 376 810776  2 21809627 88636 1.8 24 13 1 2 83% 5697 496 30%
c k 2101.95 55 16 376 810776  2 21809627 88636 1.8 24 13 1 2 83% 5697 496 30%
c 2 2101.95 55 16 376 810776  2 21809627 88636 1.8 24 13 1 2 83% 5697 496 30%
c u 2102.09 55 16 376 810776  2 21809627 88587 1.8 24 13 1 2 83% 5697 496 30%
c v 2102.17 55 16 376 810776  2 21809627 88335 1.8 24 13 1 2 83% 5697 496 30%
c w 2102.22 55 16 376 810776  2 21809627 88282 1.8 24 13 1 2 83% 5697 496 30%
c x 2102.27 55 16 376 810776  2 21809627 88282 1.8 24 13 1 2 83% 5693 496 30%
c t 2102.27 55 16 376 810776  2 21809627 88282 1.8 24 13 1 2 83% 5693 496 30%
c k 2102.27 55 16 376 810776  2 21809627 88282 1.8 24 13 1 2 83% 5693 496 30%
c 2 2102.27 55 16 376 810776  2 21809627 88282 1.8 24 13 1 2 83% 5693 496 30%
c f 2102.28 55 16 376 810776  2 21809627 88282 1.8 24 13 1 2 83% 5693 496 30%
c s 2102.29 55 16 376 810776  2 21809627 88282 1.8 24 13 1 2 83% 5693 496 30%
c t 2102.30 55 16 376 810776  2 21809627 88282 1.8 24 13 1 2 83% 5693 496 30%
c e 2102.30 55 16 376 810776  2 21809627 88282 1.8 24 13 1 2 83% 5693 496 30%
c s 2102.75 55 16 376 810776  2 21809627 87153 1.8 24 13 1 2 83% 5693 496 30%
c e 2102.75 55 16 376 810776  2 21809627 87153 1.8 24 13 1 2 83% 5693 496 30%
c 
c   seconds    reductions      conflicts           size   tier2     variables
c           MB       restarts          redundant      glue   trail      remaining
c            level          rate             size/glue  tier1 irredundant
c 
c . 2117.18 55 15 377 818840  1 21926378 163003 1.9 24 13 1 2 84% 5693 496 30%
c G 2117.19 55 15 377 818840  1 21926378 90545 1.9 24 13 1 2 84% 5693 496 30%
c C 2117.21 55 15 377 818840  1 21926378 90545 1.9 24 13 1 2 84% 5693 496 30%
c - 2117.21 55 15 377 818840  1 21926378 90545 1.9 24 13 1 2 84% 5693 496 30%
c 2 2117.21 55 15 377 818840  1 21926378 90545 1.9 24 13 1 2 84% 5693 496 30%
c d 2117.21 55 15 377 818840  1 21926378 90545 1.9 24 13 1 2 84% 5693 496 30%
c p 2117.21 55 15 377 818840  1 21926378 90545 1.9 24 13 1 2 84% 5693 496 30%
c k 2117.21 55 15 377 818840  1 21926378 90545 1.9 24 13 1 2 84% 5693 496 30%
c 2 2117.21 55 15 377 818840  1 21926378 90545 1.9 24 13 1 2 84% 5693 496 30%
c u 2117.35 55 15 377 818840  1 21926378 90517 1.9 24 13 1 2 84% 5693 496 30%
c v 2117.55 55 15 377 818840  1 21926378 90013 1.9 24 13 1 2 84% 5693 496 30%
c w 2117.61 55 15 377 818840  1 21926378 89720 1.9 24 13 1 2 84% 5693 496 30%
c t 2117.61 55 15 377 818840  1 21926378 89720 1.9 24 13 1 2 84% 5693 496 30%
c k 2117.61 55 15 377 818840  1 21926378 89720 1.9 24 13 1 2 84% 5693 496 30%
c 2 2117.61 55 15 377 818840  1 21926378 89720 1.9 24 13 1 2 84% 5693 496 30%
c f 2117.61 55 15 377 818840  1 21926378 89720 1.9 24 13 1 2 84% 5693 496 30%
c ~ 2119.27 55 15 377 820885  2 21945321 103974 1.9 24 13 1 2 81% 5693 496 30%
c B 2119.27 55 15 377 820885  2 21945322 103975 1.9 24 13 1 2 81% 5693 496 30%
c . 2131.87 55 15 378 827401  1 22043445 158890 1.8 22 13 1 2 84% 5693 496 30%
c G 2131.88 55 15 378 827401  1 22043445 89498 1.8 22 13 1 2 84% 5693 496 30%
c 
c   seconds    reductions      conflicts          size   tier2     variables
c           MB       restarts          redundant     glue   trail      remaining
c            level          rate            size/glue  tier1 irredundant
c 
c C 2131.90 55 15 378 827401  1 22043445 89498 1.8 22 13 1 2 84% 5693 496 30%
c - 2131.90 55 15 378 827401  1 22043445 89498 1.8 22 13 1 2 84% 5693 496 30%
c 2 2131.90 55 15 378 827401  1 22043445 89498 1.8 22 13 1 2 84% 5693 496 30%
c d 2131.90 55 15 378 827401  1 22043445 89498 1.8 22 13 1 2 84% 5693 496 30%
c p 2131.90 55 15 378 827401  1 22043445 89498 1.8 22 13 1 2 84% 5693 496 30%
c k 2131.90 55 15 378 827401  1 22043445 89498 1.8 22 13 1 2 84% 5693 496 30%
c 2 2131.90 55 15 378 827401  1 22043445 89498 1.8 22 13 1 2 84% 5693 496 30%
c u 2132.04 55 15 378 827401  1 22043445 89486 1.8 22 13 1 2 84% 5693 496 30%
c v 2132.24 55 15 378 827401  1 22043445 89022 1.8 22 13 1 2 84% 5693 496 30%
c w 2132.24 55 15 378 827401  1 22043445 89022 1.8 22 13 1 2 84% 5693 496 30%
c t 2132.24 55 15 378 827401  1 22043445 89022 1.8 22 13 1 2 84% 5693 496 30%
c k 2132.24 55 15 378 827401  1 22043445 89022 1.8 22 13 1 2 84% 5693 496 30%
c ~ 2146.89 55 15 378 836567  2 22155322 157631 1.8 24 13 1 2 84% 5693 496 30%
c W 2150.53 55 15 378 836567  2 22155323 157632 1.8 24 13 1 2 84% 5693 496 30%
c . 2151.18 55 15 379 836584  2 22160822 160408 1.8 24 13 1 2 84% 5693 496 30%
c G 2151.19 55 15 379 836584  2 22160822 89806 1.8 24 13 1 2 84% 5693 496 30%
c C 2151.21 55 15 379 836584  2 22160822 89806 1.8 24 13 1 2 84% 5693 496 30%
c - 2151.21 55 15 379 836584  2 22160822 89806 1.8 24 13 1 2 84% 5693 496 30%
c 2 2151.21 55 15 379 836584  2 22160822 89806 1.8 24 13 1 2 84% 5693 496 30%
c d 2151.21 55 15 379 836584  2 22160822 89806 1.8 24 13 1 2 84% 5693 496 30%
c 
c   seconds    reductions      conflicts          size   tier2     variables
c           MB       restarts          redundant     glue   trail      remaining
c            level          rate            size/glue  tier1 irredundant
c 
c p 2151.21 55 15 379 836584  2 22160822 89806 1.8 24 13 1 2 84% 5693 496 30%
c k 2151.22 55 15 379 836584  2 22160822 89806 1.8 24 13 1 2 84% 5693 496 30%
c 2 2151.22 55 15 379 836584  2 22160822 89806 1.8 24 13 1 2 84% 5693 496 30%
c u 2151.35 55 15 379 836584  2 22160822 89797 1.8 24 13 1 2 84% 5693 496 30%
c v 2151.57 55 15 379 836584  2 22160822 89386 1.8 24 13 1 2 84% 5693 496 30%
c w 2151.57 55 15 379 836584  2 22160822 89386 1.8 24 13 1 2 84% 5693 496 30%
c t 2151.57 55 15 379 836584  2 22160822 89386 1.8 24 13 1 2 84% 5693 496 30%
c k 2151.58 55 15 379 836584  2 22160822 89386 1.8 24 13 1 2 84% 5693 496 30%
c } 2153.03 55 15 379 837944  2 22173545 99162 1.9 24 13 1 2 84% 5693 496 30%
c [ 2153.03 55 15 379 837944  1 22173545 99162 1.7 23 14 1 2 87% 5693 496 30%
c . 2163.75 55 16 380 837988  1 22278510 153312 1.6 23 14 1 2 86% 5693 496 30%
c G 2163.76 55 16 380 837988  1 22278510 87536 1.6 23 14 1 2 86% 5693 496 30%
c C 2163.77 55 16 380 837988  1 22278510 87536 1.6 23 14 1 2 86% 5693 496 30%
c - 2163.77 55 16 380 837988  1 22278510 87536 1.6 23 14 1 2 86% 5693 496 30%
c 2 2163.77 55 16 380 837988  1 22278510 87536 1.6 23 14 1 2 86% 5693 496 30%
c d 2163.77 55 16 380 837988  1 22278510 87536 1.6 23 14 1 2 86% 5693 496 30%
c p 2163.78 55 16 380 837988  1 22278510 87536 1.6 23 14 1 2 86% 5693 496 30%
c k 2163.78 55 16 380 837988  1 22278510 87536 1.6 23 14 1 2 86% 5693 496 30%
c 2 2163.78 55 16 380 837988  1 22278510 87536 1.6 23 14 1 2 86% 5693 496 30%
c u 2163.91 55 16 380 837988  1 22278510 87524 1.6 23 14 1 2 86% 5693 496 30%
c 
c   seconds    reductions      conflicts          size   tier2     variables
c           MB       restarts          redundant     glue   trail      remaining
c            level          rate            size/glue  tier1 irredundant
c 
c v 2164.09 55 16 380 837988  1 22278510 87155 1.6 23 14 1 2 86% 5693 496 30%
c w 2164.09 55 16 380 837988  1 22278510 87155 1.6 23 14 1 2 86% 5693 496 30%
c t 2164.09 55 16 380 837988  1 22278510 87155 1.6 23 14 1 2 86% 5693 496 30%
c k 2164.09 55 16 380 837988  1 22278510 87155 1.6 23 14 1 2 86% 5693 496 30%
c ~ 2173.36 55 15 380 837993  1 22366323 128812 1.6 22 14 1 2 85% 5693 496 30%
c B 2173.36 55 15 380 837993  1 22366324 128813 1.6 22 14 1 2 85% 5693 496 30%
c . 2177.19 55 15 381 837993  1 22396510 142439 1.6 22 14 1 2 86% 5693 496 30%
c G 2177.20 55 15 381 837993  1 22396510 80154 1.6 22 14 1 2 86% 5693 496 30%
c C 2177.21 55 15 381 837993  1 22396510 80154 1.6 22 14 1 2 86% 5693 496 30%
c - 2177.21 55 15 381 837993  1 22396510 80154 1.6 22 14 1 2 86% 5693 496 30%
c 2 2177.21 55 15 381 837993  1 22396510 80154 1.6 22 14 1 2 86% 5693 496 30%
c d 2177.21 55 15 381 837993  1 22396510 80154 1.6 22 14 1 2 86% 5693 496 30%
c p 2177.22 55 15 381 837993  1 22396510 80154 1.6 22 14 1 2 86% 5693 496 30%
c k 2177.22 55 15 381 837993  1 22396510 80154 1.6 22 14 1 2 86% 5693 496 30%
c 2 2177.22 55 15 381 837993  1 22396510 80154 1.6 22 14 1 2 86% 5693 496 30%
c u 2177.34 55 15 381 837993  1 22396510 80150 1.6 22 14 1 2 86% 5693 496 30%
c v 2177.55 55 15 381 837993  1 22396510 79640 1.6 22 14 1 2 86% 5693 496 30%
c w 2177.55 55 15 381 837993  1 22396510 79640 1.6 22 14 1 2 86% 5693 496 30%
c t 2177.55 55 15 381 837993  1 22396510 79640 1.6 22 14 1 2 86% 5693 496 30%
c k 2177.55 55 15 381 837993  1 22396510 79640 1.6 22 14 1 2 86% 5693 496 30%
c 
c   seconds    reductions      conflicts           size   tier2     variables
c           MB       restarts          redundant      glue   trail      remaining
c            level          rate             size/glue  tier1 irredundant
c 
c . 2189.99 55 15 382 838039  1 22514824 133864 1.6 22 14 1 2 87% 5693 496 30%
c G 2189.99 55 15 382 838039  1 22514824 75571 1.6 22 14 1 2 87% 5693 496 30%
c C 2190.01 55 15 382 838039  1 22514824 75571 1.6 22 14 1 2 87% 5693 496 30%
c - 2190.01 55 15 382 838039  1 22514824 75571 1.6 22 14 1 2 87% 5693 496 30%
c 2 2190.01 55 15 382 838039  1 22514824 75571 1.6 22 14 1 2 87% 5693 496 30%
c d 2190.01 55 15 382 838039  1 22514824 75571 1.6 22 14 1 2 87% 5693 496 30%
c p 2190.01 55 15 382 838039  1 22514824 75571 1.6 22 14 1 2 87% 5693 496 30%
c c 2190.01 55 15 382 838039  1 22514824 75571 1.6 22 14 1 2 87% 5693 496 30%
c k 2190.02 55 15 382 838039  1 22514824 75571 1.6 22 14 1 2 87% 5693 496 30%
c 2 2190.02 55 15 382 838039  1 22514824 75571 1.6 22 14 1 2 87% 5693 496 30%
c u 2190.13 55 15 382 838039  1 22514824 75567 1.6 22 14 1 2 87% 5693 496 30%
c v 2190.32 55 15 382 838039  1 22514824 74901 1.6 22 14 1 2 87% 5693 496 30%
c w 2190.32 55 15 382 838039  1 22514824 74901 1.6 22 14 1 2 87% 5693 496 30%
c t 2190.32 55 15 382 838039  1 22514824 74901 1.6 22 14 1 2 87% 5693 496 30%
c k 2190.33 55 15 382 838039  1 22514824 74901 1.6 22 14 1 2 87% 5693 496 30%
c ~ 2196.95 55 15 382 838056  1 22578325 105509 1.6 23 14 1 2 87% 5693 496 30%
c W 2199.23 55 15 382 838056  1 22578326 105510 1.6 23 14 1 2 87% 5693 496 30%
c . 2205.37 55 15 383 838071  1 22633448 129418 1.6 23 14 1 2 87% 5693 496 30%
c G 2205.38 55 15 383 838071  1 22633448 73681 1.6 23 14 1 2 87% 5693 496 30%
c C 2205.39 55 15 383 838071  1 22633448 73681 1.6 23 14 1 2 87% 5693 496 30%
c 
c   seconds    reductions      conflicts          size   tier2     variables
c           MB       restarts          redundant     glue   trail      remaining
c            level          rate            size/glue  tier1 irredundant
c 
c - 2205.39 55 15 383 838071  1 22633448 73681 1.6 23 14 1 2 87% 5693 496 30%
c 2 2205.40 55 15 383 838071  1 22633448 73681 1.6 23 14 1 2 87% 5693 496 30%
c d 2205.40 55 15 383 838071  1 22633448 73681 1.6 23 14 1 2 87% 5693 496 30%
c p 2205.40 55 15 383 838071  1 22633448 73681 1.6 23 14 1 2 87% 5693 496 30%
c k 2205.40 55 15 383 838071  1 22633448 73681 1.6 23 14 1 2 87% 5693 496 30%
c 2 2205.40 55 15 383 838071  1 22633448 73681 1.6 23 14 1 2 87% 5693 496 30%
c u 2205.51 55 15 383 838071  1 22633448 73670 1.6 23 14 1 2 87% 5693 496 30%
c v 2205.66 55 15 383 838071  1 22633448 73099 1.6 23 14 1 2 87% 5693 496 30%
c w 2205.66 55 15 383 838071  1 22633448 73098 1.6 23 14 1 2 87% 5693 496 30%
c t 2205.66 55 15 383 838071  1 22633448 73098 1.6 23 14 1 2 87% 5693 496 30%
c k 2205.66 55 15 383 838071  1 22633448 73098 1.6 23 14 1 2 87% 5693 496 30%
c ] 2214.75 55 15 383 838106  1 22724650 115182 1.6 22 14 1 2 87% 5693 496 30%
c { 2214.75 55 15 383 838106  2 22724650 115182 1.9 24 13 1 2 84% 5693 496 30%
c . 2219.41 55 16 384 842143  2 22752385 137426 1.9 26 13 1 2 85% 5693 496 30%
c G 2219.42 55 16 384 842143  2 22752385 82059 1.9 26 13 1 2 85% 5693 496 30%
c C 2219.43 55 16 384 842143  2 22752385 82059 1.9 26 13 1 2 85% 5693 496 30%
c - 2219.43 55 16 384 842143  2 22752385 82059 1.9 26 13 1 2 85% 5693 496 30%
c 2 2219.43 55 16 384 842143  2 22752385 82059 1.9 26 13 1 2 85% 5693 496 30%
c d 2219.43 55 16 384 842143  2 22752385 82059 1.9 26 13 1 2 85% 5693 496 30%
c p 2219.44 55 16 384 842143  2 22752385 82059 1.9 26 13 1 2 85% 5693 496 30%
c 
c   seconds    reductions      conflicts          size   tier2     variables
c           MB       restarts          redundant     glue   trail      remaining
c            level          rate            size/glue  tier1 irredundant
c 
c k 2219.44 55 16 384 842143  2 22752385 82059 1.9 26 13 1 2 85% 5693 496 30%
c 2 2219.44 55 16 384 842143  2 22752385 82059 1.9 26 13 1 2 85% 5693 496 30%
c u 2219.56 55 16 384 842143  2 22752385 82057 1.9 26 13 1 2 85% 5693 496 30%
c v 2219.77 55 16 384 842143  2 22752385 81651 1.9 26 13 1 2 85% 5693 496 30%
c w 2219.84 55 16 384 842143  2 22752385 81209 1.9 26 13 1 2 85% 5693 496 30%
c t 2219.84 55 16 384 842143  2 22752385 81209 1.9 26 13 1 2 85% 5693 496 30%
c k 2219.84 55 16 384 842143  2 22752385 81209 1.9 26 13 1 2 85% 5693 496 30%
c ~ 2223.90 55 15 384 842349  2 22791327 101598 2.0 24 12 1 2 86% 5693 496 30%
c F 2223.90 55 15 384 842349  2 22791328 101599 2.0 24 12 1 2 86% 5693 496 30%
c . 2236.48 55 15 385 851247  2 22871633 158219 2.1 27 13 1 2 87% 5693 496 30%
c G 2236.50 55 15 385 851247  2 22871633 90710 2.1 27 13 1 2 87% 5693 496 30%
c C 2236.52 61 15 385 851247  2 22871633 90710 2.1 27 13 1 2 87% 5693 496 30%
c - 2236.52 61 15 385 851247  2 22871633 90710 2.1 27 13 1 2 87% 5693 496 30%
c 2 2236.52 61 15 385 851247  2 22871633 90710 2.1 27 13 1 2 87% 5693 496 30%
c d 2236.52 61 15 385 851247  2 22871633 90710 2.1 27 13 1 2 87% 5693 496 30%
c p 2236.52 61 15 385 851247  2 22871633 90710 2.1 27 13 1 2 87% 5693 496 30%
c k 2236.52 61 15 385 851247  2 22871633 90710 2.1 27 13 1 2 87% 5693 496 30%
c 2 2236.52 61 15 385 851247  2 22871633 90710 2.1 27 13 1 2 87% 5693 496 30%
c u 2236.70 61 15 385 851247  2 22871633 90122 2.1 27 13 1 2 87% 5693 496 30%
c v 2236.91 61 15 385 851247  2 22871633 89646 2.1 27 13 1 2 87% 5693 496 30%
c 
c   seconds    reductions      conflicts          size   tier2     variables
c           MB       restarts          redundant     glue   trail      remaining
c            level          rate            size/glue  tier1 irredundant
c 
c w 2236.99 61 15 385 851247  2 22871633 89555 2.1 27 13 1 2 87% 5693 496 30%
c t 2236.99 61 15 385 851247  2 22871633 89555 2.1 27 13 1 2 87% 5693 496 30%
c k 2236.99 61 15 385 851247  2 22871633 89555 2.1 27 13 1 2 87% 5693 496 30%
c . 2251.16 61 15 386 859294  1 22991195 164978 2.0 25 13 1 2 86% 5693 496 30%
c G 2251.17 61 15 386 859294  1 22991195 92417 2.0 25 13 1 2 86% 5693 496 30%
c C 2251.19 61 15 386 859294  1 22991195 92417 2.0 25 13 1 2 86% 5693 496 30%
c - 2251.19 61 15 386 859294  1 22991195 92417 2.0 25 13 1 2 86% 5693 496 30%
c 2 2251.19 61 15 386 859294  1 22991195 92417 2.0 25 13 1 2 86% 5693 496 30%
c d 2251.19 61 15 386 859294  1 22991195 92417 2.0 25 13 1 2 86% 5693 496 30%
c p 2251.20 61 15 386 859294  1 22991195 92417 2.0 25 13 1 2 86% 5693 496 30%
c k 2251.20 61 15 386 859294  1 22991195 92417 2.0 25 13 1 2 86% 5693 496 30%
c 2 2251.20 61 15 386 859294  1 22991195 92417 2.0 25 13 1 2 86% 5693 496 30%
c u 2251.39 61 15 386 859294  1 22991195 91837 2.0 25 13 1 2 86% 5693 496 30%
c v 2251.55 61 15 386 859294  1 22991195 91613 2.0 25 13 1 2 86% 5693 496 30%
c w 2251.62 61 15 386 859294  1 22991195 91471 2.0 25 13 1 2 86% 5693 496 30%
c t 2251.62 61 15 386 859294  1 22991195 91471 2.0 25 13 1 2 86% 5693 496 30%
c k 2251.62 61 15 386 859294  1 22991195 91471 2.0 25 13 1 2 86% 5693 496 30%
c ~ 2252.93 61 14 386 859296  1 23005328 100251 2.0 24 12 1 2 86% 5693 496 30%
c B 2252.93 61 14 386 859296  1 23005329 100252 2.0 24 12 1 2 86% 5693 496 30%
c . 2265.96 61 14 387 866828  1 23111068 177587 2.1 25 12 1 2 85% 5693 496 30%
c 
c   seconds    reductions      conflicts          size   tier2     variables
c           MB       restarts          redundant     glue   trail      remaining
c            level          rate            size/glue  tier1 irredundant
c 
c G 2265.98 61 14 387 866828  1 23111068 94206 2.1 25 12 1 2 85% 5693 496 30%
c C 2266.00 61 14 387 866828  1 23111068 94206 2.1 25 12 1 2 85% 5693 496 30%
c - 2266.00 61 14 387 866828  1 23111068 94206 2.1 25 12 1 2 85% 5693 496 30%
c 2 2266.00 61 14 387 866828  1 23111068 94206 2.1 25 12 1 2 85% 5693 496 30%
c d 2266.00 61 14 387 866828  1 23111068 94206 2.1 25 12 1 2 85% 5693 496 30%
c p 2266.00 61 14 387 866828  1 23111068 94206 2.1 25 12 1 2 85% 5693 496 30%
c k 2266.00 61 14 387 866828  1 23111068 94206 2.1 25 12 1 2 85% 5693 496 30%
c 2 2266.00 61 14 387 866828  1 23111068 94206 2.1 25 12 1 2 85% 5693 496 30%
c u 2266.21 61 14 387 866828  1 23111068 93539 2.1 25 12 1 2 85% 5693 496 30%
c v 2266.36 61 14 387 866828  1 23111068 93345 2.1 25 12 1 2 85% 5693 496 30%
c w 2266.36 61 14 387 866828  1 23111068 93345 2.1 25 12 1 2 85% 5693 496 30%
c t 2266.36 61 14 387 866828  1 23111068 93345 2.1 25 12 1 2 85% 5693 496 30%
c k 2266.37 61 14 387 866828  1 23111068 93345 2.1 25 12 1 2 85% 5693 496 30%
c ~ 2281.22 61 16 387 879158  2 23220329 169939 2.0 26 13 1 2 85% 5693 496 30%
c W 2284.25 61 16 387 879158  2 23220330 169940 2.0 26 13 1 2 85% 5693 496 30%
c } 2286.13 61 16 387 881044  2 23230339 177777 1.9 26 14 1 2 85% 5693 496 30%
c [ 2286.13 61 15 387 881044  1 23230339 177777 1.6 22 14 1 2 87% 5693 496 30%
c . 2286.22 61 15 388 881044  1 23231252 178541 1.6 22 14 1 2 87% 5693 496 30%
c G 2286.24 61 15 388 881044  1 23231252 94955 1.6 22 14 1 2 87% 5693 496 30%
c C 2286.26 61 15 388 881044  1 23231252 94955 1.6 22 14 1 2 87% 5693 496 30%
c 
c   seconds    reductions      conflicts          size   tier2     variables
c           MB       restarts          redundant     glue   trail      remaining
c            level          rate            size/glue  tier1 irredundant
c 
c - 2286.26 61 15 388 881044  1 23231252 94955 1.6 22 14 1 2 87% 5693 496 30%
c 2 2286.26 61 15 388 881044  1 23231252 94955 1.6 22 14 1 2 87% 5693 496 30%
c d 2286.26 61 15 388 881044  1 23231252 94955 1.6 22 14 1 2 87% 5693 496 30%
c p 2286.26 61 15 388 881044  1 23231252 94955 1.6 22 14 1 2 87% 5693 496 30%
c k 2286.26 61 15 388 881044  1 23231252 94955 1.6 22 14 1 2 87% 5693 496 30%
c 2 2286.26 61 15 388 881044  1 23231252 94955 1.6 22 14 1 2 87% 5693 496 30%
c u 2286.49 61 15 388 881044  1 23231252 94348 1.6 22 14 1 2 87% 5693 496 30%
c v 2286.65 61 15 388 881044  1 23231252 94034 1.6 22 14 1 2 87% 5693 496 30%
c w 2286.65 61 15 388 881044  1 23231252 94033 1.6 22 14 1 2 87% 5693 496 30%
c t 2286.65 61 15 388 881044  1 23231252 94033 1.6 22 14 1 2 87% 5693 496 30%
c k 2286.65 61 15 388 881044  1 23231252 94033 1.6 22 14 1 2 87% 5693 496 30%
c . 2300.05 61 16 389 881058  1 23351751 157577 1.7 24 14 1 2 87% 5693 496 30%
c G 2300.06 61 16 389 881058  1 23351751 88756 1.7 24 14 1 2 87% 5693 496 30%
c C 2300.08 61 16 389 881058  1 23351751 88756 1.7 24 14 1 2 87% 5693 496 30%
c - 2300.08 61 16 389 881058  1 23351751 88756 1.7 24 14 1 2 87% 5693 496 30%
c 2 2300.08 61 16 389 881058  1 23351751 88756 1.7 24 14 1 2 87% 5693 496 30%
c d 2300.08 61 16 389 881058  1 23351751 88756 1.7 24 14 1 2 87% 5693 496 30%
c p 2300.08 61 16 389 881058  1 23351751 88756 1.7 24 14 1 2 87% 5693 496 30%
c k 2300.08 61 16 389 881058  1 23351751 88756 1.7 24 14 1 2 87% 5693 496 30%
c 2 2300.08 61 16 389 881058  1 23351751 88756 1.7 24 14 1 2 87% 5693 496 30%
c 
c   seconds    reductions      conflicts          size   tier2     variables
c           MB       restarts          redundant     glue   trail      remaining
c            level          rate            size/glue  tier1 irredundant
c 
c u 2300.30 61 16 389 881058  1 23351751 87919 1.7 24 14 1 2 87% 5693 496 30%
c v 2300.43 61 16 389 881058  1 23351751 87769 1.7 24 14 1 2 87% 5693 496 30%
c w 2300.43 61 16 389 881058  1 23351751 87768 1.7 24 14 1 2 87% 5693 496 30%
c t 2300.43 61 16 389 881058  1 23351751 87768 1.7 24 14 1 2 87% 5693 496 30%
c k 2300.43 61 16 389 881058  1 23351751 87768 1.7 24 14 1 2 87% 5693 496 30%
c ~ 2309.80 61 15 389 881059  1 23436330 136223 1.8 25 14 1 2 88% 5693 496 30%
c O 2309.80 61 15 389 881059  1 23436331 136224 1.8 25 14 1 2 88% 5693 496 30%
c . 2314.22 61 15 390 881059  1 23472560 156960 1.8 25 14 1 2 88% 5693 496 30%
c G 2314.23 61 15 390 881059  1 23472560 81946 1.8 25 14 1 2 88% 5693 496 30%
c C 2314.25 61 15 390 881059  1 23472560 81946 1.8 25 14 1 2 88% 5693 496 30%
c - 2314.25 61 15 390 881059  1 23472560 81946 1.8 25 14 1 2 88% 5693 496 30%
c 2 2314.25 61 15 390 881059  1 23472560 81946 1.8 25 14 1 2 88% 5693 496 30%
c d 2314.25 61 15 390 881059  1 23472560 81946 1.8 25 14 1 2 88% 5693 496 30%
c p 2314.25 61 15 390 881059  1 23472560 81946 1.8 25 14 1 2 88% 5693 496 30%
c k 2314.25 61 15 390 881059  1 23472560 81946 1.8 25 14 1 2 88% 5693 496 30%
c 2 2314.25 61 15 390 881059  1 23472560 81946 1.8 25 14 1 2 88% 5693 496 30%
c u 2314.46 61 15 390 881059  1 23472560 79571 1.8 25 14 1 2 88% 5693 496 30%
c v 2314.60 61 15 390 881059  1 23472560 79122 1.8 25 14 1 2 88% 5693 496 30%
c w 2314.60 61 15 390 881059  1 23472560 79122 1.8 25 14 1 2 88% 5693 496 30%
c t 2314.60 61 15 390 881059  1 23472560 79122 1.8 25 14 1 2 88% 5693 496 30%
c 
c   seconds    reductions      conflicts          size   tier2     variables
c           MB       restarts          redundant     glue   trail      remaining
c            level          rate            size/glue  tier1 irredundant
c 
c k 2314.60 61 15 390 881059  1 23472560 79122 1.8 25 14 1 2 88% 5693 496 30%
c . 2328.19 61 15 391 881094  1 23593682 134605 1.7 22 13 1 2 87% 5693 496 30%
c G 2328.20 61 15 391 881094  1 23593682 75393 1.7 22 13 1 2 87% 5693 496 30%
c C 2328.21 61 15 391 881094  1 23593682 75393 1.7 22 13 1 2 87% 5693 496 30%
c - 2328.21 61 15 391 881094  1 23593682 75393 1.7 22 13 1 2 87% 5693 496 30%
c 2 2328.21 61 15 391 881094  1 23593682 75393 1.7 22 13 1 2 87% 5693 496 30%
c d 2328.21 61 15 391 881094  1 23593682 75393 1.7 22 13 1 2 87% 5693 496 30%
c p 2328.21 61 15 391 881094  1 23593682 75393 1.7 22 13 1 2 87% 5693 496 30%
c k 2328.22 61 15 391 881094  1 23593682 75393 1.7 22 13 1 2 87% 5693 496 30%
c 2 2328.22 61 15 391 881094  1 23593682 75393 1.7 22 13 1 2 87% 5693 496 30%
c u 2328.42 61 15 391 881094  1 23593682 72894 1.7 22 13 1 2 87% 5693 496 30%
c v 2328.55 61 15 391 881094  1 23593682 72500 1.7 22 13 1 2 87% 5693 496 30%
c w 2328.55 61 15 391 881094  1 23593682 72500 1.7 22 13 1 2 87% 5693 496 30%
c t 2328.55 61 15 391 881094  1 23593682 72500 1.7 22 13 1 2 87% 5693 496 30%
c k 2328.55 61 15 391 881094  1 23593682 72500 1.7 22 13 1 2 87% 5693 496 30%
c ~ 2334.40 61 14 391 881120  1 23653332 100794 1.7 22 13 1 2 86% 5693 496 30%
c B 2334.40 61 14 391 881120  1 23653333 100795 1.7 22 13 1 2 86% 5693 496 30%
c . 2340.92 61 15 392 881129  1 23715115 132859 1.6 23 14 1 2 87% 5693 496 30%
c G 2340.93 61 15 392 881129  1 23715115 72275 1.6 23 14 1 2 87% 5693 496 30%
c C 2340.94 45 15 392 881129  1 23715115 72275 1.6 23 14 1 2 87% 5693 496 30%
c 
c   seconds    reductions      conflicts          size   tier2     variables
c           MB       restarts          redundant     glue   trail      remaining
c            level          rate            size/glue  tier1 irredundant
c 
c - 2340.94 45 15 392 881129  1 23715115 72275 1.6 23 14 1 2 87% 5693 496 30%
c 2 2340.94 45 15 392 881129  1 23715115 72275 1.6 23 14 1 2 87% 5693 496 30%
c d 2340.94 45 15 392 881129  1 23715115 72275 1.6 23 14 1 2 87% 5693 496 30%
c p 2340.95 45 15 392 881129  1 23715115 72275 1.6 23 14 1 2 87% 5693 496 30%
c k 2340.95 45 15 392 881129  1 23715115 72275 1.6 23 14 1 2 87% 5693 496 30%
c 2 2340.95 45 15 392 881129  1 23715115 72275 1.6 23 14 1 2 87% 5693 496 30%
c u 2341.15 45 15 392 881129  1 23715115 69852 1.6 23 14 1 2 87% 5693 496 30%
c v 2341.25 45 15 392 881129  1 23715115 69248 1.6 23 14 1 2 87% 5693 496 30%
c w 2341.25 45 15 392 881129  1 23715115 69248 1.6 23 14 1 2 87% 5693 496 30%
c t 2341.25 45 15 392 881129  1 23715115 69248 1.6 23 14 1 2 87% 5693 496 30%
c k 2341.25 45 15 392 881129  1 23715115 69248 1.6 23 14 1 2 87% 5693 496 30%
c ] 2350.17 45 16 392 881164  1 23803333 114243 1.7 23 14 1 2 87% 5693 496 30%
c { 2350.17 45 16 392 881164  2 23803333 114243 1.9 26 14 1 2 85% 5693 496 30%
c . 2354.10 45 16 393 882521  2 23836860 132570 1.9 25 13 1 2 85% 5693 496 30%
c G 2354.11 45 16 393 882521  2 23836860 73651 1.9 25 13 1 2 85% 5693 496 30%
c C 2354.13 50 16 393 882521  2 23836860 73651 1.9 25 13 1 2 85% 5693 496 30%
c - 2354.13 50 16 393 882521  2 23836860 73651 1.9 25 13 1 2 85% 5693 496 30%
c 2 2354.13 50 16 393 882521  2 23836860 73651 1.9 25 13 1 2 85% 5693 496 30%
c d 2354.13 50 16 393 882521  2 23836860 73651 1.9 25 13 1 2 85% 5693 496 30%
c p 2354.13 50 16 393 882521  2 23836860 73651 1.9 25 13 1 2 85% 5693 496 30%
c 
c   seconds    reductions      conflicts          size   tier2     variables
c           MB       restarts          redundant     glue   trail      remaining
c            level          rate            size/glue  tier1 irredundant
c 
c k 2354.13 50 16 393 882521  2 23836860 73651 1.9 25 13 1 2 85% 5693 496 30%
c 2 2354.13 50 16 393 882521  2 23836860 73651 1.9 25 13 1 2 85% 5693 496 30%
c u 2354.31 50 16 393 882521  2 23836860 71288 1.9 25 13 1 2 85% 5693 496 30%
c v 2354.43 50 16 393 882521  2 23836860 70934 1.9 25 13 1 2 85% 5693 496 30%
c w 2354.49 50 16 393 882521  2 23836860 70642 1.9 25 13 1 2 85% 5693 496 30%
c t 2354.49 50 16 393 882521  2 23836860 70642 1.9 25 13 1 2 85% 5693 496 30%
c k 2354.49 50 16 393 882521  2 23836860 70642 1.9 25 13 1 2 85% 5693 496 30%
c ~ 2358.15 50 17 393 886920  2 23871333 96381 1.9 26 14 1 2 85% 5693 496 30%
c # 2358.15 50 17 393 886920  2 23871334 96382 1.9 26 14 1 2 85% 5693 496 30%
c . 2368.50 50 17 394 894274  2 23958918 155660 1.9 26 14 1 2 84% 5693 496 30%
c G 2368.51 50 17 394 894274  2 23958918 82133 1.9 26 14 1 2 84% 5693 496 30%
c C 2368.53 55 17 394 894274  2 23958918 82133 1.9 26 14 1 2 84% 5693 496 30%
c - 2368.53 55 17 394 894274  2 23958918 82133 1.9 26 14 1 2 84% 5693 496 30%
c 2 2368.53 55 17 394 894274  2 23958918 82133 1.9 26 14 1 2 84% 5693 496 30%
c d 2368.53 55 17 394 894274  2 23958918 82133 1.9 26 14 1 2 84% 5693 496 30%
c p 2368.53 55 17 394 894274  2 23958918 82133 1.9 26 14 1 2 84% 5693 496 30%
c k 2368.53 55 17 394 894274  2 23958918 82133 1.9 26 14 1 2 84% 5693 496 30%
c 2 2368.53 55 17 394 894274  2 23958918 82133 1.9 26 14 1 2 84% 5693 496 30%
c = 2369.28 61 17 394 894274  2 23958918 82133 1.9 26 14 1 2 84% 5693 496 30%
c u 2369.47 61 17 394 894274  2 23958918 79739 1.9 26 14 1 2 84% 5693 496 30%
c 
c   seconds    reductions      conflicts          size   tier2     variables
c           MB       restarts          redundant     glue   trail      remaining
c            level          rate            size/glue  tier1 irredundant
c 
c v 2369.59 61 17 394 894274  2 23958918 79354 1.9 26 14 1 2 84% 5693 496 30%
c w 2369.65 61 17 394 894274  2 23958918 79224 1.9 26 14 1 2 84% 5693 496 30%
c t 2369.65 61 17 394 894274  2 23958918 79224 1.9 26 14 1 2 84% 5693 496 30%
c k 2369.66 61 17 394 894274  2 23958918 79224 1.9 26 14 1 2 84% 5693 496 30%
c . 2382.42 61 16 395 902417  2 24081288 156300 1.8 25 14 1 2 83% 5693 496 30%
c G 2382.43 61 16 395 902417  2 24081288 80859 1.8 25 14 1 2 83% 5693 496 30%
c C 2382.45 61 16 395 902417  2 24081288 80859 1.8 25 14 1 2 83% 5693 496 30%
c - 2382.45 61 16 395 902417  2 24081288 80859 1.8 25 14 1 2 83% 5693 496 30%
c 2 2382.45 61 16 395 902417  2 24081288 80859 1.8 25 14 1 2 83% 5693 496 30%
c d 2382.45 61 16 395 902417  2 24081288 80859 1.8 25 14 1 2 83% 5693 496 30%
c p 2382.45 61 16 395 902417  2 24081288 80859 1.8 25 14 1 2 83% 5693 496 30%
c k 2382.45 61 16 395 902417  2 24081288 80859 1.8 25 14 1 2 83% 5693 496 30%
c 2 2382.45 61 16 395 902417  2 24081288 80859 1.8 25 14 1 2 83% 5693 496 30%
c u 2382.66 47 16 395 902417  2 24081288 79092 1.8 25 14 1 2 83% 5693 496 30%
c v 2382.76 47 16 395 902417  2 24081288 78783 1.8 25 14 1 2 83% 5693 496 30%
c w 2382.81 47 16 395 902417  2 24081288 78449 1.8 25 14 1 2 83% 5693 496 30%
c t 2382.81 47 16 395 902417  2 24081288 78449 1.8 25 14 1 2 83% 5693 496 30%
c k 2382.82 47 16 395 902417  2 24081288 78449 1.8 25 14 1 2 83% 5693 496 30%
c ~ 2383.62 47 16 395 902417  2 24090334 83360 1.8 24 14 1 2 84% 5693 496 30%
c B 2383.62 47 16 395 902417  2 24090335 83361 1.8 24 14 1 2 84% 5693 496 30%
c 
c   seconds    reductions      conflicts           size   tier2     variables
c           MB       restarts          redundant      glue   trail      remaining
c            level          rate             size/glue  tier1 irredundant
c 
c . 2395.23 47 14 396 906694  1 24203969 150099 1.8 22 12 1 2 83% 5693 496 30%
c G 2395.24 47 14 396 906694  1 24203969 78038 1.8 22 12 1 2 83% 5693 496 30%
c C 2395.26 52 14 396 906694  1 24203969 78038 1.8 22 12 1 2 83% 5693 496 30%
c - 2395.26 52 14 396 906694  1 24203969 78038 1.8 22 12 1 2 83% 5693 496 30%
c 2 2395.26 52 14 396 906694  1 24203969 78038 1.8 22 12 1 2 83% 5693 496 30%
c d 2395.26 52 14 396 906694  1 24203969 78038 1.8 22 12 1 2 83% 5693 496 30%
c p 2395.26 52 14 396 906694  1 24203969 78038 1.8 22 12 1 2 83% 5693 496 30%
c k 2395.26 52 14 396 906694  1 24203969 78038 1.8 22 12 1 2 83% 5693 496 30%
c 2 2395.26 52 14 396 906694  1 24203969 78038 1.8 22 12 1 2 83% 5693 496 30%
c u 2395.44 52 14 396 906694  1 24203969 75791 1.8 22 12 1 2 83% 5693 496 30%
c v 2395.56 52 14 396 906694  1 24203969 75377 1.8 22 12 1 2 83% 5693 496 30%
c w 2395.56 52 14 396 906694  1 24203969 75377 1.8 22 12 1 2 83% 5693 496 30%
c t 2395.56 52 14 396 906694  1 24203969 75377 1.8 22 12 1 2 83% 5693 496 30%
c k 2395.56 52 14 396 906694  1 24203969 75377 1.8 22 12 1 2 83% 5693 496 30%
c s 2398.83 52 13 396 906694  1 24235292 86974 1.8 20 11 1 2 83% 5691 496 30%
c t 2398.84 52 13 396 906694  1 24235292 86974 1.8 20 11 1 2 83% 5691 496 30%
c e 2398.84 52 13 396 906694  1 24235292 86974 1.8 20 11 1 2 83% 5691 496 30%
c s 2399.31 52 13 396 906694  1 24235292 86360 1.8 20 11 1 2 83% 5691 496 30%
c ~ 2409.23 52 16 396 919943  2 24310336 141354 1.8 24 14 1 2 83% 5691 496 30%
c W 2414.77 52 16 396 919943  2 24310337 141355 1.8 24 14 1 2 83% 5691 496 30%
c 
c   seconds    reductions      conflicts           size   tier2     variables
c           MB       restarts          redundant      glue   trail      remaining
c            level          rate             size/glue  tier1 irredundant
c 
c . 2416.47 52 16 397 921688  2 24326963 152303 1.8 24 14 1 2 83% 5691 496 30%
c G 2416.48 52 16 397 921688  2 24326963 78552 1.8 24 14 1 2 83% 5691 496 30%
c C 2416.49 52 16 397 921688  2 24326963 78552 1.8 24 14 1 2 83% 5691 496 30%
c - 2416.49 52 16 397 921688  2 24326963 78552 1.8 24 14 1 2 83% 5691 496 30%
c 2 2416.49 52 16 397 921688  2 24326963 78552 1.8 24 14 1 2 83% 5691 496 30%
c d 2416.49 52 16 397 921688  2 24326963 78552 1.8 24 14 1 2 83% 5691 496 30%
c p 2416.50 52 16 397 921688  2 24326963 78552 1.8 24 14 1 2 83% 5691 496 30%
c k 2416.50 52 16 397 921688  2 24326963 78552 1.8 24 14 1 2 83% 5691 496 30%
c 2 2416.50 52 16 397 921688  2 24326963 78552 1.8 24 14 1 2 83% 5691 496 30%
c u 2416.69 52 16 397 921688  2 24326963 76225 1.8 24 14 1 2 83% 5691 496 30%
c v 2416.82 52 16 397 921688  2 24326963 76026 1.8 24 14 1 2 83% 5691 496 30%
c w 2416.82 52 16 397 921688  2 24326963 76026 1.8 24 14 1 2 83% 5691 496 30%
c t 2416.82 52 16 397 921688  2 24326963 76026 1.8 24 14 1 2 83% 5691 496 30%
c k 2416.82 52 16 397 921688  2 24326963 76026 1.8 24 14 1 2 83% 5691 496 30%
c 2 2416.82 52 16 397 921688  2 24326963 76026 1.8 24 14 1 2 83% 5691 496 30%
c f 2416.82 52 16 397 921688  2 24326963 76026 1.8 24 14 1 2 83% 5691 496 30%
c } 2428.63 52 16 397 930966  2 24427736 146159 1.8 26 14 1 2 84% 5691 496 30%
c [ 2428.63 52 16 397 930966  1 24427736 146159 1.7 23 14 1 2 87% 5691 496 30%
c . 2430.90 52 16 398 930976  1 24450268 159763 1.7 24 14 1 2 87% 5691 496 30%
c G 2430.91 52 16 398 930976  1 24450268 79437 1.7 24 14 1 2 87% 5691 496 30%
c 
c   seconds    reductions      conflicts          size   tier2     variables
c           MB       restarts          redundant     glue   trail      remaining
c            level          rate            size/glue  tier1 irredundant
c 
c C 2430.93 55 16 398 930976  1 24450268 79437 1.7 24 14 1 2 87% 5691 496 30%
c - 2430.93 55 16 398 930976  1 24450268 79437 1.7 24 14 1 2 87% 5691 496 30%
c 2 2430.93 55 16 398 930976  1 24450268 79437 1.7 24 14 1 2 87% 5691 496 30%
c d 2430.93 55 16 398 930976  1 24450268 79437 1.7 24 14 1 2 87% 5691 496 30%
c p 2430.93 55 16 398 930976  1 24450268 79437 1.7 24 14 1 2 87% 5691 496 30%
c k 2430.93 55 16 398 930976  1 24450268 79437 1.7 24 14 1 2 87% 5691 496 30%
c 2 2430.93 55 16 398 930976  1 24450268 79437 1.7 24 14 1 2 87% 5691 496 30%
c u 2431.10 55 16 398 930976  1 24450268 78505 1.7 24 14 1 2 87% 5691 496 30%
c v 2431.25 55 16 398 930976  1 24450268 78142 1.7 24 14 1 2 87% 5691 496 30%
c w 2431.25 55 16 398 930976  1 24450268 78142 1.7 24 14 1 2 87% 5691 496 30%
c t 2431.25 55 16 398 930976  1 24450268 78142 1.7 24 14 1 2 87% 5691 496 30%
c k 2431.25 55 16 398 930976  1 24450268 78142 1.7 24 14 1 2 87% 5691 496 30%
c ~ 2439.28 55 16 398 930988  1 24531337 116975 1.6 24 14 1 2 88% 5691 496 30%
c W 2440.17 55 16 398 930988  1 24531338 116976 1.6 24 14 1 2 88% 5691 496 30%
c . 2444.11 55 16 399 930988  1 24573886 140169 1.7 24 14 1 2 88% 5691 496 30%
c G 2444.12 55 16 399 930988  1 24573886 72428 1.7 24 14 1 2 88% 5691 496 30%
c C 2444.13 55 16 399 930988  1 24573886 72428 1.7 24 14 1 2 88% 5691 496 30%
c - 2444.13 55 16 399 930988  1 24573886 72428 1.7 24 14 1 2 88% 5691 496 30%
c 2 2444.13 55 16 399 930988  1 24573886 72428 1.7 24 14 1 2 88% 5691 496 30%
c d 2444.13 55 16 399 930988  1 24573886 72428 1.7 24 14 1 2 88% 5691 496 30%
c 
c   seconds    reductions      conflicts          size   tier2     variables
c           MB       restarts          redundant     glue   trail      remaining
c            level          rate            size/glue  tier1 irredundant
c 
c p 2444.13 55 16 399 930988  1 24573886 72428 1.7 24 14 1 2 88% 5691 496 30%
c k 2444.14 55 16 399 930988  1 24573886 72428 1.7 24 14 1 2 88% 5691 496 30%
c 2 2444.14 55 16 399 930988  1 24573886 72428 1.7 24 14 1 2 88% 5691 496 30%
c u 2444.25 55 16 399 930988  1 24573886 72374 1.7 24 14 1 2 88% 5691 496 30%
c v 2444.43 55 16 399 930988  1 24573886 71889 1.7 24 14 1 2 88% 5691 496 30%
c w 2444.43 55 16 399 930988  1 24573886 71889 1.7 24 14 1 2 88% 5691 496 30%
c t 2444.43 55 16 399 930988  1 24573886 71889 1.7 24 14 1 2 88% 5691 496 30%
c k 2444.43 55 16 399 930988  1 24573886 71889 1.7 24 14 1 2 88% 5691 496 30%
c . 2457.01 55 15 400 931033  1 24697816 135073 1.7 23 14 1 2 88% 5691 496 30%
c G 2457.02 55 15 400 931033  1 24697816 63757 1.7 23 14 1 2 88% 5691 496 30%
c C 2457.04 55 15 400 931033  1 24697816 63757 1.7 23 14 1 2 88% 5691 496 30%
c - 2457.04 55 15 400 931033  1 24697816 63757 1.7 23 14 1 2 88% 5691 496 30%
c 2 2457.04 55 15 400 931033  1 24697816 63757 1.7 23 14 1 2 88% 5691 496 30%
c d 2457.04 55 15 400 931033  1 24697816 63757 1.7 23 14 1 2 88% 5691 496 30%
c p 2457.04 55 15 400 931033  1 24697816 63757 1.7 23 14 1 2 88% 5691 496 30%
c k 2457.04 55 15 400 931033  1 24697816 63757 1.7 23 14 1 2 88% 5691 496 30%
c 2 2457.04 55 15 400 931033  1 24697816 63757 1.7 23 14 1 2 88% 5691 496 30%
c u 2457.14 55 15 400 931033  1 24697816 63751 1.7 23 14 1 2 88% 5691 496 30%
c v 2457.34 55 15 400 931033  1 24697816 62930 1.7 23 14 1 2 88% 5691 496 30%
c w 2457.34 55 15 400 931033  1 24697816 62930 1.7 23 14 1 2 88% 5691 496 30%
c 
c   seconds    reductions      conflicts          size   tier2     variables
c           MB       restarts          redundant     glue   trail      remaining
c            level          rate            size/glue  tier1 irredundant
c 
c t 2457.34 55 15 400 931033  1 24697816 62930 1.7 23 14 1 2 88% 5691 496 30%
c k 2457.34 55 15 400 931033  1 24697816 62930 1.7 23 14 1 2 88% 5691 496 30%
c ~ 2461.86 55 15 400 931050  1 24753338 93213 1.7 23 14 1 2 86% 5691 496 30%
c I 2461.86 55 15 400 931050  1 24753339 93214 1.7 23 14 1 2 86% 5691 496 30%
c . 2467.51 55 15 401 931066  1 24822059 129581 1.6 22 14 1 2 86% 5691 496 30%
c G 2467.52 55 15 401 931066  1 24822059 63410 1.6 22 14 1 2 86% 5691 496 30%
c C 2467.53 55 15 401 931066  1 24822059 63410 1.6 22 14 1 2 86% 5691 496 30%
c - 2467.53 55 15 401 931066  1 24822059 63410 1.6 22 14 1 2 86% 5691 496 30%
c 2 2467.54 55 15 401 931066  1 24822059 63410 1.6 22 14 1 2 86% 5691 496 30%
c d 2467.54 55 15 401 931066  1 24822059 63410 1.6 22 14 1 2 86% 5691 496 30%
c p 2467.54 55 15 401 931066  1 24822059 63410 1.6 22 14 1 2 86% 5691 496 30%
c k 2467.54 55 15 401 931066  1 24822059 63410 1.6 22 14 1 2 86% 5691 496 30%
c 2 2467.54 55 15 401 931066  1 24822059 63410 1.6 22 14 1 2 86% 5691 496 30%
c u 2467.64 55 15 401 931066  1 24822059 63402 1.6 22 14 1 2 86% 5691 496 30%
c v 2467.71 55 15 401 931066  1 24822059 63135 1.6 22 14 1 2 86% 5691 496 30%
c w 2467.71 55 15 401 931066  1 24822059 63135 1.6 22 14 1 2 86% 5691 496 30%
c x 2467.75 55 15 401 931066  1 24822059 63135 1.6 22 14 1 2 86% 5689 496 30%
c t 2467.75 55 15 401 931066  1 24822059 63135 1.6 22 14 1 2 86% 5689 496 30%
c k 2467.75 55 15 401 931066  1 24822059 63135 1.6 22 14 1 2 86% 5689 496 30%
c 2 2467.75 55 15 401 931066  1 24822059 63135 1.6 22 14 1 2 86% 5689 496 30%
c 
c   seconds    reductions      conflicts          size   tier2     variables
c           MB       restarts          redundant     glue   trail      remaining
c            level          rate            size/glue  tier1 irredundant
c 
c f 2467.75 55 15 401 931066  1 24822059 63135 1.6 22 14 1 2 86% 5689 496 30%
c s 2468.05 55 15 401 931066  1 24822059 63006 1.6 22 14 1 2 86% 5689 496 30%
c t 2468.05 55 15 401 931066  1 24822059 63006 1.6 22 14 1 2 86% 5689 496 30%
c e 2468.05 55 15 401 931066  1 24822059 63006 1.6 22 14 1 2 86% 5689 496 30%
c s 2468.35 55 15 401 931066  1 24822059 62994 1.6 22 14 1 2 86% 5689 496 30%
c e 2468.35 55 15 401 931066  1 24822059 62994 1.6 22 14 1 2 86% 5689 496 30%
c . 2479.48 55 15 402 931113  1 24946613 128747 1.7 22 13 1 2 86% 5689 496 30%
c G 2479.49 55 15 402 931113  1 24946613 64321 1.7 22 13 1 2 86% 5689 496 30%
c C 2479.50 55 15 402 931113  1 24946613 64321 1.7 22 13 1 2 86% 5689 496 30%
c - 2479.50 55 15 402 931113  1 24946613 64321 1.7 22 13 1 2 86% 5689 496 30%
c 2 2479.50 55 15 402 931113  1 24946613 64321 1.7 22 13 1 2 86% 5689 496 30%
c d 2479.50 55 15 402 931113  1 24946613 64321 1.7 22 13 1 2 86% 5689 496 30%
c p 2479.51 55 15 402 931113  1 24946613 64321 1.7 22 13 1 2 86% 5689 496 30%
c k 2479.51 55 15 402 931113  1 24946613 64321 1.7 22 13 1 2 86% 5689 496 30%
c 2 2479.51 55 15 402 931113  1 24946613 64321 1.7 22 13 1 2 86% 5689 496 30%
c u 2479.61 55 15 402 931113  1 24946613 64313 1.7 22 13 1 2 86% 5689 496 30%
c v 2479.77 55 15 402 931113  1 24946613 63837 1.7 22 13 1 2 86% 5689 496 30%
c w 2479.77 55 15 402 931113  1 24946613 63837 1.7 22 13 1 2 86% 5689 496 30%
c t 2479.77 55 15 402 931113  1 24946613 63837 1.7 22 13 1 2 86% 5689 496 30%
c k 2479.77 55 15 402 931113  1 24946613 63837 1.7 22 13 1 2 86% 5689 496 30%
c 
c   seconds    reductions      conflicts          size   tier2     variables
c           MB       restarts          redundant     glue   trail      remaining
c            level          rate            size/glue  tier1 irredundant
c 
c 2 2479.77 55 15 402 931113  1 24946613 63837 1.7 22 13 1 2 86% 5689 496 30%
c f 2479.77 55 15 402 931113  1 24946613 63837 1.7 22 13 1 2 86% 5689 496 30%
c ~ 2482.08 55 15 402 931114  1 24976339 82967 1.7 22 13 1 2 87% 5689 496 30%
c B 2482.09 55 15 402 931114  1 24976340 82968 1.7 22 13 1 2 87% 5689 496 30%
c . 2494.67 55 15 403 931116  1 25071480 144615 2.0 27 13 1 2 88% 5689 496 30%
c G 2494.69 55 15 403 931116  1 25071480 70339 2.0 27 13 1 2 88% 5689 496 30%
c C 2494.70 55 15 403 931116  1 25071480 70339 2.0 27 13 1 2 88% 5689 496 30%
c - 2494.70 55 15 403 931116  1 25071480 70339 2.0 27 13 1 2 88% 5689 496 30%
c 2 2494.70 55 15 403 931116  1 25071480 70339 2.0 27 13 1 2 88% 5689 496 30%
c d 2494.70 55 15 403 931116  1 25071480 70339 2.0 27 13 1 2 88% 5689 496 30%
c p 2494.71 55 15 403 931116  1 25071480 70339 2.0 27 13 1 2 88% 5689 496 30%
c k 2494.71 55 15 403 931116  1 25071480 70339 2.0 27 13 1 2 88% 5689 496 30%
c 2 2494.71 55 15 403 931116  1 25071480 70339 2.0 27 13 1 2 88% 5689 496 30%
c u 2494.82 55 15 403 931116  1 25071480 70329 2.0 27 13 1 2 88% 5689 496 30%
c v 2495.05 55 15 403 931116  1 25071480 69763 2.0 27 13 1 2 88% 5689 496 30%
c w 2495.12 55 15 403 931116  1 25071480 69476 2.0 27 13 1 2 88% 5689 496 30%
c t 2495.12 55 15 403 931116  1 25071480 69476 2.0 27 13 1 2 88% 5689 496 30%
c k 2495.12 55 15 403 931116  1 25071480 69476 2.0 27 13 1 2 88% 5689 496 30%
c ] 2497.23 55 16 403 931116  1 25094095 82644 1.9 27 14 1 2 88% 5689 496 30%
c { 2497.23 55 16 403 931116  2 25094095 82644 1.8 26 14 1 2 84% 5689 496 30%
c 
c   seconds    reductions      conflicts           size   tier2     variables
c           MB       restarts          redundant      glue   trail      remaining
c            level          rate             size/glue  tier1 irredundant
c 
c . 2507.00 55 15 404 935884  1 25196658 144403 1.8 24 13 1 2 82% 5689 496 30%
c G 2507.01 55 15 404 935884  1 25196658 75464 1.8 24 13 1 2 82% 5689 496 30%
c C 2507.02 55 15 404 935884  1 25196658 75464 1.8 24 13 1 2 82% 5689 496 30%
c - 2507.02 55 15 404 935884  1 25196658 75464 1.8 24 13 1 2 82% 5689 496 30%
c 2 2507.02 55 15 404 935884  1 25196658 75464 1.8 24 13 1 2 82% 5689 496 30%
c d 2507.02 55 15 404 935884  1 25196658 75464 1.8 24 13 1 2 82% 5689 496 30%
c p 2507.03 55 15 404 935884  1 25196658 75464 1.8 24 13 1 2 82% 5689 496 30%
c k 2507.03 55 15 404 935884  1 25196658 75464 1.8 24 13 1 2 82% 5689 496 30%
c 2 2507.03 55 15 404 935884  1 25196658 75464 1.8 24 13 1 2 82% 5689 496 30%
c u 2507.14 55 15 404 935884  1 25196658 75453 1.8 24 13 1 2 82% 5689 496 30%
c v 2507.30 55 15 404 935884  1 25196658 75108 1.8 24 13 1 2 82% 5689 496 30%
c w 2507.36 55 15 404 935884  1 25196658 75024 1.8 24 13 1 2 82% 5689 496 30%
c t 2507.36 55 15 404 935884  1 25196658 75024 1.8 24 13 1 2 82% 5689 496 30%
c k 2507.36 55 15 404 935884  1 25196658 75024 1.8 24 13 1 2 82% 5689 496 30%
c ~ 2507.83 55 15 404 936578  1 25200341 77642 1.8 24 13 1 2 83% 5689 496 30%
c F 2507.83 55 15 404 936578  1 25200342 77643 1.8 24 13 1 2 83% 5689 496 30%
c . 2520.85 55 14 405 940022  1 25322149 153820 2.1 25 12 1 2 86% 5689 496 30%
c G 2520.86 55 14 405 940022  1 25322149 78396 2.1 25 12 1 2 86% 5689 496 30%
c C 2520.88 55 14 405 940022  1 25322149 78396 2.1 25 12 1 2 86% 5689 496 30%
c - 2520.88 55 14 405 940022  1 25322149 78396 2.1 25 12 1 2 86% 5689 496 30%
c 
c   seconds    reductions      conflicts          size   tier2     variables
c           MB       restarts          redundant     glue   trail      remaining
c            level          rate            size/glue  tier1 irredundant
c 
c 2 2520.88 55 14 405 940022  1 25322149 78396 2.1 25 12 1 2 86% 5689 496 30%
c d 2520.88 55 14 405 940022  1 25322149 78396 2.1 25 12 1 2 86% 5689 496 30%
c p 2520.88 55 14 405 940022  1 25322149 78396 2.1 25 12 1 2 86% 5689 496 30%
c k 2520.88 55 14 405 940022  1 25322149 78396 2.1 25 12 1 2 86% 5689 496 30%
c 2 2520.88 55 14 405 940022  1 25322149 78396 2.1 25 12 1 2 86% 5689 496 30%
c u 2521.01 55 14 405 940022  1 25322149 78380 2.1 25 12 1 2 86% 5689 496 30%
c v 2521.20 55 14 405 940022  1 25322149 78018 2.1 25 12 1 2 86% 5689 496 30%
c w 2521.20 55 14 405 940022  1 25322149 78018 2.1 25 12 1 2 86% 5689 496 30%
c t 2521.20 55 14 405 940022  1 25322149 78018 2.1 25 12 1 2 86% 5689 496 30%
c k 2521.20 55 14 405 940022  1 25322149 78018 2.1 25 12 1 2 86% 5689 496 30%
c ~ 2534.61 55 16 405 954453  2 25425342 148278 1.8 26 14 1 2 84% 5689 496 30%
c B 2534.62 55 16 405 954453  2 25425343 148279 1.8 26 14 1 2 84% 5689 496 30%
c . 2538.19 55 16 406 957090  2 25447951 164507 1.8 26 14 1 2 83% 5689 496 30%
c G 2538.20 55 16 406 957090  2 25447951 82208 1.8 26 14 1 2 83% 5689 496 30%
c C 2538.22 57 16 406 957090  2 25447951 82208 1.8 26 14 1 2 83% 5689 496 30%
c - 2538.22 57 16 406 957090  2 25447951 82208 1.8 26 14 1 2 83% 5689 496 30%
c 2 2538.22 57 16 406 957090  2 25447951 82208 1.8 26 14 1 2 83% 5689 496 30%
c d 2538.22 57 16 406 957090  2 25447951 82208 1.8 26 14 1 2 83% 5689 496 30%
c p 2538.22 57 16 406 957090  2 25447951 82208 1.8 26 14 1 2 83% 5689 496 30%
c k 2538.22 57 16 406 957090  2 25447951 82208 1.8 26 14 1 2 83% 5689 496 30%
c 
c   seconds    reductions      conflicts          size   tier2     variables
c           MB       restarts          redundant     glue   trail      remaining
c            level          rate            size/glue  tier1 irredundant
c 
c 2 2538.22 57 16 406 957090  2 25447951 82208 1.8 26 14 1 2 83% 5689 496 30%
c u 2538.35 57 16 406 957090  2 25447951 82186 1.8 26 14 1 2 83% 5689 496 30%
c v 2538.58 57 16 406 957090  2 25447951 81697 1.8 26 14 1 2 83% 5689 496 30%
c w 2538.58 57 16 406 957090  2 25447951 81697 1.8 26 14 1 2 83% 5689 496 30%
c t 2538.59 57 16 406 957090  2 25447951 81697 1.8 26 14 1 2 83% 5689 496 30%
c k 2538.59 57 16 406 957090  2 25447951 81697 1.8 26 14 1 2 83% 5689 496 30%
c . 2552.88 57 14 407 962556  1 25574065 146483 1.7 22 12 1 2 85% 5689 496 30%
c G 2552.89 57 14 407 962556  1 25574065 78269 1.7 22 12 1 2 85% 5689 496 30%
c C 2552.91 57 14 407 962556  1 25574065 78269 1.7 22 12 1 2 85% 5689 496 30%
c - 2552.91 57 14 407 962556  1 25574065 78269 1.7 22 12 1 2 85% 5689 496 30%
c 2 2552.91 57 14 407 962556  1 25574065 78269 1.7 22 12 1 2 85% 5689 496 30%
c d 2552.91 57 14 407 962556  1 25574065 78269 1.7 22 12 1 2 85% 5689 496 30%
c p 2552.91 57 14 407 962556  1 25574065 78269 1.7 22 12 1 2 85% 5689 496 30%
c k 2552.91 57 14 407 962556  1 25574065 78269 1.7 22 12 1 2 85% 5689 496 30%
c 2 2552.92 57 14 407 962556  1 25574065 78269 1.7 22 12 1 2 85% 5689 496 30%
c u 2553.03 57 14 407 962556  1 25574065 78262 1.7 22 12 1 2 85% 5689 496 30%
c v 2553.24 57 14 407 962556  1 25574065 77920 1.7 22 12 1 2 85% 5689 496 30%
c w 2553.24 57 14 407 962556  1 25574065 77919 1.7 22 12 1 2 85% 5689 496 30%
c t 2553.25 57 14 407 962556  1 25574065 77919 1.7 22 12 1 2 85% 5689 496 30%
c k 2553.25 57 14 407 962556  1 25574065 77919 1.7 22 12 1 2 85% 5689 496 30%
c 
c   seconds    reductions      conflicts           size   tier2     variables
c           MB       restarts          redundant      glue   trail      remaining
c            level          rate             size/glue  tier1 irredundant
c 
c ~ 2562.75 57 15 407 971951  2 25651343 135742 1.9 24 13 1 2 82% 5689 496 30%
c W 2568.27 57 15 407 971951  2 25651344 135743 1.9 24 13 1 2 82% 5689 496 30%
c . 2574.96 57 15 408 974512  1 25700492 162307 1.8 23 13 1 2 83% 5689 496 30%
c G 2574.97 57 15 408 974512  1 25700492 82814 1.8 23 13 1 2 83% 5689 496 30%
c C 2574.99 57 15 408 974512  1 25700492 82814 1.8 23 13 1 2 83% 5689 496 30%
c - 2574.99 57 15 408 974512  1 25700492 82814 1.8 23 13 1 2 83% 5689 496 30%
c 2 2574.99 57 15 408 974512  1 25700492 82814 1.8 23 13 1 2 83% 5689 496 30%
c d 2574.99 57 15 408 974512  1 25700492 82814 1.8 23 13 1 2 83% 5689 496 30%
c p 2574.99 57 15 408 974512  1 25700492 82814 1.8 23 13 1 2 83% 5689 496 30%
c k 2574.99 57 15 408 974512  1 25700492 82814 1.8 23 13 1 2 83% 5689 496 30%
c 2 2574.99 57 15 408 974512  1 25700492 82814 1.8 23 13 1 2 83% 5689 496 30%
c u 2575.12 57 15 408 974512  1 25700492 82796 1.8 23 13 1 2 83% 5689 496 30%
c v 2575.36 57 15 408 974512  1 25700492 82473 1.8 23 13 1 2 83% 5689 496 30%
c w 2575.36 57 15 408 974512  1 25700492 82473 1.8 23 13 1 2 83% 5689 496 30%
c t 2575.36 57 15 408 974512  1 25700492 82473 1.8 23 13 1 2 83% 5689 496 30%
c k 2575.37 57 15 408 974512  1 25700492 82473 1.8 23 13 1 2 83% 5689 496 30%
c } 2576.01 57 15 408 974512  1 25706848 85333 1.8 23 13 1 2 83% 5689 496 30%
c [ 2576.01 57 16 408 974512  1 25706848 85333 1.9 27 14 1 2 88% 5689 496 30%
c . 2590.34 57 15 409 974513  1 25827231 142519 1.8 24 13 1 2 89% 5689 496 30%
c G 2590.35 57 15 409 974513  1 25827231 77776 1.8 24 13 1 2 89% 5689 496 30%
c 
c   seconds    reductions      conflicts          size   tier2     variables
c           MB       restarts          redundant     glue   trail      remaining
c            level          rate            size/glue  tier1 irredundant
c 
c C 2590.36 57 15 409 974513  1 25827231 77776 1.8 24 13 1 2 89% 5689 496 30%
c - 2590.36 57 15 409 974513  1 25827231 77776 1.8 24 13 1 2 89% 5689 496 30%
c 2 2590.36 57 15 409 974513  1 25827231 77776 1.8 24 13 1 2 89% 5689 496 30%
c d 2590.36 57 15 409 974513  1 25827231 77776 1.8 24 13 1 2 89% 5689 496 30%
c p 2590.37 57 15 409 974513  1 25827231 77776 1.8 24 13 1 2 89% 5689 496 30%
c k 2590.37 57 15 409 974513  1 25827231 77776 1.8 24 13 1 2 89% 5689 496 30%
c 2 2590.37 57 15 409 974513  1 25827231 77776 1.8 24 13 1 2 89% 5689 496 30%
c u 2590.49 57 15 409 974513  1 25827231 77770 1.8 24 13 1 2 89% 5689 496 30%
c v 2590.72 57 15 409 974513  1 25827231 77513 1.8 24 13 1 2 89% 5689 496 30%
c w 2590.72 57 15 409 974513  1 25827231 77512 1.8 24 13 1 2 89% 5689 496 30%
c t 2590.72 57 15 409 974513  1 25827231 77512 1.8 24 13 1 2 89% 5689 496 30%
c k 2590.73 57 15 409 974513  1 25827231 77512 1.8 24 13 1 2 89% 5689 496 30%
c ~ 2596.03 57 15 409 974513  1 25878346 104040 1.8 24 13 1 2 89% 5689 496 30%
c W 2597.06 57 15 409 974513  1 25878347 104041 1.8 24 13 1 2 89% 5689 496 30%
c . 2605.64 57 15 410 974513  1 25954283 138727 1.7 23 14 1 2 89% 5689 496 30%
c G 2605.65 57 15 410 974513  1 25954283 71980 1.7 23 14 1 2 89% 5689 496 30%
c C 2605.67 57 15 410 974513  1 25954283 71980 1.7 23 14 1 2 89% 5689 496 30%
c - 2605.67 57 15 410 974513  1 25954283 71980 1.7 23 14 1 2 89% 5689 496 30%
c 2 2605.67 57 15 410 974513  1 25954283 71980 1.7 23 14 1 2 89% 5689 496 30%
c d 2605.67 57 15 410 974513  1 25954283 71980 1.7 23 14 1 2 89% 5689 496 30%
c 
c   seconds    reductions      conflicts          size   tier2     variables
c           MB       restarts          redundant     glue   trail      remaining
c            level          rate            size/glue  tier1 irredundant
c 
c p 2605.67 57 15 410 974513  1 25954283 71980 1.7 23 14 1 2 89% 5689 496 30%
c c 2605.67 57 15 410 974513  1 25954283 71980 1.7 23 14 1 2 89% 5689 496 30%
c k 2605.67 57 15 410 974513  1 25954283 71980 1.7 23 14 1 2 89% 5689 496 30%
c 2 2605.67 57 15 410 974513  1 25954283 71980 1.7 23 14 1 2 89% 5689 496 30%
c u 2605.78 57 15 410 974513  1 25954283 71980 1.7 23 14 1 2 89% 5689 496 30%
c v 2606.01 57 15 410 974513  1 25954283 71549 1.7 23 14 1 2 89% 5689 496 30%
c w 2606.01 57 15 410 974513  1 25954283 71549 1.7 23 14 1 2 89% 5689 496 30%
c t 2606.01 57 15 410 974513  1 25954283 71549 1.7 23 14 1 2 89% 5689 496 30%
c k 2606.01 57 15 410 974513  1 25954283 71549 1.7 23 14 1 2 89% 5689 496 30%
c . 2618.83 57 15 411 974526  1 26081648 131167 1.7 23 13 1 2 89% 5689 496 30%
c G 2618.84 57 15 411 974526  1 26081648 67912 1.7 23 13 1 2 89% 5689 496 30%
c C 2618.85 57 15 411 974526  1 26081648 67912 1.7 23 13 1 2 89% 5689 496 30%
c - 2618.85 57 15 411 974526  1 26081648 67912 1.7 23 13 1 2 89% 5689 496 30%
c 2 2618.85 57 15 411 974526  1 26081648 67912 1.7 23 13 1 2 89% 5689 496 30%
c d 2618.85 57 15 411 974526  1 26081648 67912 1.7 23 13 1 2 89% 5689 496 30%
c p 2618.86 57 15 411 974526  1 26081648 67912 1.7 23 13 1 2 89% 5689 496 30%
c k 2618.86 57 15 411 974526  1 26081648 67912 1.7 23 13 1 2 89% 5689 496 30%
c 2 2618.86 57 15 411 974526  1 26081648 67912 1.7 23 13 1 2 89% 5689 496 30%
c u 2618.96 57 15 411 974526  1 26081648 67906 1.7 23 13 1 2 89% 5689 496 30%
c v 2619.17 57 15 411 974526  1 26081648 67394 1.7 23 13 1 2 89% 5689 496 30%
c 
c   seconds    reductions      conflicts          size   tier2     variables
c           MB       restarts          redundant     glue   trail      remaining
c            level          rate            size/glue  tier1 irredundant
c 
c w 2619.17 57 15 411 974526  1 26081648 67394 1.7 23 13 1 2 89% 5689 496 30%
c t 2619.17 57 15 411 974526  1 26081648 67394 1.7 23 13 1 2 89% 5689 496 30%
c k 2619.17 57 15 411 974526  1 26081648 67394 1.7 23 13 1 2 89% 5689 496 30%
c ~ 2621.46 57 15 411 974535  1 26106348 79869 1.7 23 14 1 2 88% 5689 496 30%
c O 2621.46 57 15 411 974535  1 26106349 79870 1.7 23 14 1 2 88% 5689 496 30%
c . 2633.25 57 15 412 974574  1 26209325 130610 1.8 24 14 1 2 89% 5689 496 30%
c G 2633.26 57 15 412 974574  1 26209325 68608 1.8 24 14 1 2 89% 5689 496 30%
c C 2633.28 57 15 412 974574  1 26209325 68608 1.8 24 14 1 2 89% 5689 496 30%
c - 2633.28 57 15 412 974574  1 26209325 68608 1.8 24 14 1 2 89% 5689 496 30%
c 2 2633.28 57 15 412 974574  1 26209325 68608 1.8 24 14 1 2 89% 5689 496 30%
c d 2633.28 57 15 412 974574  1 26209325 68608 1.8 24 14 1 2 89% 5689 496 30%
c p 2633.28 57 15 412 974574  1 26209325 68608 1.8 24 14 1 2 89% 5689 496 30%
c k 2633.28 57 15 412 974574  1 26209325 68608 1.8 24 14 1 2 89% 5689 496 30%
c 2 2633.28 57 15 412 974574  1 26209325 68608 1.8 24 14 1 2 89% 5689 496 30%
c u 2633.39 57 15 412 974574  1 26209325 68595 1.8 24 14 1 2 89% 5689 496 30%
c v 2633.61 57 15 412 974574  1 26209325 68084 1.8 24 14 1 2 89% 5689 496 30%
c w 2633.61 57 15 412 974574  1 26209325 68084 1.8 24 14 1 2 89% 5689 496 30%
c t 2633.61 57 15 412 974574  1 26209325 68084 1.8 24 14 1 2 89% 5689 496 30%
c k 2633.61 57 15 412 974574  1 26209325 68084 1.8 24 14 1 2 89% 5689 496 30%
c ] 2646.44 57 15 412 974607  1 26331636 135674 1.8 24 13 1 2 88% 5689 496 30%
c 
c   seconds    reductions      conflicts           size   tier2     variables
c           MB       restarts          redundant      glue   trail      remaining
c            level          rate             size/glue  tier1 irredundant
c 
c { 2646.44 57 15 412 974607  1 26331636 135674 1.8 23 13 1 2 83% 5689 496 30%
c ~ 2647.03 57 15 412 975532  1 26335351 138476 1.8 23 13 1 2 83% 5689 496 30%
c # 2647.03 57 15 412 975532  1 26335352 138477 1.8 23 13 1 2 83% 5689 496 30%
c . 2647.42 57 15 413 976046  2 26337312 140034 1.8 23 13 1 2 83% 5689 496 30%
c G 2647.43 57 15 413 976046  2 26337312 73923 1.8 23 13 1 2 83% 5689 496 30%
c C 2647.45 57 15 413 976046  2 26337312 73923 1.8 23 13 1 2 83% 5689 496 30%
c - 2647.45 57 15 413 976046  2 26337312 73923 1.8 23 13 1 2 83% 5689 496 30%
c 2 2647.45 57 15 413 976046  2 26337312 73923 1.8 23 13 1 2 83% 5689 496 30%
c d 2647.45 57 15 413 976046  2 26337312 73923 1.8 23 13 1 2 83% 5689 496 30%
c p 2647.45 57 15 413 976046  2 26337312 73923 1.8 23 13 1 2 83% 5689 496 30%
c k 2647.45 57 15 413 976046  2 26337312 73923 1.8 23 13 1 2 83% 5689 496 30%
c 2 2647.46 57 15 413 976046  2 26337312 73923 1.8 23 13 1 2 83% 5689 496 30%
c u 2647.57 57 15 413 976046  2 26337312 73918 1.8 23 13 1 2 83% 5689 496 30%
c v 2647.78 57 15 413 976046  2 26337312 73557 1.8 23 13 1 2 83% 5689 496 30%
c w 2647.85 57 15 413 976046  2 26337312 73406 1.8 23 13 1 2 83% 5689 496 30%
c t 2647.85 57 15 413 976046  2 26337312 73406 1.8 23 13 1 2 83% 5689 496 30%
c k 2647.85 57 15 413 976046  2 26337312 73406 1.8 23 13 1 2 83% 5689 496 30%
c . 2663.50 57 16 414 987233  2 26465611 163527 1.9 26 13 1 2 85% 5689 496 30%
c G 2663.51 57 16 414 987233  2 26465611 84573 1.9 26 13 1 2 85% 5689 496 30%
c C 2663.53 57 16 414 987233  2 26465611 84573 1.9 26 13 1 2 85% 5689 496 30%
c 
c   seconds    reductions      conflicts          size   tier2     variables
c           MB       restarts          redundant     glue   trail      remaining
c            level          rate            size/glue  tier1 irredundant
c 
c - 2663.53 57 16 414 987233  2 26465611 84573 1.9 26 13 1 2 85% 5689 496 30%
c 2 2663.53 57 16 414 987233  2 26465611 84573 1.9 26 13 1 2 85% 5689 496 30%
c d 2663.53 57 16 414 987233  2 26465611 84573 1.9 26 13 1 2 85% 5689 496 30%
c p 2663.53 57 16 414 987233  2 26465611 84573 1.9 26 13 1 2 85% 5689 496 30%
c k 2663.53 57 16 414 987233  2 26465611 84573 1.9 26 13 1 2 85% 5689 496 30%
c 2 2663.53 57 16 414 987233  2 26465611 84573 1.9 26 13 1 2 85% 5689 496 30%
c u 2663.66 57 16 414 987233  2 26465611 84564 1.9 26 13 1 2 85% 5689 496 30%
c v 2663.88 57 16 414 987233  2 26465611 84218 1.9 26 13 1 2 85% 5689 496 30%
c w 2663.96 57 16 414 987233  2 26465611 84188 1.9 26 13 1 2 85% 5689 496 30%
c t 2663.96 57 16 414 987233  2 26465611 84188 1.9 26 13 1 2 85% 5689 496 30%
c k 2663.96 57 16 414 987233  2 26465611 84188 1.9 26 13 1 2 85% 5689 496 30%
c ~ 2676.35 57 17 414 996724  2 26565353 155126 2.0 27 14 1 2 86% 5689 496 30%
c B 2676.35 57 17 414 996724  2 26565354 155127 2.0 27 14 1 2 86% 5689 496 30%
c . 2680.88 57 16 415 998803  2 26594222 176741 2.0 27 14 1 2 86% 5689 496 30%
c G 2680.89 57 16 415 998803  2 26594222 88728 2.0 27 14 1 2 86% 5689 496 30%
c C 2680.91 63 16 415 998803  2 26594222 88728 2.0 27 14 1 2 86% 5689 496 30%
c - 2680.91 63 16 415 998803  2 26594222 88728 2.0 27 14 1 2 86% 5689 496 30%
c 2 2680.91 63 16 415 998803  2 26594222 88728 2.0 27 14 1 2 86% 5689 496 30%
c d 2680.91 63 16 415 998803  2 26594222 88728 2.0 27 14 1 2 86% 5689 496 30%
c p 2680.92 63 16 415 998803  2 26594222 88728 2.0 27 14 1 2 86% 5689 496 30%
c 
c   seconds    reductions      conflicts          size   tier2     variables
c           MB       restarts          redundant     glue   trail      remaining
c            level          rate            size/glue  tier1 irredundant
c 
c k 2680.92 63 16 415 998803  2 26594222 88728 2.0 27 14 1 2 86% 5689 496 30%
c 2 2680.92 63 16 415 998803  2 26594222 88728 2.0 27 14 1 2 86% 5689 496 30%
c u 2681.06 63 16 415 998803  2 26594222 88708 2.0 27 14 1 2 86% 5689 496 30%
c v 2681.30 63 16 415 998803  2 26594222 88334 2.0 27 14 1 2 86% 5689 496 30%
c w 2681.38 63 16 415 998803  2 26594222 88195 2.0 27 14 1 2 86% 5689 496 30%
c t 2681.39 63 16 415 998803  2 26594222 88195 2.0 27 14 1 2 86% 5689 496 30%
c k 2681.39 63 16 415 998803  2 26594222 88195 2.0 27 14 1 2 86% 5689 496 30%
c . 2695.80 63 15 416 1005393  1 26723145 162332 1.8 24 13 1 2 86% 5689 496 30%
c G 2695.81 63 15 416 1005393  1 26723145 84398 1.8 24 13 1 2 86% 5689 496 30%
c C 2695.83 63 15 416 1005393  1 26723145 84398 1.8 24 13 1 2 86% 5689 496 30%
c - 2695.83 63 15 416 1005393  1 26723145 84398 1.8 24 13 1 2 86% 5689 496 30%
c 2 2695.83 63 15 416 1005393  1 26723145 84398 1.8 24 13 1 2 86% 5689 496 30%
c d 2695.83 63 15 416 1005393  1 26723145 84398 1.8 24 13 1 2 86% 5689 496 30%
c p 2695.84 63 15 416 1005393  1 26723145 84398 1.8 24 13 1 2 86% 5689 496 30%
c k 2695.84 63 15 416 1005393  1 26723145 84398 1.8 24 13 1 2 86% 5689 496 30%
c 2 2695.84 63 15 416 1005393  1 26723145 84398 1.8 24 13 1 2 86% 5689 496 30%
c u 2695.97 63 15 416 1005393  1 26723145 84392 1.8 24 13 1 2 86% 5689 496 30%
c v 2696.17 63 15 416 1005393  1 26723145 84054 1.8 24 13 1 2 86% 5689 496 30%
c w 2696.17 63 15 416 1005393  1 26723145 84054 1.8 24 13 1 2 86% 5689 496 30%
c t 2696.18 63 15 416 1005393  1 26723145 84054 1.8 24 13 1 2 86% 5689 496 30%
c 
c   seconds    reductions       conflicts          size   tier2     variables
c           MB        restarts          redundant     glue   trail      remaining
c            level           rate            size/glue  tier1 irredundant
c 
c k 2696.18 63 15 416 1005393  1 26723145 84054 1.8 24 13 1 2 86% 5689 496 30%
c ~ 2705.00 63 15 416 1012028  1 26796354 127329 1.8 24 13 1 2 86% 5689 496 30%
c W 2709.84 63 15 416 1012028  1 26796355 127330 1.8 24 13 1 2 86% 5689 496 30%
c . 2715.92 63 15 417 1014109  1 26852381 163707 1.9 25 13 1 2 82% 5689 496 30%
c G 2715.93 63 15 417 1014109  1 26852381 85519 1.9 25 13 1 2 82% 5689 496 30%
c C 2715.95 63 15 417 1014109  1 26852381 85519 1.9 25 13 1 2 82% 5689 496 30%
c - 2715.95 63 15 417 1014109  1 26852381 85519 1.9 25 13 1 2 82% 5689 496 30%
c 2 2715.95 63 15 417 1014109  1 26852381 85519 1.9 25 13 1 2 82% 5689 496 30%
c d 2715.95 63 15 417 1014109  1 26852381 85519 1.9 25 13 1 2 82% 5689 496 30%
c p 2715.95 63 15 417 1014109  1 26852381 85519 1.9 25 13 1 2 82% 5689 496 30%
c k 2715.95 63 15 417 1014109  1 26852381 85519 1.9 25 13 1 2 82% 5689 496 30%
c 2 2715.95 63 15 417 1014109  1 26852381 85519 1.9 25 13 1 2 82% 5689 496 30%
c u 2716.08 63 15 417 1014109  1 26852381 85507 1.9 25 13 1 2 82% 5689 496 30%
c v 2716.30 63 15 417 1014109  1 26852381 85254 1.9 25 13 1 2 82% 5689 496 30%
c w 2716.30 63 15 417 1014109  1 26852381 85254 1.9 25 13 1 2 82% 5689 496 30%
c t 2716.30 63 15 417 1014109  1 26852381 85254 1.9 25 13 1 2 82% 5689 496 30%
c k 2716.30 63 15 417 1014109  1 26852381 85254 1.9 25 13 1 2 82% 5689 496 30%
c } 2728.33 63 15 417 1023040  2 26953344 155441 1.9 25 13 1 2 81% 5689 496 30%
c [ 2728.33 63 15 417 1023040  1 26953344 155441 1.8 24 13 1 2 88% 5689 496 30%
c . 2731.71 63 14 418 1023052  1 26981929 174333 1.8 24 13 1 2 85% 5689 496 30%
c 
c   seconds    reductions       conflicts          size   tier2     variables
c           MB        restarts          redundant     glue   trail      remaining
c            level           rate            size/glue  tier1 irredundant
c 
c G 2731.73 63 14 418 1023052  1 26981929 89397 1.8 24 13 1 2 85% 5689 496 30%
c C 2731.75 63 14 418 1023052  1 26981929 89397 1.8 24 13 1 2 85% 5689 496 30%
c - 2731.75 63 14 418 1023052  1 26981929 89397 1.8 24 13 1 2 85% 5689 496 30%
c 2 2731.75 63 14 418 1023052  1 26981929 89397 1.8 24 13 1 2 85% 5689 496 30%
c d 2731.75 63 14 418 1023052  1 26981929 89397 1.8 24 13 1 2 85% 5689 496 30%
c p 2731.75 63 14 418 1023052  1 26981929 89397 1.8 24 13 1 2 85% 5689 496 30%
c k 2731.75 63 14 418 1023052  1 26981929 89397 1.8 24 13 1 2 85% 5689 496 30%
c 2 2731.75 63 14 418 1023052  1 26981929 89397 1.8 24 13 1 2 85% 5689 496 30%
c u 2731.89 63 14 418 1023052  1 26981929 89388 1.8 24 13 1 2 85% 5689 496 30%
c v 2732.11 63 14 418 1023052  1 26981929 89084 1.8 24 13 1 2 85% 5689 496 30%
c w 2732.11 63 14 418 1023052  1 26981929 89084 1.8 24 13 1 2 85% 5689 496 30%
c t 2732.11 63 14 418 1023052  1 26981929 89084 1.8 24 13 1 2 85% 5689 496 30%
c k 2732.11 63 14 418 1023052  1 26981929 89084 1.8 24 13 1 2 85% 5689 496 30%
c ~ 2737.58 63 15 418 1023070  1 27028356 110807 1.8 24 14 1 2 87% 5689 496 30%
c B 2737.58 63 15 418 1023070  1 27028357 110808 1.8 24 14 1 2 87% 5689 496 30%
c . 2747.15 63 16 419 1023073  1 27111789 158276 1.8 25 14 1 2 85% 5689 496 30%
c G 2747.16 63 16 419 1023073  1 27111789 84851 1.8 25 14 1 2 85% 5689 496 30%
c C 2747.18 63 16 419 1023073  1 27111789 84851 1.8 25 14 1 2 85% 5689 496 30%
c - 2747.18 63 16 419 1023073  1 27111789 84851 1.8 25 14 1 2 85% 5689 496 30%
c 2 2747.18 63 16 419 1023073  1 27111789 84851 1.8 25 14 1 2 85% 5689 496 30%
c 
c   seconds    reductions       conflicts          size   tier2     variables
c           MB        restarts          redundant     glue   trail      remaining
c            level           rate            size/glue  tier1 irredundant
c 
c d 2747.18 63 16 419 1023073  1 27111789 84851 1.8 25 14 1 2 85% 5689 496 30%
c p 2747.18 63 16 419 1023073  1 27111789 84851 1.8 25 14 1 2 85% 5689 496 30%
c k 2747.18 63 16 419 1023073  1 27111789 84851 1.8 25 14 1 2 85% 5689 496 30%
c 2 2747.18 63 16 419 1023073  1 27111789 84851 1.8 25 14 1 2 85% 5689 496 30%
c u 2747.31 63 16 419 1023073  1 27111789 84849 1.8 25 14 1 2 85% 5689 496 30%
c v 2747.55 63 16 419 1023073  1 27111789 84530 1.8 25 14 1 2 85% 5689 496 30%
c w 2747.55 63 16 419 1023073  1 27111789 84530 1.8 25 14 1 2 85% 5689 496 30%
c t 2747.55 63 16 419 1023073  1 27111789 84530 1.8 25 14 1 2 85% 5689 496 30%
c k 2747.56 63 16 419 1023073  1 27111789 84530 1.8 25 14 1 2 85% 5689 496 30%
c . 2761.96 63 15 420 1023114  1 27241962 146602 1.6 23 14 1 2 86% 5689 496 30%
c G 2761.97 63 15 420 1023114  1 27241962 74551 1.6 23 14 1 2 86% 5689 496 30%
c C 2761.99 63 15 420 1023114  1 27241962 74551 1.6 23 14 1 2 86% 5689 496 30%
c - 2761.99 63 15 420 1023114  1 27241962 74551 1.6 23 14 1 2 86% 5689 496 30%
c 2 2761.99 63 15 420 1023114  1 27241962 74551 1.6 23 14 1 2 86% 5689 496 30%
c d 2761.99 63 15 420 1023114  1 27241962 74551 1.6 23 14 1 2 86% 5689 496 30%
c p 2761.99 63 15 420 1023114  1 27241962 74551 1.6 23 14 1 2 86% 5689 496 30%
c k 2761.99 63 15 420 1023114  1 27241962 74551 1.6 23 14 1 2 86% 5689 496 30%
c 2 2761.99 63 15 420 1023114  1 27241962 74551 1.6 23 14 1 2 86% 5689 496 30%
c u 2762.11 63 15 420 1023114  1 27241962 74549 1.6 23 14 1 2 86% 5689 496 30%
c v 2762.35 63 15 420 1023114  1 27241962 74058 1.6 23 14 1 2 86% 5689 496 30%
c 
c   seconds    reductions       conflicts          size   tier2     variables
c           MB        restarts          redundant     glue   trail      remaining
c            level           rate            size/glue  tier1 irredundant
c 
c w 2762.35 63 15 420 1023114  1 27241962 74058 1.6 23 14 1 2 86% 5689 496 30%
c t 2762.36 63 15 420 1023114  1 27241962 74058 1.6 23 14 1 2 86% 5689 496 30%
c k 2762.36 63 15 420 1023114  1 27241962 74058 1.6 23 14 1 2 86% 5689 496 30%
c ~ 2764.43 63 15 420 1023121  1 27261359 83143 1.6 23 14 1 2 87% 5689 496 30%
c W 2766.60 63 15 420 1023121  1 27261360 83144 1.6 23 14 1 2 87% 5689 496 30%
c . 2779.28 63 15 421 1023151  1 27372447 134415 1.7 24 14 1 2 88% 5689 496 30%
c G 2779.29 63 15 421 1023151  1 27372447 70404 1.7 24 14 1 2 88% 5689 496 30%
c C 2779.30 63 15 421 1023151  1 27372447 70404 1.7 24 14 1 2 88% 5689 496 30%
c - 2779.30 63 15 421 1023151  1 27372447 70404 1.7 24 14 1 2 88% 5689 496 30%
c 2 2779.30 63 15 421 1023151  1 27372447 70404 1.7 24 14 1 2 88% 5689 496 30%
c d 2779.30 63 15 421 1023151  1 27372447 70404 1.7 24 14 1 2 88% 5689 496 30%
c p 2779.30 63 15 421 1023151  1 27372447 70404 1.7 24 14 1 2 88% 5689 496 30%
c k 2779.30 63 15 421 1023151  1 27372447 70404 1.7 24 14 1 2 88% 5689 496 30%
c 2 2779.30 63 15 421 1023151  1 27372447 70404 1.7 24 14 1 2 88% 5689 496 30%
c u 2779.41 63 15 421 1023151  1 27372447 70398 1.7 24 14 1 2 88% 5689 496 30%
c v 2779.63 63 15 421 1023151  1 27372447 69588 1.7 24 14 1 2 88% 5689 496 30%
c w 2779.63 63 15 421 1023151  1 27372447 69588 1.7 24 14 1 2 88% 5689 496 30%
c t 2779.63 63 15 421 1023151  1 27372447 69588 1.7 24 14 1 2 88% 5689 496 30%
c k 2779.63 63 15 421 1023151  1 27372447 69588 1.7 24 14 1 2 88% 5689 496 30%
c ~ 2792.16 63 15 421 1023198  1 27495361 127664 1.7 23 14 1 2 88% 5689 496 30%
c 
c   seconds    reductions       conflicts           size   tier2     variables
c           MB        restarts          redundant      glue   trail      remaining
c            level           rate             size/glue  tier1 irredundant
c 
c I 2792.17 63 15 421 1023198  1 27495362 127665 1.7 23 14 1 2 88% 5689 496 30%
c . 2792.92 63 15 422 1023198  1 27503243 132383 1.7 23 14 1 2 88% 5689 496 30%
c G 2792.93 63 15 422 1023198  1 27503243 70877 1.7 23 14 1 2 88% 5689 496 30%
c C 2792.94 63 15 422 1023198  1 27503243 70877 1.7 23 14 1 2 88% 5689 496 30%
c - 2792.94 63 15 422 1023198  1 27503243 70877 1.7 23 14 1 2 88% 5689 496 30%
c 2 2792.94 63 15 422 1023198  1 27503243 70877 1.7 23 14 1 2 88% 5689 496 30%
c d 2792.94 63 15 422 1023198  1 27503243 70877 1.7 23 14 1 2 88% 5689 496 30%
c p 2792.94 63 15 422 1023198  1 27503243 70877 1.7 23 14 1 2 88% 5689 496 30%
c k 2792.94 63 15 422 1023198  1 27503243 70877 1.7 23 14 1 2 88% 5689 496 30%
c 2 2792.94 63 15 422 1023198  1 27503243 70877 1.7 23 14 1 2 88% 5689 496 30%
c = 2793.56 63 15 422 1023198  1 27503243 70877 1.7 23 14 1 2 88% 5689 496 30%
c u 2793.67 63 15 422 1023198  1 27503243 70875 1.7 23 14 1 2 88% 5689 496 30%
c v 2793.87 63 15 422 1023198  1 27503243 70273 1.7 23 14 1 2 88% 5689 496 30%
c w 2793.87 63 15 422 1023198  1 27503243 70272 1.7 23 14 1 2 88% 5689 496 30%
c t 2793.88 63 15 422 1023198  1 27503243 70272 1.7 23 14 1 2 88% 5689 496 30%
c k 2793.88 63 15 422 1023198  1 27503243 70272 1.7 23 14 1 2 88% 5689 496 30%
c ] 2803.25 63 15 422 1023201  1 27606391 133281 1.7 23 13 1 2 87% 5689 496 30%
c { 2803.25 63 15 422 1023201  2 27606391 133281 1.9 25 13 1 2 81% 5689 496 30%
c . 2807.64 63 16 423 1026182  2 27634351 151845 1.9 25 13 1 2 80% 5689 496 30%
c G 2807.65 63 16 423 1026182  2 27634351 80413 1.9 25 13 1 2 80% 5689 496 30%
c 
c   seconds    reductions       conflicts          size   tier2     variables
c           MB        restarts          redundant     glue   trail      remaining
c            level           rate            size/glue  tier1 irredundant
c 
c C 2807.67 63 16 423 1026182  2 27634351 80413 1.9 25 13 1 2 80% 5689 496 30%
c - 2807.67 63 16 423 1026182  2 27634351 80413 1.9 25 13 1 2 80% 5689 496 30%
c 2 2807.67 63 16 423 1026182  2 27634351 80413 1.9 25 13 1 2 80% 5689 496 30%
c d 2807.67 63 16 423 1026182  2 27634351 80413 1.9 25 13 1 2 80% 5689 496 30%
c p 2807.67 63 16 423 1026182  2 27634351 80413 1.9 25 13 1 2 80% 5689 496 30%
c k 2807.67 63 16 423 1026182  2 27634351 80413 1.9 25 13 1 2 80% 5689 496 30%
c 2 2807.67 63 16 423 1026182  2 27634351 80413 1.9 25 13 1 2 80% 5689 496 30%
c u 2807.84 63 16 423 1026182  2 27634351 80167 1.9 25 13 1 2 80% 5689 496 30%
c v 2808.08 63 16 423 1026182  2 27634351 79093 1.9 25 13 1 2 80% 5689 496 30%
c w 2808.17 63 16 423 1026182  2 27634351 78139 1.9 25 13 1 2 80% 5689 496 30%
c t 2808.17 63 16 423 1026182  2 27634351 78139 1.9 25 13 1 2 80% 5689 496 30%
c k 2808.18 63 16 423 1026182  2 27634351 78139 1.9 25 13 1 2 80% 5689 496 30%
c ~ 2819.28 63 15 423 1031414  1 27730362 146204 2.1 26 13 1 2 83% 5689 496 30%
c F 2819.28 63 15 423 1031414  1 27730363 146205 2.1 26 13 1 2 83% 5689 496 30%
c . 2825.42 63 16 424 1036913  2 27765772 171961 2.0 27 13 1 2 84% 5689 496 30%
c G 2825.44 63 16 424 1036913  2 27765772 89233 2.0 27 13 1 2 84% 5689 496 30%
c C 2825.46 64 16 424 1036913  2 27765772 89233 2.0 27 13 1 2 84% 5689 496 30%
c - 2825.46 64 16 424 1036913  2 27765772 89233 2.0 27 13 1 2 84% 5689 496 30%
c 2 2825.46 64 16 424 1036913  2 27765772 89233 2.0 27 13 1 2 84% 5689 496 30%
c d 2825.46 64 16 424 1036913  2 27765772 89233 2.0 27 13 1 2 84% 5689 496 30%
c 
c   seconds    reductions       conflicts          size   tier2     variables
c           MB        restarts          redundant     glue   trail      remaining
c            level           rate            size/glue  tier1 irredundant
c 
c p 2825.46 64 16 424 1036913  2 27765772 89233 2.0 27 13 1 2 84% 5689 496 30%
c k 2825.46 64 16 424 1036913  2 27765772 89233 2.0 27 13 1 2 84% 5689 496 30%
c 2 2825.46 64 16 424 1036913  2 27765772 89233 2.0 27 13 1 2 84% 5689 496 30%
c u 2825.65 64 16 424 1036913  2 27765772 88951 2.0 27 13 1 2 84% 5689 496 30%
c v 2825.84 64 16 424 1036913  2 27765772 88762 2.0 27 13 1 2 84% 5689 496 30%
c w 2825.92 64 16 424 1036913  2 27765772 88432 2.0 27 13 1 2 84% 5689 496 30%
c t 2825.92 64 16 424 1036913  2 27765772 88432 2.0 27 13 1 2 84% 5689 496 30%
c k 2825.92 64 16 424 1036913  2 27765772 88432 2.0 27 13 1 2 84% 5689 496 30%
c . 2840.79 64 16 425 1046351  1 27897505 176462 1.9 26 13 1 2 83% 5689 496 30%
c G 2840.81 64 16 425 1046351  1 27897505 90718 1.9 26 13 1 2 83% 5689 496 30%
c C 2840.83 64 16 425 1046351  1 27897505 90718 1.9 26 13 1 2 83% 5689 496 30%
c - 2840.83 64 16 425 1046351  1 27897505 90718 1.9 26 13 1 2 83% 5689 496 30%
c 2 2840.83 64 16 425 1046351  1 27897505 90718 1.9 26 13 1 2 83% 5689 496 30%
c d 2840.83 64 16 425 1046351  1 27897505 90718 1.9 26 13 1 2 83% 5689 496 30%
c p 2840.83 64 16 425 1046351  1 27897505 90718 1.9 26 13 1 2 83% 5689 496 30%
c k 2840.83 64 16 425 1046351  1 27897505 90718 1.9 26 13 1 2 83% 5689 496 30%
c 2 2840.83 64 16 425 1046351  1 27897505 90718 1.9 26 13 1 2 83% 5689 496 30%
c u 2841.05 64 16 425 1046351  1 27897505 90416 1.9 26 13 1 2 83% 5689 496 30%
c v 2841.19 64 16 425 1046351  1 27897505 90210 1.9 26 13 1 2 83% 5689 496 30%
c w 2841.26 64 16 425 1046351  1 27897505 90059 1.9 26 13 1 2 83% 5689 496 30%
c 
c   seconds    reductions       conflicts          size   tier2     variables
c           MB        restarts          redundant     glue   trail      remaining
c            level           rate            size/glue  tier1 irredundant
c 
c t 2841.26 64 16 425 1046351  1 27897505 90059 1.9 26 13 1 2 83% 5689 496 30%
c k 2841.26 64 16 425 1046351  1 27897505 90059 1.9 26 13 1 2 83% 5689 496 30%
c ~ 2850.03 64 16 425 1053251  2 27966364 134510 1.9 26 14 1 2 82% 5689 496 30%
c B 2850.04 64 16 425 1053251  2 27966365 134511 1.9 26 14 1 2 82% 5689 496 30%
c . 2858.55 64 16 426 1057735  2 28029551 180009 1.9 26 14 1 2 81% 5689 496 30%
c G 2858.56 64 16 426 1057735  2 28029551 91323 1.9 26 14 1 2 81% 5689 496 30%
c C 2858.58 64 16 426 1057735  2 28029551 91323 1.9 26 14 1 2 81% 5689 496 30%
c - 2858.58 64 16 426 1057735  2 28029551 91323 1.9 26 14 1 2 81% 5689 496 30%
c 2 2858.58 64 16 426 1057735  2 28029551 91323 1.9 26 14 1 2 81% 5689 496 30%
c d 2858.58 64 16 426 1057735  2 28029551 91323 1.9 26 14 1 2 81% 5689 496 30%
c p 2858.59 64 16 426 1057735  2 28029551 91323 1.9 26 14 1 2 81% 5689 496 30%
c k 2858.59 64 16 426 1057735  2 28029551 91323 1.9 26 14 1 2 81% 5689 496 30%
c 2 2858.59 64 16 426 1057735  2 28029551 91323 1.9 26 14 1 2 81% 5689 496 30%
c u 2858.81 64 16 426 1057735  2 28029551 91000 1.9 26 14 1 2 81% 5689 496 30%
c v 2858.97 64 16 426 1057735  2 28029551 90801 1.9 26 14 1 2 81% 5689 496 30%
c w 2859.05 64 16 426 1057735  2 28029551 90566 1.9 26 14 1 2 81% 5689 496 30%
c t 2859.05 64 16 426 1057735  2 28029551 90566 1.9 26 14 1 2 81% 5689 496 30%
c k 2859.05 64 16 426 1057735  2 28029551 90566 1.9 26 14 1 2 81% 5689 496 30%
c . 2875.64 64 16 427 1068525  2 28161908 171025 1.8 25 14 1 2 81% 5689 496 30%
c G 2875.65 64 16 427 1068525  2 28161908 89656 1.8 25 14 1 2 81% 5689 496 30%
c 
c   seconds    reductions       conflicts          size   tier2     variables
c           MB        restarts          redundant     glue   trail      remaining
c            level           rate            size/glue  tier1 irredundant
c 
c C 2875.67 64 16 427 1068525  2 28161908 89656 1.8 25 14 1 2 81% 5689 496 30%
c - 2875.67 64 16 427 1068525  2 28161908 89656 1.8 25 14 1 2 81% 5689 496 30%
c 2 2875.67 64 16 427 1068525  2 28161908 89656 1.8 25 14 1 2 81% 5689 496 30%
c d 2875.67 64 16 427 1068525  2 28161908 89656 1.8 25 14 1 2 81% 5689 496 30%
c p 2875.68 64 16 427 1068525  2 28161908 89656 1.8 25 14 1 2 81% 5689 496 30%
c k 2875.68 64 16 427 1068525  2 28161908 89656 1.8 25 14 1 2 81% 5689 496 30%
c 2 2875.68 64 16 427 1068525  2 28161908 89656 1.8 25 14 1 2 81% 5689 496 30%
c u 2875.86 64 16 427 1068525  2 28161908 89399 1.8 25 14 1 2 81% 5689 496 30%
c v 2875.95 64 16 427 1068525  2 28161908 89241 1.8 25 14 1 2 81% 5689 496 30%
c w 2875.95 64 16 427 1068525  2 28161908 89241 1.8 25 14 1 2 81% 5689 496 30%
c x 2876.01 64 16 427 1068525  2 28161908 89241 1.8 25 14 1 2 81% 5688 496 30%
c t 2876.01 64 16 427 1068525  2 28161908 89241 1.8 25 14 1 2 81% 5688 496 30%
c k 2876.01 64 16 427 1068525  2 28161908 89241 1.8 25 14 1 2 81% 5688 496 30%
c 2 2876.01 64 16 427 1068525  2 28161908 89241 1.8 25 14 1 2 81% 5688 496 30%
c f 2876.01 64 16 427 1068525  2 28161908 89241 1.8 25 14 1 2 81% 5688 496 30%
c s 2876.50 64 16 427 1068525  2 28161908 88470 1.8 25 14 1 2 81% 5688 496 30%
c t 2876.50 64 16 427 1068525  2 28161908 88470 1.8 25 14 1 2 81% 5688 496 30%
c e 2876.51 64 16 427 1068525  2 28161908 88470 1.8 25 14 1 2 81% 5688 496 30%
c s 2876.56 64 16 427 1068525  2 28161908 88469 1.8 25 14 1 2 81% 5688 496 30%
c ~ 2880.69 64 16 427 1071999  2 28203365 116397 1.8 25 14 1 2 80% 5688 496 30%
c 
c   seconds    reductions       conflicts           size   tier2     variables
c           MB        restarts          redundant      glue   trail      remaining
c            level           rate             size/glue  tier1 irredundant
c 
c W 2885.59 64 16 427 1071999  2 28203366 116398 1.8 25 14 1 2 80% 5688 496 30%
c } 2890.50 64 16 427 1074637  1 28246669 145147 1.9 26 14 1 2 82% 5688 496 30%
c [ 2890.50 64 15 427 1074637  1 28246669 145147 1.7 23 13 1 2 87% 5688 496 30%
c . 2896.17 64 15 428 1074637  1 28294577 176874 1.8 25 13 1 2 87% 5688 496 30%
c G 2896.19 64 15 428 1074637  1 28294577 91107 1.8 25 13 1 2 87% 5688 496 30%
c C 2896.21 64 15 428 1074637  1 28294577 91107 1.8 25 13 1 2 87% 5688 496 30%
c - 2896.21 64 15 428 1074637  1 28294577 91107 1.8 25 13 1 2 87% 5688 496 30%
c 2 2896.21 64 15 428 1074637  1 28294577 91107 1.8 25 13 1 2 87% 5688 496 30%
c d 2896.21 64 15 428 1074637  1 28294577 91107 1.8 25 13 1 2 87% 5688 496 30%
c p 2896.21 64 15 428 1074637  1 28294577 91107 1.8 25 13 1 2 87% 5688 496 30%
c k 2896.21 64 15 428 1074637  1 28294577 91107 1.8 25 13 1 2 87% 5688 496 30%
c 2 2896.21 64 15 428 1074637  1 28294577 91107 1.8 25 13 1 2 87% 5688 496 30%
c u 2896.43 64 15 428 1074637  1 28294577 90670 1.8 25 13 1 2 87% 5688 496 30%
c v 2896.57 64 15 428 1074637  1 28294577 90419 1.8 25 13 1 2 87% 5688 496 30%
c w 2896.58 64 15 428 1074637  1 28294577 90419 1.8 25 13 1 2 87% 5688 496 30%
c t 2896.58 64 15 428 1074637  1 28294577 90419 1.8 25 13 1 2 87% 5688 496 30%
c k 2896.58 64 15 428 1074637  1 28294577 90419 1.8 25 13 1 2 87% 5688 496 30%
c 2 2896.58 64 15 428 1074637  1 28294577 90419 1.8 25 13 1 2 87% 5688 496 30%
c f 2896.58 64 15 428 1074637  1 28294577 90419 1.8 25 13 1 2 87% 5688 496 30%
c . 2911.66 64 14 429 1074662  1 28427559 175115 2.1 26 13 1 2 88% 5688 496 30%
c 
c   seconds    reductions       conflicts          size   tier2     variables
c           MB        restarts          redundant     glue   trail      remaining
c            level           rate            size/glue  tier1 irredundant
c 
c G 2911.67 64 14 429 1074662  1 28427559 88736 2.1 26 13 1 2 88% 5688 496 30%
c C 2911.69 64 14 429 1074662  1 28427559 88736 2.1 26 13 1 2 88% 5688 496 30%
c - 2911.69 64 14 429 1074662  1 28427559 88736 2.1 26 13 1 2 88% 5688 496 30%
c 2 2911.69 64 14 429 1074662  1 28427559 88736 2.1 26 13 1 2 88% 5688 496 30%
c d 2911.69 64 14 429 1074662  1 28427559 88736 2.1 26 13 1 2 88% 5688 496 30%
c p 2911.69 64 14 429 1074662  1 28427559 88736 2.1 26 13 1 2 88% 5688 496 30%
c k 2911.69 64 14 429 1074662  1 28427559 88736 2.1 26 13 1 2 88% 5688 496 30%
c 2 2911.69 64 14 429 1074662  1 28427559 88736 2.1 26 13 1 2 88% 5688 496 30%
c u 2911.91 64 14 429 1074662  1 28427559 88257 2.1 26 13 1 2 88% 5688 496 30%
c v 2912.07 64 14 429 1074662  1 28427559 88063 2.1 26 13 1 2 88% 5688 496 30%
c w 2912.07 64 14 429 1074662  1 28427559 88063 2.1 26 13 1 2 88% 5688 496 30%
c t 2912.07 64 14 429 1074662  1 28427559 88063 2.1 26 13 1 2 88% 5688 496 30%
c k 2912.07 64 14 429 1074662  1 28427559 88063 2.1 26 13 1 2 88% 5688 496 30%
c ~ 2913.28 64 14 429 1074667  1 28441367 97512 2.1 26 13 1 2 88% 5688 496 30%
c B 2913.28 64 14 429 1074667  1 28441368 97513 2.1 26 13 1 2 88% 5688 496 30%
c . 2926.83 64 15 430 1074700  1 28560853 172324 1.9 25 13 1 2 85% 5688 496 30%
c G 2926.85 64 15 430 1074700  1 28560853 82810 1.9 25 13 1 2 85% 5688 496 30%
c C 2926.87 64 15 430 1074700  1 28560853 82810 1.9 25 13 1 2 85% 5688 496 30%
c - 2926.87 64 15 430 1074700  1 28560853 82810 1.9 25 13 1 2 85% 5688 496 30%
c 2 2926.87 64 15 430 1074700  1 28560853 82810 1.9 25 13 1 2 85% 5688 496 30%
c 
c   seconds    reductions       conflicts          size   tier2     variables
c           MB        restarts          redundant     glue   trail      remaining
c            level           rate            size/glue  tier1 irredundant
c 
c d 2926.87 64 15 430 1074700  1 28560853 82810 1.9 25 13 1 2 85% 5688 496 30%
c p 2926.87 64 15 430 1074700  1 28560853 82810 1.9 25 13 1 2 85% 5688 496 30%
c k 2926.87 64 15 430 1074700  1 28560853 82810 1.9 25 13 1 2 85% 5688 496 30%
c 2 2926.87 64 15 430 1074700  1 28560853 82810 1.9 25 13 1 2 85% 5688 496 30%
c u 2927.08 64 15 430 1074700  1 28560853 81720 1.9 25 13 1 2 85% 5688 496 30%
c v 2927.24 64 15 430 1074700  1 28560853 81425 1.9 25 13 1 2 85% 5688 496 30%
c w 2927.24 64 15 430 1074700  1 28560853 81425 1.9 25 13 1 2 85% 5688 496 30%
c t 2927.25 64 15 430 1074700  1 28560853 81425 1.9 25 13 1 2 85% 5688 496 30%
c k 2927.25 64 15 430 1074700  1 28560853 81425 1.9 25 13 1 2 85% 5688 496 30%
c ~ 2939.71 64 15 430 1074745  1 28680368 141874 1.8 25 14 1 2 87% 5688 496 30%
c W 2941.65 64 15 430 1074745  1 28680369 141875 1.8 25 14 1 2 87% 5688 496 30%
c . 2943.35 64 15 431 1074749  1 28694458 148571 1.8 24 14 1 2 87% 5688 496 30%
c G 2943.36 64 15 431 1074749  1 28694458 75870 1.8 24 14 1 2 87% 5688 496 30%
c C 2943.38 64 15 431 1074749  1 28694458 75870 1.8 24 14 1 2 87% 5688 496 30%
c - 2943.38 64 15 431 1074749  1 28694458 75870 1.8 24 14 1 2 87% 5688 496 30%
c 2 2943.38 64 15 431 1074749  1 28694458 75870 1.8 24 14 1 2 87% 5688 496 30%
c d 2943.38 64 15 431 1074749  1 28694458 75870 1.8 24 14 1 2 87% 5688 496 30%
c p 2943.38 64 15 431 1074749  1 28694458 75870 1.8 24 14 1 2 87% 5688 496 30%
c k 2943.38 64 15 431 1074749  1 28694458 75870 1.8 24 14 1 2 87% 5688 496 30%
c 2 2943.38 64 15 431 1074749  1 28694458 75870 1.8 24 14 1 2 87% 5688 496 30%
c 
c   seconds    reductions       conflicts          size   tier2     variables
c           MB        restarts          redundant     glue   trail      remaining
c            level           rate            size/glue  tier1 irredundant
c 
c u 2943.60 64 15 431 1074749  1 28694458 73637 1.8 24 14 1 2 87% 5688 496 30%
c v 2943.74 64 15 431 1074749  1 28694458 73439 1.8 24 14 1 2 87% 5688 496 30%
c w 2943.74 64 15 431 1074749  1 28694458 73438 1.8 24 14 1 2 87% 5688 496 30%
c t 2943.74 64 15 431 1074749  1 28694458 73438 1.8 24 14 1 2 87% 5688 496 30%
c k 2943.74 64 15 431 1074749  1 28694458 73438 1.8 24 14 1 2 87% 5688 496 30%
c . 2958.21 64 15 432 1074764  1 28828377 137745 1.6 23 14 1 2 87% 5688 496 30%
c G 2958.22 64 15 432 1074764  1 28828377 70566 1.6 23 14 1 2 87% 5688 496 30%
c C 2958.24 64 15 432 1074764  1 28828377 70566 1.6 23 14 1 2 87% 5688 496 30%
c - 2958.24 64 15 432 1074764  1 28828377 70566 1.6 23 14 1 2 87% 5688 496 30%
c 2 2958.24 64 15 432 1074764  1 28828377 70566 1.6 23 14 1 2 87% 5688 496 30%
c d 2958.24 64 15 432 1074764  1 28828377 70566 1.6 23 14 1 2 87% 5688 496 30%
c p 2958.24 64 15 432 1074764  1 28828377 70566 1.6 23 14 1 2 87% 5688 496 30%
c k 2958.24 64 15 432 1074764  1 28828377 70566 1.6 23 14 1 2 87% 5688 496 30%
c 2 2958.24 64 15 432 1074764  1 28828377 70566 1.6 23 14 1 2 87% 5688 496 30%
c u 2958.46 64 15 432 1074764  1 28828377 68008 1.6 23 14 1 2 87% 5688 496 30%
c v 2958.60 64 15 432 1074764  1 28828377 67619 1.6 23 14 1 2 87% 5688 496 30%
c w 2958.60 64 15 432 1074764  1 28828377 67619 1.6 23 14 1 2 87% 5688 496 30%
c t 2958.61 64 15 432 1074764  1 28828377 67619 1.6 23 14 1 2 87% 5688 496 30%
c k 2958.61 64 15 432 1074764  1 28828377 67619 1.6 23 14 1 2 87% 5688 496 30%
c ] 2966.77 64 15 432 1074795  1 28916550 108126 1.6 22 14 1 2 88% 5688 496 30%
c 
c   seconds    reductions       conflicts           size   tier2     variables
c           MB        restarts          redundant      glue   trail      remaining
c            level           rate             size/glue  tier1 irredundant
c 
c { 2966.77 64 16 432 1074795  1 28916550 108126 1.9 26 14 1 2 82% 5688 496 30%
c ~ 2967.18 64 16 432 1075077  1 28920369 111494 1.9 26 14 1 2 82% 5688 496 30%
c # 2967.18 64 16 432 1075077  1 28920370 111495 1.9 26 14 1 2 82% 5688 496 30%
c . 2972.50 64 16 433 1078676  2 28962607 139605 1.9 26 13 1 2 83% 5688 496 30%
c G 2972.51 64 16 433 1078676  2 28962607 75641 1.9 26 13 1 2 83% 5688 496 30%
c C 2972.53 64 16 433 1078676  2 28962607 75641 1.9 26 13 1 2 83% 5688 496 30%
c - 2972.53 64 16 433 1078676  2 28962607 75641 1.9 26 13 1 2 83% 5688 496 30%
c 2 2972.53 64 16 433 1078676  2 28962607 75641 1.9 26 13 1 2 83% 5688 496 30%
c d 2972.53 64 16 433 1078676  2 28962607 75641 1.9 26 13 1 2 83% 5688 496 30%
c p 2972.53 64 16 433 1078676  2 28962607 75641 1.9 26 13 1 2 83% 5688 496 30%
c k 2972.53 64 16 433 1078676  2 28962607 75641 1.9 26 13 1 2 83% 5688 496 30%
c 2 2972.53 64 16 433 1078676  2 28962607 75641 1.9 26 13 1 2 83% 5688 496 30%
c u 2972.72 64 16 433 1078676  2 28962607 72951 1.9 26 13 1 2 83% 5688 496 30%
c v 2972.85 64 16 433 1078676  2 28962607 72697 1.9 26 13 1 2 83% 5688 496 30%
c w 2972.92 64 16 433 1078676  2 28962607 72565 1.9 26 13 1 2 83% 5688 496 30%
c t 2972.92 64 16 433 1078676  2 28962607 72565 1.9 26 13 1 2 83% 5688 496 30%
c k 2972.92 64 16 433 1078676  2 28962607 72565 1.9 26 13 1 2 83% 5688 496 30%
c . 2989.63 64 16 434 1088599  2 29097149 161761 2.0 26 13 1 2 85% 5688 496 30%
c G 2989.64 64 16 434 1088599  2 29097149 81688 2.0 26 13 1 2 85% 5688 496 30%
c C 2989.66 64 16 434 1088599  2 29097149 81688 2.0 26 13 1 2 85% 5688 496 30%
c 
c   seconds    reductions       conflicts          size   tier2     variables
c           MB        restarts          redundant     glue   trail      remaining
c            level           rate            size/glue  tier1 irredundant
c 
c - 2989.66 64 16 434 1088599  2 29097149 81688 2.0 26 13 1 2 85% 5688 496 30%
c 2 2989.66 64 16 434 1088599  2 29097149 81688 2.0 26 13 1 2 85% 5688 496 30%
c d 2989.66 64 16 434 1088599  2 29097149 81688 2.0 26 13 1 2 85% 5688 496 30%
c p 2989.66 64 16 434 1088599  2 29097149 81688 2.0 26 13 1 2 85% 5688 496 30%
c k 2989.66 64 16 434 1088599  2 29097149 81688 2.0 26 13 1 2 85% 5688 496 30%
c 2 2989.66 64 16 434 1088599  2 29097149 81688 2.0 26 13 1 2 85% 5688 496 30%
c u 2989.86 64 16 434 1088599  2 29097149 78973 2.0 26 13 1 2 85% 5688 496 30%
c v 2990.05 64 16 434 1088599  2 29097149 78478 2.0 26 13 1 2 85% 5688 496 30%
c w 2990.13 64 16 434 1088599  2 29097149 78273 2.0 26 13 1 2 85% 5688 496 30%
c t 2990.13 64 16 434 1088599  2 29097149 78273 2.0 26 13 1 2 85% 5688 496 30%
c k 2990.14 64 16 434 1088599  2 29097149 78273 2.0 26 13 1 2 85% 5688 496 30%
c ~ 2996.27 64 15 434 1091891  2 29161370 116190 1.9 24 13 1 2 82% 5688 496 30%
c B 2996.27 64 15 434 1091891  2 29161371 116191 1.9 24 13 1 2 82% 5688 496 30%
c . 3005.09 64 15 435 1098044  2 29232005 167160 1.9 25 13 1 2 82% 5688 496 30%
c G 3005.11 64 15 435 1098044  2 29232005 81907 1.9 25 13 1 2 82% 5688 496 30%
c C 3005.12 64 15 435 1098044  2 29232005 81907 1.9 25 13 1 2 82% 5688 496 30%
c - 3005.12 64 15 435 1098044  2 29232005 81907 1.9 25 13 1 2 82% 5688 496 30%
c 2 3005.13 64 15 435 1098044  2 29232005 81907 1.9 25 13 1 2 82% 5688 496 30%
c d 3005.13 64 15 435 1098044  2 29232005 81907 1.9 25 13 1 2 82% 5688 496 30%
c p 3005.13 64 15 435 1098044  2 29232005 81907 1.9 25 13 1 2 82% 5688 496 30%
c 
c   seconds    reductions       conflicts          size   tier2     variables
c           MB        restarts          redundant     glue   trail      remaining
c            level           rate            size/glue  tier1 irredundant
c 
c k 3005.13 64 15 435 1098044  2 29232005 81907 1.9 25 13 1 2 82% 5688 496 30%
c 2 3005.13 64 15 435 1098044  2 29232005 81907 1.9 25 13 1 2 82% 5688 496 30%
c u 3005.28 64 15 435 1098044  2 29232005 81488 1.9 25 13 1 2 82% 5688 496 30%
c v 3005.47 64 15 435 1098044  2 29232005 81151 1.9 25 13 1 2 82% 5688 496 30%
c w 3005.51 64 15 435 1098044  2 29232005 80260 1.9 25 13 1 2 82% 5688 496 30%
c t 3005.51 64 15 435 1098044  2 29232005 80260 1.9 25 13 1 2 82% 5688 496 30%
c k 3005.52 64 15 435 1098044  2 29232005 80260 1.9 25 13 1 2 82% 5688 496 30%
c . 3022.97 64 16 436 1110337  2 29367172 169510 1.8 25 14 1 2 81% 5688 496 30%
c G 3022.98 64 16 436 1110337  2 29367172 83731 1.8 25 14 1 2 81% 5688 496 30%
c C 3023.00 64 16 436 1110337  2 29367172 83731 1.8 25 14 1 2 81% 5688 496 30%
c - 3023.00 64 16 436 1110337  2 29367172 83731 1.8 25 14 1 2 81% 5688 496 30%
c 2 3023.00 64 16 436 1110337  2 29367172 83731 1.8 25 14 1 2 81% 5688 496 30%
c d 3023.00 64 16 436 1110337  2 29367172 83731 1.8 25 14 1 2 81% 5688 496 30%
c p 3023.01 64 16 436 1110337  2 29367172 83731 1.8 25 14 1 2 81% 5688 496 30%
c k 3023.01 64 16 436 1110337  2 29367172 83731 1.8 25 14 1 2 81% 5688 496 30%
c 2 3023.01 64 16 436 1110337  2 29367172 83731 1.8 25 14 1 2 81% 5688 496 30%
c u 3023.14 64 16 436 1110337  2 29367172 83680 1.8 25 14 1 2 81% 5688 496 30%
c v 3023.39 64 16 436 1110337  2 29367172 83219 1.8 25 14 1 2 81% 5688 496 30%
c w 3023.39 64 16 436 1110337  2 29367172 83219 1.8 25 14 1 2 81% 5688 496 30%
c t 3023.39 64 16 436 1110337  2 29367172 83219 1.8 25 14 1 2 81% 5688 496 30%
c 
c   seconds    reductions       conflicts          size   tier2     variables
c           MB        restarts          redundant     glue   trail      remaining
c            level           rate            size/glue  tier1 irredundant
c 
c k 3023.39 64 16 436 1110337  2 29367172 83219 1.8 25 14 1 2 81% 5688 496 30%
c ~ 3026.90 64 16 436 1112880  2 29403371 106723 1.8 25 14 1 2 80% 5688 496 30%
c W 3030.59 64 16 436 1112880  2 29403372 106724 1.8 25 14 1 2 80% 5688 496 30%
c . 3040.81 64 15 437 1118532  1 29502652 170130 1.8 24 13 1 2 83% 5688 496 30%
c G 3040.82 64 15 437 1118532  1 29502652 84252 1.8 24 13 1 2 83% 5688 496 30%
c C 3040.84 64 15 437 1118532  1 29502652 84252 1.8 24 13 1 2 83% 5688 496 30%
c - 3040.84 64 15 437 1118532  1 29502652 84252 1.8 24 13 1 2 83% 5688 496 30%
c 2 3040.84 64 15 437 1118532  1 29502652 84252 1.8 24 13 1 2 83% 5688 496 30%
c d 3040.84 64 15 437 1118532  1 29502652 84252 1.8 24 13 1 2 83% 5688 496 30%
c p 3040.84 64 15 437 1118532  1 29502652 84252 1.8 24 13 1 2 83% 5688 496 30%
c k 3040.84 64 15 437 1118532  1 29502652 84252 1.8 24 13 1 2 83% 5688 496 30%
c 2 3040.85 64 15 437 1118532  1 29502652 84252 1.8 24 13 1 2 83% 5688 496 30%
c u 3040.97 64 15 437 1118532  1 29502652 84238 1.8 24 13 1 2 83% 5688 496 30%
c v 3041.16 64 15 437 1118532  1 29502652 83910 1.8 24 13 1 2 83% 5688 496 30%
c w 3041.16 64 15 437 1118532  1 29502652 83909 1.8 24 13 1 2 83% 5688 496 30%
c t 3041.17 64 15 437 1118532  1 29502652 83909 1.8 24 13 1 2 83% 5688 496 30%
c k 3041.17 64 15 437 1118532  1 29502652 83909 1.8 24 13 1 2 83% 5688 496 30%
c } 3053.33 64 15 437 1126624  1 29624166 155514 1.7 23 13 1 2 83% 5688 496 30%
c [ 3053.33 64 15 437 1126624  1 29624166 155514 1.6 22 14 1 2 88% 5688 496 30%
c . 3054.72 64 15 438 1126631  1 29638442 160960 1.6 22 14 1 2 88% 5688 496 30%
c 
c   seconds    reductions       conflicts          size   tier2     variables
c           MB        restarts          redundant     glue   trail      remaining
c            level           rate            size/glue  tier1 irredundant
c 
c G 3054.73 64 15 438 1126631  1 29638442 81533 1.6 22 14 1 2 88% 5688 496 30%
c C 3054.75 64 15 438 1126631  1 29638442 81533 1.6 22 14 1 2 88% 5688 496 30%
c - 3054.75 64 15 438 1126631  1 29638442 81533 1.6 22 14 1 2 88% 5688 496 30%
c 2 3054.75 64 15 438 1126631  1 29638442 81533 1.6 22 14 1 2 88% 5688 496 30%
c d 3054.75 64 15 438 1126631  1 29638442 81533 1.6 22 14 1 2 88% 5688 496 30%
c p 3054.75 64 15 438 1126631  1 29638442 81533 1.6 22 14 1 2 88% 5688 496 30%
c k 3054.75 64 15 438 1126631  1 29638442 81533 1.6 22 14 1 2 88% 5688 496 30%
c 2 3054.75 64 15 438 1126631  1 29638442 81533 1.6 22 14 1 2 88% 5688 496 30%
c u 3054.88 64 15 438 1126631  1 29638442 81520 1.6 22 14 1 2 88% 5688 496 30%
c v 3055.07 64 15 438 1126631  1 29638442 81256 1.6 22 14 1 2 88% 5688 496 30%
c w 3055.07 64 15 438 1126631  1 29638442 81256 1.6 22 14 1 2 88% 5688 496 30%
c t 3055.07 64 15 438 1126631  1 29638442 81256 1.6 22 14 1 2 88% 5688 496 30%
c k 3055.07 64 15 438 1126631  1 29638442 81256 1.6 22 14 1 2 88% 5688 496 30%
c ~ 3055.68 64 15 438 1126635  1 29646375 85583 1.6 22 14 1 2 88% 5688 496 30%
c O 3055.68 64 15 438 1126635  1 29646376 85584 1.6 22 14 1 2 88% 5688 496 30%
c . 3071.61 64 14 439 1126671  1 29774544 144278 1.7 22 13 1 2 88% 5688 496 30%
c G 3071.62 64 14 439 1126671  1 29774544 76976 1.7 22 13 1 2 88% 5688 496 30%
c C 3071.63 64 14 439 1126671  1 29774544 76976 1.7 22 13 1 2 88% 5688 496 30%
c - 3071.63 64 14 439 1126671  1 29774544 76976 1.7 22 13 1 2 88% 5688 496 30%
c 2 3071.63 64 14 439 1126671  1 29774544 76976 1.7 22 13 1 2 88% 5688 496 30%
c 
c   seconds    reductions       conflicts          size   tier2     variables
c           MB        restarts          redundant     glue   trail      remaining
c            level           rate            size/glue  tier1 irredundant
c 
c d 3071.63 64 14 439 1126671  1 29774544 76976 1.7 22 13 1 2 88% 5688 496 30%
c p 3071.64 64 14 439 1126671  1 29774544 76976 1.7 22 13 1 2 88% 5688 496 30%
c c 3071.64 64 14 439 1126671  1 29774544 76976 1.7 22 13 1 2 88% 5688 496 30%
c k 3071.64 64 14 439 1126671  1 29774544 76976 1.7 22 13 1 2 88% 5688 496 30%
c 2 3071.64 64 14 439 1126671  1 29774544 76976 1.7 22 13 1 2 88% 5688 496 30%
c u 3071.76 64 14 439 1126671  1 29774544 76973 1.7 22 13 1 2 88% 5688 496 30%
c v 3072.03 64 14 439 1126671  1 29774544 76575 1.7 22 13 1 2 88% 5688 496 30%
c w 3072.04 64 14 439 1126671  1 29774544 76571 1.7 22 13 1 2 88% 5688 496 30%
c t 3072.04 64 14 439 1126671  1 29774544 76571 1.7 22 13 1 2 88% 5688 496 30%
c k 3072.04 64 14 439 1126671  1 29774544 76571 1.7 22 13 1 2 88% 5688 496 30%
c ~ 3083.80 64 14 439 1126717  1 29890378 131780 1.7 21 13 1 2 87% 5688 496 30%
c B 3083.80 64 14 439 1126717  1 29890379 131781 1.7 21 13 1 2 87% 5688 496 30%
c . 3086.44 64 14 440 1126719  1 29910960 141816 1.7 22 13 1 2 87% 5688 496 30%
c G 3086.46 64 14 440 1126719  1 29910960 70935 1.7 22 13 1 2 87% 5688 496 30%
c C 3086.47 64 14 440 1126719  1 29910960 70935 1.7 22 13 1 2 87% 5688 496 30%
c - 3086.47 64 14 440 1126719  1 29910960 70935 1.7 22 13 1 2 87% 5688 496 30%
c 2 3086.47 64 14 440 1126719  1 29910960 70935 1.7 22 13 1 2 87% 5688 496 30%
c d 3086.47 64 14 440 1126719  1 29910960 70935 1.7 22 13 1 2 87% 5688 496 30%
c p 3086.48 64 14 440 1126719  1 29910960 70935 1.7 22 13 1 2 87% 5688 496 30%
c k 3086.48 64 14 440 1126719  1 29910960 70935 1.7 22 13 1 2 87% 5688 496 30%
c 
c   seconds    reductions       conflicts          size   tier2     variables
c           MB        restarts          redundant     glue   trail      remaining
c            level           rate            size/glue  tier1 irredundant
c 
c 2 3086.48 64 14 440 1126719  1 29910960 70935 1.7 22 13 1 2 87% 5688 496 30%
c u 3086.58 64 14 440 1126719  1 29910960 70934 1.7 22 13 1 2 87% 5688 496 30%
c v 3086.82 64 14 440 1126719  1 29910960 70518 1.7 22 13 1 2 87% 5688 496 30%
c w 3086.82 64 14 440 1126719  1 29910960 70518 1.7 22 13 1 2 87% 5688 496 30%
c t 3086.82 64 14 440 1126719  1 29910960 70518 1.7 22 13 1 2 87% 5688 496 30%
c k 3086.82 64 14 440 1126719  1 29910960 70518 1.7 22 13 1 2 87% 5688 496 30%
c . 3102.54 64 15 441 1126721  1 30047689 131824 1.6 22 14 1 2 87% 5688 496 30%
c G 3102.55 64 15 441 1126721  1 30047689 68246 1.6 22 14 1 2 87% 5688 496 30%
c C 3102.57 64 15 441 1126721  1 30047689 68246 1.6 22 14 1 2 87% 5688 496 30%
c - 3102.57 64 15 441 1126721  1 30047689 68246 1.6 22 14 1 2 87% 5688 496 30%
c 2 3102.57 64 15 441 1126721  1 30047689 68246 1.6 22 14 1 2 87% 5688 496 30%
c d 3102.57 64 15 441 1126721  1 30047689 68246 1.6 22 14 1 2 87% 5688 496 30%
c p 3102.57 64 15 441 1126721  1 30047689 68246 1.6 22 14 1 2 87% 5688 496 30%
c k 3102.57 64 15 441 1126721  1 30047689 68246 1.6 22 14 1 2 87% 5688 496 30%
c 2 3102.57 64 15 441 1126721  1 30047689 68246 1.6 22 14 1 2 87% 5688 496 30%
c u 3102.70 64 15 441 1126721  1 30047689 68078 1.6 22 14 1 2 87% 5688 496 30%
c v 3102.93 64 15 441 1126721  1 30047689 65380 1.6 22 14 1 2 87% 5688 496 30%
c w 3102.93 64 15 441 1126721  1 30047689 65380 1.6 22 14 1 2 87% 5688 496 30%
c t 3102.93 64 15 441 1126721  1 30047689 65380 1.6 22 14 1 2 87% 5688 496 30%
c k 3102.93 64 15 441 1126721  1 30047689 65380 1.6 22 14 1 2 87% 5688 496 30%
c 
c   seconds    reductions       conflicts           size   tier2     variables
c           MB        restarts          redundant      glue   trail      remaining
c            level           rate             size/glue  tier1 irredundant
c 
c ~ 3113.24 64 15 441 1126721  1 30135380 104619 1.7 23 14 1 2 89% 5688 496 30%
c W 3116.47 64 15 441 1126721  1 30135381 104620 1.7 23 14 1 2 89% 5688 496 30%
c . 3122.80 64 14 442 1126722  1 30184728 125420 1.7 22 13 1 2 88% 5688 496 30%
c G 3122.81 64 14 442 1126722  1 30184728 66198 1.7 22 13 1 2 88% 5688 496 30%
c C 3122.82 64 14 442 1126722  1 30184728 66198 1.7 22 13 1 2 88% 5688 496 30%
c - 3122.82 64 14 442 1126722  1 30184728 66198 1.7 22 13 1 2 88% 5688 496 30%
c 2 3122.82 64 14 442 1126722  1 30184728 66198 1.7 22 13 1 2 88% 5688 496 30%
c d 3122.82 64 14 442 1126722  1 30184728 66198 1.7 22 13 1 2 88% 5688 496 30%
c p 3122.83 64 14 442 1126722  1 30184728 66198 1.7 22 13 1 2 88% 5688 496 30%
c k 3122.83 64 14 442 1126722  1 30184728 66198 1.7 22 13 1 2 88% 5688 496 30%
c 2 3122.83 64 14 442 1126722  1 30184728 66198 1.7 22 13 1 2 88% 5688 496 30%
c u 3122.97 64 14 442 1126722  1 30184728 66022 1.7 22 13 1 2 88% 5688 496 30%
c v 3123.19 64 14 442 1126722  1 30184728 65808 1.7 22 13 1 2 88% 5688 496 30%
c w 3123.19 64 14 442 1126722  1 30184728 65808 1.7 22 13 1 2 88% 5688 496 30%
c t 3123.19 64 14 442 1126722  1 30184728 65808 1.7 22 13 1 2 88% 5688 496 30%
c k 3123.19 64 14 442 1126722  1 30184728 65808 1.7 22 13 1 2 88% 5688 496 30%
c ] 3135.75 64 14 442 1126722  1 30296275 114725 1.6 21 13 1 2 87% 5688 496 30%
c { 3135.75 64 15 442 1126722  1 30296275 114725 1.7 23 13 1 2 83% 5688 496 30%
c . 3138.98 64 15 443 1129276  1 30322079 132280 1.7 23 13 1 2 83% 5688 496 30%
c G 3138.99 64 15 443 1129276  1 30322079 73321 1.7 23 13 1 2 83% 5688 496 30%
c 
c   seconds    reductions       conflicts          size   tier2     variables
c           MB        restarts          redundant     glue   trail      remaining
c            level           rate            size/glue  tier1 irredundant
c 
c C 3139.01 64 15 443 1129276  1 30322079 73321 1.7 23 13 1 2 83% 5688 496 30%
c - 3139.01 64 15 443 1129276  1 30322079 73321 1.7 23 13 1 2 83% 5688 496 30%
c 2 3139.01 64 15 443 1129276  1 30322079 73321 1.7 23 13 1 2 83% 5688 496 30%
c d 3139.01 64 15 443 1129276  1 30322079 73321 1.7 23 13 1 2 83% 5688 496 30%
c p 3139.01 64 15 443 1129276  1 30322079 73321 1.7 23 13 1 2 83% 5688 496 30%
c k 3139.01 64 15 443 1129276  1 30322079 73321 1.7 23 13 1 2 83% 5688 496 30%
c 2 3139.01 64 15 443 1129276  1 30322079 73321 1.7 23 13 1 2 83% 5688 496 30%
c u 3139.18 64 15 443 1129276  1 30322079 73169 1.7 23 13 1 2 83% 5688 496 30%
c v 3139.37 64 15 443 1129276  1 30322079 73147 1.7 23 13 1 2 83% 5688 496 30%
c w 3139.45 64 15 443 1129276  1 30322079 72851 1.7 23 13 1 2 83% 5688 496 30%
c t 3139.45 64 15 443 1129276  1 30322079 72851 1.7 23 13 1 2 83% 5688 496 30%
c k 3139.45 64 15 443 1129276  1 30322079 72851 1.7 23 13 1 2 83% 5688 496 30%
c ~ 3145.63 64 16 443 1134982  2 30381382 111891 1.8 24 14 1 2 83% 5688 496 30%
c F 3145.64 64 16 443 1134982  2 30381383 111892 1.8 24 14 1 2 83% 5688 496 30%
c . 3155.27 64 16 444 1140368  1 30459742 162727 1.8 25 14 1 2 85% 5688 496 30%
c G 3155.28 64 16 444 1140368  1 30459742 83401 1.8 25 14 1 2 85% 5688 496 30%
c C 3155.30 64 16 444 1140368  1 30459742 83401 1.8 25 14 1 2 85% 5688 496 30%
c - 3155.30 64 16 444 1140368  1 30459742 83401 1.8 25 14 1 2 85% 5688 496 30%
c 2 3155.30 64 16 444 1140368  1 30459742 83401 1.8 25 14 1 2 85% 5688 496 30%
c d 3155.30 64 16 444 1140368  1 30459742 83401 1.8 25 14 1 2 85% 5688 496 30%
c 
c   seconds    reductions       conflicts          size   tier2     variables
c           MB        restarts          redundant     glue   trail      remaining
c            level           rate            size/glue  tier1 irredundant
c 
c p 3155.30 64 16 444 1140368  1 30459742 83401 1.8 25 14 1 2 85% 5688 496 30%
c k 3155.30 64 16 444 1140368  1 30459742 83401 1.8 25 14 1 2 85% 5688 496 30%
c 2 3155.31 64 16 444 1140368  1 30459742 83401 1.8 25 14 1 2 85% 5688 496 30%
c u 3155.51 64 16 444 1140368  1 30459742 83250 1.8 25 14 1 2 85% 5688 496 30%
c v 3155.68 64 16 444 1140368  1 30459742 82314 1.8 25 14 1 2 85% 5688 496 30%
c w 3155.76 64 16 444 1140368  1 30459742 82172 1.8 25 14 1 2 85% 5688 496 30%
c t 3155.76 64 16 444 1140368  1 30459742 82172 1.8 25 14 1 2 85% 5688 496 30%
c k 3155.76 64 16 444 1140368  1 30459742 82172 1.8 25 14 1 2 85% 5688 496 30%
c . 3171.70 64 15 445 1148999  1 30597718 170242 1.8 24 13 1 2 80% 5688 496 30%
c G 3171.72 64 15 445 1148999  1 30597718 85943 1.8 24 13 1 2 80% 5688 496 30%
c C 3171.74 64 15 445 1148999  1 30597718 85943 1.8 24 13 1 2 80% 5688 496 30%
c - 3171.74 64 15 445 1148999  1 30597718 85943 1.8 24 13 1 2 80% 5688 496 30%
c 2 3171.74 64 15 445 1148999  1 30597718 85943 1.8 24 13 1 2 80% 5688 496 30%
c d 3171.74 64 15 445 1148999  1 30597718 85943 1.8 24 13 1 2 80% 5688 496 30%
c p 3171.74 64 15 445 1148999  1 30597718 85943 1.8 24 13 1 2 80% 5688 496 30%
c k 3171.74 64 15 445 1148999  1 30597718 85943 1.8 24 13 1 2 80% 5688 496 30%
c 2 3171.74 64 15 445 1148999  1 30597718 85943 1.8 24 13 1 2 80% 5688 496 30%
c u 3171.97 64 15 445 1148999  1 30597718 85712 1.8 24 13 1 2 80% 5688 496 30%
c v 3172.13 64 15 445 1148999  1 30597718 85131 1.8 24 13 1 2 80% 5688 496 30%
c w 3172.20 64 15 445 1148999  1 30597718 84904 1.8 24 13 1 2 80% 5688 496 30%
c 
c   seconds    reductions       conflicts          size   tier2     variables
c           MB        restarts          redundant     glue   trail      remaining
c            level           rate            size/glue  tier1 irredundant
c 
c t 3172.21 64 15 445 1148999  1 30597718 84904 1.8 24 13 1 2 80% 5688 496 30%
c k 3172.21 64 15 445 1148999  1 30597718 84904 1.8 24 13 1 2 80% 5688 496 30%
c ~ 3175.69 64 15 445 1152330  2 30628384 104861 1.8 24 13 1 2 81% 5688 496 30%
c B 3175.70 64 15 445 1152330  2 30628385 104862 1.8 24 13 1 2 81% 5688 496 30%
c . 3190.39 64 15 446 1161556  2 30736006 171947 1.8 24 13 1 2 84% 5688 496 30%
c G 3190.41 64 15 446 1161556  2 30736006 86681 1.8 24 13 1 2 84% 5688 496 30%
c C 3190.43 64 15 446 1161556  2 30736006 86681 1.8 24 13 1 2 84% 5688 496 30%
c - 3190.43 64 15 446 1161556  2 30736006 86681 1.8 24 13 1 2 84% 5688 496 30%
c 2 3190.43 64 15 446 1161556  2 30736006 86681 1.8 24 13 1 2 84% 5688 496 30%
c d 3190.43 64 15 446 1161556  2 30736006 86681 1.8 24 13 1 2 84% 5688 496 30%
c p 3190.43 64 15 446 1161556  2 30736006 86681 1.8 24 13 1 2 84% 5688 496 30%
c k 3190.43 64 15 446 1161556  2 30736006 86681 1.8 24 13 1 2 84% 5688 496 30%
c 2 3190.43 64 15 446 1161556  2 30736006 86681 1.8 24 13 1 2 84% 5688 496 30%
c u 3190.64 64 15 446 1161556  2 30736006 86450 1.8 24 13 1 2 84% 5688 496 30%
c v 3190.85 64 15 446 1161556  2 30736006 85621 1.8 24 13 1 2 84% 5688 496 30%
c w 3190.91 64 15 446 1161556  2 30736006 84710 1.8 24 13 1 2 84% 5688 496 30%
c t 3190.91 64 15 446 1161556  2 30736006 84710 1.8 24 13 1 2 84% 5688 496 30%
c k 3190.91 64 15 446 1161556  2 30736006 84710 1.8 24 13 1 2 84% 5688 496 30%
c . 3208.10 64 15 447 1172961  2 30874606 176779 1.8 24 13 1 2 80% 5688 496 30%
c G 3208.11 64 15 447 1172961  2 30874606 88332 1.8 24 13 1 2 80% 5688 496 30%
c 
c   seconds    reductions       conflicts          size   tier2     variables
c           MB        restarts          redundant     glue   trail      remaining
c            level           rate            size/glue  tier1 irredundant
c 
c C 3208.13 65 15 447 1172961  2 30874606 88332 1.8 24 13 1 2 80% 5688 496 30%
c - 3208.13 65 15 447 1172961  2 30874606 88332 1.8 24 13 1 2 80% 5688 496 30%
c 2 3208.14 65 15 447 1172961  2 30874606 88332 1.8 24 13 1 2 80% 5688 496 30%
c d 3208.14 65 15 447 1172961  2 30874606 88332 1.8 24 13 1 2 80% 5688 496 30%
c p 3208.14 65 15 447 1172961  2 30874606 88332 1.8 24 13 1 2 80% 5688 496 30%
c k 3208.14 65 15 447 1172961  2 30874606 88332 1.8 24 13 1 2 80% 5688 496 30%
c 2 3208.14 65 15 447 1172961  2 30874606 88332 1.8 24 13 1 2 80% 5688 496 30%
c u 3208.37 65 15 447 1172961  2 30874606 88053 1.8 24 13 1 2 80% 5688 496 30%
c v 3208.52 65 15 447 1172961  2 30874606 87804 1.8 24 13 1 2 80% 5688 496 30%
c w 3208.52 65 15 447 1172961  2 30874606 87802 1.8 24 13 1 2 80% 5688 496 30%
c t 3208.52 65 15 447 1172961  2 30874606 87802 1.8 24 13 1 2 80% 5688 496 30%
c k 3208.52 65 15 447 1172961  2 30874606 87802 1.8 24 13 1 2 80% 5688 496 30%
c ~ 3208.79 65 15 447 1173427  2 30876386 89188 1.8 24 13 1 2 80% 5688 496 30%
c W 3212.88 65 15 447 1173427  2 30876387 89189 1.8 24 13 1 2 80% 5688 496 30%
c } 3227.03 65 15 447 1183529  2 31003397 168295 1.7 23 13 1 2 80% 5688 496 30%
c [ 3227.03 65 14 447 1183529  1 31003397 168295 1.6 21 13 1 2 87% 5688 496 30%
c . 3228.03 65 14 448 1183529  1 31013518 173227 1.6 21 13 1 2 87% 5688 496 30%
c G 3228.04 65 14 448 1183529  1 31013518 87360 1.6 21 13 1 2 87% 5688 496 30%
c C 3228.06 65 14 448 1183529  1 31013518 87360 1.6 21 13 1 2 87% 5688 496 30%
c - 3228.06 65 14 448 1183529  1 31013518 87360 1.6 21 13 1 2 87% 5688 496 30%
c 
c   seconds    reductions       conflicts          size   tier2     variables
c           MB        restarts          redundant     glue   trail      remaining
c            level           rate            size/glue  tier1 irredundant
c 
c 2 3228.06 65 14 448 1183529  1 31013518 87360 1.6 21 13 1 2 87% 5688 496 30%
c d 3228.06 65 14 448 1183529  1 31013518 87360 1.6 21 13 1 2 87% 5688 496 30%
c p 3228.06 65 14 448 1183529  1 31013518 87360 1.6 21 13 1 2 87% 5688 496 30%
c k 3228.06 65 14 448 1183529  1 31013518 87360 1.6 21 13 1 2 87% 5688 496 30%
c 2 3228.06 65 14 448 1183529  1 31013518 87360 1.6 21 13 1 2 87% 5688 496 30%
c u 3228.30 65 14 448 1183529  1 31013518 86997 1.6 21 13 1 2 87% 5688 496 30%
c v 3228.43 65 14 448 1183529  1 31013518 86946 1.6 21 13 1 2 87% 5688 496 30%
c w 3228.43 65 14 448 1183529  1 31013518 86946 1.6 21 13 1 2 87% 5688 496 30%
c t 3228.44 65 14 448 1183529  1 31013518 86946 1.6 21 13 1 2 87% 5688 496 30%
c k 3228.44 65 14 448 1183529  1 31013518 86946 1.6 21 13 1 2 87% 5688 496 30%
c ~ 3238.42 65 15 448 1183530  1 31125387 145995 1.6 22 14 1 2 87% 5688 496 30%
c I 3238.42 65 15 448 1183530  1 31125388 145996 1.6 22 14 1 2 87% 5688 496 30%
c . 3240.92 65 15 449 1183530  1 31152742 160719 1.6 22 14 1 2 87% 5688 496 30%
c G 3240.94 65 15 449 1183530  1 31152742 82667 1.6 22 14 1 2 87% 5688 496 30%
c C 3240.96 65 15 449 1183530  1 31152742 82667 1.6 22 14 1 2 87% 5688 496 30%
c - 3240.96 65 15 449 1183530  1 31152742 82667 1.6 22 14 1 2 87% 5688 496 30%
c 2 3240.96 65 15 449 1183530  1 31152742 82667 1.6 22 14 1 2 87% 5688 496 30%
c d 3240.96 65 15 449 1183530  1 31152742 82667 1.6 22 14 1 2 87% 5688 496 30%
c p 3240.96 65 15 449 1183530  1 31152742 82667 1.6 22 14 1 2 87% 5688 496 30%
c k 3240.96 65 15 449 1183530  1 31152742 82667 1.6 22 14 1 2 87% 5688 496 30%
c 
c   seconds    reductions       conflicts          size   tier2     variables
c           MB        restarts          redundant     glue   trail      remaining
c            level           rate            size/glue  tier1 irredundant
c 
c 2 3240.96 65 15 449 1183530  1 31152742 82667 1.6 22 14 1 2 87% 5688 496 30%
c u 3241.16 65 15 449 1183530  1 31152742 80814 1.6 22 14 1 2 87% 5688 496 30%
c v 3241.29 65 15 449 1183530  1 31152742 80778 1.6 22 14 1 2 87% 5688 496 30%
c w 3241.29 65 15 449 1183530  1 31152742 80778 1.6 22 14 1 2 87% 5688 496 30%
c t 3241.29 65 15 449 1183530  1 31152742 80778 1.6 22 14 1 2 87% 5688 496 30%
c k 3241.29 65 15 449 1183530  1 31152742 80778 1.6 22 14 1 2 87% 5688 496 30%
c . 3255.44 65 15 450 1183530  1 31292278 145583 1.6 21 13 1 2 87% 5688 496 30%
c G 3255.45 65 15 450 1183530  1 31292278 71969 1.6 21 13 1 2 87% 5688 496 30%
c C 3255.47 65 15 450 1183530  1 31292278 71969 1.6 21 13 1 2 87% 5688 496 30%
c - 3255.47 65 15 450 1183530  1 31292278 71969 1.6 21 13 1 2 87% 5688 496 30%
c 2 3255.47 65 15 450 1183530  1 31292278 71969 1.6 21 13 1 2 87% 5688 496 30%
c d 3255.47 65 15 450 1183530  1 31292278 71969 1.6 21 13 1 2 87% 5688 496 30%
c p 3255.47 65 15 450 1183530  1 31292278 71969 1.6 21 13 1 2 87% 5688 496 30%
c k 3255.47 65 15 450 1183530  1 31292278 71969 1.6 21 13 1 2 87% 5688 496 30%
c 2 3255.47 65 15 450 1183530  1 31292278 71969 1.6 21 13 1 2 87% 5688 496 30%
c u 3255.68 65 15 450 1183530  1 31292278 69381 1.6 21 13 1 2 87% 5688 496 30%
c v 3255.85 65 15 450 1183530  1 31292278 69322 1.6 21 13 1 2 87% 5688 496 30%
c w 3255.85 65 15 450 1183530  1 31292278 69322 1.6 21 13 1 2 87% 5688 496 30%
c t 3255.85 65 15 450 1183530  1 31292278 69322 1.6 21 13 1 2 87% 5688 496 30%
c k 3255.85 65 15 450 1183530  1 31292278 69322 1.6 21 13 1 2 87% 5688 496 30%
c 
c   seconds    reductions       conflicts           size   tier2     variables
c           MB        restarts          redundant      glue   trail      remaining
c            level           rate             size/glue  tier1 irredundant
c 
c ~ 3263.85 65 15 450 1183530  1 31375389 109259 1.6 22 13 1 2 88% 5688 496 30%
c B 3263.85 65 15 450 1183530  1 31375390 109260 1.6 22 13 1 2 88% 5688 496 30%
c . 3269.01 65 15 451 1183530  1 31432127 143539 1.7 22 13 1 2 88% 5688 496 30%
c G 3269.02 65 15 451 1183530  1 31432127 69775 1.7 22 13 1 2 88% 5688 496 30%
c C 3269.04 65 15 451 1183530  1 31432127 69775 1.7 22 13 1 2 88% 5688 496 30%
c - 3269.04 65 15 451 1183530  1 31432127 69775 1.7 22 13 1 2 88% 5688 496 30%
c 2 3269.04 65 15 451 1183530  1 31432127 69775 1.7 22 13 1 2 88% 5688 496 30%
c d 3269.04 65 15 451 1183530  1 31432127 69775 1.7 22 13 1 2 88% 5688 496 30%
c p 3269.04 65 15 451 1183530  1 31432127 69775 1.7 22 13 1 2 88% 5688 496 30%
c k 3269.04 65 15 451 1183530  1 31432127 69775 1.7 22 13 1 2 88% 5688 496 30%
c 2 3269.04 65 15 451 1183530  1 31432127 69775 1.7 22 13 1 2 88% 5688 496 30%
c = 3269.74 65 15 451 1183530  1 31432127 69775 1.7 22 13 1 2 88% 5688 496 30%
c u 3269.90 65 15 451 1183530  1 31432127 67499 1.7 22 13 1 2 88% 5688 496 30%
c v 3270.06 65 15 451 1183530  1 31432127 67342 1.7 22 13 1 2 88% 5688 496 30%
c w 3270.06 65 15 451 1183530  1 31432127 67342 1.7 22 13 1 2 88% 5688 496 30%
c t 3270.06 65 15 451 1183530  1 31432127 67342 1.7 22 13 1 2 88% 5688 496 30%
c k 3270.06 65 15 451 1183530  1 31432127 67342 1.7 22 13 1 2 88% 5688 496 30%
c . 3281.68 65 14 452 1183530  1 31572288 149293 1.8 23 13 1 2 87% 5688 496 30%
c G 3281.70 65 14 452 1183530  1 31572288 70401 1.8 23 13 1 2 87% 5688 496 30%
c C 3281.71 65 14 452 1183530  1 31572288 70401 1.8 23 13 1 2 87% 5688 496 30%
c 
c   seconds    reductions       conflicts          size   tier2     variables
c           MB        restarts          redundant     glue   trail      remaining
c            level           rate            size/glue  tier1 irredundant
c 
c - 3281.71 65 14 452 1183530  1 31572288 70401 1.8 23 13 1 2 87% 5688 496 30%
c 2 3281.71 65 14 452 1183530  1 31572288 70401 1.8 23 13 1 2 87% 5688 496 30%
c d 3281.71 65 14 452 1183530  1 31572288 70401 1.8 23 13 1 2 87% 5688 496 30%
c p 3281.72 65 14 452 1183530  1 31572288 70401 1.8 23 13 1 2 87% 5688 496 30%
c k 3281.72 65 14 452 1183530  1 31572288 70401 1.8 23 13 1 2 87% 5688 496 30%
c 2 3281.72 65 14 452 1183530  1 31572288 70401 1.8 23 13 1 2 87% 5688 496 30%
c u 3281.83 65 14 452 1183530  1 31572288 70359 1.8 23 13 1 2 87% 5688 496 30%
c v 3282.00 65 14 452 1183530  1 31572288 70249 1.8 23 13 1 2 87% 5688 496 30%
c w 3282.00 65 14 452 1183530  1 31572288 70248 1.8 23 13 1 2 87% 5688 496 30%
c t 3282.00 65 14 452 1183530  1 31572288 70248 1.8 23 13 1 2 87% 5688 496 30%
c k 3282.00 65 14 452 1183530  1 31572288 70248 1.8 23 13 1 2 87% 5688 496 30%
c ~ 3286.01 65 14 452 1183530  1 31626390 103648 1.9 23 12 1 2 86% 5688 496 30%
c W 3288.99 65 14 452 1183530  1 31626391 103649 1.9 23 12 1 2 86% 5688 496 30%
c . 3298.74 65 15 453 1183561  1 31712762 141922 1.7 23 13 1 2 87% 5688 496 30%
c G 3298.75 65 15 453 1183561  1 31712762 69845 1.7 23 13 1 2 87% 5688 496 30%
c C 3298.76 65 15 453 1183561  1 31712762 69845 1.7 23 13 1 2 87% 5688 496 30%
c - 3298.76 65 15 453 1183561  1 31712762 69845 1.7 23 13 1 2 87% 5688 496 30%
c 2 3298.77 65 15 453 1183561  1 31712762 69845 1.7 23 13 1 2 87% 5688 496 30%
c d 3298.77 65 15 453 1183561  1 31712762 69845 1.7 23 13 1 2 87% 5688 496 30%
c p 3298.77 65 15 453 1183561  1 31712762 69845 1.7 23 13 1 2 87% 5688 496 30%
c 
c   seconds    reductions       conflicts          size   tier2     variables
c           MB        restarts          redundant     glue   trail      remaining
c            level           rate            size/glue  tier1 irredundant
c 
c k 3298.77 65 15 453 1183561  1 31712762 69845 1.7 23 13 1 2 87% 5688 496 30%
c 2 3298.77 65 15 453 1183561  1 31712762 69845 1.7 23 13 1 2 87% 5688 496 30%
c u 3298.88 65 15 453 1183561  1 31712762 69845 1.7 23 13 1 2 87% 5688 496 30%
c v 3299.10 65 15 453 1183561  1 31712762 69611 1.7 23 13 1 2 87% 5688 496 30%
c w 3299.10 65 15 453 1183561  1 31712762 69608 1.7 23 13 1 2 87% 5688 496 30%
c t 3299.11 65 15 453 1183561  1 31712762 69608 1.7 23 13 1 2 87% 5688 496 30%
c k 3299.11 65 15 453 1183561  1 31712762 69608 1.7 23 13 1 2 87% 5688 496 30%
c ] 3309.24 65 15 453 1183593  1 31816131 119944 1.7 23 13 1 2 88% 5688 496 30%
c { 3309.24 65 15 453 1183593  2 31816131 119944 1.7 23 13 1 2 80% 5688 496 30%
c . 3313.57 65 15 454 1185336  1 31853547 144639 1.8 24 13 1 2 80% 5688 496 30%
c G 3313.59 65 15 454 1185336  1 31853547 74260 1.8 24 13 1 2 80% 5688 496 30%
c C 3313.60 65 15 454 1185336  1 31853547 74260 1.8 24 13 1 2 80% 5688 496 30%
c - 3313.60 65 15 454 1185336  1 31853547 74260 1.8 24 13 1 2 80% 5688 496 30%
c 2 3313.60 65 15 454 1185336  1 31853547 74260 1.8 24 13 1 2 80% 5688 496 30%
c d 3313.60 65 15 454 1185336  1 31853547 74260 1.8 24 13 1 2 80% 5688 496 30%
c p 3313.61 65 15 454 1185336  1 31853547 74260 1.8 24 13 1 2 80% 5688 496 30%
c k 3313.61 65 15 454 1185336  1 31853547 74260 1.8 24 13 1 2 80% 5688 496 30%
c 2 3313.61 65 15 454 1185336  1 31853547 74260 1.8 24 13 1 2 80% 5688 496 30%
c u 3313.72 65 15 454 1185336  1 31853547 74257 1.8 24 13 1 2 80% 5688 496 30%
c v 3313.84 65 15 454 1185336  1 31853547 74178 1.8 24 13 1 2 80% 5688 496 30%
c 
c   seconds    reductions       conflicts          size   tier2     variables
c           MB        restarts          redundant     glue   trail      remaining
c            level           rate            size/glue  tier1 irredundant
c 
c w 3313.84 65 15 454 1185336  1 31853547 74178 1.8 24 13 1 2 80% 5688 496 30%
c x 3313.88 65 15 454 1185336  1 31853547 74178 1.8 24 13 1 2 80% 5688 496 30%
c t 3313.88 65 15 454 1185336  1 31853547 74178 1.8 24 13 1 2 80% 5688 496 30%
c k 3313.88 65 15 454 1185336  1 31853547 74178 1.8 24 13 1 2 80% 5688 496 30%
c 2 3313.88 65 15 454 1185336  1 31853547 74178 1.8 24 13 1 2 80% 5688 496 30%
c f 3313.88 65 15 454 1185336  1 31853547 74178 1.8 24 13 1 2 80% 5688 496 30%
c s 3314.27 65 15 454 1185336  1 31853547 73832 1.8 24 13 1 2 80% 5688 496 30%
c t 3314.27 65 15 454 1185336  1 31853547 73832 1.8 24 13 1 2 80% 5688 496 30%
c e 3314.27 65 15 454 1185336  1 31853547 73832 1.8 24 13 1 2 80% 5688 496 30%
c s 3314.69 65 15 454 1185336  1 31853547 73755 1.8 24 13 1 2 80% 5688 496 30%
c ~ 3317.06 65 15 454 1186802  1 31878391 89619 1.9 24 13 1 2 82% 5688 496 30%
c # 3317.06 65 15 454 1186802  1 31878392 89620 1.9 24 13 1 2 82% 5688 496 30%
c . 3330.44 65 15 455 1194485  1 31994644 155397 1.8 23 13 1 2 83% 5688 496 30%
c G 3330.45 65 15 455 1194485  1 31994644 79504 1.8 23 13 1 2 83% 5688 496 30%
c C 3330.47 65 15 455 1194485  1 31994644 79504 1.8 23 13 1 2 83% 5688 496 30%
c - 3330.47 65 15 455 1194485  1 31994644 79504 1.8 23 13 1 2 83% 5688 496 30%
c 2 3330.47 65 15 455 1194485  1 31994644 79504 1.8 23 13 1 2 83% 5688 496 30%
c d 3330.47 65 15 455 1194485  1 31994644 79504 1.8 23 13 1 2 83% 5688 496 30%
c p 3330.47 65 15 455 1194485  1 31994644 79504 1.8 23 13 1 2 83% 5688 496 30%
c k 3330.48 65 15 455 1194485  1 31994644 79504 1.8 23 13 1 2 83% 5688 496 30%
c 
c   seconds    reductions       conflicts          size   tier2     variables
c           MB        restarts          redundant     glue   trail      remaining
c            level           rate            size/glue  tier1 irredundant
c 
c 2 3330.48 65 15 455 1194485  1 31994644 79504 1.8 23 13 1 2 83% 5688 496 30%
c u 3330.60 65 15 455 1194485  1 31994644 79489 1.8 23 13 1 2 83% 5688 496 30%
c v 3330.83 65 15 455 1194485  1 31994644 79276 1.8 23 13 1 2 83% 5688 496 30%
c w 3330.83 65 15 455 1194485  1 31994644 79274 1.8 23 13 1 2 83% 5688 496 30%
c t 3330.83 65 15 455 1194485  1 31994644 79274 1.8 23 13 1 2 83% 5688 496 30%
c k 3330.83 65 15 455 1194485  1 31994644 79274 1.8 23 13 1 2 83% 5688 496 30%
c ~ 3347.95 65 15 455 1206768  2 32131393 165874 1.9 24 13 1 2 85% 5688 496 30%
c B 3347.95 65 15 455 1206768  2 32131394 165875 1.9 24 13 1 2 85% 5688 496 30%
c . 3348.80 65 15 456 1207601  2 32136056 169130 1.8 24 13 1 2 85% 5688 496 30%
c G 3348.82 65 15 456 1207601  2 32136056 84305 1.8 24 13 1 2 85% 5688 496 30%
c C 3348.84 65 15 456 1207601  2 32136056 84305 1.8 24 13 1 2 85% 5688 496 30%
c - 3348.84 65 15 456 1207601  2 32136056 84305 1.8 24 13 1 2 85% 5688 496 30%
c 2 3348.84 65 15 456 1207601  2 32136056 84305 1.8 24 13 1 2 85% 5688 496 30%
c d 3348.84 65 15 456 1207601  2 32136056 84305 1.8 24 13 1 2 85% 5688 496 30%
c p 3348.84 65 15 456 1207601  2 32136056 84305 1.8 24 13 1 2 85% 5688 496 30%
c k 3348.84 65 15 456 1207601  2 32136056 84305 1.8 24 13 1 2 85% 5688 496 30%
c 2 3348.84 65 15 456 1207601  2 32136056 84305 1.8 24 13 1 2 85% 5688 496 30%
c u 3348.97 65 15 456 1207601  2 32136056 84294 1.8 24 13 1 2 85% 5688 496 30%
c v 3349.25 65 15 456 1207601  2 32136056 83977 1.8 24 13 1 2 85% 5688 496 30%
c w 3349.25 65 15 456 1207601  2 32136056 83977 1.8 24 13 1 2 85% 5688 496 30%
c 
c   seconds    reductions       conflicts          size   tier2     variables
c           MB        restarts          redundant     glue   trail      remaining
c            level           rate            size/glue  tier1 irredundant
c 
c t 3349.25 65 15 456 1207601  2 32136056 83977 1.8 24 13 1 2 85% 5688 496 30%
c k 3349.25 65 15 456 1207601  2 32136056 83977 1.8 24 13 1 2 85% 5688 496 30%
c . 3363.94 65 15 457 1217568  1 32277778 169338 1.7 22 13 1 2 80% 5688 496 30%
c G 3363.95 65 15 457 1217568  1 32277778 84240 1.7 22 13 1 2 80% 5688 496 30%
c C 3363.97 65 15 457 1217568  1 32277778 84240 1.7 22 13 1 2 80% 5688 496 30%
c - 3363.97 65 15 457 1217568  1 32277778 84240 1.7 22 13 1 2 80% 5688 496 30%
c 2 3363.97 65 15 457 1217568  1 32277778 84240 1.7 22 13 1 2 80% 5688 496 30%
c d 3363.97 65 15 457 1217568  1 32277778 84240 1.7 22 13 1 2 80% 5688 496 30%
c p 3363.97 65 15 457 1217568  1 32277778 84240 1.7 22 13 1 2 80% 5688 496 30%
c k 3363.97 65 15 457 1217568  1 32277778 84240 1.7 22 13 1 2 80% 5688 496 30%
c 2 3363.97 65 15 457 1217568  1 32277778 84240 1.7 22 13 1 2 80% 5688 496 30%
c u 3364.10 65 15 457 1217568  1 32277778 84240 1.7 22 13 1 2 80% 5688 496 30%
c v 3364.32 65 15 457 1217568  1 32277778 83975 1.7 22 13 1 2 80% 5688 496 30%
c w 3364.32 65 15 457 1217568  1 32277778 83975 1.7 22 13 1 2 80% 5688 496 30%
c t 3364.32 65 15 457 1217568  1 32277778 83975 1.7 22 13 1 2 80% 5688 496 30%
c k 3364.33 65 15 457 1217568  1 32277778 83975 1.7 22 13 1 2 80% 5688 496 30%
c ~ 3377.43 65 15 457 1227346  1 32385394 152733 1.8 24 13 1 2 80% 5688 496 30%
c W 3381.35 65 15 457 1227346  1 32385395 152734 1.8 24 13 1 2 80% 5688 496 30%
c . 3386.48 65 15 458 1229816  2 32419811 172492 1.8 23 13 1 2 80% 5688 496 30%
c G 3386.49 65 15 458 1229816  2 32419811 86128 1.8 23 13 1 2 80% 5688 496 30%
c 
c   seconds    reductions       conflicts          size   tier2     variables
c           MB        restarts          redundant     glue   trail      remaining
c            level           rate            size/glue  tier1 irredundant
c 
c C 3386.51 65 15 458 1229816  2 32419811 86128 1.8 23 13 1 2 80% 5688 496 30%
c - 3386.51 65 15 458 1229816  2 32419811 86128 1.8 23 13 1 2 80% 5688 496 30%
c 2 3386.51 65 15 458 1229816  2 32419811 86128 1.8 23 13 1 2 80% 5688 496 30%
c d 3386.51 65 15 458 1229816  2 32419811 86128 1.8 23 13 1 2 80% 5688 496 30%
c p 3386.52 65 15 458 1229816  2 32419811 86128 1.8 23 13 1 2 80% 5688 496 30%
c k 3386.52 65 15 458 1229816  2 32419811 86128 1.8 23 13 1 2 80% 5688 496 30%
c 2 3386.52 65 15 458 1229816  2 32419811 86128 1.8 23 13 1 2 80% 5688 496 30%
c u 3386.65 65 15 458 1229816  2 32419811 86122 1.8 23 13 1 2 80% 5688 496 30%
c v 3386.93 65 15 458 1229816  2 32419811 85852 1.8 23 13 1 2 80% 5688 496 30%
c w 3386.93 65 15 458 1229816  2 32419811 85852 1.8 23 13 1 2 80% 5688 496 30%
c t 3386.93 65 15 458 1229816  2 32419811 85852 1.8 23 13 1 2 80% 5688 496 30%
c k 3386.93 65 15 458 1229816  2 32419811 85852 1.8 23 13 1 2 80% 5688 496 30%
c } 3402.42 65 15 458 1242760  2 32557382 175698 1.7 23 13 1 2 75% 5688 496 30%
c [ 3402.42 65 15 458 1242760  1 32557382 175698 1.7 23 13 1 2 88% 5688 496 30%
c . 3403.01 65 15 459 1242760  1 32562158 178042 1.7 23 13 1 2 87% 5688 496 30%
c G 3403.02 65 15 459 1242760  1 32562158 88012 1.7 23 13 1 2 87% 5688 496 30%
c C 3403.04 65 15 459 1242760  1 32562158 88012 1.7 23 13 1 2 87% 5688 496 30%
c - 3403.04 65 15 459 1242760  1 32562158 88012 1.7 23 13 1 2 87% 5688 496 30%
c 2 3403.04 65 15 459 1242760  1 32562158 88012 1.7 23 13 1 2 87% 5688 496 30%
c d 3403.04 65 15 459 1242760  1 32562158 88012 1.7 23 13 1 2 87% 5688 496 30%
c 
c   seconds    reductions       conflicts          size   tier2     variables
c           MB        restarts          redundant     glue   trail      remaining
c            level           rate            size/glue  tier1 irredundant
c 
c p 3403.04 65 15 459 1242760  1 32562158 88012 1.7 23 13 1 2 87% 5688 496 30%
c k 3403.04 65 15 459 1242760  1 32562158 88012 1.7 23 13 1 2 87% 5688 496 30%
c 2 3403.04 65 15 459 1242760  1 32562158 88012 1.7 23 13 1 2 87% 5688 496 30%
c u 3403.18 65 15 459 1242760  1 32562158 88006 1.7 23 13 1 2 87% 5688 496 30%
c v 3403.41 65 15 459 1242760  1 32562158 87750 1.7 23 13 1 2 87% 5688 496 30%
c w 3403.41 65 15 459 1242760  1 32562158 87749 1.7 23 13 1 2 87% 5688 496 30%
c t 3403.41 65 15 459 1242760  1 32562158 87749 1.7 23 13 1 2 87% 5688 496 30%
c k 3403.42 65 15 459 1242760  1 32562158 87749 1.7 23 13 1 2 87% 5688 496 30%
c ~ 3410.71 65 16 459 1242790  1 32640396 134653 1.7 23 14 1 2 87% 5688 496 30%
c O 3410.71 65 16 459 1242790  1 32640397 134654 1.7 23 14 1 2 87% 5688 496 30%
c . 3418.98 65 15 460 1242813  1 32704817 169331 1.7 23 14 1 2 87% 5688 496 30%
c G 3419.00 65 15 460 1242813  1 32704817 85619 1.7 23 14 1 2 87% 5688 496 30%
c C 3419.02 65 15 460 1242813  1 32704817 85619 1.7 23 14 1 2 87% 5688 496 30%
c - 3419.02 65 15 460 1242813  1 32704817 85619 1.7 23 14 1 2 87% 5688 496 30%
c 2 3419.02 65 15 460 1242813  1 32704817 85619 1.7 23 14 1 2 87% 5688 496 30%
c d 3419.02 65 15 460 1242813  1 32704817 85619 1.7 23 14 1 2 87% 5688 496 30%
c p 3419.02 65 15 460 1242813  1 32704817 85619 1.7 23 14 1 2 87% 5688 496 30%
c k 3419.02 65 15 460 1242813  1 32704817 85619 1.7 23 14 1 2 87% 5688 496 30%
c 2 3419.02 65 15 460 1242813  1 32704817 85619 1.7 23 14 1 2 87% 5688 496 30%
c u 3419.15 65 15 460 1242813  1 32704817 85615 1.7 23 14 1 2 87% 5688 496 30%
c 
c   seconds    reductions       conflicts          size   tier2     variables
c           MB        restarts          redundant     glue   trail      remaining
c            level           rate            size/glue  tier1 irredundant
c 
c v 3419.42 65 15 460 1242813  1 32704817 85401 1.7 23 14 1 2 87% 5688 496 30%
c w 3419.42 65 15 460 1242813  1 32704817 85400 1.7 23 14 1 2 87% 5688 496 30%
c t 3419.42 65 15 460 1242813  1 32704817 85400 1.7 23 14 1 2 87% 5688 496 30%
c k 3419.42 65 15 460 1242813  1 32704817 85400 1.7 23 14 1 2 87% 5688 496 30%
c . 3438.15 65 15 461 1242829  1 32847788 157289 1.8 23 13 1 2 88% 5688 496 30%
c G 3438.16 65 15 461 1242829  1 32847788 79721 1.8 23 13 1 2 88% 5688 496 30%
c C 3438.18 65 15 461 1242829  1 32847788 79721 1.8 23 13 1 2 88% 5688 496 30%
c - 3438.18 65 15 461 1242829  1 32847788 79721 1.8 23 13 1 2 88% 5688 496 30%
c 2 3438.18 65 15 461 1242829  1 32847788 79721 1.8 23 13 1 2 88% 5688 496 30%
c d 3438.18 65 15 461 1242829  1 32847788 79721 1.8 23 13 1 2 88% 5688 496 30%
c p 3438.18 65 15 461 1242829  1 32847788 79721 1.8 23 13 1 2 88% 5688 496 30%
c k 3438.18 65 15 461 1242829  1 32847788 79721 1.8 23 13 1 2 88% 5688 496 30%
c 2 3438.18 65 15 461 1242829  1 32847788 79721 1.8 23 13 1 2 88% 5688 496 30%
c u 3438.30 65 15 461 1242829  1 32847788 79719 1.8 23 13 1 2 88% 5688 496 30%
c v 3438.58 65 15 461 1242829  1 32847788 79472 1.8 23 13 1 2 88% 5688 496 30%
c w 3438.59 65 15 461 1242829  1 32847788 79472 1.8 23 13 1 2 88% 5688 496 30%
c t 3438.59 65 15 461 1242829  1 32847788 79472 1.8 23 13 1 2 88% 5688 496 30%
c k 3438.59 65 15 461 1242829  1 32847788 79472 1.8 23 13 1 2 88% 5688 496 30%
c ~ 3444.96 65 15 461 1242853  1 32896397 106529 1.8 24 13 1 2 88% 5688 496 30%
c B 3444.96 65 15 461 1242853  1 32896398 106530 1.8 24 13 1 2 88% 5688 496 30%
c 
c   seconds    reductions       conflicts           size   tier2     variables
c           MB        restarts          redundant      glue   trail      remaining
c            level           rate             size/glue  tier1 irredundant
c 
c . 3455.40 65 15 462 1242886  1 32991070 149333 1.6 23 14 1 2 88% 5688 496 30%
c G 3455.41 65 15 462 1242886  1 32991070 77274 1.6 23 14 1 2 88% 5688 496 30%
c C 3455.43 65 15 462 1242886  1 32991070 77274 1.6 23 14 1 2 88% 5688 496 30%
c - 3455.43 65 15 462 1242886  1 32991070 77274 1.6 23 14 1 2 88% 5688 496 30%
c 2 3455.43 65 15 462 1242886  1 32991070 77274 1.6 23 14 1 2 88% 5688 496 30%
c d 3455.43 65 15 462 1242886  1 32991070 77274 1.6 23 14 1 2 88% 5688 496 30%
c p 3455.44 65 15 462 1242886  1 32991070 77274 1.6 23 14 1 2 88% 5688 496 30%
c k 3455.44 65 15 462 1242886  1 32991070 77274 1.6 23 14 1 2 88% 5688 496 30%
c 2 3455.44 65 15 462 1242886  1 32991070 77274 1.6 23 14 1 2 88% 5688 496 30%
c u 3455.55 65 15 462 1242886  1 32991070 77273 1.6 23 14 1 2 88% 5688 496 30%
c v 3455.82 65 15 462 1242886  1 32991070 77009 1.6 23 14 1 2 88% 5688 496 30%
c w 3455.82 65 15 462 1242886  1 32991070 77009 1.6 23 14 1 2 88% 5688 496 30%
c t 3455.82 65 15 462 1242886  1 32991070 77009 1.6 23 14 1 2 88% 5688 496 30%
c k 3455.82 65 15 462 1242886  1 32991070 77009 1.6 23 14 1 2 88% 5688 496 30%
c . 3472.17 65 15 463 1242925  1 33134665 137288 1.5 22 14 1 2 87% 5688 496 30%
c G 3472.18 65 15 463 1242925  1 33134665 73565 1.5 22 14 1 2 87% 5688 496 30%
c C 3472.19 65 15 463 1242925  1 33134665 73565 1.5 22 14 1 2 87% 5688 496 30%
c - 3472.19 65 15 463 1242925  1 33134665 73565 1.5 22 14 1 2 87% 5688 496 30%
c 2 3472.19 65 15 463 1242925  1 33134665 73565 1.5 22 14 1 2 87% 5688 496 30%
c d 3472.19 65 15 463 1242925  1 33134665 73565 1.5 22 14 1 2 87% 5688 496 30%
c 
c   seconds    reductions       conflicts          size   tier2     variables
c           MB        restarts          redundant     glue   trail      remaining
c            level           rate            size/glue  tier1 irredundant
c 
c p 3472.20 65 15 463 1242925  1 33134665 73565 1.5 22 14 1 2 87% 5688 496 30%
c k 3472.20 65 15 463 1242925  1 33134665 73565 1.5 22 14 1 2 87% 5688 496 30%
c 2 3472.20 65 15 463 1242925  1 33134665 73565 1.5 22 14 1 2 87% 5688 496 30%
c u 3472.34 65 15 463 1242925  1 33134665 73454 1.5 22 14 1 2 87% 5688 496 30%
c v 3472.59 65 15 463 1242925  1 33134665 70959 1.5 22 14 1 2 87% 5688 496 30%
c w 3472.59 65 15 463 1242925  1 33134665 70957 1.5 22 14 1 2 87% 5688 496 30%
c t 3472.59 65 15 463 1242925  1 33134665 70957 1.5 22 14 1 2 87% 5688 496 30%
c k 3472.59 65 15 463 1242925  1 33134665 70957 1.5 22 14 1 2 87% 5688 496 30%
c ~ 3474.35 65 15 463 1242933  1 33153398 79413 1.6 22 14 1 2 87% 5688 496 30%
c W 3477.98 65 15 463 1242933  1 33153399 79414 1.6 22 14 1 2 87% 5688 496 30%
c ] 3488.91 65 15 463 1242951  1 33256589 128251 1.6 22 13 1 2 87% 5688 496 30%
c { 3488.91 65 15 463 1242951  2 33256589 128251 1.7 23 13 1 2 75% 5688 496 30%
c . 3491.92 65 16 464 1245248  2 33278571 141993 1.7 23 13 1 2 78% 5688 496 30%
c G 3491.93 65 16 464 1245248  2 33278571 76728 1.7 23 13 1 2 78% 5688 496 30%
c C 3491.95 65 16 464 1245248  2 33278571 76728 1.7 23 13 1 2 78% 5688 496 30%
c - 3491.95 65 16 464 1245248  2 33278571 76728 1.7 23 13 1 2 78% 5688 496 30%
c 2 3491.95 65 16 464 1245248  2 33278571 76728 1.7 23 13 1 2 78% 5688 496 30%
c d 3491.95 65 16 464 1245248  2 33278571 76728 1.7 23 13 1 2 78% 5688 496 30%
c p 3491.95 65 16 464 1245248  2 33278571 76728 1.7 23 13 1 2 78% 5688 496 30%
c k 3491.95 65 16 464 1245248  2 33278571 76728 1.7 23 13 1 2 78% 5688 496 30%
c 
c   seconds    reductions       conflicts          size   tier2     variables
c           MB        restarts          redundant     glue   trail      remaining
c            level           rate            size/glue  tier1 irredundant
c 
c 2 3491.95 65 16 464 1245248  2 33278571 76728 1.7 23 13 1 2 78% 5688 496 30%
c u 3492.11 65 16 464 1245248  2 33278571 76609 1.7 23 13 1 2 78% 5688 496 30%
c v 3492.31 65 16 464 1245248  2 33278571 75526 1.7 23 13 1 2 78% 5688 496 30%
c w 3492.39 65 16 464 1245248  2 33278571 75260 1.7 23 13 1 2 78% 5688 496 30%
c t 3492.39 65 16 464 1245248  2 33278571 75260 1.7 23 13 1 2 78% 5688 496 30%
c k 3492.39 65 16 464 1245248  2 33278571 75260 1.7 23 13 1 2 78% 5688 496 30%
c ~ 3506.19 65 15 464 1254019  1 33411399 154884 1.7 22 13 1 2 76% 5688 496 30%
c F 3506.20 65 15 464 1254019  1 33411400 154885 1.7 22 13 1 2 76% 5688 496 30%
c . 3508.34 65 15 465 1255761  2 33422790 163185 1.7 23 13 1 2 77% 5688 496 30%
c G 3508.35 65 15 465 1255761  2 33422790 85864 1.7 23 13 1 2 77% 5688 496 30%
c C 3508.37 65 15 465 1255761  2 33422790 85864 1.7 23 13 1 2 77% 5688 496 30%
c - 3508.37 65 15 465 1255761  2 33422790 85864 1.7 23 13 1 2 77% 5688 496 30%
c 2 3508.37 65 15 465 1255761  2 33422790 85864 1.7 23 13 1 2 77% 5688 496 30%
c d 3508.37 65 15 465 1255761  2 33422790 85864 1.7 23 13 1 2 77% 5688 496 30%
c p 3508.37 65 15 465 1255761  2 33422790 85864 1.7 23 13 1 2 77% 5688 496 30%
c k 3508.37 65 15 465 1255761  2 33422790 85864 1.7 23 13 1 2 77% 5688 496 30%
c 2 3508.37 65 15 465 1255761  2 33422790 85864 1.7 23 13 1 2 77% 5688 496 30%
c u 3508.58 65 15 465 1255761  2 33422790 85741 1.7 23 13 1 2 77% 5688 496 30%
c v 3508.73 65 15 465 1255761  2 33422790 85645 1.7 23 13 1 2 77% 5688 496 30%
c w 3508.81 65 15 465 1255761  2 33422790 85572 1.7 23 13 1 2 77% 5688 496 30%
c 
c   seconds    reductions       conflicts          size   tier2     variables
c           MB        restarts          redundant     glue   trail      remaining
c            level           rate            size/glue  tier1 irredundant
c 
c t 3508.81 65 15 465 1255761  2 33422790 85572 1.7 23 13 1 2 77% 5688 496 30%
c k 3508.81 65 15 465 1255761  2 33422790 85572 1.7 23 13 1 2 77% 5688 496 30%
c . 3526.51 65 15 466 1267437  2 33567321 177841 1.8 23 13 1 2 80% 5688 496 30%
c G 3526.52 65 15 466 1267437  2 33567321 90688 1.8 23 13 1 2 80% 5688 496 30%
c C 3526.54 65 15 466 1267437  2 33567321 90688 1.8 23 13 1 2 80% 5688 496 30%
c - 3526.54 65 15 466 1267437  2 33567321 90688 1.8 23 13 1 2 80% 5688 496 30%
c 2 3526.54 65 15 466 1267437  2 33567321 90688 1.8 23 13 1 2 80% 5688 496 30%
c d 3526.54 65 15 466 1267437  2 33567321 90688 1.8 23 13 1 2 80% 5688 496 30%
c p 3526.55 65 15 466 1267437  2 33567321 90688 1.8 23 13 1 2 80% 5688 496 30%
c k 3526.55 65 15 466 1267437  2 33567321 90688 1.8 23 13 1 2 80% 5688 496 30%
c 2 3526.55 65 15 466 1267437  2 33567321 90688 1.8 23 13 1 2 80% 5688 496 30%
c u 3526.77 65 15 466 1267437  2 33567321 90546 1.8 23 13 1 2 80% 5688 496 30%
c v 3526.96 65 15 466 1267437  2 33567321 90473 1.8 23 13 1 2 80% 5688 496 30%
c w 3527.04 65 15 466 1267437  2 33567321 89999 1.8 23 13 1 2 80% 5688 496 30%
c t 3527.04 65 15 466 1267437  2 33567321 89999 1.8 23 13 1 2 80% 5688 496 30%
c k 3527.04 65 15 466 1267437  2 33567321 89999 1.8 23 13 1 2 80% 5688 496 30%
c ~ 3536.92 65 14 466 1269888  1 33670402 148841 1.8 21 12 1 2 79% 5688 496 30%
c B 3536.93 65 14 466 1269888  1 33670403 148842 1.8 21 12 1 2 79% 5688 496 30%
c . 3543.74 65 15 467 1277623  2 33712164 178562 1.7 23 13 1 2 80% 5688 496 30%
c G 3543.75 65 15 467 1277623  2 33712164 90946 1.7 23 13 1 2 80% 5688 496 30%
c 
c   seconds    reductions       conflicts          size   tier2     variables
c           MB        restarts          redundant     glue   trail      remaining
c            level           rate            size/glue  tier1 irredundant
c 
c C 3543.77 66 15 467 1277623  2 33712164 90946 1.7 23 13 1 2 80% 5688 496 30%
c - 3543.77 66 15 467 1277623  2 33712164 90946 1.7 23 13 1 2 80% 5688 496 30%
c 2 3543.77 66 15 467 1277623  2 33712164 90946 1.7 23 13 1 2 80% 5688 496 30%
c d 3543.77 66 15 467 1277623  2 33712164 90946 1.7 23 13 1 2 80% 5688 496 30%
c p 3543.78 66 15 467 1277623  2 33712164 90946 1.7 23 13 1 2 80% 5688 496 30%
c k 3543.78 66 15 467 1277623  2 33712164 90946 1.7 23 13 1 2 80% 5688 496 30%
c 2 3543.78 66 15 467 1277623  2 33712164 90946 1.7 23 13 1 2 80% 5688 496 30%
c u 3544.00 66 15 467 1277623  2 33712164 90759 1.7 23 13 1 2 80% 5688 496 30%
c v 3544.17 66 15 467 1277623  2 33712164 90578 1.7 23 13 1 2 80% 5688 496 30%
c w 3544.17 66 15 467 1277623  2 33712164 90578 1.7 23 13 1 2 80% 5688 496 30%
c t 3544.17 66 15 467 1277623  2 33712164 90578 1.7 23 13 1 2 80% 5688 496 30%
c k 3544.17 66 15 467 1277623  2 33712164 90578 1.7 23 13 1 2 80% 5688 496 30%
c . 3562.23 66 15 468 1289013  2 33857320 182343 1.8 24 13 1 2 83% 5688 496 30%
c G 3562.24 66 15 468 1289013  2 33857320 91614 1.8 24 13 1 2 83% 5688 496 30%
c C 3562.26 66 15 468 1289013  2 33857320 91614 1.8 24 13 1 2 83% 5688 496 30%
c - 3562.26 66 15 468 1289013  2 33857320 91614 1.8 24 13 1 2 83% 5688 496 30%
c 2 3562.26 66 15 468 1289013  2 33857320 91614 1.8 24 13 1 2 83% 5688 496 30%
c d 3562.26 66 15 468 1289013  2 33857320 91614 1.8 24 13 1 2 83% 5688 496 30%
c p 3562.27 66 15 468 1289013  2 33857320 91614 1.8 24 13 1 2 83% 5688 496 30%
c k 3562.27 66 15 468 1289013  2 33857320 91614 1.8 24 13 1 2 83% 5688 496 30%
c 
c   seconds    reductions       conflicts          size   tier2     variables
c           MB        restarts          redundant     glue   trail      remaining
c            level           rate            size/glue  tier1 irredundant
c 
c 2 3562.27 66 15 468 1289013  2 33857320 91614 1.8 24 13 1 2 83% 5688 496 30%
c u 3562.49 66 15 468 1289013  2 33857320 91405 1.8 24 13 1 2 83% 5688 496 30%
c v 3562.68 66 15 468 1289013  2 33857320 91351 1.8 24 13 1 2 83% 5688 496 30%
c w 3562.68 66 15 468 1289013  2 33857320 91351 1.8 24 13 1 2 83% 5688 496 30%
c t 3562.69 66 15 468 1289013  2 33857320 91351 1.8 24 13 1 2 83% 5688 496 30%
c k 3562.69 66 15 468 1289013  2 33857320 91351 1.8 24 13 1 2 83% 5688 496 30%
c ~ 3570.93 66 15 468 1294786  2 33930403 134441 1.7 23 13 1 2 83% 5688 496 30%
c W 3575.15 66 15 468 1294786  2 33930404 134442 1.7 23 13 1 2 83% 5688 496 30%
c . 3584.04 66 15 469 1300600  2 34002788 191439 2.0 26 13 1 2 81% 5688 496 30%
c G 3584.06 66 15 469 1300600  2 34002788 94584 2.0 26 13 1 2 81% 5688 496 30%
c C 3584.08 66 15 469 1300600  2 34002788 94584 2.0 26 13 1 2 81% 5688 496 30%
c - 3584.08 66 15 469 1300600  2 34002788 94584 2.0 26 13 1 2 81% 5688 496 30%
c 2 3584.08 66 15 469 1300600  2 34002788 94584 2.0 26 13 1 2 81% 5688 496 30%
c d 3584.08 66 15 469 1300600  2 34002788 94584 2.0 26 13 1 2 81% 5688 496 30%
c p 3584.08 66 15 469 1300600  2 34002788 94584 2.0 26 13 1 2 81% 5688 496 30%
c c 3584.09 66 15 469 1300600  2 34002788 94584 2.0 26 13 1 2 81% 5688 496 30%
c k 3584.09 66 15 469 1300600  2 34002788 94584 2.0 26 13 1 2 81% 5688 496 30%
c 2 3584.09 66 15 469 1300600  2 34002788 94584 2.0 26 13 1 2 81% 5688 496 30%
c u 3584.35 66 15 469 1300600  2 34002788 94348 2.0 26 13 1 2 81% 5688 496 30%
c v 3584.50 66 15 469 1300600  2 34002788 94326 2.0 26 13 1 2 81% 5688 496 30%
c 
c   seconds    reductions       conflicts          size   tier2     variables
c           MB        restarts          redundant     glue   trail      remaining
c            level           rate            size/glue  tier1 irredundant
c 
c w 3584.50 66 15 469 1300600  2 34002788 94326 2.0 26 13 1 2 81% 5688 496 30%
c t 3584.50 66 15 469 1300600  2 34002788 94326 2.0 26 13 1 2 81% 5688 496 30%
c k 3584.50 66 15 469 1300600  2 34002788 94326 2.0 26 13 1 2 81% 5688 496 30%
c } 3585.77 66 15 469 1301681  2 34019483 105045 2.0 25 13 1 2 78% 5688 496 30%
c [ 3585.77 66 15 469 1301681  1 34019483 105045 1.6 22 13 1 2 87% 5688 496 30%
c . 3598.45 66 15 470 1301682  1 34148570 169001 1.6 22 14 1 2 84% 5688 496 30%
c G 3598.46 66 15 470 1301682  1 34148570 88203 1.6 22 14 1 2 84% 5688 496 30%
c C 3598.49 47 15 470 1301682  1 34148570 88203 1.6 22 14 1 2 84% 5688 496 30%
c - 3598.49 47 15 470 1301682  1 34148570 88203 1.6 22 14 1 2 84% 5688 496 30%
c 2 3598.49 47 15 470 1301682  1 34148570 88203 1.6 22 14 1 2 84% 5688 496 30%
c d 3598.49 47 15 470 1301682  1 34148570 88203 1.6 22 14 1 2 84% 5688 496 30%
c p 3598.49 47 15 470 1301682  1 34148570 88203 1.6 22 14 1 2 84% 5688 496 30%
c k 3598.49 47 15 470 1301682  1 34148570 88203 1.6 22 14 1 2 84% 5688 496 30%
c 2 3598.49 47 15 470 1301682  1 34148570 88203 1.6 22 14 1 2 84% 5688 496 30%
c u 3598.72 47 15 470 1301682  1 34148570 87909 1.6 22 14 1 2 84% 5688 496 30%
c v 3598.86 47 15 470 1301682  1 34148570 87871 1.6 22 14 1 2 84% 5688 496 30%
c w 3598.86 47 15 470 1301682  1 34148570 87871 1.6 22 14 1 2 84% 5688 496 30%
c t 3598.86 47 15 470 1301682  1 34148570 87871 1.6 22 14 1 2 84% 5688 496 30%
c k 3598.86 47 15 470 1301682  1 34148570 87871 1.6 22 14 1 2 84% 5688 496 30%
c ~ 3602.36 47 15 470 1301682  1 34191405 109174 1.6 21 14 1 2 83% 5688 496 30%
c 
c   seconds    reductions       conflicts           size   tier2     variables
c           MB        restarts          redundant      glue   trail      remaining
c            level           rate             size/glue  tier1 irredundant
c 
c I 3602.36 47 15 470 1301682  1 34191406 109175 1.6 21 14 1 2 83% 5688 496 30%
c . 3612.39 49 15 471 1301721  1 34294661 162188 1.6 22 14 1 2 84% 5688 496 30%
c G 3612.40 49 15 471 1301721  1 34294661 80634 1.6 22 14 1 2 84% 5688 496 30%
c C 3612.42 54 15 471 1301721  1 34294661 80634 1.6 22 14 1 2 84% 5688 496 30%
c - 3612.42 54 15 471 1301721  1 34294661 80634 1.6 22 14 1 2 84% 5688 496 30%
c 2 3612.42 54 15 471 1301721  1 34294661 80634 1.6 22 14 1 2 84% 5688 496 30%
c d 3612.42 54 15 471 1301721  1 34294661 80634 1.6 22 14 1 2 84% 5688 496 30%
c p 3612.42 54 15 471 1301721  1 34294661 80634 1.6 22 14 1 2 84% 5688 496 30%
c k 3612.42 54 15 471 1301721  1 34294661 80634 1.6 22 14 1 2 84% 5688 496 30%
c 2 3612.42 54 15 471 1301721  1 34294661 80634 1.6 22 14 1 2 84% 5688 496 30%
c u 3612.65 54 15 471 1301721  1 34294661 79690 1.6 22 14 1 2 84% 5688 496 30%
c v 3612.79 54 15 471 1301721  1 34294661 79638 1.6 22 14 1 2 84% 5688 496 30%
c w 3612.79 54 15 471 1301721  1 34294661 79638 1.6 22 14 1 2 84% 5688 496 30%
c t 3612.79 54 15 471 1301721  1 34294661 79638 1.6 22 14 1 2 84% 5688 496 30%
c k 3612.79 54 15 471 1301721  1 34294661 79638 1.6 22 14 1 2 84% 5688 496 30%
c . 3626.36 54 15 472 1301767  1 34441069 148006 1.5 21 14 1 2 85% 5688 496 30%
c G 3626.37 54 15 472 1301767  1 34441069 73895 1.5 21 14 1 2 85% 5688 496 30%
c C 3626.39 54 15 472 1301767  1 34441069 73895 1.5 21 14 1 2 85% 5688 496 30%
c - 3626.39 54 15 472 1301767  1 34441069 73895 1.5 21 14 1 2 85% 5688 496 30%
c 2 3626.39 54 15 472 1301767  1 34441069 73895 1.5 21 14 1 2 85% 5688 496 30%
c 
c   seconds    reductions       conflicts          size   tier2     variables
c           MB        restarts          redundant     glue   trail      remaining
c            level           rate            size/glue  tier1 irredundant
c 
c d 3626.39 54 15 472 1301767  1 34441069 73895 1.5 21 14 1 2 85% 5688 496 30%
c p 3626.39 54 15 472 1301767  1 34441069 73895 1.5 21 14 1 2 85% 5688 496 30%
c k 3626.39 54 15 472 1301767  1 34441069 73895 1.5 21 14 1 2 85% 5688 496 30%
c 2 3626.39 54 15 472 1301767  1 34441069 73895 1.5 21 14 1 2 85% 5688 496 30%
c u 3626.58 54 15 472 1301767  1 34441069 71383 1.5 21 14 1 2 85% 5688 496 30%
c v 3626.74 54 15 472 1301767  1 34441069 71290 1.5 21 14 1 2 85% 5688 496 30%
c w 3626.74 54 15 472 1301767  1 34441069 71289 1.5 21 14 1 2 85% 5688 496 30%
c t 3626.74 54 15 472 1301767  1 34441069 71289 1.5 21 14 1 2 85% 5688 496 30%
c k 3626.75 54 15 472 1301767  1 34441069 71289 1.5 21 14 1 2 85% 5688 496 30%
c ~ 3627.58 54 15 472 1301774  1 34453406 77355 1.5 21 14 1 2 85% 5688 496 30%
c B 3627.58 54 15 472 1301774  1 34453407 77356 1.5 21 14 1 2 85% 5688 496 30%
c . 3641.28 54 16 473 1301808  1 34587785 146811 1.5 22 14 1 2 84% 5688 496 30%
c G 3641.29 54 16 473 1301808  1 34587785 73667 1.5 22 14 1 2 84% 5688 496 30%
c C 3641.31 55 16 473 1301808  1 34587785 73667 1.5 22 14 1 2 84% 5688 496 30%
c - 3641.31 55 16 473 1301808  1 34587785 73667 1.5 22 14 1 2 84% 5688 496 30%
c 2 3641.31 55 16 473 1301808  1 34587785 73667 1.5 22 14 1 2 84% 5688 496 30%
c d 3641.31 55 16 473 1301808  1 34587785 73667 1.5 22 14 1 2 84% 5688 496 30%
c p 3641.31 55 16 473 1301808  1 34587785 73667 1.5 22 14 1 2 84% 5688 496 30%
c k 3641.31 55 16 473 1301808  1 34587785 73667 1.5 22 14 1 2 84% 5688 496 30%
c 2 3641.31 55 16 473 1301808  1 34587785 73667 1.5 22 14 1 2 84% 5688 496 30%
c 
c   seconds    reductions       conflicts          size   tier2     variables
c           MB        restarts          redundant     glue   trail      remaining
c            level           rate            size/glue  tier1 irredundant
c 
c u 3641.50 55 16 473 1301808  1 34587785 70734 1.5 22 14 1 2 84% 5688 496 30%
c v 3641.69 55 16 473 1301808  1 34587785 70482 1.5 22 14 1 2 84% 5688 496 30%
c w 3641.71 55 16 473 1301808  1 34587785 70308 1.5 22 14 1 2 84% 5688 496 30%
c t 3641.71 55 16 473 1301808  1 34587785 70308 1.5 22 14 1 2 84% 5688 496 30%
c k 3641.71 55 16 473 1301808  1 34587785 70308 1.5 22 14 1 2 84% 5688 496 30%
c ~ 3654.33 55 16 473 1301838  1 34716407 142763 1.6 24 15 1 2 86% 5688 496 30%
c W 3657.37 55 16 473 1301838  1 34716408 142764 1.6 24 15 1 2 86% 5688 496 30%
c . 3659.45 55 16 474 1301840  1 34734814 152624 1.6 24 15 1 2 86% 5688 496 30%
c G 3659.47 55 16 474 1301840  1 34734814 72270 1.6 24 15 1 2 86% 5688 496 30%
c C 3659.48 55 16 474 1301840  1 34734814 72270 1.6 24 15 1 2 86% 5688 496 30%
c - 3659.48 55 16 474 1301840  1 34734814 72270 1.6 24 15 1 2 86% 5688 496 30%
c 2 3659.48 55 16 474 1301840  1 34734814 72270 1.6 24 15 1 2 86% 5688 496 30%
c d 3659.48 55 16 474 1301840  1 34734814 72270 1.6 24 15 1 2 86% 5688 496 30%
c p 3659.49 55 16 474 1301840  1 34734814 72270 1.6 24 15 1 2 86% 5688 496 30%
c k 3659.49 55 16 474 1301840  1 34734814 72270 1.6 24 15 1 2 86% 5688 496 30%
c 2 3659.49 55 16 474 1301840  1 34734814 72270 1.6 24 15 1 2 86% 5688 496 30%
c u 3659.63 55 16 474 1301840  1 34734814 71127 1.6 24 15 1 2 86% 5688 496 30%
c v 3659.85 55 16 474 1301840  1 34734814 70904 1.6 24 15 1 2 86% 5688 496 30%
c w 3659.86 55 16 474 1301840  1 34734814 70823 1.6 24 15 1 2 86% 5688 496 30%
c t 3659.86 55 16 474 1301840  1 34734814 70823 1.6 24 15 1 2 86% 5688 496 30%
c 
c   seconds    reductions       conflicts          size   tier2     variables
c           MB        restarts          redundant     glue   trail      remaining
c            level           rate            size/glue  tier1 irredundant
c 
c k 3659.86 55 16 474 1301840  1 34734814 70823 1.6 24 15 1 2 86% 5688 496 30%
c ] 3671.62 55 15 474 1301872  1 34848369 130940 1.7 24 14 1 2 87% 5688 496 30%
c { 3671.62 55 15 474 1301872  2 34848369 130940 2.0 25 13 1 2 78% 5688 496 30%
c . 3675.96 55 16 475 1306313  2 34882155 153776 1.9 25 13 1 2 78% 5688 496 30%
c G 3675.97 55 16 475 1306313  2 34882155 77822 1.9 25 13 1 2 78% 5688 496 30%
c C 3675.99 58 16 475 1306313  2 34882155 77822 1.9 25 13 1 2 78% 5688 496 30%
c - 3675.99 58 16 475 1306313  2 34882155 77822 1.9 25 13 1 2 78% 5688 496 30%
c 2 3675.99 58 16 475 1306313  2 34882155 77822 1.9 25 13 1 2 78% 5688 496 30%
c d 3675.99 58 16 475 1306313  2 34882155 77822 1.9 25 13 1 2 78% 5688 496 30%
c p 3676.00 58 16 475 1306313  2 34882155 77822 1.9 25 13 1 2 78% 5688 496 30%
c k 3676.00 58 16 475 1306313  2 34882155 77822 1.9 25 13 1 2 78% 5688 496 30%
c 2 3676.00 58 16 475 1306313  2 34882155 77822 1.9 25 13 1 2 78% 5688 496 30%
c u 3676.12 58 16 475 1306313  2 34882155 77805 1.9 25 13 1 2 78% 5688 496 30%
c v 3676.37 58 16 475 1306313  2 34882155 77602 1.9 25 13 1 2 78% 5688 496 30%
c w 3676.45 58 16 475 1306313  2 34882155 77208 1.9 25 13 1 2 78% 5688 496 30%
c t 3676.45 58 16 475 1306313  2 34882155 77208 1.9 25 13 1 2 78% 5688 496 30%
c k 3676.45 58 16 475 1306313  2 34882155 77208 1.9 25 13 1 2 78% 5688 496 30%
c ~ 3686.33 58 15 475 1312855  1 34980409 135995 1.8 24 13 1 2 82% 5688 496 30%
c # 3686.33 58 15 475 1312855  1 34980410 135996 1.8 24 13 1 2 82% 5688 496 30%
c . 3692.67 58 15 476 1314860  1 35029807 165888 1.8 24 13 1 2 83% 5688 496 30%
c 
c   seconds    reductions       conflicts          size   tier2     variables
c           MB        restarts          redundant     glue   trail      remaining
c            level           rate            size/glue  tier1 irredundant
c 
c G 3692.68 58 15 476 1314860  1 35029807 83472 1.8 24 13 1 2 83% 5688 496 30%
c C 3692.70 58 15 476 1314860  1 35029807 83472 1.8 24 13 1 2 83% 5688 496 30%
c - 3692.70 58 15 476 1314860  1 35029807 83472 1.8 24 13 1 2 83% 5688 496 30%
c 2 3692.70 58 15 476 1314860  1 35029807 83472 1.8 24 13 1 2 83% 5688 496 30%
c d 3692.70 58 15 476 1314860  1 35029807 83472 1.8 24 13 1 2 83% 5688 496 30%
c p 3692.70 58 15 476 1314860  1 35029807 83472 1.8 24 13 1 2 83% 5688 496 30%
c k 3692.70 58 15 476 1314860  1 35029807 83472 1.8 24 13 1 2 83% 5688 496 30%
c 2 3692.70 58 15 476 1314860  1 35029807 83472 1.8 24 13 1 2 83% 5688 496 30%
c u 3692.83 58 15 476 1314860  1 35029807 83467 1.8 24 13 1 2 83% 5688 496 30%
c v 3693.09 58 15 476 1314860  1 35029807 83291 1.8 24 13 1 2 83% 5688 496 30%
c w 3693.17 58 15 476 1314860  1 35029807 83185 1.8 24 13 1 2 83% 5688 496 30%
c t 3693.17 58 15 476 1314860  1 35029807 83185 1.8 24 13 1 2 83% 5688 496 30%
c k 3693.17 58 15 476 1314860  1 35029807 83185 1.8 24 13 1 2 83% 5688 496 30%
c . 3709.38 58 15 477 1326330  1 35177771 174364 1.7 23 13 1 2 82% 5688 496 30%
c G 3709.39 58 15 477 1326330  1 35177771 85690 1.7 23 13 1 2 82% 5688 496 30%
c C 3709.41 58 15 477 1326330  1 35177771 85690 1.7 23 13 1 2 82% 5688 496 30%
c - 3709.41 58 15 477 1326330  1 35177771 85690 1.7 23 13 1 2 82% 5688 496 30%
c 2 3709.41 58 15 477 1326330  1 35177771 85690 1.7 23 13 1 2 82% 5688 496 30%
c d 3709.41 58 15 477 1326330  1 35177771 85690 1.7 23 13 1 2 82% 5688 496 30%
c p 3709.42 58 15 477 1326330  1 35177771 85690 1.7 23 13 1 2 82% 5688 496 30%
c 
c   seconds    reductions       conflicts          size   tier2     variables
c           MB        restarts          redundant     glue   trail      remaining
c            level           rate            size/glue  tier1 irredundant
c 
c k 3709.42 58 15 477 1326330  1 35177771 85690 1.7 23 13 1 2 82% 5688 496 30%
c 2 3709.42 58 15 477 1326330  1 35177771 85690 1.7 23 13 1 2 82% 5688 496 30%
c u 3709.55 58 15 477 1326330  1 35177771 85690 1.7 23 13 1 2 82% 5688 496 30%
c v 3709.80 58 15 477 1326330  1 35177771 85517 1.7 23 13 1 2 82% 5688 496 30%
c w 3709.80 58 15 477 1326330  1 35177771 85287 1.7 23 13 1 2 82% 5688 496 30%
c t 3709.81 58 15 477 1326330  1 35177771 85287 1.7 23 13 1 2 82% 5688 496 30%
c k 3709.81 58 15 477 1326330  1 35177771 85287 1.7 23 13 1 2 82% 5688 496 30%
c ~ 3716.27 58 14 477 1329361  1 35245411 124397 1.8 22 13 1 2 81% 5688 496 30%
c B 3716.27 58 14 477 1329361  1 35245412 124398 1.8 22 13 1 2 81% 5688 496 30%
c . 3726.38 58 14 478 1334339  1 35326049 168173 1.8 22 12 1 2 83% 5688 496 30%
c G 3726.39 58 14 478 1334339  1 35326049 84889 1.8 22 12 1 2 83% 5688 496 30%
c C 3726.42 63 14 478 1334339  1 35326049 84889 1.8 22 12 1 2 83% 5688 496 30%
c - 3726.42 63 14 478 1334339  1 35326049 84889 1.8 22 12 1 2 83% 5688 496 30%
c 2 3726.42 63 14 478 1334339  1 35326049 84889 1.8 22 12 1 2 83% 5688 496 30%
c d 3726.42 63 14 478 1334339  1 35326049 84889 1.8 22 12 1 2 83% 5688 496 30%
c p 3726.42 63 14 478 1334339  1 35326049 84889 1.8 22 12 1 2 83% 5688 496 30%
c k 3726.42 63 14 478 1334339  1 35326049 84889 1.8 22 12 1 2 83% 5688 496 30%
c 2 3726.42 63 14 478 1334339  1 35326049 84889 1.8 22 12 1 2 83% 5688 496 30%
c u 3726.55 63 14 478 1334339  1 35326049 84880 1.8 22 12 1 2 83% 5688 496 30%
c v 3726.81 63 14 478 1334339  1 35326049 84635 1.8 22 12 1 2 83% 5688 496 30%
c 
c   seconds    reductions       conflicts          size   tier2     variables
c           MB        restarts          redundant     glue   trail      remaining
c            level           rate            size/glue  tier1 irredundant
c 
c w 3726.81 63 14 478 1334339  1 35326049 84635 1.8 22 12 1 2 83% 5688 496 30%
c t 3726.81 63 14 478 1334339  1 35326049 84635 1.8 22 12 1 2 83% 5688 496 30%
c k 3726.81 63 14 478 1334339  1 35326049 84635 1.8 22 12 1 2 83% 5688 496 30%
c s 3735.17 63 15 478 1342041  2 35394303 125470 1.8 23 13 1 2 84% 5688 496 30%
c t 3735.18 63 15 478 1342041  2 35394303 125470 1.8 23 13 1 2 84% 5688 496 30%
c e 3735.18 63 15 478 1342041  2 35394303 125470 1.8 23 13 1 2 84% 5688 496 30%
c s 3735.22 63 15 478 1342041  2 35394303 125463 1.8 23 13 1 2 84% 5688 496 30%
c . 3746.04 63 15 479 1348889  2 35474639 176746 1.8 24 13 1 2 84% 5688 496 30%
c G 3746.06 63 15 479 1348889  2 35474639 88141 1.8 24 13 1 2 84% 5688 496 30%
c C 3746.08 63 15 479 1348889  2 35474639 88141 1.8 24 13 1 2 84% 5688 496 30%
c - 3746.08 63 15 479 1348889  2 35474639 88141 1.8 24 13 1 2 84% 5688 496 30%
c 2 3746.08 63 15 479 1348889  2 35474639 88141 1.8 24 13 1 2 84% 5688 496 30%
c d 3746.08 63 15 479 1348889  2 35474639 88141 1.8 24 13 1 2 84% 5688 496 30%
c p 3746.08 63 15 479 1348889  2 35474639 88141 1.8 24 13 1 2 84% 5688 496 30%
c k 3746.08 63 15 479 1348889  2 35474639 88141 1.8 24 13 1 2 84% 5688 496 30%
c 2 3746.08 63 15 479 1348889  2 35474639 88141 1.8 24 13 1 2 84% 5688 496 30%
c u 3746.21 63 15 479 1348889  2 35474639 88136 1.8 24 13 1 2 84% 5688 496 30%
c v 3746.50 63 15 479 1348889  2 35474639 87886 1.8 24 13 1 2 84% 5688 496 30%
c w 3746.50 63 15 479 1348889  2 35474639 87886 1.8 24 13 1 2 84% 5688 496 30%
c t 3746.50 63 15 479 1348889  2 35474639 87886 1.8 24 13 1 2 84% 5688 496 30%
c 
c   seconds    reductions       conflicts          size   tier2     variables
c           MB        restarts          redundant     glue   trail      remaining
c            level           rate            size/glue  tier1 irredundant
c 
c k 3746.51 63 15 479 1348889  2 35474639 87886 1.8 24 13 1 2 84% 5688 496 30%
c 2 3746.51 63 15 479 1348889  2 35474639 87886 1.8 24 13 1 2 84% 5688 496 30%
c f 3746.51 63 15 479 1348889  2 35474639 87886 1.8 24 13 1 2 84% 5688 496 30%
c ~ 3750.84 63 16 479 1355167  2 35511413 115649 1.8 25 14 1 2 82% 5688 496 30%
c W 3755.10 63 16 479 1355167  2 35511414 115650 1.8 25 14 1 2 82% 5688 496 30%
c } 3770.38 63 16 479 1362799  2 35617325 180183 1.9 25 13 1 2 83% 5688 496 30%
c [ 3770.38 63 15 479 1362799  1 35617325 180183 1.7 24 14 1 2 87% 5688 496 30%
c . 3771.06 63 15 480 1362799  1 35623541 182914 1.7 24 14 1 2 86% 5688 496 30%
c G 3771.07 63 15 480 1362799  1 35623541 90799 1.7 24 14 1 2 86% 5688 496 30%
c C 3771.09 63 15 480 1362799  1 35623541 90799 1.7 24 14 1 2 86% 5688 496 30%
c - 3771.09 63 15 480 1362799  1 35623541 90799 1.7 24 14 1 2 86% 5688 496 30%
c 2 3771.09 63 15 480 1362799  1 35623541 90799 1.7 24 14 1 2 86% 5688 496 30%
c d 3771.09 63 15 480 1362799  1 35623541 90799 1.7 24 14 1 2 86% 5688 496 30%
c p 3771.10 63 15 480 1362799  1 35623541 90799 1.7 24 14 1 2 86% 5688 496 30%
c k 3771.10 63 15 480 1362799  1 35623541 90799 1.7 24 14 1 2 86% 5688 496 30%
c 2 3771.10 63 15 480 1362799  1 35623541 90799 1.7 24 14 1 2 86% 5688 496 30%
c u 3771.23 63 15 480 1362799  1 35623541 90795 1.7 24 14 1 2 86% 5688 496 30%
c v 3771.53 63 15 480 1362799  1 35623541 90543 1.7 24 14 1 2 86% 5688 496 30%
c w 3771.54 63 15 480 1362799  1 35623541 90543 1.7 24 14 1 2 86% 5688 496 30%
c t 3771.54 63 15 480 1362799  1 35623541 90543 1.7 24 14 1 2 86% 5688 496 30%
c 
c   seconds    reductions       conflicts          size   tier2     variables
c           MB        restarts          redundant     glue   trail      remaining
c            level           rate            size/glue  tier1 irredundant
c 
c k 3771.54 63 15 480 1362799  1 35623541 90543 1.7 24 14 1 2 86% 5688 496 30%
c . 3787.44 63 14 481 1362860  1 35772754 157088 1.6 21 13 1 2 87% 5688 496 30%
c G 3787.45 63 14 481 1362860  1 35772754 83605 1.6 21 13 1 2 87% 5688 496 30%
c C 3787.47 63 14 481 1362860  1 35772754 83605 1.6 21 13 1 2 87% 5688 496 30%
c - 3787.47 63 14 481 1362860  1 35772754 83605 1.6 21 13 1 2 87% 5688 496 30%
c 2 3787.47 63 14 481 1362860  1 35772754 83605 1.6 21 13 1 2 87% 5688 496 30%
c d 3787.47 63 14 481 1362860  1 35772754 83605 1.6 21 13 1 2 87% 5688 496 30%
c p 3787.47 63 14 481 1362860  1 35772754 83605 1.6 21 13 1 2 87% 5688 496 30%
c k 3787.47 63 14 481 1362860  1 35772754 83605 1.6 21 13 1 2 87% 5688 496 30%
c 2 3787.47 63 14 481 1362860  1 35772754 83605 1.6 21 13 1 2 87% 5688 496 30%
c = 3787.91 63 14 481 1362860  1 35772754 83605 1.6 21 13 1 2 87% 5688 496 30%
c u 3788.07 63 14 481 1362860  1 35772754 83505 1.6 21 13 1 2 87% 5688 496 30%
c v 3788.32 63 14 481 1362860  1 35772754 81342 1.6 21 13 1 2 87% 5688 496 30%
c w 3788.32 63 14 481 1362860  1 35772754 81342 1.6 21 13 1 2 87% 5688 496 30%
c t 3788.32 63 14 481 1362860  1 35772754 81342 1.6 21 13 1 2 87% 5688 496 30%
c k 3788.33 63 14 481 1362860  1 35772754 81342 1.6 21 13 1 2 87% 5688 496 30%
c ~ 3788.88 63 14 481 1362861  1 35778415 84825 1.6 21 13 1 2 87% 5688 496 30%
c O 3788.88 63 14 481 1362861  1 35778416 84826 1.6 21 13 1 2 87% 5688 496 30%
c . 3804.44 63 14 482 1362864  1 35922280 148908 1.6 20 13 1 2 86% 5688 496 30%
c G 3804.45 63 14 482 1362864  1 35922280 74982 1.6 20 13 1 2 86% 5688 496 30%
c 
c   seconds    reductions       conflicts          size   tier2     variables
c           MB        restarts          redundant     glue   trail      remaining
c            level           rate            size/glue  tier1 irredundant
c 
c C 3804.47 63 14 482 1362864  1 35922280 74982 1.6 20 13 1 2 86% 5688 496 30%
c - 3804.47 63 14 482 1362864  1 35922280 74982 1.6 20 13 1 2 86% 5688 496 30%
c 2 3804.47 63 14 482 1362864  1 35922280 74982 1.6 20 13 1 2 86% 5688 496 30%
c d 3804.47 63 14 482 1362864  1 35922280 74982 1.6 20 13 1 2 86% 5688 496 30%
c p 3804.47 63 14 482 1362864  1 35922280 74982 1.6 20 13 1 2 86% 5688 496 30%
c k 3804.47 63 14 482 1362864  1 35922280 74982 1.6 20 13 1 2 86% 5688 496 30%
c 2 3804.47 63 14 482 1362864  1 35922280 74982 1.6 20 13 1 2 86% 5688 496 30%
c u 3804.63 63 14 482 1362864  1 35922280 74892 1.6 20 13 1 2 86% 5688 496 30%
c v 3804.74 63 14 482 1362864  1 35922280 73628 1.6 20 13 1 2 86% 5688 496 30%
c w 3804.74 63 14 482 1362864  1 35922280 73628 1.6 20 13 1 2 86% 5688 496 30%
c x 3804.79 63 14 482 1362864  1 35922280 73627 1.6 20 13 1 2 86% 5687 496 30%
c t 3804.79 63 14 482 1362864  1 35922280 73627 1.6 20 13 1 2 86% 5687 496 30%
c k 3804.79 63 14 482 1362864  1 35922280 73627 1.6 20 13 1 2 86% 5687 496 30%
c 2 3804.79 63 14 482 1362864  1 35922280 73627 1.6 20 13 1 2 86% 5687 496 30%
c f 3804.79 63 14 482 1362864  1 35922280 73627 1.6 20 13 1 2 86% 5687 496 30%
c s 3805.19 63 14 482 1362864  1 35922280 73490 1.6 20 13 1 2 86% 5687 496 30%
c t 3805.19 63 14 482 1362864  1 35922280 73490 1.6 20 13 1 2 86% 5687 496 30%
c e 3805.19 63 14 482 1362864  1 35922280 73490 1.6 20 13 1 2 86% 5687 496 30%
c s 3805.58 63 14 482 1362864  1 35922280 73464 1.6 20 13 1 2 86% 5687 496 30%
c ~ 3818.19 63 14 482 1362865  1 36046416 137221 1.7 22 13 1 2 86% 5687 496 30%
c 
c   seconds    reductions       conflicts           size   tier2     variables
c           MB        restarts          redundant      glue   trail      remaining
c            level           rate             size/glue  tier1 irredundant
c 
c B 3818.19 63 14 482 1362865  1 36046417 137222 1.7 22 13 1 2 86% 5687 496 30%
c . 3820.61 63 15 483 1362865  1 36072120 151235 1.6 22 13 1 2 87% 5687 496 30%
c G 3820.62 63 15 483 1362865  1 36072120 77537 1.6 22 13 1 2 87% 5687 496 30%
c C 3820.64 63 15 483 1362865  1 36072120 77537 1.6 22 13 1 2 87% 5687 496 30%
c - 3820.64 63 15 483 1362865  1 36072120 77537 1.6 22 13 1 2 87% 5687 496 30%
c 2 3820.64 63 15 483 1362865  1 36072120 77537 1.6 22 13 1 2 87% 5687 496 30%
c d 3820.64 63 15 483 1362865  1 36072120 77537 1.6 22 13 1 2 87% 5687 496 30%
c p 3820.64 63 15 483 1362865  1 36072120 77537 1.6 22 13 1 2 87% 5687 496 30%
c k 3820.64 63 15 483 1362865  1 36072120 77537 1.6 22 13 1 2 87% 5687 496 30%
c 2 3820.64 63 15 483 1362865  1 36072120 77537 1.6 22 13 1 2 87% 5687 496 30%
c u 3820.82 63 15 483 1362865  1 36072120 77420 1.6 22 13 1 2 87% 5687 496 30%
c v 3821.01 63 15 483 1362865  1 36072120 75651 1.6 22 13 1 2 87% 5687 496 30%
c w 3821.04 63 15 483 1362865  1 36072120 75427 1.6 22 13 1 2 87% 5687 496 30%
c t 3821.04 63 15 483 1362865  1 36072120 75427 1.6 22 13 1 2 87% 5687 496 30%
c k 3821.04 63 15 483 1362865  1 36072120 75427 1.6 22 13 1 2 87% 5687 496 30%
c 2 3821.04 63 15 483 1362865  1 36072120 75427 1.6 22 13 1 2 87% 5687 496 30%
c f 3821.04 63 15 483 1362865  1 36072120 75427 1.6 22 13 1 2 87% 5687 496 30%
c . 3837.06 63 15 484 1362865  1 36222272 152872 1.7 24 14 1 2 87% 5687 496 30%
c G 3837.07 63 15 484 1362865  1 36222272 77083 1.7 24 14 1 2 87% 5687 496 30%
c C 3837.09 63 15 484 1362865  1 36222272 77083 1.7 24 14 1 2 87% 5687 496 30%
c 
c   seconds    reductions       conflicts          size   tier2     variables
c           MB        restarts          redundant     glue   trail      remaining
c            level           rate            size/glue  tier1 irredundant
c 
c - 3837.09 63 15 484 1362865  1 36222272 77083 1.7 24 14 1 2 87% 5687 496 30%
c 2 3837.09 63 15 484 1362865  1 36222272 77083 1.7 24 14 1 2 87% 5687 496 30%
c d 3837.09 63 15 484 1362865  1 36222272 77083 1.7 24 14 1 2 87% 5687 496 30%
c p 3837.10 63 15 484 1362865  1 36222272 77083 1.7 24 14 1 2 87% 5687 496 30%
c k 3837.10 63 15 484 1362865  1 36222272 77083 1.7 24 14 1 2 87% 5687 496 30%
c 2 3837.10 63 15 484 1362865  1 36222272 77083 1.7 24 14 1 2 87% 5687 496 30%
c u 3837.29 63 15 484 1362865  1 36222272 76979 1.7 24 14 1 2 87% 5687 496 30%
c v 3837.50 63 15 484 1362865  1 36222272 76948 1.7 24 14 1 2 87% 5687 496 30%
c w 3837.50 63 15 484 1362865  1 36222272 76948 1.7 24 14 1 2 87% 5687 496 30%
c t 3837.50 63 15 484 1362865  1 36222272 76948 1.7 24 14 1 2 87% 5687 496 30%
c k 3837.50 63 15 484 1362865  1 36222272 76948 1.7 24 14 1 2 87% 5687 496 30%
c ~ 3847.64 63 16 484 1362880  1 36315419 122933 1.7 23 14 1 2 86% 5687 496 30%
c W 3850.55 63 16 484 1362880  1 36315420 122934 1.7 23 14 1 2 86% 5687 496 30%
c . 3857.71 63 15 485 1362899  1 36372736 149649 1.6 23 14 1 2 86% 5687 496 30%
c G 3857.72 63 15 485 1362899  1 36372736 74892 1.6 23 14 1 2 86% 5687 496 30%
c C 3857.74 63 15 485 1362899  1 36372736 74892 1.6 23 14 1 2 86% 5687 496 30%
c - 3857.74 63 15 485 1362899  1 36372736 74892 1.6 23 14 1 2 86% 5687 496 30%
c 2 3857.74 63 15 485 1362899  1 36372736 74892 1.6 23 14 1 2 86% 5687 496 30%
c d 3857.74 63 15 485 1362899  1 36372736 74892 1.6 23 14 1 2 86% 5687 496 30%
c p 3857.74 63 15 485 1362899  1 36372736 74892 1.6 23 14 1 2 86% 5687 496 30%
c 
c   seconds    reductions       conflicts          size   tier2     variables
c           MB        restarts          redundant     glue   trail      remaining
c            level           rate            size/glue  tier1 irredundant
c 
c k 3857.74 63 15 485 1362899  1 36372736 74892 1.6 23 14 1 2 86% 5687 496 30%
c 2 3857.74 63 15 485 1362899  1 36372736 74892 1.6 23 14 1 2 86% 5687 496 30%
c u 3857.93 63 15 485 1362899  1 36372736 74751 1.6 23 14 1 2 86% 5687 496 30%
c v 3858.16 63 15 485 1362899  1 36372736 74730 1.6 23 14 1 2 86% 5687 496 30%
c w 3858.16 63 15 485 1362899  1 36372736 74730 1.6 23 14 1 2 86% 5687 496 30%
c t 3858.16 63 15 485 1362899  1 36372736 74730 1.6 23 14 1 2 86% 5687 496 30%
c k 3858.16 63 15 485 1362899  1 36372736 74730 1.6 23 14 1 2 86% 5687 496 30%
c ] 3863.00 63 15 485 1362920  1 36416533 93556 1.6 23 14 1 2 86% 5687 496 30%
c { 3863.00 63 16 485 1362920  2 36416533 93556 1.9 25 13 1 2 83% 5687 496 30%
c . 3872.92 63 15 486 1368716  1 36523510 159965 1.8 23 13 1 2 75% 5687 496 30%
c G 3872.94 63 15 486 1368716  1 36523510 84622 1.8 23 13 1 2 75% 5687 496 30%
c C 3872.96 63 15 486 1368716  1 36523510 84622 1.8 23 13 1 2 75% 5687 496 30%
c - 3872.96 63 15 486 1368716  1 36523510 84622 1.8 23 13 1 2 75% 5687 496 30%
c 2 3872.96 63 15 486 1368716  1 36523510 84622 1.8 23 13 1 2 75% 5687 496 30%
c d 3872.96 63 15 486 1368716  1 36523510 84622 1.8 23 13 1 2 75% 5687 496 30%
c p 3872.96 63 15 486 1368716  1 36523510 84622 1.8 23 13 1 2 75% 5687 496 30%
c k 3872.96 63 15 486 1368716  1 36523510 84622 1.8 23 13 1 2 75% 5687 496 30%
c 2 3872.96 63 15 486 1368716  1 36523510 84622 1.8 23 13 1 2 75% 5687 496 30%
c u 3873.17 63 15 486 1368716  1 36523510 84497 1.8 23 13 1 2 75% 5687 496 30%
c v 3873.30 63 15 486 1368716  1 36523510 84477 1.8 23 13 1 2 75% 5687 496 30%
c 
c   seconds    reductions       conflicts          size   tier2     variables
c           MB        restarts          redundant     glue   trail      remaining
c            level           rate            size/glue  tier1 irredundant
c 
c w 3873.37 63 15 486 1368716  1 36523510 83631 1.8 23 13 1 2 75% 5687 496 30%
c t 3873.37 63 15 486 1368716  1 36523510 83631 1.8 23 13 1 2 75% 5687 496 30%
c k 3873.37 63 15 486 1368716  1 36523510 83631 1.8 23 13 1 2 75% 5687 496 30%
c ~ 3879.94 63 15 486 1374645  2 36585421 124507 1.8 24 13 1 2 79% 5687 496 30%
c F 3879.95 63 15 486 1374645  2 36585422 124508 1.8 24 13 1 2 79% 5687 496 30%
c . 3888.22 63 14 487 1379238  1 36674596 181840 1.8 22 12 1 2 69% 5687 496 30%
c G 3888.23 63 14 487 1379238  1 36674596 92074 1.8 22 12 1 2 69% 5687 496 30%
c C 3888.25 63 14 487 1379238  1 36674596 92074 1.8 22 12 1 2 69% 5687 496 30%
c - 3888.25 63 14 487 1379238  1 36674596 92074 1.8 22 12 1 2 69% 5687 496 30%
c 2 3888.25 63 14 487 1379238  1 36674596 92074 1.8 22 12 1 2 69% 5687 496 30%
c d 3888.26 63 14 487 1379238  1 36674596 92074 1.8 22 12 1 2 69% 5687 496 30%
c p 3888.26 63 14 487 1379238  1 36674596 92074 1.8 22 12 1 2 69% 5687 496 30%
c k 3888.26 63 14 487 1379238  1 36674596 92074 1.8 22 12 1 2 69% 5687 496 30%
c 2 3888.26 63 14 487 1379238  1 36674596 92074 1.8 22 12 1 2 69% 5687 496 30%
c u 3888.49 63 14 487 1379238  1 36674596 91894 1.8 22 12 1 2 69% 5687 496 30%
c v 3888.61 63 14 487 1379238  1 36674596 91781 1.8 22 12 1 2 69% 5687 496 30%
c w 3888.61 63 14 487 1379238  1 36674596 91781 1.8 22 12 1 2 69% 5687 496 30%
c t 3888.61 63 14 487 1379238  1 36674596 91781 1.8 22 12 1 2 69% 5687 496 30%
c k 3888.61 63 14 487 1379238  1 36674596 91781 1.8 22 12 1 2 69% 5687 496 30%
c . 3908.28 63 15 488 1393734  2 36825995 195731 1.9 24 13 1 2 76% 5687 496 30%
c 
c   seconds    reductions       conflicts          size   tier2     variables
c           MB        restarts          redundant     glue   trail      remaining
c            level           rate            size/glue  tier1 irredundant
c 
c G 3908.30 63 15 488 1393734  2 36825995 96250 1.9 24 13 1 2 76% 5687 496 30%
c C 3908.32 63 15 488 1393734  2 36825995 96250 1.9 24 13 1 2 76% 5687 496 30%
c - 3908.32 63 15 488 1393734  2 36825995 96250 1.9 24 13 1 2 76% 5687 496 30%
c 2 3908.32 63 15 488 1393734  2 36825995 96250 1.9 24 13 1 2 76% 5687 496 30%
c d 3908.32 63 15 488 1393734  2 36825995 96250 1.9 24 13 1 2 76% 5687 496 30%
c p 3908.33 63 15 488 1393734  2 36825995 96250 1.9 24 13 1 2 76% 5687 496 30%
c k 3908.33 63 15 488 1393734  2 36825995 96250 1.9 24 13 1 2 76% 5687 496 30%
c 2 3908.33 63 15 488 1393734  2 36825995 96250 1.9 24 13 1 2 76% 5687 496 30%
c u 3908.57 63 15 488 1393734  2 36825995 96013 1.9 24 13 1 2 76% 5687 496 30%
c v 3908.79 63 15 488 1393734  2 36825995 95948 1.9 24 13 1 2 76% 5687 496 30%
c w 3908.79 63 15 488 1393734  2 36825995 95948 1.9 24 13 1 2 76% 5687 496 30%
c t 3908.79 63 15 488 1393734  2 36825995 95948 1.9 24 13 1 2 76% 5687 496 30%
c k 3908.79 63 15 488 1393734  2 36825995 95948 1.9 24 13 1 2 76% 5687 496 30%
c ~ 3912.63 63 15 488 1398706  2 36856422 118715 1.8 24 13 1 2 77% 5687 496 30%
c B 3912.63 63 15 488 1398706  2 36856423 118716 1.8 24 13 1 2 77% 5687 496 30%
c . 3928.03 63 15 489 1407621  2 36977706 201899 1.9 25 13 1 2 79% 5687 496 30%
c G 3928.04 63 15 489 1407621  2 36977706 98081 1.9 25 13 1 2 79% 5687 496 30%
c C 3928.07 65 15 489 1407621  2 36977706 98081 1.9 25 13 1 2 79% 5687 496 30%
c - 3928.07 65 15 489 1407621  2 36977706 98081 1.9 25 13 1 2 79% 5687 496 30%
c 2 3928.07 65 15 489 1407621  2 36977706 98081 1.9 25 13 1 2 79% 5687 496 30%
c 
c   seconds    reductions       conflicts          size   tier2     variables
c           MB        restarts          redundant     glue   trail      remaining
c            level           rate            size/glue  tier1 irredundant
c 
c d 3928.07 65 15 489 1407621  2 36977706 98081 1.9 25 13 1 2 79% 5687 496 30%
c p 3928.07 65 15 489 1407621  2 36977706 98081 1.9 25 13 1 2 79% 5687 496 30%
c k 3928.07 65 15 489 1407621  2 36977706 98081 1.9 25 13 1 2 79% 5687 496 30%
c 2 3928.07 65 15 489 1407621  2 36977706 98081 1.9 25 13 1 2 79% 5687 496 30%
c u 3928.34 65 15 489 1407621  2 36977706 97755 1.9 25 13 1 2 79% 5687 496 30%
c v 3928.54 65 15 489 1407621  2 36977706 97728 1.9 25 13 1 2 79% 5687 496 30%
c w 3928.54 65 15 489 1407621  2 36977706 97728 1.9 25 13 1 2 79% 5687 496 30%
c t 3928.54 65 15 489 1407621  2 36977706 97728 1.9 25 13 1 2 79% 5687 496 30%
c k 3928.54 65 15 489 1407621  2 36977706 97728 1.9 25 13 1 2 79% 5687 496 30%
c ~ 3946.94 65 15 489 1420647  2 37128424 191996 1.7 23 13 1 2 77% 5687 496 30%
c W 3951.34 65 15 489 1420647  2 37128425 191997 1.7 23 13 1 2 77% 5687 496 30%
c . 3951.47 65 15 490 1420647  2 37129730 192676 1.7 23 13 1 2 77% 5687 496 30%
c G 3951.49 65 15 490 1420647  2 37129730 96229 1.7 23 13 1 2 77% 5687 496 30%
c C 3951.51 65 15 490 1420647  2 37129730 96229 1.7 23 13 1 2 77% 5687 496 30%
c - 3951.51 65 15 490 1420647  2 37129730 96229 1.7 23 13 1 2 77% 5687 496 30%
c 2 3951.51 65 15 490 1420647  2 37129730 96229 1.7 23 13 1 2 77% 5687 496 30%
c d 3951.51 65 15 490 1420647  2 37129730 96229 1.7 23 13 1 2 77% 5687 496 30%
c p 3951.52 65 15 490 1420647  2 37129730 96229 1.7 23 13 1 2 77% 5687 496 30%
c k 3951.52 65 15 490 1420647  2 37129730 96229 1.7 23 13 1 2 77% 5687 496 30%
c 2 3951.52 65 15 490 1420647  2 37129730 96229 1.7 23 13 1 2 77% 5687 496 30%
c 
c   seconds    reductions       conflicts          size   tier2     variables
c           MB        restarts          redundant     glue   trail      remaining
c            level           rate            size/glue  tier1 irredundant
c 
c u 3951.75 65 15 490 1420647  2 37129730 94181 1.7 23 13 1 2 77% 5687 496 30%
c v 3951.95 65 15 490 1420647  2 37129730 94151 1.7 23 13 1 2 77% 5687 496 30%
c w 3951.96 65 15 490 1420647  2 37129730 94151 1.7 23 13 1 2 77% 5687 496 30%
c t 3951.96 65 15 490 1420647  2 37129730 94151 1.7 23 13 1 2 77% 5687 496 30%
c k 3951.96 65 15 490 1420647  2 37129730 94151 1.7 23 13 1 2 77% 5687 496 30%
c 2 3951.96 65 15 490 1420647  2 37129730 94151 1.7 23 13 1 2 77% 5687 496 30%
c f 3951.96 65 15 490 1420647  2 37129730 94151 1.7 23 13 1 2 77% 5687 496 30%
c } 3965.38 65 15 490 1428938  2 37239516 165710 1.8 24 13 1 2 80% 5687 496 30%
c [ 3965.38 65 15 490 1428938  1 37239516 165710 1.6 23 14 1 2 86% 5687 496 30%
c . 3970.97 65 15 491 1428946  1 37282065 188353 1.7 22 13 1 2 86% 5687 496 30%
c G 3970.99 65 15 491 1428946  1 37282065 94080 1.7 22 13 1 2 86% 5687 496 30%
c C 3971.01 65 15 491 1428946  1 37282065 94080 1.7 22 13 1 2 86% 5687 496 30%
c - 3971.01 65 15 491 1428946  1 37282065 94080 1.7 22 13 1 2 86% 5687 496 30%
c 2 3971.01 65 15 491 1428946  1 37282065 94080 1.7 22 13 1 2 86% 5687 496 30%
c d 3971.01 65 15 491 1428946  1 37282065 94080 1.7 22 13 1 2 86% 5687 496 30%
c p 3971.02 65 15 491 1428946  1 37282065 94080 1.7 22 13 1 2 86% 5687 496 30%
c k 3971.02 65 15 491 1428946  1 37282065 94080 1.7 22 13 1 2 86% 5687 496 30%
c 2 3971.02 65 15 491 1428946  1 37282065 94080 1.7 22 13 1 2 86% 5687 496 30%
c u 3971.26 65 15 491 1428946  1 37282065 91424 1.7 22 13 1 2 86% 5687 496 30%
c v 3971.48 65 15 491 1428946  1 37282065 91382 1.7 22 13 1 2 86% 5687 496 30%
c 
c   seconds    reductions       conflicts          size   tier2     variables
c           MB        restarts          redundant     glue   trail      remaining
c            level           rate            size/glue  tier1 irredundant
c 
c w 3971.48 65 15 491 1428946  1 37282065 91382 1.7 22 13 1 2 86% 5687 496 30%
c t 3971.48 65 15 491 1428946  1 37282065 91382 1.7 22 13 1 2 86% 5687 496 30%
c k 3971.48 65 15 491 1428946  1 37282065 91382 1.7 22 13 1 2 86% 5687 496 30%
c ~ 3984.08 65 16 491 1428984  1 37401425 154811 1.6 23 14 1 2 86% 5687 496 30%
c I 3984.08 65 16 491 1428984  1 37401426 154812 1.6 23 14 1 2 86% 5687 496 30%
c . 3988.04 65 15 492 1428999  1 37434712 170593 1.6 22 14 1 2 86% 5687 496 30%
c G 3988.05 65 15 492 1428999  1 37434712 86521 1.6 22 14 1 2 86% 5687 496 30%
c C 3988.07 65 15 492 1428999  1 37434712 86521 1.6 22 14 1 2 86% 5687 496 30%
c - 3988.07 65 15 492 1428999  1 37434712 86521 1.6 22 14 1 2 86% 5687 496 30%
c 2 3988.07 65 15 492 1428999  1 37434712 86521 1.6 22 14 1 2 86% 5687 496 30%
c d 3988.07 65 15 492 1428999  1 37434712 86521 1.6 22 14 1 2 86% 5687 496 30%
c p 3988.08 65 15 492 1428999  1 37434712 86521 1.6 22 14 1 2 86% 5687 496 30%
c k 3988.08 65 15 492 1428999  1 37434712 86521 1.6 22 14 1 2 86% 5687 496 30%
c 2 3988.08 65 15 492 1428999  1 37434712 86521 1.6 22 14 1 2 86% 5687 496 30%
c u 3988.25 65 15 492 1428999  1 37434712 84731 1.6 22 14 1 2 86% 5687 496 30%
c v 3988.51 65 15 492 1428999  1 37434712 84703 1.6 22 14 1 2 86% 5687 496 30%
c w 3988.51 65 15 492 1428999  1 37434712 84702 1.6 22 14 1 2 86% 5687 496 30%
c t 3988.51 65 15 492 1428999  1 37434712 84702 1.6 22 14 1 2 86% 5687 496 30%
c k 3988.51 65 15 492 1428999  1 37434712 84702 1.6 22 14 1 2 86% 5687 496 30%
c . 4003.94 65 14 493 1429020  1 37587673 158292 1.6 21 13 1 2 88% 5687 496 30%
c 
c   seconds    reductions       conflicts          size   tier2     variables
c           MB        restarts          redundant     glue   trail      remaining
c            level           rate            size/glue  tier1 irredundant
c 
c G 4003.95 65 14 493 1429020  1 37587673 75606 1.6 21 13 1 2 88% 5687 496 30%
c C 4003.97 65 14 493 1429020  1 37587673 75606 1.6 21 13 1 2 88% 5687 496 30%
c - 4003.97 65 14 493 1429020  1 37587673 75606 1.6 21 13 1 2 88% 5687 496 30%
c 2 4003.97 65 14 493 1429020  1 37587673 75606 1.6 21 13 1 2 88% 5687 496 30%
c d 4003.97 65 14 493 1429020  1 37587673 75606 1.6 21 13 1 2 88% 5687 496 30%
c p 4003.97 65 14 493 1429020  1 37587673 75606 1.6 21 13 1 2 88% 5687 496 30%
c k 4003.97 65 14 493 1429020  1 37587673 75606 1.6 21 13 1 2 88% 5687 496 30%
c 2 4003.97 65 14 493 1429020  1 37587673 75606 1.6 21 13 1 2 88% 5687 496 30%
c u 4004.08 65 14 493 1429020  1 37587673 75586 1.6 21 13 1 2 88% 5687 496 30%
c v 4004.33 65 14 493 1429020  1 37587673 75544 1.6 21 13 1 2 88% 5687 496 30%
c w 4004.33 65 14 493 1429020  1 37587673 75544 1.6 21 13 1 2 88% 5687 496 30%
c t 4004.34 65 14 493 1429020  1 37587673 75544 1.6 21 13 1 2 88% 5687 496 30%
c k 4004.34 65 14 493 1429020  1 37587673 75544 1.6 21 13 1 2 88% 5687 496 30%
c ~ 4011.89 65 14 493 1429055  1 37675426 119971 1.6 21 13 1 2 86% 5687 496 30%
c B 4011.89 65 14 493 1429055  1 37675427 119972 1.6 21 13 1 2 86% 5687 496 30%
c . 4018.65 65 15 494 1429073  1 37740945 156057 1.6 23 14 1 2 86% 5687 496 30%
c G 4018.67 65 15 494 1429073  1 37740945 74802 1.6 23 14 1 2 86% 5687 496 30%
c C 4018.68 65 15 494 1429073  1 37740945 74802 1.6 23 14 1 2 86% 5687 496 30%
c - 4018.68 65 15 494 1429073  1 37740945 74802 1.6 23 14 1 2 86% 5687 496 30%
c 2 4018.68 65 15 494 1429073  1 37740945 74802 1.6 23 14 1 2 86% 5687 496 30%
c 
c   seconds    reductions       conflicts          size   tier2     variables
c           MB        restarts          redundant     glue   trail      remaining
c            level           rate            size/glue  tier1 irredundant
c 
c d 4018.68 65 15 494 1429073  1 37740945 74802 1.6 23 14 1 2 86% 5687 496 30%
c p 4018.69 65 15 494 1429073  1 37740945 74802 1.6 23 14 1 2 86% 5687 496 30%
c k 4018.69 65 15 494 1429073  1 37740945 74802 1.6 23 14 1 2 86% 5687 496 30%
c 2 4018.69 65 15 494 1429073  1 37740945 74802 1.6 23 14 1 2 86% 5687 496 30%
c u 4018.80 65 15 494 1429073  1 37740945 74800 1.6 23 14 1 2 86% 5687 496 30%
c v 4019.04 65 15 494 1429073  1 37740945 74760 1.6 23 14 1 2 86% 5687 496 30%
c w 4019.04 65 15 494 1429073  1 37740945 74759 1.6 23 14 1 2 86% 5687 496 30%
c t 4019.04 65 15 494 1429073  1 37740945 74759 1.6 23 14 1 2 86% 5687 496 30%
c k 4019.04 65 15 494 1429073  1 37740945 74759 1.6 23 14 1 2 86% 5687 496 30%
c . 4033.78 65 15 495 1429126  1 37894529 146125 1.5 21 14 1 2 87% 5687 496 30%
c G 4033.79 65 15 495 1429126  1 37894529 72190 1.5 21 14 1 2 87% 5687 496 30%
c C 4033.81 65 15 495 1429126  1 37894529 72190 1.5 21 14 1 2 87% 5687 496 30%
c - 4033.81 65 15 495 1429126  1 37894529 72190 1.5 21 14 1 2 87% 5687 496 30%
c 2 4033.81 65 15 495 1429126  1 37894529 72190 1.5 21 14 1 2 87% 5687 496 30%
c d 4033.81 65 15 495 1429126  1 37894529 72190 1.5 21 14 1 2 87% 5687 496 30%
c p 4033.82 65 15 495 1429126  1 37894529 72190 1.5 21 14 1 2 87% 5687 496 30%
c k 4033.82 65 15 495 1429126  1 37894529 72190 1.5 21 14 1 2 87% 5687 496 30%
c 2 4033.82 65 15 495 1429126  1 37894529 72190 1.5 21 14 1 2 87% 5687 496 30%
c u 4033.95 65 15 495 1429126  1 37894529 72113 1.5 21 14 1 2 87% 5687 496 30%
c v 4034.16 65 15 495 1429126  1 37894529 69560 1.5 21 14 1 2 87% 5687 496 30%
c 
c   seconds    reductions       conflicts          size   tier2     variables
c           MB        restarts          redundant     glue   trail      remaining
c            level           rate            size/glue  tier1 irredundant
c 
c w 4034.16 65 15 495 1429126  1 37894529 69560 1.5 21 14 1 2 87% 5687 496 30%
c t 4034.16 65 15 495 1429126  1 37894529 69560 1.5 21 14 1 2 87% 5687 496 30%
c k 4034.16 65 15 495 1429126  1 37894529 69560 1.5 21 14 1 2 87% 5687 496 30%
c ~ 4038.94 65 15 495 1429136  1 37950427 98353 1.6 21 14 1 2 86% 5687 496 30%
c W 4042.31 65 15 495 1429136  1 37950428 98354 1.6 21 14 1 2 86% 5687 496 30%
c . 4052.09 65 15 496 1429138  1 38048425 152180 1.6 22 14 1 2 86% 5687 496 30%
c G 4052.11 65 15 496 1429138  1 38048425 72597 1.6 22 14 1 2 86% 5687 496 30%
c C 4052.13 65 15 496 1429138  1 38048425 72597 1.6 22 14 1 2 86% 5687 496 30%
c - 4052.13 65 15 496 1429138  1 38048425 72597 1.6 22 14 1 2 86% 5687 496 30%
c 2 4052.13 65 15 496 1429138  1 38048425 72597 1.6 22 14 1 2 86% 5687 496 30%
c d 4052.13 65 15 496 1429138  1 38048425 72597 1.6 22 14 1 2 86% 5687 496 30%
c p 4052.13 65 15 496 1429138  1 38048425 72597 1.6 22 14 1 2 86% 5687 496 30%
c k 4052.13 65 15 496 1429138  1 38048425 72597 1.6 22 14 1 2 86% 5687 496 30%
c 2 4052.13 65 15 496 1429138  1 38048425 72597 1.6 22 14 1 2 86% 5687 496 30%
c u 4052.28 65 15 496 1429138  1 38048425 72519 1.6 22 14 1 2 86% 5687 496 30%
c v 4052.49 65 15 496 1429138  1 38048425 71756 1.6 22 14 1 2 86% 5687 496 30%
c w 4052.52 65 15 496 1429138  1 38048425 71438 1.6 22 14 1 2 86% 5687 496 30%
c t 4052.52 65 15 496 1429138  1 38048425 71438 1.6 22 14 1 2 86% 5687 496 30%
c k 4052.52 65 15 496 1429138  1 38048425 71438 1.6 22 14 1 2 86% 5687 496 30%
c ] 4058.73 65 15 496 1429138  1 38124531 116287 1.8 24 13 1 2 87% 5687 496 30%
c 
c   seconds    reductions       conflicts           size   tier2     variables
c           MB        restarts          redundant      glue   trail      remaining
c            level           rate             size/glue  tier1 irredundant
c 
c { 4058.73 65 15 496 1429138  2 38124531 116287 1.8 24 13 1 2 80% 5687 496 30%
c . 4069.02 65 16 497 1435704  2 38202633 167739 1.8 25 14 1 2 83% 5687 496 30%
c G 4069.04 65 16 497 1435704  2 38202633 84759 1.8 25 14 1 2 83% 5687 496 30%
c C 4069.06 65 16 497 1435704  2 38202633 84759 1.8 25 14 1 2 83% 5687 496 30%
c - 4069.06 65 16 497 1435704  2 38202633 84759 1.8 25 14 1 2 83% 5687 496 30%
c 2 4069.06 65 16 497 1435704  2 38202633 84759 1.8 25 14 1 2 83% 5687 496 30%
c d 4069.06 65 16 497 1435704  2 38202633 84759 1.8 25 14 1 2 83% 5687 496 30%
c p 4069.06 65 16 497 1435704  2 38202633 84759 1.8 25 14 1 2 83% 5687 496 30%
c k 4069.06 65 16 497 1435704  2 38202633 84759 1.8 25 14 1 2 83% 5687 496 30%
c 2 4069.06 65 16 497 1435704  2 38202633 84759 1.8 25 14 1 2 83% 5687 496 30%
c u 4069.26 65 16 497 1435704  2 38202633 84681 1.8 25 14 1 2 83% 5687 496 30%
c v 4069.44 65 16 497 1435704  2 38202633 84658 1.8 25 14 1 2 83% 5687 496 30%
c w 4069.52 65 16 497 1435704  2 38202633 84158 1.8 25 14 1 2 83% 5687 496 30%
c t 4069.52 65 16 497 1435704  2 38202633 84158 1.8 25 14 1 2 83% 5687 496 30%
c k 4069.52 65 16 497 1435704  2 38202633 84158 1.8 25 14 1 2 83% 5687 496 30%
c ~ 4072.10 65 16 497 1438159  2 38226429 100493 1.8 25 14 1 2 82% 5687 496 30%
c # 4072.10 65 16 497 1438159  2 38226430 100494 1.8 25 14 1 2 82% 5687 496 30%
c . 4089.11 65 15 498 1446344  1 38357153 181547 1.9 25 13 1 2 85% 5687 496 30%
c G 4089.13 65 15 498 1446344  1 38357153 91064 1.9 25 13 1 2 85% 5687 496 30%
c C 4089.15 67 15 498 1446344  1 38357153 91064 1.9 25 13 1 2 85% 5687 496 30%
c 
c   seconds    reductions       conflicts          size   tier2     variables
c           MB        restarts          redundant     glue   trail      remaining
c            level           rate            size/glue  tier1 irredundant
c 
c - 4089.15 67 15 498 1446344  1 38357153 91064 1.9 25 13 1 2 85% 5687 496 30%
c 2 4089.15 67 15 498 1446344  1 38357153 91064 1.9 25 13 1 2 85% 5687 496 30%
c d 4089.15 67 15 498 1446344  1 38357153 91064 1.9 25 13 1 2 85% 5687 496 30%
c p 4089.15 67 15 498 1446344  1 38357153 91064 1.9 25 13 1 2 85% 5687 496 30%
c k 4089.16 67 15 498 1446344  1 38357153 91064 1.9 25 13 1 2 85% 5687 496 30%
c 2 4089.16 67 15 498 1446344  1 38357153 91064 1.9 25 13 1 2 85% 5687 496 30%
c u 4089.38 67 15 498 1446344  1 38357153 90958 1.9 25 13 1 2 85% 5687 496 30%
c v 4089.63 67 15 498 1446344  1 38357153 90647 1.9 25 13 1 2 85% 5687 496 30%
c w 4089.72 67 15 498 1446344  1 38357153 90474 1.9 25 13 1 2 85% 5687 496 30%
c t 4089.73 67 15 498 1446344  1 38357153 90474 1.9 25 13 1 2 85% 5687 496 30%
c k 4089.73 67 15 498 1446344  1 38357153 90474 1.9 25 13 1 2 85% 5687 496 30%
c ~ 4109.05 67 15 498 1459618  2 38503431 186100 1.8 24 13 1 2 80% 5687 496 30%
c B 4109.05 67 15 498 1459618  2 38503432 186101 1.8 24 13 1 2 80% 5687 496 30%
c . 4110.80 67 16 499 1461485  2 38511985 192417 1.8 24 13 1 2 81% 5687 496 30%
c G 4110.81 67 16 499 1461485  2 38511985 94545 1.8 24 13 1 2 81% 5687 496 30%
c C 4110.84 67 16 499 1461485  2 38511985 94545 1.8 24 13 1 2 81% 5687 496 30%
c - 4110.84 67 16 499 1461485  2 38511985 94545 1.8 24 13 1 2 81% 5687 496 30%
c 2 4110.84 67 16 499 1461485  2 38511985 94545 1.8 24 13 1 2 81% 5687 496 30%
c d 4110.84 67 16 499 1461485  2 38511985 94545 1.8 24 13 1 2 81% 5687 496 30%
c p 4110.84 67 16 499 1461485  2 38511985 94545 1.8 24 13 1 2 81% 5687 496 30%
c 
c   seconds    reductions       conflicts          size   tier2     variables
c           MB        restarts          redundant     glue   trail      remaining
c            level           rate            size/glue  tier1 irredundant
c 
c k 4110.84 67 16 499 1461485  2 38511985 94545 1.8 24 13 1 2 81% 5687 496 30%
c 2 4110.84 67 16 499 1461485  2 38511985 94545 1.8 24 13 1 2 81% 5687 496 30%
c u 4111.07 67 16 499 1461485  2 38511985 94429 1.8 24 13 1 2 81% 5687 496 30%
c v 4111.31 67 16 499 1461485  2 38511985 94338 1.8 24 13 1 2 81% 5687 496 30%
c w 4111.31 67 16 499 1461485  2 38511985 94338 1.8 24 13 1 2 81% 5687 496 30%
c t 4111.31 67 16 499 1461485  2 38511985 94338 1.8 24 13 1 2 81% 5687 496 30%
c k 4111.31 67 16 499 1461485  2 38511985 94338 1.8 24 13 1 2 81% 5687 496 30%
c . 4131.99 67 16 500 1476499  2 38667137 196758 1.7 23 13 1 2 79% 5687 496 30%
c G 4132.01 67 16 500 1476499  2 38667137 96072 1.7 23 13 1 2 79% 5687 496 30%
c C 4132.03 67 16 500 1476499  2 38667137 96072 1.7 23 13 1 2 79% 5687 496 30%
c - 4132.03 67 16 500 1476499  2 38667137 96072 1.7 23 13 1 2 79% 5687 496 30%
c 2 4132.03 67 16 500 1476499  2 38667137 96072 1.7 23 13 1 2 79% 5687 496 30%
c d 4132.03 67 16 500 1476499  2 38667137 96072 1.7 23 13 1 2 79% 5687 496 30%
c p 4132.04 67 16 500 1476499  2 38667137 96072 1.7 23 13 1 2 79% 5687 496 30%
c c 4132.04 67 16 500 1476499  2 38667137 96072 1.7 23 13 1 2 79% 5687 496 30%
c k 4132.04 67 16 500 1476499  2 38667137 96072 1.7 23 13 1 2 79% 5687 496 30%
c 2 4132.04 67 16 500 1476499  2 38667137 96072 1.7 23 13 1 2 79% 5687 496 30%
c u 4132.28 67 16 500 1476499  2 38667137 95934 1.7 23 13 1 2 79% 5687 496 30%
c v 4132.51 67 16 500 1476499  2 38667137 95890 1.7 23 13 1 2 79% 5687 496 30%
c w 4132.51 67 16 500 1476499  2 38667137 95890 1.7 23 13 1 2 79% 5687 496 30%
c 
c   seconds    reductions       conflicts          size   tier2     variables
c           MB        restarts          redundant     glue   trail      remaining
c            level           rate            size/glue  tier1 irredundant
c 
c t 4132.51 67 16 500 1476499  2 38667137 95890 1.7 23 13 1 2 79% 5687 496 30%
c k 4132.51 67 16 500 1476499  2 38667137 95890 1.7 23 13 1 2 79% 5687 496 30%
c ~ 4145.19 67 15 500 1481213  1 38781433 163038 1.8 23 13 1 2 83% 5687 496 30%
c W 4149.82 67 15 500 1481213  1 38781434 163039 1.8 23 13 1 2 83% 5687 496 30%
c . 4155.98 67 15 501 1485952  1 38822595 191024 1.8 24 13 1 2 82% 5687 496 30%
c G 4155.99 67 15 501 1485952  1 38822595 94628 1.8 24 13 1 2 82% 5687 496 30%
c C 4156.02 67 15 501 1485952  1 38822595 94628 1.8 24 13 1 2 82% 5687 496 30%
c - 4156.02 67 15 501 1485952  1 38822595 94628 1.8 24 13 1 2 82% 5687 496 30%
c 2 4156.02 67 15 501 1485952  1 38822595 94628 1.8 24 13 1 2 82% 5687 496 30%
c d 4156.02 67 15 501 1485952  1 38822595 94628 1.8 24 13 1 2 82% 5687 496 30%
c p 4156.02 67 15 501 1485952  1 38822595 94628 1.8 24 13 1 2 82% 5687 496 30%
c k 4156.02 67 15 501 1485952  1 38822595 94628 1.8 24 13 1 2 82% 5687 496 30%
c 2 4156.02 67 15 501 1485952  1 38822595 94628 1.8 24 13 1 2 82% 5687 496 30%
c u 4156.28 67 15 501 1485952  1 38822595 94444 1.8 24 13 1 2 82% 5687 496 30%
c v 4156.48 67 15 501 1485952  1 38822595 94415 1.8 24 13 1 2 82% 5687 496 30%
c w 4156.48 67 15 501 1485952  1 38822595 94415 1.8 24 13 1 2 82% 5687 496 30%
c t 4156.48 67 15 501 1485952  1 38822595 94415 1.8 24 13 1 2 82% 5687 496 30%
c k 4156.48 67 15 501 1485952  1 38822595 94415 1.8 24 13 1 2 82% 5687 496 30%
c } 4166.27 67 16 501 1493044  2 38909080 154055 1.9 25 13 1 2 80% 5687 496 30%
c [ 4166.27 67 15 501 1493044  1 38909080 154055 1.8 24 13 1 2 87% 5687 496 30%
c 
c   seconds    reductions       conflicts           size   tier2     variables
c           MB        restarts          redundant      glue   trail      remaining
c            level           rate             size/glue  tier1 irredundant
c 
c . 4173.70 67 14 502 1493059  1 38978366 188037 1.7 22 13 1 2 83% 5687 496 30%
c G 4173.72 67 14 502 1493059  1 38978366 93543 1.7 22 13 1 2 83% 5687 496 30%
c C 4173.74 67 14 502 1493059  1 38978366 93543 1.7 22 13 1 2 83% 5687 496 30%
c - 4173.74 67 14 502 1493059  1 38978366 93543 1.7 22 13 1 2 83% 5687 496 30%
c 2 4173.74 67 14 502 1493059  1 38978366 93543 1.7 22 13 1 2 83% 5687 496 30%
c d 4173.74 67 14 502 1493059  1 38978366 93543 1.7 22 13 1 2 83% 5687 496 30%
c p 4173.74 67 14 502 1493059  1 38978366 93543 1.7 22 13 1 2 83% 5687 496 30%
c k 4173.74 67 14 502 1493059  1 38978366 93543 1.7 22 13 1 2 83% 5687 496 30%
c 2 4173.74 67 14 502 1493059  1 38978366 93543 1.7 22 13 1 2 83% 5687 496 30%
c u 4174.00 67 14 502 1493059  1 38978366 93350 1.7 22 13 1 2 83% 5687 496 30%
c v 4174.17 67 14 502 1493059  1 38978366 93321 1.7 22 13 1 2 83% 5687 496 30%
c w 4174.17 67 14 502 1493059  1 38978366 93321 1.7 22 13 1 2 83% 5687 496 30%
c t 4174.17 67 14 502 1493059  1 38978366 93321 1.7 22 13 1 2 83% 5687 496 30%
c k 4174.17 67 14 502 1493059  1 38978366 93321 1.7 22 13 1 2 83% 5687 496 30%
c ~ 4182.90 67 15 502 1493090  1 39060434 130303 1.6 22 14 1 2 84% 5687 496 30%
c O 4182.90 67 15 502 1493090  1 39060435 130304 1.6 22 14 1 2 84% 5687 496 30%
c . 4192.66 67 15 503 1493107  1 39134448 161771 1.6 22 14 1 2 86% 5687 496 30%
c G 4192.68 67 15 503 1493107  1 39134448 86490 1.6 22 14 1 2 86% 5687 496 30%
c C 4192.70 67 15 503 1493107  1 39134448 86490 1.6 22 14 1 2 86% 5687 496 30%
c - 4192.70 67 15 503 1493107  1 39134448 86490 1.6 22 14 1 2 86% 5687 496 30%
c 
c   seconds    reductions       conflicts          size   tier2     variables
c           MB        restarts          redundant     glue   trail      remaining
c            level           rate            size/glue  tier1 irredundant
c 
c 2 4192.70 67 15 503 1493107  1 39134448 86490 1.6 22 14 1 2 86% 5687 496 30%
c d 4192.70 67 15 503 1493107  1 39134448 86490 1.6 22 14 1 2 86% 5687 496 30%
c p 4192.70 67 15 503 1493107  1 39134448 86490 1.6 22 14 1 2 86% 5687 496 30%
c k 4192.70 67 15 503 1493107  1 39134448 86490 1.6 22 14 1 2 86% 5687 496 30%
c 2 4192.70 67 15 503 1493107  1 39134448 86490 1.6 22 14 1 2 86% 5687 496 30%
c u 4192.93 67 15 503 1493107  1 39134448 86170 1.6 22 14 1 2 86% 5687 496 30%
c v 4193.18 67 15 503 1493107  1 39134448 86149 1.6 22 14 1 2 86% 5687 496 30%
c w 4193.18 67 15 503 1493107  1 39134448 86148 1.6 22 14 1 2 86% 5687 496 30%
c t 4193.18 67 15 503 1493107  1 39134448 86148 1.6 22 14 1 2 86% 5687 496 30%
c k 4193.19 67 15 503 1493107  1 39134448 86148 1.6 22 14 1 2 86% 5687 496 30%
c . 4211.77 67 15 504 1493168  1 39290842 163139 1.6 22 14 1 2 87% 5687 496 30%
c G 4211.78 67 15 504 1493168  1 39290842 81718 1.6 22 14 1 2 87% 5687 496 30%
c C 4211.80 67 15 504 1493168  1 39290842 81718 1.6 22 14 1 2 87% 5687 496 30%
c - 4211.80 67 15 504 1493168  1 39290842 81718 1.6 22 14 1 2 87% 5687 496 30%
c 2 4211.80 67 15 504 1493168  1 39290842 81718 1.6 22 14 1 2 87% 5687 496 30%
c d 4211.80 67 15 504 1493168  1 39290842 81718 1.6 22 14 1 2 87% 5687 496 30%
c p 4211.80 67 15 504 1493168  1 39290842 81718 1.6 22 14 1 2 87% 5687 496 30%
c k 4211.80 67 15 504 1493168  1 39290842 81718 1.6 22 14 1 2 87% 5687 496 30%
c 2 4211.80 67 15 504 1493168  1 39290842 81718 1.6 22 14 1 2 87% 5687 496 30%
c u 4212.02 67 15 504 1493168  1 39290842 80263 1.6 22 14 1 2 87% 5687 496 30%
c 
c   seconds    reductions       conflicts          size   tier2     variables
c           MB        restarts          redundant     glue   trail      remaining
c            level           rate            size/glue  tier1 irredundant
c 
c v 4212.27 67 15 504 1493168  1 39290842 80243 1.6 22 14 1 2 87% 5687 496 30%
c w 4212.28 67 15 504 1493168  1 39290842 80243 1.6 22 14 1 2 87% 5687 496 30%
c t 4212.28 67 15 504 1493168  1 39290842 80243 1.6 22 14 1 2 87% 5687 496 30%
c k 4212.28 67 15 504 1493168  1 39290842 80243 1.6 22 14 1 2 87% 5687 496 30%
c ~ 4217.33 67 15 504 1493170  1 39340435 104601 1.6 22 14 1 2 87% 5687 496 30%
c B 4217.33 67 15 504 1493170  1 39340436 104602 1.6 22 14 1 2 87% 5687 496 30%
c . 4229.62 67 15 505 1493189  1 39447548 155019 1.6 22 14 1 2 87% 5687 496 30%
c G 4229.63 67 15 505 1493189  1 39447548 79217 1.6 22 14 1 2 87% 5687 496 30%
c C 4229.65 48 15 505 1493189  1 39447548 79217 1.6 22 14 1 2 87% 5687 496 30%
c - 4229.65 48 15 505 1493189  1 39447548 79217 1.6 22 14 1 2 87% 5687 496 30%
c 2 4229.65 48 15 505 1493189  1 39447548 79217 1.6 22 14 1 2 87% 5687 496 30%
c d 4229.65 48 15 505 1493189  1 39447548 79217 1.6 22 14 1 2 87% 5687 496 30%
c p 4229.66 48 15 505 1493189  1 39447548 79217 1.6 22 14 1 2 87% 5687 496 30%
c k 4229.66 48 15 505 1493189  1 39447548 79217 1.6 22 14 1 2 87% 5687 496 30%
c 2 4229.66 48 15 505 1493189  1 39447548 79217 1.6 22 14 1 2 87% 5687 496 30%
c u 4229.84 48 15 505 1493189  1 39447548 76621 1.6 22 14 1 2 87% 5687 496 30%
c v 4230.08 48 15 505 1493189  1 39447548 76558 1.6 22 14 1 2 87% 5687 496 30%
c w 4230.08 48 15 505 1493189  1 39447548 76558 1.6 22 14 1 2 87% 5687 496 30%
c t 4230.08 48 15 505 1493189  1 39447548 76558 1.6 22 14 1 2 87% 5687 496 30%
c k 4230.09 48 15 505 1493189  1 39447548 76558 1.6 22 14 1 2 87% 5687 496 30%
c 
c   seconds    reductions       conflicts           size   tier2     variables
c           MB        restarts          redundant      glue   trail      remaining
c            level           rate             size/glue  tier1 irredundant
c 
c . 4247.34 48 15 506 1493234  1 39604568 157474 1.7 23 14 1 2 86% 5687 496 30%
c G 4247.36 48 15 506 1493234  1 39604568 79230 1.7 23 14 1 2 86% 5687 496 30%
c C 4247.38 53 15 506 1493234  1 39604568 79230 1.7 23 14 1 2 86% 5687 496 30%
c - 4247.38 53 15 506 1493234  1 39604568 79230 1.7 23 14 1 2 86% 5687 496 30%
c 2 4247.38 53 15 506 1493234  1 39604568 79230 1.7 23 14 1 2 86% 5687 496 30%
c d 4247.38 53 15 506 1493234  1 39604568 79230 1.7 23 14 1 2 86% 5687 496 30%
c p 4247.38 53 15 506 1493234  1 39604568 79230 1.7 23 14 1 2 86% 5687 496 30%
c k 4247.38 53 15 506 1493234  1 39604568 79230 1.7 23 14 1 2 86% 5687 496 30%
c 2 4247.38 53 15 506 1493234  1 39604568 79230 1.7 23 14 1 2 86% 5687 496 30%
c u 4247.53 53 15 506 1493234  1 39604568 78349 1.7 23 14 1 2 86% 5687 496 30%
c v 4247.79 53 15 506 1493234  1 39604568 75857 1.7 23 14 1 2 86% 5687 496 30%
c w 4247.79 53 15 506 1493234  1 39604568 75857 1.7 23 14 1 2 86% 5687 496 30%
c t 4247.79 53 15 506 1493234  1 39604568 75857 1.7 23 14 1 2 86% 5687 496 30%
c k 4247.79 53 15 506 1493234  1 39604568 75857 1.7 23 14 1 2 86% 5687 496 30%
c ~ 4249.16 53 15 506 1493241  1 39621437 85548 1.7 23 14 1 2 86% 5687 496 30%
c W 4253.14 53 15 506 1493241  1 39621438 85549 1.7 23 14 1 2 86% 5687 496 30%
c ] 4262.48 53 15 506 1493279  1 39715353 126523 1.6 22 14 1 2 87% 5687 496 30%
c { 4262.48 53 16 506 1493279  2 39715353 126523 1.9 25 13 1 2 80% 5687 496 30%
c . 4267.75 53 15 507 1496316  2 39761898 158022 1.8 24 13 1 2 78% 5687 496 30%
c G 4267.76 53 15 507 1496316  2 39761898 81693 1.8 24 13 1 2 78% 5687 496 30%
c 
c   seconds    reductions       conflicts          size   tier2     variables
c           MB        restarts          redundant     glue   trail      remaining
c            level           rate            size/glue  tier1 irredundant
c 
c C 4267.79 59 15 507 1496316  2 39761898 81693 1.8 24 13 1 2 78% 5687 496 30%
c - 4267.79 59 15 507 1496316  2 39761898 81693 1.8 24 13 1 2 78% 5687 496 30%
c 2 4267.79 59 15 507 1496316  2 39761898 81693 1.8 24 13 1 2 78% 5687 496 30%
c d 4267.79 59 15 507 1496316  2 39761898 81693 1.8 24 13 1 2 78% 5687 496 30%
c p 4267.79 59 15 507 1496316  2 39761898 81693 1.8 24 13 1 2 78% 5687 496 30%
c k 4267.79 59 15 507 1496316  2 39761898 81693 1.8 24 13 1 2 78% 5687 496 30%
c 2 4267.79 59 15 507 1496316  2 39761898 81693 1.8 24 13 1 2 78% 5687 496 30%
c u 4267.92 59 15 507 1496316  2 39761898 81591 1.8 24 13 1 2 78% 5687 496 30%
c v 4268.16 59 15 507 1496316  2 39761898 79377 1.8 24 13 1 2 78% 5687 496 30%
c w 4268.24 59 15 507 1496316  2 39761898 78990 1.8 24 13 1 2 78% 5687 496 30%
c t 4268.24 59 15 507 1496316  2 39761898 78990 1.8 24 13 1 2 78% 5687 496 30%
c k 4268.24 59 15 507 1496316  2 39761898 78990 1.8 24 13 1 2 78% 5687 496 30%
c ~ 4283.99 59 15 507 1508966  2 39903439 167622 1.8 23 13 1 2 76% 5687 496 30%
c F 4284.00 59 15 507 1508966  2 39903440 167623 1.8 23 13 1 2 76% 5687 496 30%
c . 4286.13 59 15 508 1509601  2 39919540 175940 1.8 23 13 1 2 77% 5687 496 30%
c G 4286.14 59 15 508 1509601  2 39919540 88907 1.8 23 13 1 2 77% 5687 496 30%
c C 4286.17 64 15 508 1509601  2 39919540 88907 1.8 23 13 1 2 77% 5687 496 30%
c - 4286.17 64 15 508 1509601  2 39919540 88907 1.8 23 13 1 2 77% 5687 496 30%
c 2 4286.17 64 15 508 1509601  2 39919540 88907 1.8 23 13 1 2 77% 5687 496 30%
c d 4286.17 64 15 508 1509601  2 39919540 88907 1.8 23 13 1 2 77% 5687 496 30%
c 
c   seconds    reductions       conflicts          size   tier2     variables
c           MB        restarts          redundant     glue   trail      remaining
c            level           rate            size/glue  tier1 irredundant
c 
c p 4286.17 64 15 508 1509601  2 39919540 88907 1.8 23 13 1 2 77% 5687 496 30%
c k 4286.17 64 15 508 1509601  2 39919540 88907 1.8 23 13 1 2 77% 5687 496 30%
c 2 4286.17 64 15 508 1509601  2 39919540 88907 1.8 23 13 1 2 77% 5687 496 30%
c u 4286.31 64 15 508 1509601  2 39919540 88893 1.8 23 13 1 2 77% 5687 496 30%
c v 4286.58 64 15 508 1509601  2 39919540 88777 1.8 23 13 1 2 77% 5687 496 30%
c w 4286.66 64 15 508 1509601  2 39919540 88392 1.8 23 13 1 2 77% 5687 496 30%
c t 4286.66 64 15 508 1509601  2 39919540 88392 1.8 23 13 1 2 77% 5687 496 30%
c k 4286.66 64 15 508 1509601  2 39919540 88392 1.8 23 13 1 2 77% 5687 496 30%
c . 4303.46 64 14 509 1520572  1 40077494 181540 1.6 20 12 1 2 71% 5687 496 30%
c G 4303.48 64 14 509 1520572  1 40077494 91057 1.6 20 12 1 2 71% 5687 496 30%
c C 4303.50 64 14 509 1520572  1 40077494 91057 1.6 20 12 1 2 71% 5687 496 30%
c - 4303.50 64 14 509 1520572  1 40077494 91057 1.6 20 12 1 2 71% 5687 496 30%
c 2 4303.50 64 14 509 1520572  1 40077494 91057 1.6 20 12 1 2 71% 5687 496 30%
c d 4303.50 64 14 509 1520572  1 40077494 91057 1.6 20 12 1 2 71% 5687 496 30%
c p 4303.50 64 14 509 1520572  1 40077494 91057 1.6 20 12 1 2 71% 5687 496 30%
c k 4303.50 64 14 509 1520572  1 40077494 91057 1.6 20 12 1 2 71% 5687 496 30%
c 2 4303.50 64 14 509 1520572  1 40077494 91057 1.6 20 12 1 2 71% 5687 496 30%
c u 4303.64 64 14 509 1520572  1 40077494 91055 1.6 20 12 1 2 71% 5687 496 30%
c v 4303.89 64 14 509 1520572  1 40077494 90872 1.6 20 12 1 2 71% 5687 496 30%
c w 4303.89 64 14 509 1520572  1 40077494 90872 1.6 20 12 1 2 71% 5687 496 30%
c 
c   seconds    reductions       conflicts          size   tier2     variables
c           MB        restarts          redundant     glue   trail      remaining
c            level           rate            size/glue  tier1 irredundant
c 
c t 4303.89 64 14 509 1520572  1 40077494 90872 1.6 20 12 1 2 71% 5687 496 30%
c k 4303.89 64 14 509 1520572  1 40077494 90872 1.6 20 12 1 2 71% 5687 496 30%
c ~ 4314.94 64 14 509 1528662  1 40186440 157823 1.7 20 12 1 2 71% 5687 496 30%
c B 4314.95 64 14 509 1528662  1 40186441 157824 1.7 20 12 1 2 71% 5687 496 30%
c . 4322.48 64 15 510 1535230  2 40235760 190245 1.7 22 13 1 2 74% 5687 496 30%
c G 4322.49 64 15 510 1535230  2 40235760 93582 1.7 22 13 1 2 74% 5687 496 30%
c C 4322.52 64 15 510 1535230  2 40235760 93582 1.7 22 13 1 2 74% 5687 496 30%
c - 4322.52 64 15 510 1535230  2 40235760 93582 1.7 22 13 1 2 74% 5687 496 30%
c 2 4322.52 64 15 510 1535230  2 40235760 93582 1.7 22 13 1 2 74% 5687 496 30%
c d 4322.52 64 15 510 1535230  2 40235760 93582 1.7 22 13 1 2 74% 5687 496 30%
c p 4322.52 64 15 510 1535230  2 40235760 93582 1.7 22 13 1 2 74% 5687 496 30%
c k 4322.52 64 15 510 1535230  2 40235760 93582 1.7 22 13 1 2 74% 5687 496 30%
c 2 4322.52 64 15 510 1535230  2 40235760 93582 1.7 22 13 1 2 74% 5687 496 30%
c u 4322.66 64 15 510 1535230  2 40235760 93576 1.7 22 13 1 2 74% 5687 496 30%
c v 4322.95 64 15 510 1535230  2 40235760 93529 1.7 22 13 1 2 74% 5687 496 30%
c w 4322.95 64 15 510 1535230  2 40235760 93529 1.7 22 13 1 2 74% 5687 496 30%
c t 4322.95 64 15 510 1535230  2 40235760 93529 1.7 22 13 1 2 74% 5687 496 30%
c k 4322.95 64 15 510 1535230  2 40235760 93529 1.7 22 13 1 2 74% 5687 496 30%
c . 4344.46 64 15 511 1550978  2 40394340 204983 1.9 24 13 1 2 77% 5687 496 30%
c G 4344.48 64 15 511 1550978  2 40394340 98865 1.9 24 13 1 2 77% 5687 496 30%
c 
c   seconds    reductions       conflicts          size   tier2     variables
c           MB        restarts          redundant     glue   trail      remaining
c            level           rate            size/glue  tier1 irredundant
c 
c C 4344.50 69 15 511 1550978  2 40394340 98865 1.9 24 13 1 2 77% 5687 496 30%
c - 4344.50 69 15 511 1550978  2 40394340 98865 1.9 24 13 1 2 77% 5687 496 30%
c 2 4344.51 69 15 511 1550978  2 40394340 98865 1.9 24 13 1 2 77% 5687 496 30%
c d 4344.51 69 15 511 1550978  2 40394340 98865 1.9 24 13 1 2 77% 5687 496 30%
c p 4344.51 69 15 511 1550978  2 40394340 98865 1.9 24 13 1 2 77% 5687 496 30%
c k 4344.51 69 15 511 1550978  2 40394340 98865 1.9 24 13 1 2 77% 5687 496 30%
c 2 4344.51 69 15 511 1550978  2 40394340 98865 1.9 24 13 1 2 77% 5687 496 30%
c u 4344.66 69 15 511 1550978  2 40394340 98854 1.9 24 13 1 2 77% 5687 496 30%
c v 4344.85 69 15 511 1550978  2 40394340 98818 1.9 24 13 1 2 77% 5687 496 30%
c w 4344.86 69 15 511 1550978  2 40394340 98818 1.9 24 13 1 2 77% 5687 496 30%
c x 4344.92 69 15 511 1550978  2 40394340 98814 1.9 24 13 1 2 77% 5683 496 30%
c t 4344.92 69 15 511 1550978  2 40394340 98814 1.9 24 13 1 2 77% 5683 496 30%
c k 4344.92 69 15 511 1550978  2 40394340 98814 1.9 24 13 1 2 77% 5683 496 30%
c 2 4344.92 69 15 511 1550978  2 40394340 98814 1.9 24 13 1 2 77% 5683 496 30%
c f 4344.92 69 15 511 1550978  2 40394340 98814 1.9 24 13 1 2 77% 5683 496 30%
c s 4345.41 69 15 511 1550978  2 40394340 96824 1.9 24 13 1 2 77% 5679 496 30%
c t 4345.41 69 15 511 1550978  2 40394340 96824 1.9 24 13 1 2 77% 5679 496 30%
c e 4345.41 69 15 511 1550978  2 40394340 96824 1.9 24 13 1 2 77% 5679 496 30%
c s 4345.53 69 15 511 1550978  2 40394340 96802 1.9 24 13 1 2 77% 5679 496 30%
c ~ 4354.28 69 15 511 1558520  2 40470441 146622 1.8 24 13 1 2 79% 5679 496 30%
c 
c   seconds    reductions       conflicts           size   tier2     variables
c           MB        restarts          redundant      glue   trail      remaining
c            level           rate             size/glue  tier1 irredundant
c 
c W 4358.79 69 15 511 1558520  2 40470442 146623 1.8 24 13 1 2 79% 5679 496 30%
c . 4371.36 69 15 512 1562857  1 40553232 199085 1.9 24 13 1 2 81% 5679 496 30%
c G 4371.38 69 15 512 1562857  1 40553232 98351 1.9 24 13 1 2 81% 5679 496 30%
c C 4371.40 69 15 512 1562857  1 40553232 98351 1.9 24 13 1 2 81% 5679 496 30%
c - 4371.40 69 15 512 1562857  1 40553232 98351 1.9 24 13 1 2 81% 5679 496 30%
c 2 4371.40 69 15 512 1562857  1 40553232 98351 1.9 24 13 1 2 81% 5679 496 30%
c d 4371.40 69 15 512 1562857  1 40553232 98351 1.9 24 13 1 2 81% 5679 496 30%
c p 4371.41 69 15 512 1562857  1 40553232 98351 1.9 24 13 1 2 81% 5679 496 30%
c k 4371.41 69 15 512 1562857  1 40553232 98351 1.9 24 13 1 2 81% 5679 496 30%
c 2 4371.41 69 15 512 1562857  1 40553232 98351 1.9 24 13 1 2 81% 5679 496 30%
c = 4372.34 69 15 512 1562857  1 40553232 98351 1.9 24 13 1 2 81% 5679 496 30%
c u 4372.49 69 15 512 1562857  1 40553232 98344 1.9 24 13 1 2 81% 5679 496 30%
c v 4372.80 69 15 512 1562857  1 40553232 98283 1.9 24 13 1 2 81% 5679 496 30%
c w 4372.80 69 15 512 1562857  1 40553232 98283 1.9 24 13 1 2 81% 5679 496 30%
c t 4372.81 69 15 512 1562857  1 40553232 98283 1.9 24 13 1 2 81% 5679 496 30%
c k 4372.81 69 15 512 1562857  1 40553232 98283 1.9 24 13 1 2 81% 5679 496 30%
c 2 4372.81 69 15 512 1562857  1 40553232 98283 1.9 24 13 1 2 81% 5679 496 30%
c f 4372.81 69 15 512 1562857  1 40553232 98283 1.9 24 13 1 2 81% 5679 496 30%
c } 4373.49 69 15 512 1564246  2 40558568 102577 1.9 24 13 1 2 81% 5679 496 30%
c [ 4373.49 69 15 512 1564246  1 40558568 102577 1.6 22 14 1 2 87% 5679 496 30%
c 
c   seconds    reductions       conflicts           size   tier2     variables
c           MB        restarts          redundant      glue   trail      remaining
c            level           rate             size/glue  tier1 irredundant
c 
c . 4390.20 69 13 513 1564265  1 40712436 174085 1.6 20 12 1 2 80% 5679 496 30%
c G 4390.22 69 13 513 1564265  1 40712436 90875 1.6 20 12 1 2 80% 5679 496 30%
c C 4390.24 69 13 513 1564265  1 40712436 90875 1.6 20 12 1 2 80% 5679 496 30%
c - 4390.24 69 13 513 1564265  1 40712436 90875 1.6 20 12 1 2 80% 5679 496 30%
c 2 4390.24 69 13 513 1564265  1 40712436 90875 1.6 20 12 1 2 80% 5679 496 30%
c d 4390.24 69 13 513 1564265  1 40712436 90875 1.6 20 12 1 2 80% 5679 496 30%
c p 4390.24 69 13 513 1564265  1 40712436 90875 1.6 20 12 1 2 80% 5679 496 30%
c k 4390.24 69 13 513 1564265  1 40712436 90875 1.6 20 12 1 2 80% 5679 496 30%
c 2 4390.24 69 13 513 1564265  1 40712436 90875 1.6 20 12 1 2 80% 5679 496 30%
c u 4390.38 69 13 513 1564265  1 40712436 90874 1.6 20 12 1 2 80% 5679 496 30%
c v 4390.66 69 13 513 1564265  1 40712436 90847 1.6 20 12 1 2 80% 5679 496 30%
c w 4390.67 69 13 513 1564265  1 40712436 90847 1.6 20 12 1 2 80% 5679 496 30%
c t 4390.67 69 13 513 1564265  1 40712436 90847 1.6 20 12 1 2 80% 5679 496 30%
c k 4390.67 69 13 513 1564265  1 40712436 90847 1.6 20 12 1 2 80% 5679 496 30%
c ~ 4395.32 69 14 513 1564266  1 40755444 112724 1.6 21 13 1 2 82% 5679 496 30%
c I 4395.32 69 14 513 1564266  1 40755445 112725 1.6 21 13 1 2 82% 5679 496 30%
c . 4407.52 69 14 514 1564267  1 40871951 170291 1.6 20 12 1 2 86% 5679 496 30%
c G 4407.54 69 14 514 1564267  1 40871951 84760 1.6 20 12 1 2 86% 5679 496 30%
c C 4407.56 69 14 514 1564267  1 40871951 84760 1.6 20 12 1 2 86% 5679 496 30%
c - 4407.56 69 14 514 1564267  1 40871951 84760 1.6 20 12 1 2 86% 5679 496 30%
c 
c   seconds    reductions       conflicts          size   tier2     variables
c           MB        restarts          redundant     glue   trail      remaining
c            level           rate            size/glue  tier1 irredundant
c 
c 2 4407.56 69 14 514 1564267  1 40871951 84760 1.6 20 12 1 2 86% 5679 496 30%
c d 4407.56 69 14 514 1564267  1 40871951 84760 1.6 20 12 1 2 86% 5679 496 30%
c p 4407.56 69 14 514 1564267  1 40871951 84760 1.6 20 12 1 2 86% 5679 496 30%
c k 4407.56 69 14 514 1564267  1 40871951 84760 1.6 20 12 1 2 86% 5679 496 30%
c 2 4407.56 69 14 514 1564267  1 40871951 84760 1.6 20 12 1 2 86% 5679 496 30%
c u 4407.72 69 14 514 1564267  1 40871951 84679 1.6 20 12 1 2 86% 5679 496 30%
c v 4408.00 69 14 514 1564267  1 40871951 82582 1.6 20 12 1 2 86% 5679 496 30%
c w 4408.00 69 14 514 1564267  1 40871951 82582 1.6 20 12 1 2 86% 5679 496 30%
c t 4408.00 69 14 514 1564267  1 40871951 82582 1.6 20 12 1 2 86% 5679 496 30%
c k 4408.00 69 14 514 1564267  1 40871951 82582 1.6 20 12 1 2 86% 5679 496 30%
c . 4424.78 69 14 515 1564267  1 41031778 166075 1.8 22 12 1 2 87% 5679 496 30%
c G 4424.79 69 14 515 1564267  1 41031778 83200 1.8 22 12 1 2 87% 5679 496 30%
c C 4424.81 69 14 515 1564267  1 41031778 83200 1.8 22 12 1 2 87% 5679 496 30%
c - 4424.81 69 14 515 1564267  1 41031778 83200 1.8 22 12 1 2 87% 5679 496 30%
c 2 4424.81 69 14 515 1564267  1 41031778 83200 1.8 22 12 1 2 87% 5679 496 30%
c d 4424.81 69 14 515 1564267  1 41031778 83200 1.8 22 12 1 2 87% 5679 496 30%
c p 4424.81 69 14 515 1564267  1 41031778 83200 1.8 22 12 1 2 87% 5679 496 30%
c k 4424.81 69 14 515 1564267  1 41031778 83200 1.8 22 12 1 2 87% 5679 496 30%
c 2 4424.81 69 14 515 1564267  1 41031778 83200 1.8 22 12 1 2 87% 5679 496 30%
c u 4424.99 69 14 515 1564267  1 41031778 83085 1.8 22 12 1 2 87% 5679 496 30%
c 
c   seconds    reductions       conflicts          size   tier2     variables
c           MB        restarts          redundant     glue   trail      remaining
c            level           rate            size/glue  tier1 irredundant
c 
c v 4425.24 69 14 515 1564267  1 41031778 80823 1.8 22 12 1 2 87% 5679 496 30%
c w 4425.24 69 14 515 1564267  1 41031778 80823 1.8 22 12 1 2 87% 5679 496 30%
c t 4425.24 69 14 515 1564267  1 41031778 80823 1.8 22 12 1 2 87% 5679 496 30%
c k 4425.24 69 14 515 1564267  1 41031778 80823 1.8 22 12 1 2 87% 5679 496 30%
c ~ 4426.00 69 13 515 1564267  1 41041445 86300 1.8 22 12 1 2 87% 5679 496 30%
c B 4426.00 69 13 515 1564267  1 41041446 86301 1.8 22 12 1 2 87% 5679 496 30%
c . 4441.81 69 15 516 1564268  1 41191919 177198 1.8 25 14 1 2 87% 5679 496 30%
c G 4441.82 69 15 516 1564268  1 41191919 85111 1.8 25 14 1 2 87% 5679 496 30%
c C 4441.84 69 15 516 1564268  1 41191919 85111 1.8 25 14 1 2 87% 5679 496 30%
c - 4441.84 69 15 516 1564268  1 41191919 85111 1.8 25 14 1 2 87% 5679 496 30%
c 2 4441.85 69 15 516 1564268  1 41191919 85111 1.8 25 14 1 2 87% 5679 496 30%
c d 4441.85 69 15 516 1564268  1 41191919 85111 1.8 25 14 1 2 87% 5679 496 30%
c p 4441.85 69 15 516 1564268  1 41191919 85111 1.8 25 14 1 2 87% 5679 496 30%
c k 4441.85 69 15 516 1564268  1 41191919 85111 1.8 25 14 1 2 87% 5679 496 30%
c 2 4441.85 69 15 516 1564268  1 41191919 85111 1.8 25 14 1 2 87% 5679 496 30%
c u 4442.04 69 15 516 1564268  1 41191919 84996 1.8 25 14 1 2 87% 5679 496 30%
c v 4442.27 69 15 516 1564268  1 41191919 83354 1.8 25 14 1 2 87% 5679 496 30%
c w 4442.36 69 15 516 1564268  1 41191919 83104 1.8 25 14 1 2 87% 5679 496 30%
c t 4442.36 69 15 516 1564268  1 41191919 83104 1.8 25 14 1 2 87% 5679 496 30%
c k 4442.36 69 15 516 1564268  1 41191919 83104 1.8 25 14 1 2 87% 5679 496 30%
c 
c   seconds    reductions       conflicts           size   tier2     variables
c           MB        restarts          redundant      glue   trail      remaining
c            level           rate             size/glue  tier1 irredundant
c 
c ~ 4457.17 69 14 516 1564268  1 41328446 153825 1.8 23 13 1 2 87% 5679 496 30%
c W 4461.00 69 14 516 1564268  1 41328447 153826 1.8 23 13 1 2 87% 5679 496 30%
c . 4464.00 69 14 517 1564268  1 41352372 165839 1.8 23 13 1 2 87% 5679 496 30%
c G 4464.01 69 14 517 1564268  1 41352372 82026 1.8 23 13 1 2 87% 5679 496 30%
c C 4464.03 69 14 517 1564268  1 41352372 82026 1.8 23 13 1 2 87% 5679 496 30%
c - 4464.03 69 14 517 1564268  1 41352372 82026 1.8 23 13 1 2 87% 5679 496 30%
c 2 4464.03 69 14 517 1564268  1 41352372 82026 1.8 23 13 1 2 87% 5679 496 30%
c d 4464.03 69 14 517 1564268  1 41352372 82026 1.8 23 13 1 2 87% 5679 496 30%
c p 4464.04 69 14 517 1564268  1 41352372 82026 1.8 23 13 1 2 87% 5679 496 30%
c k 4464.04 69 14 517 1564268  1 41352372 82026 1.8 23 13 1 2 87% 5679 496 30%
c 2 4464.04 69 14 517 1564268  1 41352372 82026 1.8 23 13 1 2 87% 5679 496 30%
c u 4464.24 69 14 517 1564268  1 41352372 81922 1.8 23 13 1 2 87% 5679 496 30%
c v 4464.47 69 14 517 1564268  1 41352372 81875 1.8 23 13 1 2 87% 5679 496 30%
c w 4464.48 69 14 517 1564268  1 41352372 81875 1.8 23 13 1 2 87% 5679 496 30%
c t 4464.48 69 14 517 1564268  1 41352372 81875 1.8 23 13 1 2 87% 5679 496 30%
c k 4464.48 69 14 517 1564268  1 41352372 81875 1.8 23 13 1 2 87% 5679 496 30%
c ] 4473.90 69 14 517 1564268  1 41444158 132662 1.9 24 13 1 2 87% 5679 496 30%
c { 4473.90 69 15 517 1564268  2 41444158 132662 1.9 24 13 1 2 81% 5679 496 30%
c . 4483.11 69 15 518 1569707  2 41513137 175282 1.8 24 13 1 2 82% 5679 496 30%
c G 4483.13 69 15 518 1569707  2 41513137 90988 1.8 24 13 1 2 82% 5679 496 30%
c 
c   seconds    reductions       conflicts          size   tier2     variables
c           MB        restarts          redundant     glue   trail      remaining
c            level           rate            size/glue  tier1 irredundant
c 
c C 4483.15 69 15 518 1569707  2 41513137 90988 1.8 24 13 1 2 82% 5679 496 30%
c - 4483.15 69 15 518 1569707  2 41513137 90988 1.8 24 13 1 2 82% 5679 496 30%
c 2 4483.15 69 15 518 1569707  2 41513137 90988 1.8 24 13 1 2 82% 5679 496 30%
c d 4483.15 69 15 518 1569707  2 41513137 90988 1.8 24 13 1 2 82% 5679 496 30%
c p 4483.16 69 15 518 1569707  2 41513137 90988 1.8 24 13 1 2 82% 5679 496 30%
c k 4483.16 69 15 518 1569707  2 41513137 90988 1.8 24 13 1 2 82% 5679 496 30%
c 2 4483.16 69 15 518 1569707  2 41513137 90988 1.8 24 13 1 2 82% 5679 496 30%
c u 4483.38 69 15 518 1569707  2 41513137 90875 1.8 24 13 1 2 82% 5679 496 30%
c v 4483.60 69 15 518 1569707  2 41513137 90854 1.8 24 13 1 2 82% 5679 496 30%
c w 4483.70 69 15 518 1569707  2 41513137 90450 1.8 24 13 1 2 82% 5679 496 30%
c t 4483.70 69 15 518 1569707  2 41513137 90450 1.8 24 13 1 2 82% 5679 496 30%
c k 4483.70 69 15 518 1569707  2 41513137 90450 1.8 24 13 1 2 82% 5679 496 30%
c ~ 4494.74 69 15 518 1577961  1 41616447 156266 1.9 24 13 1 2 81% 5679 496 30%
c # 4494.74 69 15 518 1577961  1 41616448 156267 1.9 24 13 1 2 81% 5679 496 30%
c . 4501.78 69 14 519 1581291  1 41674213 189492 1.8 23 13 1 2 81% 5679 496 30%
c G 4501.80 69 14 519 1581291  1 41674213 96794 1.8 23 13 1 2 81% 5679 496 30%
c C 4501.82 69 14 519 1581291  1 41674213 96794 1.8 23 13 1 2 81% 5679 496 30%
c - 4501.82 69 14 519 1581291  1 41674213 96794 1.8 23 13 1 2 81% 5679 496 30%
c 2 4501.82 69 14 519 1581291  1 41674213 96794 1.8 23 13 1 2 81% 5679 496 30%
c d 4501.82 69 14 519 1581291  1 41674213 96794 1.8 23 13 1 2 81% 5679 496 30%
c 
c   seconds    reductions       conflicts          size   tier2     variables
c           MB        restarts          redundant     glue   trail      remaining
c            level           rate            size/glue  tier1 irredundant
c 
c p 4501.83 69 14 519 1581291  1 41674213 96794 1.8 23 13 1 2 81% 5679 496 30%
c k 4501.83 69 14 519 1581291  1 41674213 96794 1.8 23 13 1 2 81% 5679 496 30%
c 2 4501.83 69 14 519 1581291  1 41674213 96794 1.8 23 13 1 2 81% 5679 496 30%
c u 4502.07 69 14 519 1581291  1 41674213 96650 1.8 23 13 1 2 81% 5679 496 30%
c v 4502.27 69 14 519 1581291  1 41674213 96507 1.8 23 13 1 2 81% 5679 496 30%
c w 4502.36 69 14 519 1581291  1 41674213 95825 1.8 23 13 1 2 81% 5679 496 30%
c t 4502.36 69 14 519 1581291  1 41674213 95825 1.8 23 13 1 2 81% 5679 496 30%
c k 4502.36 69 14 519 1581291  1 41674213 95825 1.8 23 13 1 2 81% 5679 496 30%
c 2 4502.36 69 14 519 1581291  1 41674213 95825 1.8 23 13 1 2 81% 5679 496 30%
c f 4502.36 69 14 519 1581291  1 41674213 95825 1.8 23 13 1 2 81% 5679 496 30%
c . 4522.44 69 15 520 1596394  2 41835601 190409 1.7 23 13 1 2 81% 5679 496 30%
c G 4522.45 69 15 520 1596394  2 41835601 97219 1.7 23 13 1 2 81% 5679 496 30%
c C 4522.48 69 15 520 1596394  2 41835601 97219 1.7 23 13 1 2 81% 5679 496 30%
c - 4522.48 69 15 520 1596394  2 41835601 97219 1.7 23 13 1 2 81% 5679 496 30%
c 2 4522.48 69 15 520 1596394  2 41835601 97219 1.7 23 13 1 2 81% 5679 496 30%
c d 4522.48 69 15 520 1596394  2 41835601 97219 1.7 23 13 1 2 81% 5679 496 30%
c p 4522.48 69 15 520 1596394  2 41835601 97219 1.7 23 13 1 2 81% 5679 496 30%
c k 4522.48 69 15 520 1596394  2 41835601 97219 1.7 23 13 1 2 81% 5679 496 30%
c 2 4522.48 69 15 520 1596394  2 41835601 97219 1.7 23 13 1 2 81% 5679 496 30%
c u 4522.75 69 15 520 1596394  2 41835601 97068 1.7 23 13 1 2 81% 5679 496 30%
c 
c   seconds    reductions       conflicts          size   tier2     variables
c           MB        restarts          redundant     glue   trail      remaining
c            level           rate            size/glue  tier1 irredundant
c 
c v 4522.96 69 15 520 1596394  2 41835601 96907 1.7 23 13 1 2 81% 5679 496 30%
c w 4522.96 69 15 520 1596394  2 41835601 96907 1.7 23 13 1 2 81% 5679 496 30%
c t 4522.96 69 15 520 1596394  2 41835601 96907 1.7 23 13 1 2 81% 5679 496 30%
c k 4522.96 69 15 520 1596394  2 41835601 96907 1.7 23 13 1 2 81% 5679 496 30%
c ~ 4530.85 69 15 520 1601304  1 41905449 141340 1.8 24 13 1 2 81% 5679 496 30%
c B 4530.85 69 15 520 1601304  1 41905450 141341 1.8 24 13 1 2 81% 5679 496 30%
c . 4542.28 69 15 521 1606389  1 41997303 192168 1.7 22 13 1 2 82% 5679 496 30%
c G 4542.29 69 15 521 1606389  1 41997303 97521 1.7 22 13 1 2 82% 5679 496 30%
c C 4542.32 69 15 521 1606389  1 41997303 97521 1.7 22 13 1 2 82% 5679 496 30%
c - 4542.32 69 15 521 1606389  1 41997303 97521 1.7 22 13 1 2 82% 5679 496 30%
c 2 4542.32 69 15 521 1606389  1 41997303 97521 1.7 22 13 1 2 82% 5679 496 30%
c d 4542.32 69 15 521 1606389  1 41997303 97521 1.7 22 13 1 2 82% 5679 496 30%
c p 4542.32 69 15 521 1606389  1 41997303 97521 1.7 22 13 1 2 82% 5679 496 30%
c k 4542.32 69 15 521 1606389  1 41997303 97521 1.7 22 13 1 2 82% 5679 496 30%
c 2 4542.32 69 15 521 1606389  1 41997303 97521 1.7 22 13 1 2 82% 5679 496 30%
c u 4542.59 69 15 521 1606389  1 41997303 97365 1.7 22 13 1 2 82% 5679 496 30%
c v 4542.80 69 15 521 1606389  1 41997303 97339 1.7 22 13 1 2 82% 5679 496 30%
c w 4542.80 69 15 521 1606389  1 41997303 97339 1.7 22 13 1 2 82% 5679 496 30%
c t 4542.80 69 15 521 1606389  1 41997303 97339 1.7 22 13 1 2 82% 5679 496 30%
c k 4542.80 69 15 521 1606389  1 41997303 97339 1.7 22 13 1 2 82% 5679 496 30%
c 
c   seconds    reductions       conflicts           size   tier2     variables
c           MB        restarts          redundant      glue   trail      remaining
c            level           rate             size/glue  tier1 irredundant
c 
c . 4563.78 69 15 522 1616076  1 42159317 204445 1.9 24 13 1 2 82% 5679 496 30%
c G 4563.80 69 15 522 1616076  1 42159317 101531 1.9 24 13 1 2 82% 5679 496 30%
c C 4563.82 70 15 522 1616076  1 42159317 101531 1.9 24 13 1 2 82% 5679 496 30%
c - 4563.82 70 15 522 1616076  1 42159317 101531 1.9 24 13 1 2 82% 5679 496 30%
c 2 4563.82 70 15 522 1616076  1 42159317 101531 1.9 24 13 1 2 82% 5679 496 30%
c d 4563.82 70 15 522 1616076  1 42159317 101531 1.9 24 13 1 2 82% 5679 496 30%
c p 4563.83 70 15 522 1616076  1 42159317 101531 1.9 24 13 1 2 82% 5679 496 30%
c k 4563.83 70 15 522 1616076  1 42159317 101531 1.9 24 13 1 2 82% 5679 496 30%
c 2 4563.83 70 15 522 1616076  1 42159317 101531 1.9 24 13 1 2 82% 5679 496 30%
c u 4564.10 70 15 522 1616076  1 42159317 101280 1.9 24 13 1 2 82% 5679 496 30%
c v 4564.34 70 15 522 1616076  1 42159317 101240 1.9 24 13 1 2 82% 5679 496 30%
c w 4564.34 70 15 522 1616076  1 42159317 101240 1.9 24 13 1 2 82% 5679 496 30%
c t 4564.34 70 15 522 1616076  1 42159317 101240 1.9 24 13 1 2 82% 5679 496 30%
c k 4564.34 70 15 522 1616076  1 42159317 101240 1.9 24 13 1 2 82% 5679 496 30%
c ~ 4568.23 70 14 522 1617272  1 42195451 119462 1.8 22 12 1 2 83% 5679 496 30%
c W 4573.04 70 14 522 1617272  1 42195452 119463 1.8 22 12 1 2 83% 5679 496 30%
c } 4584.26 70 15 522 1627591  2 42280123 171474 1.7 22 13 1 2 81% 5679 496 30%
c [ 4584.26 70 14 522 1627591  1 42280123 171474 1.9 24 13 1 2 87% 5679 496 30%
c . 4589.34 70 14 523 1627591  1 42321642 188634 1.8 23 13 1 2 86% 5679 496 30%
c G 4589.36 70 14 523 1627591  1 42321642 97583 1.8 23 13 1 2 86% 5679 496 30%
c 
c   seconds    reductions       conflicts          size   tier2     variables
c           MB        restarts          redundant     glue   trail      remaining
c            level           rate            size/glue  tier1 irredundant
c 
c C 4589.38 70 14 523 1627591  1 42321642 97583 1.8 23 13 1 2 86% 5679 496 30%
c - 4589.38 70 14 523 1627591  1 42321642 97583 1.8 23 13 1 2 86% 5679 496 30%
c 2 4589.38 70 14 523 1627591  1 42321642 97583 1.8 23 13 1 2 86% 5679 496 30%
c d 4589.38 70 14 523 1627591  1 42321642 97583 1.8 23 13 1 2 86% 5679 496 30%
c p 4589.38 70 14 523 1627591  1 42321642 97583 1.8 23 13 1 2 86% 5679 496 30%
c k 4589.38 70 14 523 1627591  1 42321642 97583 1.8 23 13 1 2 86% 5679 496 30%
c 2 4589.39 70 14 523 1627591  1 42321642 97583 1.8 23 13 1 2 86% 5679 496 30%
c u 4589.63 70 14 523 1627591  1 42321642 96699 1.8 23 13 1 2 86% 5679 496 30%
c v 4589.88 70 14 523 1627591  1 42321642 96676 1.8 23 13 1 2 86% 5679 496 30%
c w 4589.88 70 14 523 1627591  1 42321642 96676 1.8 23 13 1 2 86% 5679 496 30%
c t 4589.88 70 14 523 1627591  1 42321642 96676 1.8 23 13 1 2 86% 5679 496 30%
c k 4589.88 70 14 523 1627591  1 42321642 96676 1.8 23 13 1 2 86% 5679 496 30%
c . 4609.61 70 15 524 1627592  1 42484280 178823 1.9 25 13 1 2 87% 5679 496 30%
c G 4609.62 70 15 524 1627592  1 42484280 93317 1.9 25 13 1 2 87% 5679 496 30%
c C 4609.65 70 15 524 1627592  1 42484280 93317 1.9 25 13 1 2 87% 5679 496 30%
c - 4609.65 70 15 524 1627592  1 42484280 93317 1.9 25 13 1 2 87% 5679 496 30%
c 2 4609.65 70 15 524 1627592  1 42484280 93317 1.9 25 13 1 2 87% 5679 496 30%
c d 4609.65 70 15 524 1627592  1 42484280 93317 1.9 25 13 1 2 87% 5679 496 30%
c p 4609.65 70 15 524 1627592  1 42484280 93317 1.9 25 13 1 2 87% 5679 496 30%
c k 4609.65 70 15 524 1627592  1 42484280 93317 1.9 25 13 1 2 87% 5679 496 30%
c 
c   seconds    reductions       conflicts          size   tier2     variables
c           MB        restarts          redundant     glue   trail      remaining
c            level           rate            size/glue  tier1 irredundant
c 
c 2 4609.65 70 15 524 1627592  1 42484280 93317 1.9 25 13 1 2 87% 5679 496 30%
c u 4609.87 70 15 524 1627592  1 42484280 90632 1.9 25 13 1 2 87% 5679 496 30%
c v 4610.16 70 15 524 1627592  1 42484280 90620 1.9 25 13 1 2 87% 5679 496 30%
c w 4610.17 70 15 524 1627592  1 42484280 90620 1.9 25 13 1 2 87% 5679 496 30%
c t 4610.17 70 15 524 1627592  1 42484280 90620 1.9 25 13 1 2 87% 5679 496 30%
c k 4610.17 70 15 524 1627592  1 42484280 90620 1.9 25 13 1 2 87% 5679 496 30%
c ~ 4610.42 70 15 524 1627592  1 42486453 92005 1.9 25 13 1 2 87% 5679 496 30%
c O 4610.42 70 15 524 1627592  1 42486454 92006 1.9 25 13 1 2 87% 5679 496 30%
c . 4632.29 70 15 525 1627592  1 42647230 190316 2.1 27 13 1 2 89% 5679 496 30%
c G 4632.31 70 15 525 1627592  1 42647230 90944 2.1 27 13 1 2 89% 5679 496 30%
c C 4632.33 70 15 525 1627592  1 42647230 90944 2.1 27 13 1 2 89% 5679 496 30%
c - 4632.33 70 15 525 1627592  1 42647230 90944 2.1 27 13 1 2 89% 5679 496 30%
c 2 4632.33 70 15 525 1627592  1 42647230 90944 2.1 27 13 1 2 89% 5679 496 30%
c d 4632.33 70 15 525 1627592  1 42647230 90944 2.1 27 13 1 2 89% 5679 496 30%
c p 4632.34 70 15 525 1627592  1 42647230 90944 2.1 27 13 1 2 89% 5679 496 30%
c k 4632.34 70 15 525 1627592  1 42647230 90944 2.1 27 13 1 2 89% 5679 496 30%
c 2 4632.34 70 15 525 1627592  1 42647230 90944 2.1 27 13 1 2 89% 5679 496 30%
c u 4632.56 70 15 525 1627592  1 42647230 88100 2.1 27 13 1 2 89% 5679 496 30%
c v 4632.85 70 15 525 1627592  1 42647230 88076 2.1 27 13 1 2 89% 5679 496 30%
c w 4632.85 70 15 525 1627592  1 42647230 88076 2.1 27 13 1 2 89% 5679 496 30%
c 
c   seconds    reductions       conflicts          size   tier2     variables
c           MB        restarts          redundant     glue   trail      remaining
c            level           rate            size/glue  tier1 irredundant
c 
c t 4632.85 70 15 525 1627592  1 42647230 88076 2.1 27 13 1 2 89% 5679 496 30%
c k 4632.85 70 15 525 1627592  1 42647230 88076 2.1 27 13 1 2 89% 5679 496 30%
c ~ 4648.13 70 15 525 1627592  1 42778455 174713 2.2 29 13 1 2 89% 5679 496 30%
c B 4648.13 70 15 525 1627592  1 42778456 174714 2.2 29 13 1 2 89% 5679 496 30%
c . 4652.42 70 15 526 1627592  1 42810494 194850 2.1 28 13 1 2 88% 5679 496 30%
c G 4652.44 70 15 526 1627592  1 42810494 90514 2.1 28 13 1 2 88% 5679 496 30%
c C 4652.46 70 15 526 1627592  1 42810494 90514 2.1 28 13 1 2 88% 5679 496 30%
c - 4652.46 70 15 526 1627592  1 42810494 90514 2.1 28 13 1 2 88% 5679 496 30%
c 2 4652.46 70 15 526 1627592  1 42810494 90514 2.1 28 13 1 2 88% 5679 496 30%
c d 4652.46 70 15 526 1627592  1 42810494 90514 2.1 28 13 1 2 88% 5679 496 30%
c p 4652.46 70 15 526 1627592  1 42810494 90514 2.1 28 13 1 2 88% 5679 496 30%
c k 4652.46 70 15 526 1627592  1 42810494 90514 2.1 28 13 1 2 88% 5679 496 30%
c 2 4652.46 70 15 526 1627592  1 42810494 90514 2.1 28 13 1 2 88% 5679 496 30%
c u 4652.65 70 15 526 1627592  1 42810494 89158 2.1 28 13 1 2 88% 5679 496 30%
c v 4652.94 70 15 526 1627592  1 42810494 89144 2.1 28 13 1 2 88% 5679 496 30%
c w 4652.94 70 15 526 1627592  1 42810494 89144 2.1 28 13 1 2 88% 5679 496 30%
c t 4652.94 70 15 526 1627592  1 42810494 89144 2.1 28 13 1 2 88% 5679 496 30%
c k 4652.95 70 15 526 1627592  1 42810494 89144 2.1 28 13 1 2 88% 5679 496 30%
c . 4672.94 70 16 527 1627592  1 42974071 195329 2.0 28 13 1 2 86% 5679 496 30%
c G 4672.96 70 16 527 1627592  1 42974071 89793 2.0 28 13 1 2 86% 5679 496 30%
c 
c   seconds    reductions       conflicts          size   tier2     variables
c           MB        restarts          redundant     glue   trail      remaining
c            level           rate            size/glue  tier1 irredundant
c 
c C 4672.98 70 16 527 1627592  1 42974071 89793 2.0 28 13 1 2 86% 5679 496 30%
c - 4672.98 70 16 527 1627592  1 42974071 89793 2.0 28 13 1 2 86% 5679 496 30%
c 2 4672.98 70 16 527 1627592  1 42974071 89793 2.0 28 13 1 2 86% 5679 496 30%
c d 4672.98 70 16 527 1627592  1 42974071 89793 2.0 28 13 1 2 86% 5679 496 30%
c p 4672.98 70 16 527 1627592  1 42974071 89793 2.0 28 13 1 2 86% 5679 496 30%
c k 4672.98 70 16 527 1627592  1 42974071 89793 2.0 28 13 1 2 86% 5679 496 30%
c 2 4672.98 70 16 527 1627592  1 42974071 89793 2.0 28 13 1 2 86% 5679 496 30%
c u 4673.13 70 16 527 1627592  1 42974071 89588 2.0 28 13 1 2 86% 5679 496 30%
c v 4673.48 70 16 527 1627592  1 42974071 88113 2.0 28 13 1 2 86% 5679 496 30%
c w 4673.48 70 16 527 1627592  1 42974071 88113 2.0 28 13 1 2 86% 5679 496 30%
c t 4673.48 70 16 527 1627592  1 42974071 88113 2.0 28 13 1 2 86% 5679 496 30%
c k 4673.48 70 16 527 1627592  1 42974071 88113 2.0 28 13 1 2 86% 5679 496 30%
c ~ 4684.67 70 16 527 1627592  1 43071456 150028 2.0 27 13 1 2 86% 5679 496 30%
c W 4689.00 70 16 527 1627592  1 43071457 150029 2.0 27 13 1 2 86% 5679 496 30%
c ] 4690.43 70 16 527 1627592  1 43083434 158533 2.0 27 13 1 2 86% 5679 496 30%
c { 4690.43 70 15 527 1627592  2 43083434 158533 1.7 22 13 1 2 81% 5679 496 30%
c . 4698.10 70 15 528 1631233  1 43137957 192237 1.8 23 13 1 2 81% 5679 496 30%
c G 4698.12 70 15 528 1631233  1 43137957 93231 1.8 23 13 1 2 81% 5679 496 30%
c C 4698.14 70 15 528 1631233  1 43137957 93231 1.8 23 13 1 2 81% 5679 496 30%
c - 4698.14 70 15 528 1631233  1 43137957 93231 1.8 23 13 1 2 81% 5679 496 30%
c 
c   seconds    reductions       conflicts          size   tier2     variables
c           MB        restarts          redundant     glue   trail      remaining
c            level           rate            size/glue  tier1 irredundant
c 
c 2 4698.15 70 15 528 1631233  1 43137957 93231 1.8 23 13 1 2 81% 5679 496 30%
c d 4698.15 70 15 528 1631233  1 43137957 93231 1.8 23 13 1 2 81% 5679 496 30%
c p 4698.15 70 15 528 1631233  1 43137957 93231 1.8 23 13 1 2 81% 5679 496 30%
c k 4698.15 70 15 528 1631233  1 43137957 93231 1.8 23 13 1 2 81% 5679 496 30%
c 2 4698.15 70 15 528 1631233  1 43137957 93231 1.8 23 13 1 2 81% 5679 496 30%
c u 4698.30 70 15 528 1631233  1 43137957 93048 1.8 23 13 1 2 81% 5679 496 30%
c v 4698.66 70 15 528 1631233  1 43137957 91056 1.8 23 13 1 2 81% 5679 496 30%
c w 4698.66 70 15 528 1631233  1 43137957 91056 1.8 23 13 1 2 81% 5679 496 30%
c t 4698.66 70 15 528 1631233  1 43137957 91056 1.8 23 13 1 2 81% 5679 496 30%
c k 4698.66 70 15 528 1631233  1 43137957 91056 1.8 23 13 1 2 81% 5679 496 30%
c . 4719.49 70 14 529 1641843  1 43302156 189215 1.9 24 12 1 2 84% 5679 496 30%
c G 4719.51 70 14 529 1641843  1 43302156 95430 1.9 24 12 1 2 84% 5679 496 30%
c C 4719.53 70 14 529 1641843  1 43302156 95430 1.9 24 12 1 2 84% 5679 496 30%
c - 4719.53 70 14 529 1641843  1 43302156 95430 1.9 24 12 1 2 84% 5679 496 30%
c 2 4719.53 70 14 529 1641843  1 43302156 95430 1.9 24 12 1 2 84% 5679 496 30%
c d 4719.53 70 14 529 1641843  1 43302156 95430 1.9 24 12 1 2 84% 5679 496 30%
c p 4719.54 70 14 529 1641843  1 43302156 95430 1.9 24 12 1 2 84% 5679 496 30%
c k 4719.54 70 14 529 1641843  1 43302156 95430 1.9 24 12 1 2 84% 5679 496 30%
c 2 4719.54 70 14 529 1641843  1 43302156 95430 1.9 24 12 1 2 84% 5679 496 30%
c u 4719.70 70 14 529 1641843  1 43302156 95205 1.9 24 12 1 2 84% 5679 496 30%
c 
c   seconds    reductions       conflicts          size   tier2     variables
c           MB        restarts          redundant     glue   trail      remaining
c            level           rate            size/glue  tier1 irredundant
c 
c v 4720.06 70 14 529 1641843  1 43302156 93076 1.9 24 12 1 2 84% 5679 496 30%
c w 4720.06 70 14 529 1641843  1 43302156 93076 1.9 24 12 1 2 84% 5679 496 30%
c t 4720.06 70 14 529 1641843  1 43302156 93076 1.9 24 12 1 2 84% 5679 496 30%
c k 4720.06 70 14 529 1641843  1 43302156 93076 1.9 24 12 1 2 84% 5679 496 30%
c ~ 4726.72 70 14 529 1646563  1 43365457 131095 1.9 23 12 1 2 83% 5679 496 30%
c F 4726.72 70 14 529 1646563  1 43365458 131096 1.9 23 12 1 2 83% 5679 496 30%
c . 4739.67 70 14 530 1654862  1 43466667 192094 1.8 22 12 1 2 79% 5679 496 30%
c G 4739.69 70 14 530 1654862  1 43466667 96534 1.8 22 12 1 2 79% 5679 496 30%
c C 4739.71 70 14 530 1654862  1 43466667 96534 1.8 22 12 1 2 79% 5679 496 30%
c - 4739.71 70 14 530 1654862  1 43466667 96534 1.8 22 12 1 2 79% 5679 496 30%
c 2 4739.71 70 14 530 1654862  1 43466667 96534 1.8 22 12 1 2 79% 5679 496 30%
c d 4739.71 70 14 530 1654862  1 43466667 96534 1.8 22 12 1 2 79% 5679 496 30%
c p 4739.72 70 14 530 1654862  1 43466667 96534 1.8 22 12 1 2 79% 5679 496 30%
c k 4739.72 70 14 530 1654862  1 43466667 96534 1.8 22 12 1 2 79% 5679 496 30%
c 2 4739.72 70 14 530 1654862  1 43466667 96534 1.8 22 12 1 2 79% 5679 496 30%
c u 4739.87 70 14 530 1654862  1 43466667 96494 1.8 22 12 1 2 79% 5679 496 30%
c v 4740.21 70 14 530 1654862  1 43466667 95119 1.8 22 12 1 2 79% 5679 496 30%
c w 4740.21 70 14 530 1654862  1 43466667 95119 1.8 22 12 1 2 79% 5679 496 30%
c t 4740.21 70 14 530 1654862  1 43466667 95119 1.8 22 12 1 2 79% 5679 496 30%
c k 4740.21 70 14 530 1654862  1 43466667 95119 1.8 22 12 1 2 79% 5679 496 30%
c 
c   seconds    reductions       conflicts           size   tier2     variables
c           MB        restarts          redundant      glue   trail      remaining
c            level           rate             size/glue  tier1 irredundant
c 
c . 4760.02 70 13 531 1665234  1 43631490 185240 1.8 21 12 1 2 80% 5679 496 30%
c G 4760.04 70 13 531 1665234  1 43631490 94333 1.8 21 12 1 2 80% 5679 496 30%
c C 4760.06 70 13 531 1665234  1 43631490 94333 1.8 21 12 1 2 80% 5679 496 30%
c - 4760.06 70 13 531 1665234  1 43631490 94333 1.8 21 12 1 2 80% 5679 496 30%
c 2 4760.06 70 13 531 1665234  1 43631490 94333 1.8 21 12 1 2 80% 5679 496 30%
c d 4760.06 70 13 531 1665234  1 43631490 94333 1.8 21 12 1 2 80% 5679 496 30%
c p 4760.07 70 13 531 1665234  1 43631490 94333 1.8 21 12 1 2 80% 5679 496 30%
c k 4760.07 70 13 531 1665234  1 43631490 94333 1.8 21 12 1 2 80% 5679 496 30%
c 2 4760.07 70 13 531 1665234  1 43631490 94333 1.8 21 12 1 2 80% 5679 496 30%
c u 4760.21 70 13 531 1665234  1 43631490 94331 1.8 21 12 1 2 80% 5679 496 30%
c v 4760.53 70 13 531 1665234  1 43631490 94265 1.8 21 12 1 2 80% 5679 496 30%
c w 4760.53 70 13 531 1665234  1 43631490 94265 1.8 21 12 1 2 80% 5679 496 30%
c t 4760.53 70 13 531 1665234  1 43631490 94265 1.8 21 12 1 2 80% 5679 496 30%
c k 4760.53 70 13 531 1665234  1 43631490 94265 1.8 21 12 1 2 80% 5679 496 30%
c ~ 4764.09 70 14 531 1668800  1 43660458 112975 1.8 22 12 1 2 81% 5679 496 30%
c B 4764.09 70 14 531 1668800  1 43660459 112976 1.8 22 12 1 2 81% 5679 496 30%
c . 4781.94 70 14 532 1680905  1 43796626 194079 1.8 22 12 1 2 82% 5679 496 30%
c G 4781.96 70 14 532 1680905  1 43796626 97290 1.8 22 12 1 2 82% 5679 496 30%
c C 4781.98 70 14 532 1680905  1 43796626 97290 1.8 22 12 1 2 82% 5679 496 30%
c - 4781.98 70 14 532 1680905  1 43796626 97290 1.8 22 12 1 2 82% 5679 496 30%
c 
c   seconds    reductions       conflicts          size   tier2     variables
c           MB        restarts          redundant     glue   trail      remaining
c            level           rate            size/glue  tier1 irredundant
c 
c 2 4781.98 70 14 532 1680905  1 43796626 97290 1.8 22 12 1 2 82% 5679 496 30%
c d 4781.98 70 14 532 1680905  1 43796626 97290 1.8 22 12 1 2 82% 5679 496 30%
c p 4781.98 70 14 532 1680905  1 43796626 97290 1.8 22 12 1 2 82% 5679 496 30%
c c 4781.99 70 14 532 1680905  1 43796626 97290 1.8 22 12 1 2 82% 5679 496 30%
c k 4781.99 70 14 532 1680905  1 43796626 97290 1.8 22 12 1 2 82% 5679 496 30%
c 2 4781.99 70 14 532 1680905  1 43796626 97290 1.8 22 12 1 2 82% 5679 496 30%
c u 4782.13 70 14 532 1680905  1 43796626 97280 1.8 22 12 1 2 82% 5679 496 30%
c v 4782.47 70 14 532 1680905  1 43796626 97238 1.8 22 12 1 2 82% 5679 496 30%
c w 4782.47 70 14 532 1680905  1 43796626 97237 1.8 22 12 1 2 82% 5679 496 30%
c t 4782.47 70 14 532 1680905  1 43796626 97237 1.8 22 12 1 2 82% 5679 496 30%
c k 4782.47 70 14 532 1680905  1 43796626 97237 1.8 22 12 1 2 82% 5679 496 30%
c } 4799.23 70 14 532 1690985  1 43933734 178451 1.8 22 12 1 2 78% 5679 496 30%
c [ 4799.23 70 16 532 1690985  1 43933734 178451 2.0 27 13 1 2 86% 5679 496 30%
c ~ 4801.76 70 15 532 1690985  1 43956462 188985 2.0 26 13 1 2 84% 5679 496 30%
c I 4801.76 70 15 532 1690985  1 43956463 188986 2.0 26 13 1 2 84% 5679 496 30%
c . 4802.40 70 15 533 1690985  1 43962073 191167 1.9 25 13 1 2 84% 5679 496 30%
c G 4802.41 70 15 533 1690985  1 43962073 97717 1.9 25 13 1 2 84% 5679 496 30%
c C 4802.43 70 15 533 1690985  1 43962073 97717 1.9 25 13 1 2 84% 5679 496 30%
c - 4802.43 70 15 533 1690985  1 43962073 97717 1.9 25 13 1 2 84% 5679 496 30%
c 2 4802.43 70 15 533 1690985  1 43962073 97717 1.9 25 13 1 2 84% 5679 496 30%
c 
c   seconds    reductions       conflicts          size   tier2     variables
c           MB        restarts          redundant     glue   trail      remaining
c            level           rate            size/glue  tier1 irredundant
c 
c d 4802.43 70 15 533 1690985  1 43962073 97717 1.9 25 13 1 2 84% 5679 496 30%
c p 4802.44 70 15 533 1690985  1 43962073 97717 1.9 25 13 1 2 84% 5679 496 30%
c k 4802.44 70 15 533 1690985  1 43962073 97717 1.9 25 13 1 2 84% 5679 496 30%
c 2 4802.44 70 15 533 1690985  1 43962073 97717 1.9 25 13 1 2 84% 5679 496 30%
c u 4802.62 70 15 533 1690985  1 43962073 97632 1.9 25 13 1 2 84% 5679 496 30%
c v 4802.94 70 15 533 1690985  1 43962073 97056 1.9 25 13 1 2 84% 5679 496 30%
c w 4802.94 70 15 533 1690985  1 43962073 97056 1.9 25 13 1 2 84% 5679 496 30%
c t 4802.94 70 15 533 1690985  1 43962073 97056 1.9 25 13 1 2 84% 5679 496 30%
c k 4802.95 70 15 533 1690985  1 43962073 97056 1.9 25 13 1 2 84% 5679 496 30%
c . 4820.28 70 14 534 1690985  1 44127833 171783 1.6 21 13 1 2 86% 5679 496 30%
c G 4820.29 70 14 534 1690985  1 44127833 91567 1.6 21 13 1 2 86% 5679 496 30%
c C 4820.31 70 14 534 1690985  1 44127833 91567 1.6 21 13 1 2 86% 5679 496 30%
c - 4820.31 70 14 534 1690985  1 44127833 91567 1.6 21 13 1 2 86% 5679 496 30%
c 2 4820.31 70 14 534 1690985  1 44127833 91567 1.6 21 13 1 2 86% 5679 496 30%
c d 4820.31 70 14 534 1690985  1 44127833 91567 1.6 21 13 1 2 86% 5679 496 30%
c p 4820.32 70 14 534 1690985  1 44127833 91567 1.6 21 13 1 2 86% 5679 496 30%
c k 4820.32 70 14 534 1690985  1 44127833 91567 1.6 21 13 1 2 86% 5679 496 30%
c 2 4820.32 70 14 534 1690985  1 44127833 91567 1.6 21 13 1 2 86% 5679 496 30%
c u 4820.51 70 14 534 1690985  1 44127833 91485 1.6 21 13 1 2 86% 5679 496 30%
c v 4820.79 70 14 534 1690985  1 44127833 89478 1.6 21 13 1 2 86% 5679 496 30%
c 
c   seconds    reductions       conflicts          size   tier2     variables
c           MB        restarts          redundant     glue   trail      remaining
c            level           rate            size/glue  tier1 irredundant
c 
c w 4820.79 70 14 534 1690985  1 44127833 89478 1.6 21 13 1 2 86% 5679 496 30%
c t 4820.79 70 14 534 1690985  1 44127833 89478 1.6 21 13 1 2 86% 5679 496 30%
c k 4820.79 70 14 534 1690985  1 44127833 89478 1.6 21 13 1 2 86% 5679 496 30%
c ~ 4835.87 70 16 534 1690985  1 44253463 163412 1.7 24 14 1 2 87% 5679 496 30%
c B 4835.87 70 16 534 1690985  1 44253464 163413 1.7 24 14 1 2 87% 5679 496 30%
c . 4842.00 70 16 535 1690985  1 44293905 183896 1.7 24 14 1 2 86% 5679 496 30%
c G 4842.01 70 16 535 1690985  1 44293905 89072 1.7 24 14 1 2 86% 5679 496 30%
c C 4842.03 70 16 535 1690985  1 44293905 89072 1.7 24 14 1 2 86% 5679 496 30%
c - 4842.03 70 16 535 1690985  1 44293905 89072 1.7 24 14 1 2 86% 5679 496 30%
c 2 4842.03 70 16 535 1690985  1 44293905 89072 1.7 24 14 1 2 86% 5679 496 30%
c d 4842.03 70 16 535 1690985  1 44293905 89072 1.7 24 14 1 2 86% 5679 496 30%
c p 4842.04 70 16 535 1690985  1 44293905 89072 1.7 24 14 1 2 86% 5679 496 30%
c k 4842.04 70 16 535 1690985  1 44293905 89072 1.7 24 14 1 2 86% 5679 496 30%
c 2 4842.04 70 16 535 1690985  1 44293905 89072 1.7 24 14 1 2 86% 5679 496 30%
c u 4842.25 70 16 535 1690985  1 44293905 88962 1.7 24 14 1 2 86% 5679 496 30%
c v 4842.54 70 16 535 1690985  1 44293905 86391 1.7 24 14 1 2 86% 5679 496 30%
c w 4842.54 70 16 535 1690985  1 44293905 86391 1.7 24 14 1 2 86% 5679 496 30%
c t 4842.54 70 16 535 1690985  1 44293905 86391 1.7 24 14 1 2 86% 5679 496 30%
c k 4842.55 70 16 535 1690985  1 44293905 86391 1.7 24 14 1 2 86% 5679 496 30%
c . 4862.21 70 15 536 1690986  1 44460290 157194 1.6 22 14 1 2 87% 5679 496 30%
c 
c   seconds    reductions       conflicts          size   tier2     variables
c           MB        restarts          redundant     glue   trail      remaining
c            level           rate            size/glue  tier1 irredundant
c 
c G 4862.23 70 15 536 1690986  1 44460290 80369 1.6 22 14 1 2 87% 5679 496 30%
c C 4862.25 50 15 536 1690986  1 44460290 80369 1.6 22 14 1 2 87% 5679 496 30%
c - 4862.25 50 15 536 1690986  1 44460290 80369 1.6 22 14 1 2 87% 5679 496 30%
c 2 4862.25 50 15 536 1690986  1 44460290 80369 1.6 22 14 1 2 87% 5679 496 30%
c d 4862.25 50 15 536 1690986  1 44460290 80369 1.6 22 14 1 2 87% 5679 496 30%
c p 4862.25 50 15 536 1690986  1 44460290 80369 1.6 22 14 1 2 87% 5679 496 30%
c k 4862.25 50 15 536 1690986  1 44460290 80369 1.6 22 14 1 2 87% 5679 496 30%
c 2 4862.25 50 15 536 1690986  1 44460290 80369 1.6 22 14 1 2 87% 5679 496 30%
c u 4862.45 50 15 536 1690986  1 44460290 80271 1.6 22 14 1 2 87% 5679 496 30%
c v 4862.72 50 15 536 1690986  1 44460290 79421 1.6 22 14 1 2 87% 5679 496 30%
c w 4862.73 50 15 536 1690986  1 44460290 79421 1.6 22 14 1 2 87% 5679 496 30%
c t 4862.73 50 15 536 1690986  1 44460290 79421 1.6 22 14 1 2 87% 5679 496 30%
c k 4862.73 50 15 536 1690986  1 44460290 79421 1.6 22 14 1 2 87% 5679 496 30%
c ~ 4873.45 50 15 536 1690986  1 44551465 123976 1.7 22 13 1 2 87% 5679 496 30%
c W 4881.92 50 15 536 1690986  1 44551466 123977 1.7 22 13 1 2 87% 5679 496 30%
c . 4891.75 50 14 537 1690986  1 44626988 161912 1.7 22 13 1 2 87% 5679 496 30%
c G 4891.76 50 14 537 1690986  1 44626988 82952 1.7 22 13 1 2 87% 5679 496 30%
c C 4891.78 55 14 537 1690986  1 44626988 82952 1.7 22 13 1 2 87% 5679 496 30%
c - 4891.78 55 14 537 1690986  1 44626988 82952 1.7 22 13 1 2 87% 5679 496 30%
c 2 4891.78 55 14 537 1690986  1 44626988 82952 1.7 22 13 1 2 87% 5679 496 30%
c 
c   seconds    reductions       conflicts          size   tier2     variables
c           MB        restarts          redundant     glue   trail      remaining
c            level           rate            size/glue  tier1 irredundant
c 
c d 4891.78 55 14 537 1690986  1 44626988 82952 1.7 22 13 1 2 87% 5679 496 30%
c p 4891.79 55 14 537 1690986  1 44626988 82952 1.7 22 13 1 2 87% 5679 496 30%
c k 4891.79 55 14 537 1690986  1 44626988 82952 1.7 22 13 1 2 87% 5679 496 30%
c 2 4891.79 55 14 537 1690986  1 44626988 82952 1.7 22 13 1 2 87% 5679 496 30%
c u 4891.99 55 14 537 1690986  1 44626988 82831 1.7 22 13 1 2 87% 5679 496 30%
c v 4892.25 55 14 537 1690986  1 44626988 82806 1.7 22 13 1 2 87% 5679 496 30%
c w 4892.25 55 14 537 1690986  1 44626988 82806 1.7 22 13 1 2 87% 5679 496 30%
c t 4892.25 55 14 537 1690986  1 44626988 82806 1.7 22 13 1 2 87% 5679 496 30%
c k 4892.25 55 14 537 1690986  1 44626988 82806 1.7 22 13 1 2 87% 5679 496 30%
c ] 4910.90 55 15 537 1690986  1 44782073 167006 1.8 24 13 1 2 86% 5679 496 30%
c { 4910.90 55 14 537 1690986  1 44782073 167006 1.8 22 12 1 2 78% 5679 496 30%
c . 4912.66 55 14 538 1692509  1 44793996 174811 1.8 22 12 1 2 78% 5679 496 30%
c G 4912.67 55 14 538 1692509  1 44793996 88957 1.8 22 12 1 2 78% 5679 496 30%
c C 4912.70 61 14 538 1692509  1 44793996 88957 1.8 22 12 1 2 78% 5679 496 30%
c - 4912.70 61 14 538 1692509  1 44793996 88957 1.8 22 12 1 2 78% 5679 496 30%
c 2 4912.70 61 14 538 1692509  1 44793996 88957 1.8 22 12 1 2 78% 5679 496 30%
c d 4912.70 61 14 538 1692509  1 44793996 88957 1.8 22 12 1 2 78% 5679 496 30%
c p 4912.70 61 14 538 1692509  1 44793996 88957 1.8 22 12 1 2 78% 5679 496 30%
c k 4912.70 61 14 538 1692509  1 44793996 88957 1.8 22 12 1 2 78% 5679 496 30%
c 2 4912.70 61 14 538 1692509  1 44793996 88957 1.8 22 12 1 2 78% 5679 496 30%
c 
c   seconds    reductions       conflicts          size   tier2     variables
c           MB        restarts          redundant     glue   trail      remaining
c            level           rate            size/glue  tier1 irredundant
c 
c u 4912.94 61 14 538 1692509  1 44793996 88820 1.8 22 12 1 2 78% 5679 496 30%
c v 4913.23 61 14 538 1692509  1 44793996 87843 1.8 22 12 1 2 78% 5679 496 30%
c w 4913.33 61 14 538 1692509  1 44793996 87376 1.8 22 12 1 2 78% 5679 496 30%
c t 4913.33 61 14 538 1692509  1 44793996 87376 1.8 22 12 1 2 78% 5679 496 30%
c k 4913.33 61 14 538 1692509  1 44793996 87376 1.8 22 12 1 2 78% 5679 496 30%
c ~ 4920.71 61 14 538 1697412  1 44850466 125632 2.0 24 12 1 2 80% 5679 496 30%
c W 4922.01 61 14 538 1697412  1 44850467 125633 2.0 24 12 1 2 80% 5679 496 30%
c . 4935.89 61 14 539 1705545  1 44961316 192205 1.9 23 12 1 2 79% 5679 496 30%
c G 4935.90 61 14 539 1705545  1 44961316 99478 1.9 23 12 1 2 79% 5679 496 30%
c C 4935.93 68 14 539 1705545  1 44961316 99478 1.9 23 12 1 2 79% 5679 496 30%
c - 4935.93 68 14 539 1705545  1 44961316 99478 1.9 23 12 1 2 79% 5679 496 30%
c 2 4935.93 68 14 539 1705545  1 44961316 99478 1.9 23 12 1 2 79% 5679 496 30%
c d 4935.93 68 14 539 1705545  1 44961316 99478 1.9 23 12 1 2 79% 5679 496 30%
c p 4935.94 68 14 539 1705545  1 44961316 99478 1.9 23 12 1 2 79% 5679 496 30%
c k 4935.94 68 14 539 1705545  1 44961316 99478 1.9 23 12 1 2 79% 5679 496 30%
c 2 4935.94 68 14 539 1705545  1 44961316 99478 1.9 23 12 1 2 79% 5679 496 30%
c u 4936.20 68 14 539 1705545  1 44961316 99355 1.9 23 12 1 2 79% 5679 496 30%
c v 4936.48 68 14 539 1705545  1 44961316 98560 1.9 23 12 1 2 79% 5679 496 30%
c w 4936.49 68 14 539 1705545  1 44961316 98560 1.9 23 12 1 2 79% 5679 496 30%
c t 4936.49 68 14 539 1705545  1 44961316 98560 1.9 23 12 1 2 79% 5679 496 30%
c 
c   seconds    reductions       conflicts          size   tier2     variables
c           MB        restarts          redundant     glue   trail      remaining
c            level           rate            size/glue  tier1 irredundant
c 
c k 4936.49 68 14 539 1705545  1 44961316 98560 1.9 23 12 1 2 79% 5679 496 30%
c 2 4936.49 68 14 539 1705545  1 44961316 98560 1.9 23 12 1 2 79% 5679 496 30%
c f 4936.49 68 14 539 1705545  1 44961316 98560 1.9 23 12 1 2 79% 5679 496 30%
c . 4957.90 68 14 540 1718509  1 45128948 193866 1.8 22 12 1 2 82% 5679 496 30%
c G 4957.91 68 14 540 1718509  1 45128948 100257 1.8 22 12 1 2 82% 5679 496 30%
c C 4957.94 68 14 540 1718509  1 45128948 100257 1.8 22 12 1 2 82% 5679 496 30%
c - 4957.94 68 14 540 1718509  1 45128948 100257 1.8 22 12 1 2 82% 5679 496 30%
c 2 4957.94 68 14 540 1718509  1 45128948 100257 1.8 22 12 1 2 82% 5679 496 30%
c d 4957.94 68 14 540 1718509  1 45128948 100257 1.8 22 12 1 2 82% 5679 496 30%
c p 4957.94 68 14 540 1718509  1 45128948 100257 1.8 22 12 1 2 82% 5679 496 30%
c k 4957.94 68 14 540 1718509  1 45128948 100257 1.8 22 12 1 2 82% 5679 496 30%
c 2 4957.94 68 14 540 1718509  1 45128948 100257 1.8 22 12 1 2 82% 5679 496 30%
c u 4958.21 68 14 540 1718509  1 45128948 100101 1.8 22 12 1 2 82% 5679 496 30%
c v 4958.46 68 14 540 1718509  1 45128948 99737 1.8 22 12 1 2 82% 5679 496 30%
c w 4958.46 68 14 540 1718509  1 45128948 99737 1.8 22 12 1 2 82% 5679 496 30%
c t 4958.46 68 14 540 1718509  1 45128948 99737 1.8 22 12 1 2 82% 5679 496 30%
c k 4958.46 68 14 540 1718509  1 45128948 99737 1.8 22 12 1 2 82% 5679 496 30%
c ~ 4959.96 68 14 540 1719490  1 45150467 112194 1.7 21 12 1 2 77% 5679 496 30%
c # 4959.96 68 14 540 1719490  1 45150468 112195 1.7 21 12 1 2 77% 5679 496 30%
c . 4979.35 68 13 541 1729841  1 45296894 191857 1.7 20 12 1 2 81% 5679 496 30%
c 
c   seconds    reductions       conflicts          size   tier2     variables
c           MB        restarts          redundant     glue   trail      remaining
c            level           rate            size/glue  tier1 irredundant
c 
c G 4979.36 68 13 541 1729841  1 45296894 99622 1.7 20 12 1 2 81% 5679 496 30%
c C 4979.39 68 13 541 1729841  1 45296894 99622 1.7 20 12 1 2 81% 5679 496 30%
c - 4979.39 68 13 541 1729841  1 45296894 99622 1.7 20 12 1 2 81% 5679 496 30%
c 2 4979.39 68 13 541 1729841  1 45296894 99622 1.7 20 12 1 2 81% 5679 496 30%
c d 4979.39 68 13 541 1729841  1 45296894 99622 1.7 20 12 1 2 81% 5679 496 30%
c p 4979.39 68 13 541 1729841  1 45296894 99622 1.7 20 12 1 2 81% 5679 496 30%
c k 4979.39 68 13 541 1729841  1 45296894 99622 1.7 20 12 1 2 81% 5679 496 30%
c 2 4979.39 68 13 541 1729841  1 45296894 99622 1.7 20 12 1 2 81% 5679 496 30%
c u 4979.64 68 13 541 1729841  1 45296894 99433 1.7 20 12 1 2 81% 5679 496 30%
c v 4979.77 68 13 541 1729841  1 45296894 99413 1.7 20 12 1 2 81% 5679 496 30%
c w 4979.77 68 13 541 1729841  1 45296894 99413 1.7 20 12 1 2 81% 5679 496 30%
c x 4979.83 68 13 541 1729841  1 45296894 99411 1.7 20 12 1 2 81% 5677 496 30%
c t 4979.83 68 13 541 1729841  1 45296894 99411 1.7 20 12 1 2 81% 5677 496 30%
c k 4979.83 68 13 541 1729841  1 45296894 99411 1.7 20 12 1 2 81% 5677 496 30%
c 2 4979.83 68 13 541 1729841  1 45296894 99411 1.7 20 12 1 2 81% 5677 496 30%
c f 4979.83 68 13 541 1729841  1 45296894 99411 1.7 20 12 1 2 81% 5677 496 30%
c s 4980.32 68 13 541 1729841  1 45296894 98082 1.7 20 12 1 2 81% 5677 496 30%
c t 4980.32 68 13 541 1729841  1 45296894 98082 1.7 20 12 1 2 81% 5677 496 30%
c e 4980.33 68 13 541 1729841  1 45296894 98082 1.7 20 12 1 2 81% 5677 496 30%
c s 4980.46 68 13 541 1729841  1 45296894 97974 1.7 20 12 1 2 81% 5677 496 30%
c 
c   seconds    reductions       conflicts           size   tier2     variables
c           MB        restarts          redundant      glue   trail      remaining
c            level           rate             size/glue  tier1 irredundant
c 
c ~ 4998.95 68 14 541 1742423  1 45451468 188527 1.8 21 12 1 2 81% 5677 496 30%
c B 4998.95 68 14 541 1742423  1 45451469 188528 1.8 21 12 1 2 81% 5677 496 30%
c . 5001.97 68 14 542 1745331  1 45465151 197833 1.7 22 12 1 2 81% 5677 496 30%
c G 5001.98 68 14 542 1745331  1 45465151 101741 1.7 22 12 1 2 81% 5677 496 30%
c C 5002.01 70 14 542 1745331  1 45465151 101741 1.7 22 12 1 2 81% 5677 496 30%
c - 5002.01 70 14 542 1745331  1 45465151 101741 1.7 22 12 1 2 81% 5677 496 30%
c 2 5002.01 70 14 542 1745331  1 45465151 101741 1.7 22 12 1 2 81% 5677 496 30%
c d 5002.01 70 14 542 1745331  1 45465151 101741 1.7 22 12 1 2 81% 5677 496 30%
c p 5002.01 70 14 542 1745331  1 45465151 101741 1.7 22 12 1 2 81% 5677 496 30%
c k 5002.02 70 14 542 1745331  1 45465151 101741 1.7 22 12 1 2 81% 5677 496 30%
c 2 5002.02 70 14 542 1745331  1 45465151 101741 1.7 22 12 1 2 81% 5677 496 30%
c u 5002.28 70 14 542 1745331  1 45465151 101462 1.7 22 12 1 2 81% 5677 496 30%
c v 5002.56 70 14 542 1745331  1 45465151 101401 1.7 22 12 1 2 81% 5677 496 30%
c w 5002.56 70 14 542 1745331  1 45465151 101401 1.7 22 12 1 2 81% 5677 496 30%
c t 5002.56 70 14 542 1745331  1 45465151 101401 1.7 22 12 1 2 81% 5677 496 30%
c k 5002.56 70 14 542 1745331  1 45465151 101401 1.7 22 12 1 2 81% 5677 496 30%
c 2 5002.56 70 14 542 1745331  1 45465151 101401 1.7 22 12 1 2 81% 5677 496 30%
c f 5002.56 70 14 542 1745331  1 45465151 101401 1.7 22 12 1 2 81% 5677 496 30%
c . 5024.65 70 14 543 1756053  1 45633721 191339 1.7 20 12 1 2 81% 5677 496 30%
c G 5024.66 70 14 543 1756053  1 45633721 99711 1.7 20 12 1 2 81% 5677 496 30%
c 
c   seconds    reductions       conflicts          size   tier2     variables
c           MB        restarts          redundant     glue   trail      remaining
c            level           rate            size/glue  tier1 irredundant
c 
c C 5024.69 70 14 543 1756053  1 45633721 99711 1.7 20 12 1 2 81% 5677 496 30%
c - 5024.69 70 14 543 1756053  1 45633721 99711 1.7 20 12 1 2 81% 5677 496 30%
c 2 5024.69 70 14 543 1756053  1 45633721 99711 1.7 20 12 1 2 81% 5677 496 30%
c d 5024.69 70 14 543 1756053  1 45633721 99711 1.7 20 12 1 2 81% 5677 496 30%
c p 5024.69 70 14 543 1756053  1 45633721 99711 1.7 20 12 1 2 81% 5677 496 30%
c k 5024.69 70 14 543 1756053  1 45633721 99711 1.7 20 12 1 2 81% 5677 496 30%
c 2 5024.69 70 14 543 1756053  1 45633721 99711 1.7 20 12 1 2 81% 5677 496 30%
c u 5024.95 70 14 543 1756053  1 45633721 98189 1.7 20 12 1 2 81% 5677 496 30%
c v 5025.23 70 14 543 1756053  1 45633721 98156 1.7 20 12 1 2 81% 5677 496 30%
c w 5025.23 70 14 543 1756053  1 45633721 98156 1.7 20 12 1 2 81% 5677 496 30%
c t 5025.23 70 14 543 1756053  1 45633721 98156 1.7 20 12 1 2 81% 5677 496 30%
c k 5025.23 70 14 543 1756053  1 45633721 98156 1.7 20 12 1 2 81% 5677 496 30%
c } 5026.24 70 13 543 1756058  1 45644249 103229 1.7 20 12 1 2 80% 5677 496 30%
c [ 5026.24 70 15 543 1756058  1 45644249 103229 1.8 24 13 1 2 86% 5677 496 30%
c ~ 5039.24 70 12 543 1756058  1 45753469 145510 1.7 19 11 1 2 82% 5677 496 30%
c O 5039.24 70 12 543 1756058  1 45753470 145511 1.7 19 11 1 2 82% 5677 496 30%
c . 5047.51 70 13 544 1756058  1 45802602 170237 1.8 21 12 1 2 85% 5677 496 30%
c G 5047.52 70 13 544 1756058  1 45802602 91971 1.8 21 12 1 2 85% 5677 496 30%
c C 5047.54 70 13 544 1756058  1 45802602 91971 1.8 21 12 1 2 85% 5677 496 30%
c - 5047.54 70 13 544 1756058  1 45802602 91971 1.8 21 12 1 2 85% 5677 496 30%
c 
c   seconds    reductions       conflicts          size   tier2     variables
c           MB        restarts          redundant     glue   trail      remaining
c            level           rate            size/glue  tier1 irredundant
c 
c 2 5047.54 70 13 544 1756058  1 45802602 91971 1.8 21 12 1 2 85% 5677 496 30%
c d 5047.54 70 13 544 1756058  1 45802602 91971 1.8 21 12 1 2 85% 5677 496 30%
c p 5047.55 70 13 544 1756058  1 45802602 91971 1.8 21 12 1 2 85% 5677 496 30%
c k 5047.55 70 13 544 1756058  1 45802602 91971 1.8 21 12 1 2 85% 5677 496 30%
c 2 5047.55 70 13 544 1756058  1 45802602 91971 1.8 21 12 1 2 85% 5677 496 30%
c = 5048.27 71 13 544 1756058  1 45802602 91971 1.8 21 12 1 2 85% 5677 496 30%
c u 5048.51 71 13 544 1756058  1 45802602 89382 1.8 21 12 1 2 85% 5677 496 30%
c v 5048.81 71 13 544 1756058  1 45802602 89369 1.8 21 12 1 2 85% 5677 496 30%
c w 5048.81 71 13 544 1756058  1 45802602 89369 1.8 21 12 1 2 85% 5677 496 30%
c t 5048.81 71 13 544 1756058  1 45802602 89369 1.8 21 12 1 2 85% 5677 496 30%
c k 5048.81 71 13 544 1756058  1 45802602 89369 1.8 21 12 1 2 85% 5677 496 30%
c . 5069.51 71 15 545 1756058  1 45971796 163586 1.6 22 14 1 2 86% 5677 496 30%
c G 5069.52 71 15 545 1756058  1 45971796 86841 1.6 22 14 1 2 86% 5677 496 30%
c C 5069.55 71 15 545 1756058  1 45971796 86841 1.6 22 14 1 2 86% 5677 496 30%
c - 5069.55 71 15 545 1756058  1 45971796 86841 1.6 22 14 1 2 86% 5677 496 30%
c 2 5069.55 71 15 545 1756058  1 45971796 86841 1.6 22 14 1 2 86% 5677 496 30%
c d 5069.55 71 15 545 1756058  1 45971796 86841 1.6 22 14 1 2 86% 5677 496 30%
c p 5069.55 71 15 545 1756058  1 45971796 86841 1.6 22 14 1 2 86% 5677 496 30%
c k 5069.55 71 15 545 1756058  1 45971796 86841 1.6 22 14 1 2 86% 5677 496 30%
c 2 5069.55 71 15 545 1756058  1 45971796 86841 1.6 22 14 1 2 86% 5677 496 30%
c 
c   seconds    reductions       conflicts          size   tier2     variables
c           MB        restarts          redundant     glue   trail      remaining
c            level           rate            size/glue  tier1 irredundant
c 
c u 5069.75 71 15 545 1756058  1 45971796 83947 1.6 22 14 1 2 86% 5677 496 30%
c v 5070.01 71 15 545 1756058  1 45971796 83927 1.6 22 14 1 2 86% 5677 496 30%
c w 5070.01 71 15 545 1756058  1 45971796 83926 1.6 22 14 1 2 86% 5677 496 30%
c t 5070.01 71 15 545 1756058  1 45971796 83926 1.6 22 14 1 2 86% 5677 496 30%
c k 5070.01 71 15 545 1756058  1 45971796 83926 1.6 22 14 1 2 86% 5677 496 30%
c ~ 5078.24 71 15 545 1756058  1 46056471 123808 1.6 22 13 1 2 86% 5677 496 30%
c B 5078.24 71 15 545 1756058  1 46056472 123809 1.6 22 13 1 2 86% 5677 496 30%
c . 5090.33 71 14 546 1756058  1 46141303 154555 1.6 20 13 1 2 87% 5677 496 30%
c G 5090.34 71 14 546 1756058  1 46141303 78454 1.6 20 13 1 2 87% 5677 496 30%
c C 5090.36 71 14 546 1756058  1 46141303 78454 1.6 20 13 1 2 87% 5677 496 30%
c - 5090.36 71 14 546 1756058  1 46141303 78454 1.6 20 13 1 2 87% 5677 496 30%
c 2 5090.36 71 14 546 1756058  1 46141303 78454 1.6 20 13 1 2 87% 5677 496 30%
c d 5090.36 71 14 546 1756058  1 46141303 78454 1.6 20 13 1 2 87% 5677 496 30%
c p 5090.37 71 14 546 1756058  1 46141303 78454 1.6 20 13 1 2 87% 5677 496 30%
c k 5090.37 71 14 546 1756058  1 46141303 78454 1.6 20 13 1 2 87% 5677 496 30%
c 2 5090.37 71 14 546 1756058  1 46141303 78454 1.6 20 13 1 2 87% 5677 496 30%
c u 5090.50 71 14 546 1756058  1 46141303 78288 1.6 20 13 1 2 87% 5677 496 30%
c v 5090.74 71 14 546 1756058  1 46141303 76529 1.6 20 13 1 2 87% 5677 496 30%
c w 5090.74 71 14 546 1756058  1 46141303 76529 1.6 20 13 1 2 87% 5677 496 30%
c t 5090.74 71 14 546 1756058  1 46141303 76529 1.6 20 13 1 2 87% 5677 496 30%
c 
c   seconds    reductions       conflicts          size   tier2     variables
c           MB        restarts          redundant     glue   trail      remaining
c            level           rate            size/glue  tier1 irredundant
c 
c k 5090.74 71 14 546 1756058  1 46141303 76529 1.6 20 13 1 2 87% 5677 496 30%
c . 5110.59 71 14 547 1756058  1 46311122 145425 1.6 21 13 1 2 87% 5677 496 30%
c G 5110.60 71 14 547 1756058  1 46311122 77303 1.6 21 13 1 2 87% 5677 496 30%
c C 5110.62 52 14 547 1756058  1 46311122 77303 1.6 21 13 1 2 87% 5677 496 30%
c - 5110.62 52 14 547 1756058  1 46311122 77303 1.6 21 13 1 2 87% 5677 496 30%
c 2 5110.62 52 14 547 1756058  1 46311122 77303 1.6 21 13 1 2 87% 5677 496 30%
c d 5110.62 52 14 547 1756058  1 46311122 77303 1.6 21 13 1 2 87% 5677 496 30%
c p 5110.63 52 14 547 1756058  1 46311122 77303 1.6 21 13 1 2 87% 5677 496 30%
c k 5110.63 52 14 547 1756058  1 46311122 77303 1.6 21 13 1 2 87% 5677 496 30%
c 2 5110.63 52 14 547 1756058  1 46311122 77303 1.6 21 13 1 2 87% 5677 496 30%
c u 5110.75 52 14 547 1756058  1 46311122 77264 1.6 21 13 1 2 87% 5677 496 30%
c v 5111.00 52 14 547 1756058  1 46311122 76389 1.6 21 13 1 2 87% 5677 496 30%
c w 5111.01 52 14 547 1756058  1 46311122 76389 1.6 21 13 1 2 87% 5677 496 30%
c t 5111.01 52 14 547 1756058  1 46311122 76389 1.6 21 13 1 2 87% 5677 496 30%
c k 5111.01 52 14 547 1756058  1 46311122 76389 1.6 21 13 1 2 87% 5677 496 30%
c ~ 5116.08 52 14 547 1756058  1 46360472 102641 1.7 22 13 1 2 86% 5677 496 30%
c W 5125.13 52 14 547 1756058  1 46360473 102642 1.7 22 13 1 2 86% 5677 496 30%
c . 5140.06 52 14 548 1756058  1 46481253 156205 1.7 21 13 1 2 86% 5677 496 30%
c G 5140.07 52 14 548 1756058  1 46481253 79745 1.7 21 13 1 2 86% 5677 496 30%
c C 5140.09 57 14 548 1756058  1 46481253 79745 1.7 21 13 1 2 86% 5677 496 30%
c 
c   seconds    reductions       conflicts          size   tier2     variables
c           MB        restarts          redundant     glue   trail      remaining
c            level           rate            size/glue  tier1 irredundant
c 
c - 5140.09 57 14 548 1756058  1 46481253 79745 1.7 21 13 1 2 86% 5677 496 30%
c 2 5140.09 57 14 548 1756058  1 46481253 79745 1.7 21 13 1 2 86% 5677 496 30%
c d 5140.09 57 14 548 1756058  1 46481253 79745 1.7 21 13 1 2 86% 5677 496 30%
c p 5140.10 57 14 548 1756058  1 46481253 79745 1.7 21 13 1 2 86% 5677 496 30%
c k 5140.10 57 14 548 1756058  1 46481253 79745 1.7 21 13 1 2 86% 5677 496 30%
c 2 5140.10 57 14 548 1756058  1 46481253 79745 1.7 21 13 1 2 86% 5677 496 30%
c u 5140.21 57 14 548 1756058  1 46481253 79743 1.7 21 13 1 2 86% 5677 496 30%
c v 5140.46 57 14 548 1756058  1 46481253 79698 1.7 21 13 1 2 86% 5677 496 30%
c w 5140.46 57 14 548 1756058  1 46481253 79675 1.7 21 13 1 2 86% 5677 496 30%
c t 5140.46 57 14 548 1756058  1 46481253 79675 1.7 21 13 1 2 86% 5677 496 30%
c k 5140.46 57 14 548 1756058  1 46481253 79675 1.7 21 13 1 2 86% 5677 496 30%
c ] 5143.34 57 14 548 1756058  1 46506190 89760 1.6 21 13 1 2 86% 5677 496 30%
c { 5143.34 57 13 548 1756058  1 46506190 89760 1.7 20 12 1 2 80% 5677 496 30%
c . 5158.39 57 12 549 1763339  1 46651697 169851 1.8 19 11 1 2 81% 5677 496 30%
c G 5158.40 57 12 549 1763339  1 46651697 89495 1.8 19 11 1 2 81% 5677 496 30%
c C 5158.43 62 12 549 1763339  1 46651697 89495 1.8 19 11 1 2 81% 5677 496 30%
c - 5158.43 62 12 549 1763339  1 46651697 89495 1.8 19 11 1 2 81% 5677 496 30%
c 2 5158.43 62 12 549 1763339  1 46651697 89495 1.8 19 11 1 2 81% 5677 496 30%
c d 5158.43 62 12 549 1763339  1 46651697 89495 1.8 19 11 1 2 81% 5677 496 30%
c p 5158.43 62 12 549 1763339  1 46651697 89495 1.8 19 11 1 2 81% 5677 496 30%
c 
c   seconds    reductions       conflicts          size   tier2     variables
c           MB        restarts          redundant     glue   trail      remaining
c            level           rate            size/glue  tier1 irredundant
c 
c k 5158.43 62 12 549 1763339  1 46651697 89495 1.8 19 11 1 2 81% 5677 496 30%
c 2 5158.43 62 12 549 1763339  1 46651697 89495 1.8 19 11 1 2 81% 5677 496 30%
c u 5158.59 62 12 549 1763339  1 46651697 89418 1.8 19 11 1 2 81% 5677 496 30%
c v 5158.89 62 12 549 1763339  1 46651697 88407 1.8 19 11 1 2 81% 5677 496 30%
c w 5158.89 62 12 549 1763339  1 46651697 88407 1.8 19 11 1 2 81% 5677 496 30%
c t 5158.89 62 12 549 1763339  1 46651697 88407 1.8 19 11 1 2 81% 5677 496 30%
c k 5158.89 62 12 549 1763339  1 46651697 88407 1.8 19 11 1 2 81% 5677 496 30%
c ~ 5160.18 62 12 549 1763729  1 46665473 96665 1.8 20 11 1 2 82% 5677 496 30%
c W 5161.50 62 12 549 1763729  1 46665474 96666 1.8 20 11 1 2 82% 5677 496 30%
c . 5181.07 62 13 550 1778240  1 46822455 184372 1.7 20 11 1 2 82% 5677 496 30%
c G 5181.09 62 13 550 1778240  1 46822455 95396 1.7 20 11 1 2 82% 5677 496 30%
c C 5181.11 62 13 550 1778240  1 46822455 95396 1.7 20 11 1 2 82% 5677 496 30%
c - 5181.11 62 13 550 1778240  1 46822455 95396 1.7 20 11 1 2 82% 5677 496 30%
c 2 5181.11 62 13 550 1778240  1 46822455 95396 1.7 20 11 1 2 82% 5677 496 30%
c d 5181.11 62 13 550 1778240  1 46822455 95396 1.7 20 11 1 2 82% 5677 496 30%
c p 5181.11 62 13 550 1778240  1 46822455 95396 1.7 20 11 1 2 82% 5677 496 30%
c k 5181.11 62 13 550 1778240  1 46822455 95396 1.7 20 11 1 2 82% 5677 496 30%
c 2 5181.11 62 13 550 1778240  1 46822455 95396 1.7 20 11 1 2 82% 5677 496 30%
c u 5181.31 62 13 550 1778240  1 46822455 95308 1.7 20 11 1 2 82% 5677 496 30%
c v 5181.63 62 13 550 1778240  1 46822455 94539 1.7 20 11 1 2 82% 5677 496 30%
c 
c   seconds    reductions       conflicts          size   tier2     variables
c           MB        restarts          redundant     glue   trail      remaining
c            level           rate            size/glue  tier1 irredundant
c 
c w 5181.64 62 13 550 1778240  1 46822455 94539 1.7 20 11 1 2 82% 5677 496 30%
c t 5181.64 62 13 550 1778240  1 46822455 94539 1.7 20 11 1 2 82% 5677 496 30%
c k 5181.64 62 13 550 1778240  1 46822455 94539 1.7 20 11 1 2 82% 5677 496 30%
c 2 5181.64 62 13 550 1778240  1 46822455 94539 1.7 20 11 1 2 82% 5677 496 30%
c f 5181.64 62 13 550 1778240  1 46822455 94539 1.7 20 11 1 2 82% 5677 496 30%
c ~ 5200.59 62 13 550 1790401  1 46971475 178726 1.9 22 12 1 2 83% 5677 496 30%
c F 5200.60 62 13 550 1790401  1 46971476 178727 1.9 22 12 1 2 83% 5677 496 30%
c . 5204.80 62 14 551 1795250  2 46993524 194354 1.9 23 12 1 2 84% 5677 496 30%
c G 5204.81 62 14 551 1795250  2 46993524 99365 1.9 23 12 1 2 84% 5677 496 30%
c C 5204.84 63 14 551 1795250  2 46993524 99365 1.9 23 12 1 2 84% 5677 496 30%
c - 5204.84 63 14 551 1795250  2 46993524 99365 1.9 23 12 1 2 84% 5677 496 30%
c 2 5204.84 63 14 551 1795250  2 46993524 99365 1.9 23 12 1 2 84% 5677 496 30%
c d 5204.84 63 14 551 1795250  2 46993524 99365 1.9 23 12 1 2 84% 5677 496 30%
c p 5204.84 63 14 551 1795250  2 46993524 99365 1.9 23 12 1 2 84% 5677 496 30%
c k 5204.84 63 14 551 1795250  2 46993524 99365 1.9 23 12 1 2 84% 5677 496 30%
c 2 5204.84 63 14 551 1795250  2 46993524 99365 1.9 23 12 1 2 84% 5677 496 30%
c u 5205.07 63 14 551 1795250  2 46993524 99242 1.9 23 12 1 2 84% 5677 496 30%
c v 5205.36 63 14 551 1795250  2 46993524 99116 1.9 23 12 1 2 84% 5677 496 30%
c w 5205.36 63 14 551 1795250  2 46993524 99116 1.9 23 12 1 2 84% 5677 496 30%
c t 5205.36 63 14 551 1795250  2 46993524 99116 1.9 23 12 1 2 84% 5677 496 30%
c 
c   seconds    reductions       conflicts          size   tier2     variables
c           MB        restarts          redundant     glue   trail      remaining
c            level           rate            size/glue  tier1 irredundant
c 
c k 5205.36 63 14 551 1795250  2 46993524 99116 1.9 23 12 1 2 84% 5677 496 30%
c 2 5205.36 63 14 551 1795250  2 46993524 99116 1.9 23 12 1 2 84% 5677 496 30%
c f 5205.36 63 14 551 1795250  2 46993524 99116 1.9 23 12 1 2 84% 5677 496 30%
c . 5226.78 63 14 552 1807779  1 47164903 193172 1.8 22 12 1 2 81% 5677 496 30%
c G 5226.79 63 14 552 1807779  1 47164903 99149 1.8 22 12 1 2 81% 5677 496 30%
c C 5226.82 63 14 552 1807779  1 47164903 99149 1.8 22 12 1 2 81% 5677 496 30%
c - 5226.82 63 14 552 1807779  1 47164903 99149 1.8 22 12 1 2 81% 5677 496 30%
c 2 5226.82 63 14 552 1807779  1 47164903 99149 1.8 22 12 1 2 81% 5677 496 30%
c d 5226.82 63 14 552 1807779  1 47164903 99149 1.8 22 12 1 2 81% 5677 496 30%
c p 5226.82 63 14 552 1807779  1 47164903 99149 1.8 22 12 1 2 81% 5677 496 30%
c k 5226.82 63 14 552 1807779  1 47164903 99149 1.8 22 12 1 2 81% 5677 496 30%
c 2 5226.82 63 14 552 1807779  1 47164903 99149 1.8 22 12 1 2 81% 5677 496 30%
c u 5227.06 63 14 552 1807779  1 47164903 99038 1.8 22 12 1 2 81% 5677 496 30%
c v 5227.34 63 14 552 1807779  1 47164903 98987 1.8 22 12 1 2 81% 5677 496 30%
c w 5227.35 63 14 552 1807779  1 47164903 98987 1.8 22 12 1 2 81% 5677 496 30%
c t 5227.35 63 14 552 1807779  1 47164903 98987 1.8 22 12 1 2 81% 5677 496 30%
c k 5227.35 63 14 552 1807779  1 47164903 98987 1.8 22 12 1 2 81% 5677 496 30%
c ~ 5240.37 63 14 552 1814891  1 47278476 164961 1.8 22 12 1 2 82% 5677 496 30%
c B 5240.38 63 14 552 1814891  1 47278477 164962 1.8 22 12 1 2 82% 5677 496 30%
c . 5249.17 63 14 553 1820391  1 47336595 200376 1.8 23 12 1 2 83% 5677 496 30%
c 
c   seconds    reductions       conflicts          size   tier2     variables
c           MB        restarts          redundant     glue   trail      remaining
c            level           rate            size/glue  tier1 irredundant
c 
c G 5249.19 63 14 553 1820391  1 47336595 99344 1.8 23 12 1 2 83% 5677 496 30%
c C 5249.21 65 14 553 1820391  1 47336595 99344 1.8 23 12 1 2 83% 5677 496 30%
c - 5249.21 65 14 553 1820391  1 47336595 99344 1.8 23 12 1 2 83% 5677 496 30%
c 2 5249.21 65 14 553 1820391  1 47336595 99344 1.8 23 12 1 2 83% 5677 496 30%
c d 5249.21 65 14 553 1820391  1 47336595 99344 1.8 23 12 1 2 83% 5677 496 30%
c p 5249.22 65 14 553 1820391  1 47336595 99344 1.8 23 12 1 2 83% 5677 496 30%
c k 5249.22 65 14 553 1820391  1 47336595 99344 1.8 23 12 1 2 83% 5677 496 30%
c 2 5249.22 65 14 553 1820391  1 47336595 99344 1.8 23 12 1 2 83% 5677 496 30%
c u 5249.45 65 14 553 1820391  1 47336595 99206 1.8 23 12 1 2 83% 5677 496 30%
c v 5249.76 65 14 553 1820391  1 47336595 97394 1.8 23 12 1 2 83% 5677 496 30%
c w 5249.76 65 14 553 1820391  1 47336595 97394 1.8 23 12 1 2 83% 5677 496 30%
c t 5249.77 65 14 553 1820391  1 47336595 97394 1.8 23 12 1 2 83% 5677 496 30%
c k 5249.77 65 14 553 1820391  1 47336595 97394 1.8 23 12 1 2 83% 5677 496 30%
c } 5259.72 65 13 553 1823521  1 47428911 145160 1.8 21 12 1 2 82% 5677 496 30%
c [ 5259.72 65 14 553 1823521  1 47428911 145160 1.6 21 13 1 2 86% 5677 496 30%
c . 5270.46 65 12 554 1823521  1 47508600 173863 1.6 18 11 1 2 84% 5677 496 30%
c G 5270.48 65 12 554 1823521  1 47508600 91859 1.6 18 11 1 2 84% 5677 496 30%
c C 5270.50 65 12 554 1823521  1 47508600 91859 1.6 18 11 1 2 84% 5677 496 30%
c - 5270.50 65 12 554 1823521  1 47508600 91859 1.6 18 11 1 2 84% 5677 496 30%
c 2 5270.50 65 12 554 1823521  1 47508600 91859 1.6 18 11 1 2 84% 5677 496 30%
c 
c   seconds    reductions       conflicts          size   tier2     variables
c           MB        restarts          redundant     glue   trail      remaining
c            level           rate            size/glue  tier1 irredundant
c 
c d 5270.50 65 12 554 1823521  1 47508600 91859 1.6 18 11 1 2 84% 5677 496 30%
c p 5270.50 65 12 554 1823521  1 47508600 91859 1.6 18 11 1 2 84% 5677 496 30%
c k 5270.50 65 12 554 1823521  1 47508600 91859 1.6 18 11 1 2 84% 5677 496 30%
c 2 5270.50 65 12 554 1823521  1 47508600 91859 1.6 18 11 1 2 84% 5677 496 30%
c u 5270.74 65 12 554 1823521  1 47508600 91716 1.6 18 11 1 2 84% 5677 496 30%
c v 5271.01 65 12 554 1823521  1 47508600 88823 1.6 18 11 1 2 84% 5677 496 30%
c w 5271.01 65 12 554 1823521  1 47508600 88823 1.6 18 11 1 2 84% 5677 496 30%
c t 5271.01 65 12 554 1823521  1 47508600 88823 1.6 18 11 1 2 84% 5677 496 30%
c k 5271.01 65 12 554 1823521  1 47508600 88823 1.6 18 11 1 2 84% 5677 496 30%
c ~ 5279.34 65 14 554 1823521  1 47586478 127412 1.6 21 13 1 2 85% 5677 496 30%
c I 5279.34 65 14 554 1823521  1 47586479 127413 1.6 21 13 1 2 85% 5677 496 30%
c . 5290.21 65 15 555 1823521  1 47680917 176640 1.7 22 13 1 2 86% 5677 496 30%
c G 5290.23 65 15 555 1823521  1 47680917 92159 1.7 22 13 1 2 86% 5677 496 30%
c C 5290.25 65 15 555 1823521  1 47680917 92159 1.7 22 13 1 2 86% 5677 496 30%
c - 5290.25 65 15 555 1823521  1 47680917 92159 1.7 22 13 1 2 86% 5677 496 30%
c 2 5290.25 65 15 555 1823521  1 47680917 92159 1.7 22 13 1 2 86% 5677 496 30%
c d 5290.25 65 15 555 1823521  1 47680917 92159 1.7 22 13 1 2 86% 5677 496 30%
c p 5290.26 65 15 555 1823521  1 47680917 92159 1.7 22 13 1 2 86% 5677 496 30%
c k 5290.26 65 15 555 1823521  1 47680917 92159 1.7 22 13 1 2 86% 5677 496 30%
c 2 5290.26 65 15 555 1823521  1 47680917 92159 1.7 22 13 1 2 86% 5677 496 30%
c 
c   seconds    reductions       conflicts          size   tier2     variables
c           MB        restarts          redundant     glue   trail      remaining
c            level           rate            size/glue  tier1 irredundant
c 
c u 5290.50 65 15 555 1823521  1 47680917 91998 1.7 22 13 1 2 86% 5677 496 30%
c v 5290.80 65 15 555 1823521  1 47680917 89447 1.7 22 13 1 2 86% 5677 496 30%
c w 5290.80 65 15 555 1823521  1 47680917 89447 1.7 22 13 1 2 86% 5677 496 30%
c t 5290.80 65 15 555 1823521  1 47680917 89447 1.7 22 13 1 2 86% 5677 496 30%
c k 5290.80 65 15 555 1823521  1 47680917 89447 1.7 22 13 1 2 86% 5677 496 30%
c . 5313.90 65 14 556 1823521  1 47853545 170921 1.8 23 13 1 2 88% 5677 496 30%
c G 5313.91 65 14 556 1823521  1 47853545 87678 1.8 23 13 1 2 88% 5677 496 30%
c C 5313.94 65 14 556 1823521  1 47853545 87678 1.8 23 13 1 2 88% 5677 496 30%
c - 5313.94 65 14 556 1823521  1 47853545 87678 1.8 23 13 1 2 88% 5677 496 30%
c 2 5313.94 65 14 556 1823521  1 47853545 87678 1.8 23 13 1 2 88% 5677 496 30%
c d 5313.94 65 14 556 1823521  1 47853545 87678 1.8 23 13 1 2 88% 5677 496 30%
c p 5313.94 65 14 556 1823521  1 47853545 87678 1.8 23 13 1 2 88% 5677 496 30%
c k 5313.94 65 14 556 1823521  1 47853545 87678 1.8 23 13 1 2 88% 5677 496 30%
c 2 5313.94 65 14 556 1823521  1 47853545 87678 1.8 23 13 1 2 88% 5677 496 30%
c u 5314.18 65 14 556 1823521  1 47853545 87519 1.8 23 13 1 2 88% 5677 496 30%
c v 5314.47 65 14 556 1823521  1 47853545 87130 1.8 23 13 1 2 88% 5677 496 30%
c w 5314.47 65 14 556 1823521  1 47853545 87129 1.8 23 13 1 2 88% 5677 496 30%
c t 5314.47 65 14 556 1823521  1 47853545 87129 1.8 23 13 1 2 88% 5677 496 30%
c k 5314.47 65 14 556 1823521  1 47853545 87129 1.8 23 13 1 2 88% 5677 496 30%
c ~ 5318.84 65 15 556 1823521  1 47895479 113089 1.8 24 13 1 2 87% 5677 496 30%
c 
c   seconds    reductions       conflicts           size   tier2     variables
c           MB        restarts          redundant      glue   trail      remaining
c            level           rate             size/glue  tier1 irredundant
c 
c B 5318.85 65 15 556 1823521  1 47895480 113090 1.8 24 13 1 2 87% 5677 496 30%
c . 5333.78 65 15 557 1823521  1 48026486 184143 1.8 24 13 1 2 87% 5677 496 30%
c G 5333.80 65 15 557 1823521  1 48026486 90591 1.8 24 13 1 2 87% 5677 496 30%
c C 5333.82 65 15 557 1823521  1 48026486 90591 1.8 24 13 1 2 87% 5677 496 30%
c - 5333.82 65 15 557 1823521  1 48026486 90591 1.8 24 13 1 2 87% 5677 496 30%
c 2 5333.82 65 15 557 1823521  1 48026486 90591 1.8 24 13 1 2 87% 5677 496 30%
c d 5333.82 65 15 557 1823521  1 48026486 90591 1.8 24 13 1 2 87% 5677 496 30%
c p 5333.82 65 15 557 1823521  1 48026486 90591 1.8 24 13 1 2 87% 5677 496 30%
c k 5333.82 65 15 557 1823521  1 48026486 90591 1.8 24 13 1 2 87% 5677 496 30%
c 2 5333.82 65 15 557 1823521  1 48026486 90591 1.8 24 13 1 2 87% 5677 496 30%
c u 5334.06 65 15 557 1823521  1 48026486 90397 1.8 24 13 1 2 87% 5677 496 30%
c v 5334.33 65 15 557 1823521  1 48026486 90379 1.8 24 13 1 2 87% 5677 496 30%
c w 5334.34 65 15 557 1823521  1 48026486 90298 1.8 24 13 1 2 87% 5677 496 30%
c t 5334.34 65 15 557 1823521  1 48026486 90298 1.8 24 13 1 2 87% 5677 496 30%
c k 5334.34 65 15 557 1823521  1 48026486 90298 1.8 24 13 1 2 87% 5677 496 30%
c . 5354.93 65 16 558 1823521  1 48199738 191364 1.8 25 14 1 2 84% 5677 496 30%
c G 5354.95 65 16 558 1823521  1 48199738 93311 1.8 25 14 1 2 84% 5677 496 30%
c C 5354.97 65 16 558 1823521  1 48199738 93311 1.8 25 14 1 2 84% 5677 496 30%
c - 5354.97 65 16 558 1823521  1 48199738 93311 1.8 25 14 1 2 84% 5677 496 30%
c 2 5354.97 65 16 558 1823521  1 48199738 93311 1.8 25 14 1 2 84% 5677 496 30%
c 
c   seconds    reductions       conflicts          size   tier2     variables
c           MB        restarts          redundant     glue   trail      remaining
c            level           rate            size/glue  tier1 irredundant
c 
c d 5354.97 65 16 558 1823521  1 48199738 93311 1.8 25 14 1 2 84% 5677 496 30%
c p 5354.97 65 16 558 1823521  1 48199738 93311 1.8 25 14 1 2 84% 5677 496 30%
c k 5354.98 65 16 558 1823521  1 48199738 93311 1.8 25 14 1 2 84% 5677 496 30%
c 2 5354.98 65 16 558 1823521  1 48199738 93311 1.8 25 14 1 2 84% 5677 496 30%
c u 5355.22 65 16 558 1823521  1 48199738 93065 1.8 25 14 1 2 84% 5677 496 30%
c v 5355.54 65 16 558 1823521  1 48199738 92098 1.8 25 14 1 2 84% 5677 496 30%
c w 5355.59 65 16 558 1823521  1 48199738 91901 1.8 25 14 1 2 84% 5677 496 30%
c t 5355.59 65 16 558 1823521  1 48199738 91901 1.8 25 14 1 2 84% 5677 496 30%
c k 5355.59 65 16 558 1823521  1 48199738 91901 1.8 25 14 1 2 84% 5677 496 30%
c ~ 5356.18 65 16 558 1823521  1 48205480 94394 1.7 24 14 1 2 84% 5677 496 30%
c W 5365.61 65 16 558 1823521  1 48205481 94395 1.7 24 14 1 2 84% 5677 496 30%
c ] 5377.70 65 15 558 1823536  1 48308201 150330 1.8 24 13 1 2 85% 5677 496 30%
c { 5377.70 65 13 558 1823536  1 48308201 150330 1.8 21 12 1 2 82% 5677 496 30%
c . 5387.62 65 15 559 1832966  1 48373303 193863 1.8 24 13 1 2 84% 5677 496 30%
c G 5387.64 65 15 559 1832966  1 48373303 98913 1.8 24 13 1 2 84% 5677 496 30%
c C 5387.66 65 15 559 1832966  1 48373303 98913 1.8 24 13 1 2 84% 5677 496 30%
c - 5387.66 65 15 559 1832966  1 48373303 98913 1.8 24 13 1 2 84% 5677 496 30%
c 2 5387.66 65 15 559 1832966  1 48373303 98913 1.8 24 13 1 2 84% 5677 496 30%
c d 5387.66 65 15 559 1832966  1 48373303 98913 1.8 24 13 1 2 84% 5677 496 30%
c p 5387.67 65 15 559 1832966  1 48373303 98913 1.8 24 13 1 2 84% 5677 496 30%
c 
c   seconds    reductions       conflicts          size   tier2     variables
c           MB        restarts          redundant     glue   trail      remaining
c            level           rate            size/glue  tier1 irredundant
c 
c k 5387.67 65 15 559 1832966  1 48373303 98913 1.8 24 13 1 2 84% 5677 496 30%
c 2 5387.67 65 15 559 1832966  1 48373303 98913 1.8 24 13 1 2 84% 5677 496 30%
c u 5387.93 65 15 559 1832966  1 48373303 98206 1.8 24 13 1 2 84% 5677 496 30%
c v 5388.28 65 15 559 1832966  1 48373303 96038 1.8 24 13 1 2 84% 5677 496 30%
c w 5388.40 65 15 559 1832966  1 48373303 95824 1.8 24 13 1 2 84% 5677 496 30%
c t 5388.40 65 15 559 1832966  1 48373303 95824 1.8 24 13 1 2 84% 5677 496 30%
c k 5388.40 65 15 559 1832966  1 48373303 95824 1.8 24 13 1 2 84% 5677 496 30%
c ~ 5405.23 65 13 559 1838831  1 48516481 170385 1.8 21 12 1 2 83% 5677 496 30%
c W 5406.80 65 13 559 1838831  1 48516482 170386 1.8 21 12 1 2 83% 5677 496 30%
c . 5410.46 65 12 560 1838897  1 48547182 184077 1.7 19 11 1 2 82% 5677 496 30%
c G 5410.48 65 12 560 1838897  1 48547182 97485 1.7 19 11 1 2 82% 5677 496 30%
c C 5410.50 65 12 560 1838897  1 48547182 97485 1.7 19 11 1 2 82% 5677 496 30%
c - 5410.50 65 12 560 1838897  1 48547182 97485 1.7 19 11 1 2 82% 5677 496 30%
c 2 5410.50 65 12 560 1838897  1 48547182 97485 1.7 19 11 1 2 82% 5677 496 30%
c d 5410.50 65 12 560 1838897  1 48547182 97485 1.7 19 11 1 2 82% 5677 496 30%
c p 5410.50 65 12 560 1838897  1 48547182 97485 1.7 19 11 1 2 82% 5677 496 30%
c k 5410.51 65 12 560 1838897  1 48547182 97485 1.7 19 11 1 2 82% 5677 496 30%
c 2 5410.51 65 12 560 1838897  1 48547182 97485 1.7 19 11 1 2 82% 5677 496 30%
c u 5410.75 65 12 560 1838897  1 48547182 95070 1.7 19 11 1 2 82% 5677 496 30%
c v 5411.07 65 12 560 1838897  1 48547182 93581 1.7 19 11 1 2 82% 5677 496 30%
c 
c   seconds    reductions       conflicts          size   tier2     variables
c           MB        restarts          redundant     glue   trail      remaining
c            level           rate            size/glue  tier1 irredundant
c 
c w 5411.07 65 12 560 1838897  1 48547182 93581 1.7 19 11 1 2 82% 5677 496 30%
c t 5411.07 65 12 560 1838897  1 48547182 93581 1.7 19 11 1 2 82% 5677 496 30%
c k 5411.07 65 12 560 1838897  1 48547182 93581 1.7 19 11 1 2 82% 5677 496 30%
c . 5433.62 65 13 561 1852834  1 48721371 193188 1.9 21 11 1 2 84% 5677 496 30%
c G 5433.64 65 13 561 1852834  1 48721371 99713 1.9 21 11 1 2 84% 5677 496 30%
c C 5433.66 65 13 561 1852834  1 48721371 99713 1.9 21 11 1 2 84% 5677 496 30%
c - 5433.66 65 13 561 1852834  1 48721371 99713 1.9 21 11 1 2 84% 5677 496 30%
c 2 5433.66 65 13 561 1852834  1 48721371 99713 1.9 21 11 1 2 84% 5677 496 30%
c d 5433.66 65 13 561 1852834  1 48721371 99713 1.9 21 11 1 2 84% 5677 496 30%
c p 5433.67 65 13 561 1852834  1 48721371 99713 1.9 21 11 1 2 84% 5677 496 30%
c k 5433.67 65 13 561 1852834  1 48721371 99713 1.9 21 11 1 2 84% 5677 496 30%
c 2 5433.67 65 13 561 1852834  1 48721371 99713 1.9 21 11 1 2 84% 5677 496 30%
c u 5433.90 65 13 561 1852834  1 48721371 97568 1.9 21 11 1 2 84% 5677 496 30%
c v 5434.19 65 13 561 1852834  1 48721371 97408 1.9 21 11 1 2 84% 5677 496 30%
c w 5434.19 65 13 561 1852834  1 48721371 97408 1.9 21 11 1 2 84% 5677 496 30%
c t 5434.19 65 13 561 1852834  1 48721371 97408 1.9 21 11 1 2 84% 5677 496 30%
c k 5434.19 65 13 561 1852834  1 48721371 97408 1.9 21 11 1 2 84% 5677 496 30%
c 2 5434.19 65 13 561 1852834  1 48721371 97408 1.9 21 11 1 2 84% 5677 496 30%
c f 5434.19 65 13 561 1852834  1 48721371 97408 1.9 21 11 1 2 84% 5677 496 30%
c ~ 5446.84 65 13 561 1861040  1 48828482 156019 1.8 21 11 1 2 84% 5677 496 30%
c 
c   seconds    reductions       conflicts           size   tier2     variables
c           MB        restarts          redundant      glue   trail      remaining
c            level           rate             size/glue  tier1 irredundant
c 
c # 5446.84 65 13 561 1861040  1 48828483 156020 1.8 21 11 1 2 84% 5677 496 30%
c . 5456.10 65 13 562 1866003  1 48895873 192128 1.8 21 11 1 2 85% 5677 496 30%
c G 5456.12 65 13 562 1866003  1 48895873 98497 1.8 21 11 1 2 85% 5677 496 30%
c C 5456.14 65 13 562 1866003  1 48895873 98497 1.8 21 11 1 2 85% 5677 496 30%
c - 5456.14 65 13 562 1866003  1 48895873 98497 1.8 21 11 1 2 85% 5677 496 30%
c 2 5456.14 65 13 562 1866003  1 48895873 98497 1.8 21 11 1 2 85% 5677 496 30%
c d 5456.14 65 13 562 1866003  1 48895873 98497 1.8 21 11 1 2 85% 5677 496 30%
c p 5456.15 65 13 562 1866003  1 48895873 98497 1.8 21 11 1 2 85% 5677 496 30%
c k 5456.15 65 13 562 1866003  1 48895873 98497 1.8 21 11 1 2 85% 5677 496 30%
c 2 5456.15 65 13 562 1866003  1 48895873 98497 1.8 21 11 1 2 85% 5677 496 30%
c u 5456.28 65 13 562 1866003  1 48895873 98457 1.8 21 11 1 2 85% 5677 496 30%
c v 5456.57 65 13 562 1866003  1 48895873 98419 1.8 21 11 1 2 85% 5677 496 30%
c w 5456.57 65 13 562 1866003  1 48895873 98418 1.8 21 11 1 2 85% 5677 496 30%
c t 5456.57 65 13 562 1866003  1 48895873 98418 1.8 21 11 1 2 85% 5677 496 30%
c k 5456.57 65 13 562 1866003  1 48895873 98418 1.8 21 11 1 2 85% 5677 496 30%
c . 5479.38 65 12 563 1877469  1 49070687 190768 1.8 19 11 1 2 85% 5677 496 30%
c G 5479.40 65 12 563 1877469  1 49070687 98232 1.8 19 11 1 2 85% 5677 496 30%
c C 5479.42 65 12 563 1877469  1 49070687 98232 1.8 19 11 1 2 85% 5677 496 30%
c - 5479.42 65 12 563 1877469  1 49070687 98232 1.8 19 11 1 2 85% 5677 496 30%
c 2 5479.42 65 12 563 1877469  1 49070687 98232 1.8 19 11 1 2 85% 5677 496 30%
c 
c   seconds    reductions       conflicts          size   tier2     variables
c           MB        restarts          redundant     glue   trail      remaining
c            level           rate            size/glue  tier1 irredundant
c 
c d 5479.42 65 12 563 1877469  1 49070687 98232 1.8 19 11 1 2 85% 5677 496 30%
c p 5479.43 65 12 563 1877469  1 49070687 98232 1.8 19 11 1 2 85% 5677 496 30%
c k 5479.43 65 12 563 1877469  1 49070687 98232 1.8 19 11 1 2 85% 5677 496 30%
c 2 5479.43 65 12 563 1877469  1 49070687 98232 1.8 19 11 1 2 85% 5677 496 30%
c u 5479.61 65 12 563 1877469  1 49070687 98112 1.8 19 11 1 2 85% 5677 496 30%
c v 5479.95 65 12 563 1877469  1 49070687 97128 1.8 19 11 1 2 85% 5677 496 30%
c w 5479.95 65 12 563 1877469  1 49070687 97128 1.8 19 11 1 2 85% 5677 496 30%
c t 5479.95 65 12 563 1877469  1 49070687 97128 1.8 19 11 1 2 85% 5677 496 30%
c k 5479.95 65 12 563 1877469  1 49070687 97128 1.8 19 11 1 2 85% 5677 496 30%
c ~ 5487.70 65 12 563 1882204  1 49141484 132248 1.7 18 11 1 2 84% 5677 496 30%
c B 5487.71 65 12 563 1882204  1 49141485 132249 1.7 18 11 1 2 84% 5677 496 30%
c } 5497.11 65 15 563 1895139  2 49197312 172980 1.8 24 13 1 2 86% 5677 496 30%
c [ 5497.11 65 15 563 1895139  1 49197312 172980 1.8 24 13 1 2 85% 5677 496 30%
c . 5502.62 65 14 564 1895155  1 49245814 203171 1.8 23 13 1 2 86% 5677 496 30%
c G 5502.63 65 14 564 1895155  1 49245814 102176 1.8 23 13 1 2 86% 5677 496 30%
c C 5502.66 66 14 564 1895155  1 49245814 102176 1.8 23 13 1 2 86% 5677 496 30%
c - 5502.66 66 14 564 1895155  1 49245814 102176 1.8 23 13 1 2 86% 5677 496 30%
c 2 5502.66 66 14 564 1895155  1 49245814 102176 1.8 23 13 1 2 86% 5677 496 30%
c d 5502.66 66 14 564 1895155  1 49245814 102176 1.8 23 13 1 2 86% 5677 496 30%
c p 5502.66 66 14 564 1895155  1 49245814 102176 1.8 23 13 1 2 86% 5677 496 30%
c 
c   seconds    reductions       conflicts           size   tier2     variables
c           MB        restarts          redundant      glue   trail      remaining
c            level           rate             size/glue  tier1 irredundant
c 
c k 5502.67 66 14 564 1895155  1 49245814 102176 1.8 23 13 1 2 86% 5677 496 30%
c 2 5502.67 66 14 564 1895155  1 49245814 102176 1.8 23 13 1 2 86% 5677 496 30%
c u 5502.88 66 14 564 1895155  1 49245814 102038 1.8 23 13 1 2 86% 5677 496 30%
c v 5503.21 66 14 564 1895155  1 49245814 99432 1.8 23 13 1 2 86% 5677 496 30%
c w 5503.21 66 14 564 1895155  1 49245814 99432 1.8 23 13 1 2 86% 5677 496 30%
c t 5503.21 66 14 564 1895155  1 49245814 99432 1.8 23 13 1 2 86% 5677 496 30%
c k 5503.21 66 14 564 1895155  1 49245814 99432 1.8 23 13 1 2 86% 5677 496 30%
c 2 5503.21 66 14 564 1895155  1 49245814 99432 1.8 23 13 1 2 86% 5677 496 30%
c f 5503.21 66 14 564 1895155  1 49245814 99432 1.8 23 13 1 2 86% 5677 496 30%
c . 5522.32 66 14 565 1895217  1 49421253 179726 1.6 21 13 1 2 87% 5677 496 30%
c G 5522.33 66 14 565 1895217  1 49421253 95106 1.6 21 13 1 2 87% 5677 496 30%
c C 5522.36 66 14 565 1895217  1 49421253 95106 1.6 21 13 1 2 87% 5677 496 30%
c - 5522.36 66 14 565 1895217  1 49421253 95106 1.6 21 13 1 2 87% 5677 496 30%
c 2 5522.36 66 14 565 1895217  1 49421253 95106 1.6 21 13 1 2 87% 5677 496 30%
c d 5522.36 66 14 565 1895217  1 49421253 95106 1.6 21 13 1 2 87% 5677 496 30%
c p 5522.36 66 14 565 1895217  1 49421253 95106 1.6 21 13 1 2 87% 5677 496 30%
c c 5522.36 66 14 565 1895217  1 49421253 95106 1.6 21 13 1 2 87% 5677 496 30%
c k 5522.37 66 14 565 1895217  1 49421253 95106 1.6 21 13 1 2 87% 5677 496 30%
c 2 5522.37 66 14 565 1895217  1 49421253 95106 1.6 21 13 1 2 87% 5677 496 30%
c u 5522.58 66 14 565 1895217  1 49421253 94984 1.6 21 13 1 2 87% 5677 496 30%
c 
c   seconds    reductions       conflicts          size   tier2     variables
c           MB        restarts          redundant     glue   trail      remaining
c            level           rate            size/glue  tier1 irredundant
c 
c v 5522.91 66 14 565 1895217  1 49421253 92987 1.6 21 13 1 2 87% 5677 496 30%
c w 5522.91 66 14 565 1895217  1 49421253 92987 1.6 21 13 1 2 87% 5677 496 30%
c t 5522.91 66 14 565 1895217  1 49421253 92987 1.6 21 13 1 2 87% 5677 496 30%
c k 5522.91 66 14 565 1895217  1 49421253 92987 1.6 21 13 1 2 87% 5677 496 30%
c ~ 5526.74 66 14 565 1895225  1 49455485 109366 1.6 21 13 1 2 87% 5677 496 30%
c O 5526.74 66 14 565 1895225  1 49455486 109367 1.6 21 13 1 2 87% 5677 496 30%
c . 5545.58 66 14 566 1895251  1 49597004 173395 1.6 21 13 1 2 88% 5677 496 30%
c G 5545.60 66 14 566 1895251  1 49597004 86710 1.6 21 13 1 2 88% 5677 496 30%
c C 5545.62 66 14 566 1895251  1 49597004 86710 1.6 21 13 1 2 88% 5677 496 30%
c - 5545.62 66 14 566 1895251  1 49597004 86710 1.6 21 13 1 2 88% 5677 496 30%
c 2 5545.62 66 14 566 1895251  1 49597004 86710 1.6 21 13 1 2 88% 5677 496 30%
c d 5545.62 66 14 566 1895251  1 49597004 86710 1.6 21 13 1 2 88% 5677 496 30%
c p 5545.62 66 14 566 1895251  1 49597004 86710 1.6 21 13 1 2 88% 5677 496 30%
c k 5545.62 66 14 566 1895251  1 49597004 86710 1.6 21 13 1 2 88% 5677 496 30%
c 2 5545.62 66 14 566 1895251  1 49597004 86710 1.6 21 13 1 2 88% 5677 496 30%
c u 5545.83 66 14 566 1895251  1 49597004 86600 1.6 21 13 1 2 88% 5677 496 30%
c v 5546.12 66 14 566 1895251  1 49597004 85479 1.6 21 13 1 2 88% 5677 496 30%
c w 5546.12 66 14 566 1895251  1 49597004 85479 1.6 21 13 1 2 88% 5677 496 30%
c t 5546.12 66 14 566 1895251  1 49597004 85479 1.6 21 13 1 2 88% 5677 496 30%
c k 5546.12 66 14 566 1895251  1 49597004 85479 1.6 21 13 1 2 88% 5677 496 30%
c 
c   seconds    reductions       conflicts           size   tier2     variables
c           MB        restarts          redundant      glue   trail      remaining
c            level           rate             size/glue  tier1 irredundant
c 
c ~ 5570.22 66 13 566 1895312  1 49770487 152934 1.6 19 12 1 2 88% 5677 496 30%
c B 5570.22 66 13 566 1895312  1 49770488 152935 1.6 19 12 1 2 88% 5677 496 30%
c . 5570.51 66 13 567 1895312  1 49773066 154724 1.6 19 12 1 2 88% 5677 496 30%
c G 5570.52 66 13 567 1895312  1 49773066 83059 1.6 19 12 1 2 88% 5677 496 30%
c C 5570.54 66 13 567 1895312  1 49773066 83059 1.6 19 12 1 2 88% 5677 496 30%
c - 5570.54 66 13 567 1895312  1 49773066 83059 1.6 19 12 1 2 88% 5677 496 30%
c 2 5570.54 66 13 567 1895312  1 49773066 83059 1.6 19 12 1 2 88% 5677 496 30%
c d 5570.54 66 13 567 1895312  1 49773066 83059 1.6 19 12 1 2 88% 5677 496 30%
c p 5570.54 66 13 567 1895312  1 49773066 83059 1.6 19 12 1 2 88% 5677 496 30%
c k 5570.54 66 13 567 1895312  1 49773066 83059 1.6 19 12 1 2 88% 5677 496 30%
c 2 5570.54 66 13 567 1895312  1 49773066 83059 1.6 19 12 1 2 88% 5677 496 30%
c u 5570.74 66 13 567 1895312  1 49773066 82927 1.6 19 12 1 2 88% 5677 496 30%
c v 5570.99 66 13 567 1895312  1 49773066 82810 1.6 19 12 1 2 88% 5677 496 30%
c w 5570.99 66 13 567 1895312  1 49773066 82810 1.6 19 12 1 2 88% 5677 496 30%
c t 5570.99 66 13 567 1895312  1 49773066 82810 1.6 19 12 1 2 88% 5677 496 30%
c k 5571.00 66 13 567 1895312  1 49773066 82810 1.6 19 12 1 2 88% 5677 496 30%
c . 5592.79 66 15 568 1895367  1 49949443 195845 2.0 26 13 1 2 87% 5677 496 30%
c G 5592.80 66 15 568 1895367  1 49949443 95156 2.0 26 13 1 2 87% 5677 496 30%
c C 5592.83 66 15 568 1895367  1 49949443 95156 2.0 26 13 1 2 87% 5677 496 30%
c - 5592.83 66 15 568 1895367  1 49949443 95156 2.0 26 13 1 2 87% 5677 496 30%
c 
c   seconds    reductions       conflicts          size   tier2     variables
c           MB        restarts          redundant     glue   trail      remaining
c            level           rate            size/glue  tier1 irredundant
c 
c 2 5592.83 66 15 568 1895367  1 49949443 95156 2.0 26 13 1 2 87% 5677 496 30%
c d 5592.83 66 15 568 1895367  1 49949443 95156 2.0 26 13 1 2 87% 5677 496 30%
c p 5592.83 66 15 568 1895367  1 49949443 95156 2.0 26 13 1 2 87% 5677 496 30%
c k 5592.83 66 15 568 1895367  1 49949443 95156 2.0 26 13 1 2 87% 5677 496 30%
c 2 5592.83 66 15 568 1895367  1 49949443 95156 2.0 26 13 1 2 87% 5677 496 30%
c u 5593.09 66 15 568 1895367  1 49949443 95004 2.0 26 13 1 2 87% 5677 496 30%
c v 5593.42 66 15 568 1895367  1 49949443 93418 2.0 26 13 1 2 87% 5677 496 30%
c w 5593.53 66 15 568 1895367  1 49949443 93173 2.0 26 13 1 2 87% 5677 496 30%
c t 5593.53 66 15 568 1895367  1 49949443 93173 2.0 26 13 1 2 87% 5677 496 30%
c k 5593.53 66 15 568 1895367  1 49949443 93173 2.0 26 13 1 2 87% 5677 496 30%
c ~ 5611.32 66 14 568 1895378  1 50086490 166410 1.9 25 13 1 2 88% 5677 496 30%
c W 5621.09 66 14 568 1895378  1 50086491 166411 1.9 25 13 1 2 88% 5677 496 30%
c ] 5622.29 66 14 568 1895379  1 50093010 169078 1.9 25 13 1 2 88% 5677 496 30%
c { 5622.29 66 15 568 1895379  2 50093010 169078 1.8 24 13 1 2 86% 5677 496 30%
c . 5627.75 66 15 569 1899098  2 50126131 191055 1.9 24 13 1 2 86% 5677 496 30%
c G 5627.77 66 15 569 1899098  2 50126131 96245 1.9 24 13 1 2 86% 5677 496 30%
c C 5627.80 67 15 569 1899098  2 50126131 96245 1.9 24 13 1 2 86% 5677 496 30%
c - 5627.80 67 15 569 1899098  2 50126131 96245 1.9 24 13 1 2 86% 5677 496 30%
c 2 5627.80 67 15 569 1899098  2 50126131 96245 1.9 24 13 1 2 86% 5677 496 30%
c d 5627.80 67 15 569 1899098  2 50126131 96245 1.9 24 13 1 2 86% 5677 496 30%
c 
c   seconds    reductions       conflicts          size   tier2     variables
c           MB        restarts          redundant     glue   trail      remaining
c            level           rate            size/glue  tier1 irredundant
c 
c p 5627.80 67 15 569 1899098  2 50126131 96245 1.9 24 13 1 2 86% 5677 496 30%
c k 5627.80 67 15 569 1899098  2 50126131 96245 1.9 24 13 1 2 86% 5677 496 30%
c 2 5627.80 67 15 569 1899098  2 50126131 96245 1.9 24 13 1 2 86% 5677 496 30%
c u 5628.05 67 15 569 1899098  2 50126131 96094 1.9 24 13 1 2 86% 5677 496 30%
c v 5628.43 67 15 569 1899098  2 50126131 95200 1.9 24 13 1 2 86% 5677 496 30%
c w 5628.58 67 15 569 1899098  2 50126131 95145 1.9 24 13 1 2 86% 5677 496 30%
c t 5628.58 67 15 569 1899098  2 50126131 95145 1.9 24 13 1 2 86% 5677 496 30%
c k 5628.58 67 15 569 1899098  2 50126131 95145 1.9 24 13 1 2 86% 5677 496 30%
c . 5654.52 67 15 570 1914383  1 50303130 197975 1.9 24 13 1 2 85% 5677 496 30%
c G 5654.53 67 15 570 1914383  1 50303130 101243 1.9 24 13 1 2 85% 5677 496 30%
c C 5654.56 67 15 570 1914383  1 50303130 101243 1.9 24 13 1 2 85% 5677 496 30%
c - 5654.56 67 15 570 1914383  1 50303130 101243 1.9 24 13 1 2 85% 5677 496 30%
c 2 5654.56 67 15 570 1914383  1 50303130 101243 1.9 24 13 1 2 85% 5677 496 30%
c d 5654.56 67 15 570 1914383  1 50303130 101243 1.9 24 13 1 2 85% 5677 496 30%
c p 5654.56 67 15 570 1914383  1 50303130 101243 1.9 24 13 1 2 85% 5677 496 30%
c k 5654.56 67 15 570 1914383  1 50303130 101243 1.9 24 13 1 2 85% 5677 496 30%
c 2 5654.57 67 15 570 1914383  1 50303130 101243 1.9 24 13 1 2 85% 5677 496 30%
c u 5654.83 67 15 570 1914383  1 50303130 101072 1.9 24 13 1 2 85% 5677 496 30%
c v 5655.17 67 15 570 1914383  1 50303130 101005 1.9 24 13 1 2 85% 5677 496 30%
c w 5655.32 67 15 570 1914383  1 50303130 99766 1.9 24 13 1 2 85% 5677 496 30%
c 
c   seconds    reductions       conflicts          size   tier2     variables
c           MB        restarts          redundant     glue   trail      remaining
c            level           rate            size/glue  tier1 irredundant
c 
c t 5655.32 67 15 570 1914383  1 50303130 99766 1.9 24 13 1 2 85% 5677 496 30%
c k 5655.32 67 15 570 1914383  1 50303130 99766 1.9 24 13 1 2 85% 5677 496 30%
c ~ 5666.81 67 13 570 1917123  1 50403492 149684 1.8 21 12 1 2 85% 5677 496 30%
c W 5668.26 67 13 570 1917123  1 50403493 149685 1.8 21 12 1 2 85% 5677 496 30%
c . 5680.50 67 14 571 1925612  1 50480441 195771 1.8 22 12 1 2 85% 5677 496 30%
c G 5680.51 67 14 571 1925612  1 50480441 100840 1.8 22 12 1 2 85% 5677 496 30%
c C 5680.54 67 14 571 1925612  1 50480441 100840 1.8 22 12 1 2 85% 5677 496 30%
c - 5680.54 67 14 571 1925612  1 50480441 100840 1.8 22 12 1 2 85% 5677 496 30%
c 2 5680.54 67 14 571 1925612  1 50480441 100840 1.8 22 12 1 2 85% 5677 496 30%
c d 5680.54 67 14 571 1925612  1 50480441 100840 1.8 22 12 1 2 85% 5677 496 30%
c p 5680.54 67 14 571 1925612  1 50480441 100840 1.8 22 12 1 2 85% 5677 496 30%
c k 5680.54 67 14 571 1925612  1 50480441 100840 1.8 22 12 1 2 85% 5677 496 30%
c 2 5680.54 67 14 571 1925612  1 50480441 100840 1.8 22 12 1 2 85% 5677 496 30%
c u 5680.80 67 14 571 1925612  1 50480441 100568 1.8 22 12 1 2 85% 5677 496 30%
c v 5681.11 67 14 571 1925612  1 50480441 100469 1.8 22 12 1 2 85% 5677 496 30%
c w 5681.11 67 14 571 1925612  1 50480441 100469 1.8 22 12 1 2 85% 5677 496 30%
c t 5681.11 67 14 571 1925612  1 50480441 100469 1.8 22 12 1 2 85% 5677 496 30%
c k 5681.11 67 14 571 1925612  1 50480441 100469 1.8 22 12 1 2 85% 5677 496 30%
c . 5703.60 67 12 572 1934799  1 50658064 192193 1.8 19 10 1 2 84% 5677 496 30%
c G 5703.61 67 12 572 1934799  1 50658064 101013 1.8 19 10 1 2 84% 5677 496 30%
c 
c   seconds    reductions       conflicts           size   tier2     variables
c           MB        restarts          redundant      glue   trail      remaining
c            level           rate             size/glue  tier1 irredundant
c 
c C 5703.63 67 12 572 1934799  1 50658064 101013 1.8 19 10 1 2 84% 5677 496 30%
c - 5703.63 67 12 572 1934799  1 50658064 101013 1.8 19 10 1 2 84% 5677 496 30%
c 2 5703.64 67 12 572 1934799  1 50658064 101013 1.8 19 10 1 2 84% 5677 496 30%
c d 5703.64 67 12 572 1934799  1 50658064 101013 1.8 19 10 1 2 84% 5677 496 30%
c p 5703.64 67 12 572 1934799  1 50658064 101014 1.8 19 10 1 2 84% 5677 496 30%
c k 5703.64 67 12 572 1934799  1 50658064 101014 1.8 19 10 1 2 84% 5677 496 30%
c 2 5703.64 67 12 572 1934799  1 50658064 101014 1.8 19 10 1 2 84% 5677 496 30%
c u 5703.90 67 12 572 1934799  1 50658064 100672 1.8 19 10 1 2 84% 5677 496 30%
c v 5704.07 67 12 572 1934799  1 50658064 100592 1.8 19 10 1 2 84% 5677 496 30%
c w 5704.07 67 12 572 1934799  1 50658064 100592 1.8 19 10 1 2 84% 5677 496 30%
c x 5704.13 67 12 572 1934799  1 50658064 100584 1.8 19 10 1 2 84% 5655 496 30%
c t 5704.14 67 12 572 1934799  1 50658064 100584 1.8 19 10 1 2 84% 5655 496 30%
c k 5704.14 67 12 572 1934799  1 50658064 100584 1.8 19 10 1 2 84% 5655 496 30%
c 2 5704.14 67 12 572 1934799  1 50658064 100584 1.8 19 10 1 2 84% 5655 496 30%
c f 5704.14 67 12 572 1934799  1 50658064 100584 1.8 19 10 1 2 84% 5655 496 30%
c s 5704.63 67 12 572 1934799  1 50658064 94768 1.8 19 10 1 2 84% 5647 496 30%
c t 5704.63 67 12 572 1934799  1 50658064 94768 1.8 19 10 1 2 84% 5647 496 30%
c e 5704.64 67 12 572 1934799  1 50658064 94140 1.8 19 10 1 2 84% 5661 495 30%
c s 5704.73 67 12 572 1934799  1 50658064 93923 1.8 19 10 1 2 84% 5661 495 30%
c i 5707.04 67 11 572 1934803  1 50680121 103686 1.8 18 10 1 2 84% 5661 494 30%
c 
c   seconds    reductions       conflicts           size   tier2     variables
c           MB        restarts          redundant      glue   trail      remaining
c            level           rate             size/glue  tier1 irredundant
c 
c ~ 5713.06 67 13 572 1943320  1 50721494 129941 1.8 20 11 1 2 85% 5661 494 30%
c F 5713.06 67 13 572 1943320  1 50721495 129942 1.8 20 11 1 2 85% 5661 494 30%
c . 5731.32 67 15 573 1959576  2 50836001 204117 1.8 24 13 1 2 85% 5661 494 30%
c G 5731.35 67 15 573 1959576  2 50836001 97264 1.8 24 13 1 2 85% 5576 494 30%
c C 5731.37 68 15 573 1959576  2 50836001 97264 1.8 24 13 1 2 85% 5576 494 30%
c - 5731.37 68 15 573 1959576  2 50836001 97264 1.8 24 13 1 2 85% 5576 494 30%
c 2 5731.37 68 15 573 1959576  2 50836001 97264 1.8 24 13 1 2 85% 5576 494 30%
c d 5731.37 68 15 573 1959576  2 50836001 97264 1.8 24 13 1 2 85% 5576 494 30%
c p 5731.38 68 15 573 1959576  2 50836001 97264 1.8 24 13 1 2 85% 5576 494 30%
c k 5731.38 68 15 573 1959576  2 50836001 97264 1.8 24 13 1 2 85% 5576 494 30%
c 2 5731.38 68 15 573 1959576  2 50836001 97264 1.8 24 13 1 2 85% 5576 494 30%
c u 5731.63 68 15 573 1959576  2 50836001 96636 1.8 24 13 1 2 85% 5576 494 30%
c v 5732.02 68 15 573 1959576  2 50836001 95879 1.8 24 13 1 2 85% 5576 494 30%
c w 5732.19 68 15 573 1959576  2 50836001 95049 1.8 24 13 1 2 85% 5576 494 30%
c t 5732.19 68 15 573 1959576  2 50836001 95049 1.8 24 13 1 2 85% 5575 494 30%
c k 5732.19 68 15 573 1959576  2 50836001 95049 1.8 24 13 1 2 85% 5575 494 30%
c 2 5732.19 68 15 573 1959576  2 50836001 95049 1.8 24 13 1 2 85% 5575 494 30%
c f 5732.19 68 15 573 1959576  2 50836001 95049 1.8 24 13 1 2 85% 5575 494 30%
c } 5749.44 68 15 573 1967429  1 50979093 176876 1.8 24 13 1 2 86% 5575 494 30%
c [ 5749.44 68 14 573 1967429  1 50979093 176876 1.9 25 13 1 2 88% 5575 494 30%
c 
c   seconds    reductions       conflicts           size   tier2     variables
c           MB        restarts          redundant      glue   trail      remaining
c            level           rate             size/glue  tier1 irredundant
c 
c . 5753.95 68 14 574 1967429  1 51014249 192410 1.9 23 13 1 2 87% 5575 494 30%
c G 5753.97 68 14 574 1967429  1 51014249 98225 1.9 23 13 1 2 87% 5575 494 30%
c C 5753.99 68 14 574 1967429  1 51014249 98225 1.9 23 13 1 2 87% 5575 494 30%
c - 5753.99 68 14 574 1967429  1 51014249 98225 1.9 23 13 1 2 87% 5575 494 30%
c 2 5753.99 68 14 574 1967429  1 51014249 98225 1.9 23 13 1 2 87% 5575 494 30%
c d 5753.99 68 14 574 1967429  1 51014249 98225 1.9 23 13 1 2 87% 5575 494 30%
c p 5754.00 68 14 574 1967429  1 51014249 98225 1.9 23 13 1 2 87% 5575 494 30%
c k 5754.00 68 14 574 1967429  1 51014249 98225 1.9 23 13 1 2 87% 5575 494 30%
c 2 5754.00 68 14 574 1967429  1 51014249 98225 1.9 23 13 1 2 87% 5575 494 30%
c u 5754.24 68 14 574 1967429  1 51014249 95685 1.9 23 13 1 2 87% 5575 494 30%
c v 5754.58 68 14 574 1967429  1 51014249 94106 1.9 23 13 1 2 87% 5575 494 30%
c w 5754.63 68 14 574 1967429  1 51014249 93361 1.9 23 13 1 2 87% 5575 494 30%
c t 5754.63 68 14 574 1967429  1 51014249 93361 1.9 23 13 1 2 87% 5575 494 30%
c k 5754.63 68 14 574 1967429  1 51014249 93361 1.9 23 13 1 2 87% 5575 494 30%
c ~ 5757.14 68 14 574 1967429  1 51040496 106350 1.8 23 13 1 2 87% 5575 494 30%
c I 5757.14 68 14 574 1967429  1 51040497 106351 1.8 23 13 1 2 87% 5575 494 30%
c s 5758.03 68 14 574 1967429  1 51044777 107268 1.8 23 13 1 2 87% 5570 494 30%
c t 5758.03 68 14 574 1967429  1 51044777 107268 1.8 23 13 1 2 87% 5570 494 30%
c e 5758.03 68 14 574 1967429  1 51044777 105475 1.8 23 13 1 2 87% 5623 487 30%
c s 5758.15 68 14 574 1967429  1 51044777 105432 1.8 23 13 1 2 87% 5623 487 30%
c 
c   seconds    reductions       conflicts           size   tier2     variables
c           MB        restarts          redundant      glue   trail      remaining
c            level           rate             size/glue  tier1 irredundant
c 
c . 5775.13 68 13 575 1967464  1 51192811 172873 1.6 20 12 1 2 86% 5623 487 30%
c G 5775.14 68 13 575 1967464  1 51192811 88267 1.6 20 12 1 2 86% 5623 487 30%
c C 5775.16 68 13 575 1967464  1 51192811 88267 1.6 20 12 1 2 86% 5623 487 30%
c - 5775.16 68 13 575 1967464  1 51192811 88267 1.6 20 12 1 2 86% 5623 487 30%
c 2 5775.17 68 13 575 1967464  1 51192811 88267 1.6 20 12 1 2 86% 5623 487 30%
c d 5775.17 68 13 575 1967464  1 51192811 88267 1.6 20 12 1 2 86% 5623 487 30%
c p 5775.17 68 13 575 1967464  1 51192811 88267 1.6 20 12 1 2 86% 5623 487 30%
c k 5775.17 68 13 575 1967464  1 51192811 88267 1.6 20 12 1 2 86% 5623 487 30%
c 2 5775.17 68 13 575 1967464  1 51192811 88267 1.6 20 12 1 2 86% 5623 487 30%
c u 5775.39 68 13 575 1967464  1 51192811 86029 1.6 20 12 1 2 86% 5623 487 30%
c v 5775.73 68 13 575 1967464  1 51192811 84296 1.6 20 12 1 2 86% 5623 487 30%
c w 5775.73 68 13 575 1967464  1 51192811 84295 1.6 20 12 1 2 86% 5623 487 30%
c t 5775.73 68 13 575 1967464  1 51192811 84295 1.6 20 12 1 2 86% 5623 487 30%
c k 5775.73 68 13 575 1967464  1 51192811 84295 1.6 20 12 1 2 86% 5623 487 30%
c 2 5775.73 68 13 575 1967464  1 51192811 84295 1.6 20 12 1 2 86% 5623 487 30%
c f 5775.73 68 13 575 1967464  1 51192811 84295 1.6 20 12 1 2 86% 5605 488 30%
c ~ 5794.47 68 14 575 1967521  1 51360497 162108 1.7 21 13 1 2 86% 5605 488 30%
c B 5794.47 68 14 575 1967521  1 51360498 162109 1.7 21 13 1 2 86% 5605 488 30%
c . 5795.89 68 14 576 1967523  1 51371683 168062 1.7 22 13 1 2 86% 5605 488 30%
c G 5795.90 68 14 576 1967523  1 51371683 82354 1.7 22 13 1 2 86% 5605 488 30%
c 
c   seconds    reductions       conflicts          size   tier2     variables
c           MB        restarts          redundant     glue   trail      remaining
c            level           rate            size/glue  tier1 irredundant
c 
c C 5795.92 68 14 576 1967523  1 51371683 82354 1.7 22 13 1 2 86% 5605 488 30%
c - 5795.92 68 14 576 1967523  1 51371683 82354 1.7 22 13 1 2 86% 5605 488 30%
c 2 5795.92 68 14 576 1967523  1 51371683 82354 1.7 22 13 1 2 86% 5605 488 30%
c d 5795.92 68 14 576 1967523  1 51371683 82354 1.7 22 13 1 2 86% 5605 488 30%
c p 5795.93 68 14 576 1967523  1 51371683 82354 1.7 22 13 1 2 86% 5605 488 30%
c k 5795.93 68 14 576 1967523  1 51371683 82354 1.7 22 13 1 2 86% 5605 488 30%
c 2 5795.93 68 14 576 1967523  1 51371683 82354 1.7 22 13 1 2 86% 5605 488 30%
c u 5796.05 68 14 576 1967523  1 51371683 82225 1.7 22 13 1 2 86% 5605 488 30%
c v 5796.37 68 14 576 1967523  1 51371683 81089 1.7 22 13 1 2 86% 5605 488 30%
c w 5796.37 68 14 576 1967523  1 51371683 81089 1.7 22 13 1 2 86% 5605 488 30%
c t 5796.38 68 14 576 1967523  1 51371683 81089 1.7 22 13 1 2 86% 5605 488 30%
c k 5796.38 68 14 576 1967523  1 51371683 81089 1.7 22 13 1 2 86% 5605 488 30%
c s 5804.53 68 14 576 1967552  1 51440065 111588 1.7 21 13 1 2 86% 5596 488 30%
c t 5804.53 68 14 576 1967552  1 51440065 111588 1.7 21 13 1 2 86% 5596 488 30%
c e 5804.54 68 14 576 1967552  1 51440065 111475 1.7 21 13 1 2 86% 5608 487 30%
c s 5804.55 68 14 576 1967552  1 51440065 111475 1.7 21 13 1 2 86% 5608 487 30%
c . 5819.32 68 13 577 1967556  1 51550868 157711 1.7 20 12 1 2 86% 5608 487 30%
c G 5819.33 68 13 577 1967556  1 51550868 80977 1.7 20 12 1 2 86% 5608 487 30%
c C 5819.35 68 13 577 1967556  1 51550868 80977 1.7 20 12 1 2 86% 5608 487 30%
c - 5819.35 68 13 577 1967556  1 51550868 80977 1.7 20 12 1 2 86% 5608 487 30%
c 
c   seconds    reductions       conflicts          size   tier2     variables
c           MB        restarts          redundant     glue   trail      remaining
c            level           rate            size/glue  tier1 irredundant
c 
c 2 5819.35 68 13 577 1967556  1 51550868 80977 1.7 20 12 1 2 86% 5608 487 30%
c d 5819.35 68 13 577 1967556  1 51550868 80977 1.7 20 12 1 2 86% 5608 487 30%
c p 5819.36 68 13 577 1967556  1 51550868 80977 1.7 20 12 1 2 86% 5608 487 30%
c k 5819.36 68 13 577 1967556  1 51550868 80977 1.7 20 12 1 2 86% 5608 487 30%
c 2 5819.36 68 13 577 1967556  1 51550868 80977 1.7 20 12 1 2 86% 5608 487 30%
c = 5820.55 68 13 577 1967556  1 51550868 80885 1.7 20 12 1 2 86% 5589 486 30%
c d 5820.55 68 13 577 1967556  1 51550868 80885 1.7 20 12 1 2 86% 5589 486 30%
c u 5820.67 68 13 577 1967556  1 51550868 80875 1.7 20 12 1 2 86% 5589 486 30%
c v 5820.95 68 13 577 1967556  1 51550868 80787 1.7 20 12 1 2 86% 5589 486 30%
c w 5820.95 68 13 577 1967556  1 51550868 80787 1.7 20 12 1 2 86% 5589 486 30%
c t 5820.95 68 13 577 1967556  1 51550868 80787 1.7 20 12 1 2 86% 5589 486 30%
c k 5820.95 68 13 577 1967556  1 51550868 80787 1.7 20 12 1 2 86% 5589 486 30%
c 2 5820.95 68 13 577 1967556  1 51550868 80787 1.7 20 12 1 2 86% 5589 486 30%
c f 5820.95 68 13 577 1967556  1 51550868 80787 1.7 20 12 1 2 86% 5589 486 30%
c ~ 5837.77 68 13 577 1967602  1 51681501 145017 1.8 22 12 1 2 85% 5589 486 30%
c G 5837.77 68 13 577 1967602  1 51681501 145017 1.8 22 12 1 2 85% 5589 486 30%
c C 5837.79 82 13 577 1967602  1 51681501 145017 1.8 22 12 1 2 85% 5589 486 30%
c W 5845.76 82 13 577 1967602  1 51681502 145018 1.8 22 12 1 2 85% 5589 486 30%
c . 5852.17 82 12 578 1967618  1 51730365 177033 2.2 24 11 1 2 85% 5589 486 30%
c G 5852.18 82 12 578 1967618  1 51730365 87157 2.2 24 11 1 2 85% 5589 486 30%
c 
c   seconds    reductions       conflicts          size   tier2     variables
c           MB        restarts          redundant     glue   trail      remaining
c            level           rate            size/glue  tier1 irredundant
c 
c C 5852.20 68 12 578 1967618  1 51730365 87157 2.2 24 11 1 2 85% 5589 486 30%
c - 5852.20 68 12 578 1967618  1 51730365 87157 2.2 24 11 1 2 85% 5589 486 30%
c 2 5852.20 68 12 578 1967618  1 51730365 87157 2.2 24 11 1 2 85% 5589 486 30%
c d 5852.20 68 12 578 1967618  1 51730365 87157 2.2 24 11 1 2 85% 5589 486 30%
c p 5852.20 68 12 578 1967618  1 51730365 87157 2.2 24 11 1 2 85% 5589 486 30%
c k 5852.20 68 12 578 1967618  1 51730365 87157 2.2 24 11 1 2 85% 5589 486 30%
c 2 5852.20 68 12 578 1967618  1 51730365 87157 2.2 24 11 1 2 85% 5589 486 30%
c u 5852.37 68 12 578 1967618  1 51730365 87005 2.2 24 11 1 2 85% 5589 486 30%
c v 5852.73 68 12 578 1967618  1 51730365 85661 2.2 24 11 1 2 85% 5589 486 30%
c w 5852.73 68 12 578 1967618  1 51730365 85661 2.2 24 11 1 2 85% 5589 486 30%
c t 5852.73 68 12 578 1967618  1 51730365 85661 2.2 24 11 1 2 85% 5589 486 30%
c k 5852.73 68 12 578 1967618  1 51730365 85661 2.2 24 11 1 2 85% 5589 486 30%
c 2 5852.73 68 12 578 1967618  1 51730365 85661 2.2 24 11 1 2 85% 5589 486 30%
c f 5852.73 68 12 578 1967618  1 51730365 85661 2.2 24 11 1 2 85% 5589 486 30%
c s 5864.13 68 13 578 1967650  1 51841973 148706 2.0 23 12 1 2 84% 5589 486 30%
c t 5864.14 68 13 578 1967650  1 51841973 148706 2.0 23 12 1 2 84% 5589 486 30%
c e 5864.14 68 13 578 1967650  1 51841973 147887 2.0 23 12 1 2 84% 5607 484 30%
c s 5864.24 68 13 578 1967650  1 51841973 147881 2.0 23 12 1 2 84% 5607 484 30%
c . 5871.38 68 13 579 1967680  1 51910176 177074 1.8 20 11 1 2 83% 5607 484 30%
c G 5871.39 68 13 579 1967680  1 51910176 89620 1.8 20 11 1 2 83% 5607 484 30%
c 
c   seconds    reductions       conflicts          size   tier2     variables
c           MB        restarts          redundant     glue   trail      remaining
c            level           rate            size/glue  tier1 irredundant
c 
c C 5871.41 68 13 579 1967680  1 51910176 89620 1.8 20 11 1 2 83% 5607 484 30%
c - 5871.41 68 13 579 1967680  1 51910176 89620 1.8 20 11 1 2 83% 5607 484 30%
c 2 5871.41 68 13 579 1967680  1 51910176 89620 1.8 20 11 1 2 83% 5607 484 30%
c d 5871.41 68 13 579 1967680  1 51910176 89620 1.8 20 11 1 2 83% 5607 484 30%
c p 5871.42 68 13 579 1967680  1 51910176 89620 1.8 20 11 1 2 83% 5607 484 30%
c k 5871.42 68 13 579 1967680  1 51910176 89620 1.8 20 11 1 2 83% 5607 484 30%
c 2 5871.42 68 13 579 1967680  1 51910176 89620 1.8 20 11 1 2 83% 5607 484 30%
c u 5871.62 68 13 579 1967680  1 51910176 89458 1.8 20 11 1 2 83% 5607 484 30%
c v 5871.93 68 13 579 1967680  1 51910176 87813 1.8 20 11 1 2 83% 5607 484 30%
c w 5871.93 68 13 579 1967680  1 51910176 87813 1.8 20 11 1 2 83% 5607 484 30%
c t 5871.93 68 13 579 1967680  1 51910176 87813 1.8 20 11 1 2 83% 5607 484 30%
c k 5871.93 68 13 579 1967680  1 51910176 87813 1.8 20 11 1 2 83% 5607 484 30%
c 2 5871.93 68 13 579 1967680  1 51910176 87813 1.8 20 11 1 2 83% 5607 484 30%
c f 5871.93 68 13 579 1967680  1 51910176 87813 1.8 20 11 1 2 83% 5607 484 30%
c ] 5876.72 68 13 579 1967682  1 51958797 107905 1.7 19 12 1 2 84% 5607 484 30%
c { 5876.73 68 15 579 1967682  1 51958797 107905 1.8 24 13 1 2 86% 5607 484 30%
c ~ 5882.13 68 15 579 1970015  1 52003502 133271 1.8 24 13 1 2 86% 5607 484 30%
c B 5882.14 68 15 579 1970015  1 52003503 133272 1.8 24 13 1 2 86% 5607 484 30%
c . 5894.86 68 14 580 1973005  1 52090298 184313 2.0 25 12 1 2 85% 5607 484 30%
c G 5894.87 68 14 580 1973005  1 52090298 93545 2.0 25 12 1 2 85% 5607 484 30%
c 
c   seconds    reductions       conflicts          size   tier2     variables
c           MB        restarts          redundant     glue   trail      remaining
c            level           rate            size/glue  tier1 irredundant
c 
c C 5894.90 68 14 580 1973005  1 52090298 93545 2.0 25 12 1 2 85% 5607 484 30%
c - 5894.90 68 14 580 1973005  1 52090298 93545 2.0 25 12 1 2 85% 5607 484 30%
c 2 5894.90 68 14 580 1973005  1 52090298 93545 2.0 25 12 1 2 85% 5607 484 30%
c d 5894.90 68 14 580 1973005  1 52090298 93545 2.0 25 12 1 2 85% 5607 484 30%
c p 5894.90 68 14 580 1973005  1 52090298 93545 2.0 25 12 1 2 85% 5607 484 30%
c k 5894.90 68 14 580 1973005  1 52090298 93545 2.0 25 12 1 2 85% 5607 484 30%
c 2 5894.90 68 14 580 1973005  1 52090298 93545 2.0 25 12 1 2 85% 5607 484 30%
c u 5895.13 68 14 580 1973005  1 52090298 93375 2.0 25 12 1 2 85% 5607 484 30%
c v 5895.49 68 14 580 1973005  1 52090298 92007 2.0 25 12 1 2 85% 5607 484 30%
c w 5895.49 68 14 580 1973005  1 52090298 92007 2.0 25 12 1 2 85% 5607 484 30%
c t 5895.49 68 14 580 1973005  1 52090298 92007 2.0 25 12 1 2 85% 5607 484 30%
c k 5895.50 68 14 580 1973005  1 52090298 92007 2.0 25 12 1 2 85% 5607 484 30%
c s 5914.93 68 13 580 1981766  1 52251937 178572 1.8 21 11 1 2 84% 5605 484 30%
c t 5914.94 68 13 580 1981766  1 52251937 178572 1.8 21 11 1 2 84% 5605 484 30%
c e 5914.95 68 13 580 1981766  1 52251937 178572 1.8 21 11 1 2 84% 5605 484 30%
c s 5915.14 68 13 580 1981766  1 52251937 178214 1.8 21 11 1 2 84% 5605 484 30%
c . 5917.41 68 12 581 1981910  1 52270732 186835 1.8 20 11 1 2 84% 5605 484 30%
c G 5917.43 68 12 581 1981910  1 52270732 94721 1.8 20 11 1 2 84% 5605 484 30%
c C 5917.45 68 12 581 1981910  1 52270732 94721 1.8 20 11 1 2 84% 5605 484 30%
c - 5917.45 68 12 581 1981910  1 52270732 94721 1.8 20 11 1 2 84% 5605 484 30%
c 
c   seconds    reductions       conflicts          size   tier2     variables
c           MB        restarts          redundant     glue   trail      remaining
c            level           rate            size/glue  tier1 irredundant
c 
c 2 5917.45 68 12 581 1981910  1 52270732 94721 1.8 20 11 1 2 84% 5605 484 30%
c d 5917.45 68 12 581 1981910  1 52270732 94721 1.8 20 11 1 2 84% 5605 484 30%
c p 5917.45 68 12 581 1981910  1 52270732 94721 1.8 20 11 1 2 84% 5605 484 30%
c k 5917.45 68 12 581 1981910  1 52270732 94721 1.8 20 11 1 2 84% 5605 484 30%
c 2 5917.45 68 12 581 1981910  1 52270732 94721 1.8 20 11 1 2 84% 5605 484 30%
c u 5917.69 68 12 581 1981910  1 52270732 94520 1.8 20 11 1 2 84% 5605 484 30%
c v 5917.99 68 12 581 1981910  1 52270732 94419 1.8 20 11 1 2 84% 5605 484 30%
c w 5917.99 68 12 581 1981910  1 52270732 94419 1.8 20 11 1 2 84% 5605 484 30%
c t 5917.99 68 12 581 1981910  1 52270732 94419 1.8 20 11 1 2 84% 5605 484 30%
c k 5917.99 68 12 581 1981910  1 52270732 94419 1.8 20 11 1 2 84% 5605 484 30%
c 2 5917.99 68 12 581 1981910  1 52270732 94419 1.8 20 11 1 2 84% 5605 484 30%
c f 5917.99 68 12 581 1981910  1 52270732 94419 1.8 20 11 1 2 84% 5605 484 30%
c ~ 5925.23 68 13 581 1987808  1 52326504 124067 1.8 21 12 1 2 84% 5605 484 30%
c W 5928.21 68 13 581 1987808  1 52326505 124068 1.8 21 12 1 2 84% 5605 484 30%
c . 5946.57 68 13 582 1999632  1 52451479 195154 1.9 22 12 1 2 85% 5605 484 30%
c G 5946.58 68 13 582 1999632  1 52451479 97828 1.9 22 12 1 2 85% 5605 484 30%
c C 5946.61 68 13 582 1999632  1 52451479 97828 1.9 22 12 1 2 85% 5605 484 30%
c - 5946.61 68 13 582 1999632  1 52451479 97828 1.9 22 12 1 2 85% 5605 484 30%
c 2 5946.61 68 13 582 1999632  1 52451479 97828 1.9 22 12 1 2 85% 5605 484 30%
c d 5946.61 68 13 582 1999632  1 52451479 97828 1.9 22 12 1 2 85% 5605 484 30%
c 
c   seconds    reductions       conflicts          size   tier2     variables
c           MB        restarts          redundant     glue   trail      remaining
c            level           rate            size/glue  tier1 irredundant
c 
c p 5946.61 68 13 582 1999632  1 52451479 97828 1.9 22 12 1 2 85% 5605 484 30%
c k 5946.61 68 13 582 1999632  1 52451479 97828 1.9 22 12 1 2 85% 5605 484 30%
c 2 5946.61 68 13 582 1999632  1 52451479 97828 1.9 22 12 1 2 85% 5605 484 30%
c u 5946.86 68 13 582 1999632  1 52451479 97614 1.9 22 12 1 2 85% 5605 484 30%
c v 5947.20 68 13 582 1999632  1 52451479 97480 1.9 22 12 1 2 85% 5605 484 30%
c w 5947.20 68 13 582 1999632  1 52451479 97480 1.9 22 12 1 2 85% 5605 484 30%
c t 5947.20 68 13 582 1999632  1 52451479 97480 1.9 22 12 1 2 85% 5605 484 30%
c k 5947.20 68 13 582 1999632  1 52451479 97480 1.9 22 12 1 2 85% 5605 484 30%
c . 5971.16 68 13 583 2012283  1 52632538 201877 1.9 23 12 1 2 85% 5605 484 30%
c G 5971.17 68 13 583 2012283  1 52632538 100169 1.9 23 12 1 2 85% 5605 484 30%
c C 5971.20 68 13 583 2012283  1 52632538 100169 1.9 23 12 1 2 85% 5605 484 30%
c - 5971.20 68 13 583 2012283  1 52632538 100169 1.9 23 12 1 2 85% 5605 484 30%
c 2 5971.20 68 13 583 2012283  1 52632538 100169 1.9 23 12 1 2 85% 5605 484 30%
c d 5971.20 68 13 583 2012283  1 52632538 100169 1.9 23 12 1 2 85% 5605 484 30%
c p 5971.20 68 13 583 2012283  1 52632538 100169 1.9 23 12 1 2 85% 5605 484 30%
c k 5971.20 68 13 583 2012283  1 52632538 100169 1.9 23 12 1 2 85% 5605 484 30%
c 2 5971.21 68 13 583 2012283  1 52632538 100169 1.9 23 12 1 2 85% 5605 484 30%
c u 5971.46 68 13 583 2012283  1 52632538 99968 1.9 23 12 1 2 85% 5605 484 30%
c v 5971.81 68 13 583 2012283  1 52632538 99860 1.9 23 12 1 2 85% 5605 484 30%
c w 5971.81 68 13 583 2012283  1 52632538 99860 1.9 23 12 1 2 85% 5605 484 30%
c 
c   seconds    reductions       conflicts          size   tier2     variables
c           MB        restarts          redundant     glue   trail      remaining
c            level           rate            size/glue  tier1 irredundant
c 
c t 5971.81 68 13 583 2012283  1 52632538 99860 1.9 23 12 1 2 85% 5605 484 30%
c k 5971.81 68 13 583 2012283  1 52632538 99860 1.9 23 12 1 2 85% 5605 484 30%
c ~ 5974.17 68 14 583 2013974  1 52650505 109905 1.9 23 12 1 2 85% 5605 484 30%
c # 5974.18 68 14 583 2013974  1 52650506 109906 1.9 23 12 1 2 85% 5605 484 30%
c . 5996.08 68 13 584 2025636  1 52813908 202162 2.0 24 12 1 2 85% 5605 484 30%
c G 5996.10 68 13 584 2025636  1 52813908 100325 2.0 24 12 1 2 85% 5605 484 30%
c C 5996.12 68 13 584 2025636  1 52813908 100325 2.0 24 12 1 2 85% 5605 484 30%
c - 5996.12 68 13 584 2025636  1 52813908 100325 2.0 24 12 1 2 85% 5605 484 30%
c 2 5996.13 68 13 584 2025636  1 52813908 100325 2.0 24 12 1 2 85% 5605 484 30%
c d 5996.13 68 13 584 2025636  1 52813908 100325 2.0 24 12 1 2 85% 5605 484 30%
c p 5996.13 68 13 584 2025636  1 52813908 100325 2.0 24 12 1 2 85% 5605 484 30%
c k 5996.13 68 13 584 2025636  1 52813908 100325 2.0 24 12 1 2 85% 5605 484 30%
c 2 5996.13 68 13 584 2025636  1 52813908 100325 2.0 24 12 1 2 85% 5605 484 30%
c u 5996.39 68 13 584 2025636  1 52813908 100099 2.0 24 12 1 2 85% 5605 484 30%
c v 5996.79 68 13 584 2025636  1 52813908 99081 2.0 24 12 1 2 85% 5605 484 30%
c w 5996.79 68 13 584 2025636  1 52813908 99081 2.0 24 12 1 2 85% 5605 484 30%
c t 5996.79 68 13 584 2025636  1 52813908 99081 2.0 24 12 1 2 85% 5605 484 30%
c k 5996.79 68 13 584 2025636  1 52813908 99081 2.0 24 12 1 2 85% 5605 484 30%
c } 6007.22 68 14 584 2032854  1 52895085 146518 1.9 23 12 1 2 83% 5605 484 30%
c [ 6007.22 68 13 584 2032854  1 52895085 146518 1.7 19 12 1 2 84% 5605 484 30%
c 
c   seconds    reductions       conflicts           size   tier2     variables
c           MB        restarts          redundant      glue   trail      remaining
c            level           rate             size/glue  tier1 irredundant
c 
c ~ 6019.40 68 13 584 2032856  1 52975506 175975 1.6 19 12 1 2 85% 5605 484 30%
c O 6019.40 68 13 584 2032856  1 52975507 175976 1.6 19 12 1 2 85% 5605 484 30%
c . 6022.71 68 13 585 2032856  1 52995591 183955 1.6 19 12 1 2 85% 5605 484 30%
c G 6022.73 68 13 585 2032856  1 52995591 96220 1.6 19 12 1 2 85% 5605 484 30%
c C 6022.75 68 13 585 2032856  1 52995591 96220 1.6 19 12 1 2 85% 5605 484 30%
c - 6022.75 68 13 585 2032856  1 52995591 96220 1.6 19 12 1 2 85% 5605 484 30%
c 2 6022.75 68 13 585 2032856  1 52995591 96220 1.6 19 12 1 2 85% 5605 484 30%
c d 6022.75 68 13 585 2032856  1 52995591 96220 1.6 19 12 1 2 85% 5605 484 30%
c p 6022.76 68 13 585 2032856  1 52995591 96220 1.6 19 12 1 2 85% 5605 484 30%
c k 6022.76 68 13 585 2032856  1 52995591 96220 1.6 19 12 1 2 85% 5605 484 30%
c 2 6022.76 68 13 585 2032856  1 52995591 96220 1.6 19 12 1 2 85% 5605 484 30%
c u 6023.00 68 13 585 2032856  1 52995591 95943 1.6 19 12 1 2 85% 5605 484 30%
c v 6023.46 68 13 585 2032856  1 52995591 94370 1.6 19 12 1 2 85% 5605 484 30%
c w 6023.47 68 13 585 2032856  1 52995591 94370 1.6 19 12 1 2 85% 5605 484 30%
c t 6023.47 68 13 585 2032856  1 52995591 94370 1.6 19 12 1 2 85% 5605 484 30%
c k 6023.47 68 13 585 2032856  1 52995591 94370 1.6 19 12 1 2 85% 5605 484 30%
c . 6046.79 68 12 586 2032857  1 53177586 163755 1.7 18 11 1 2 86% 5605 484 30%
c G 6046.80 68 12 586 2032857  1 53177586 90359 1.7 18 11 1 2 86% 5605 484 30%
c C 6046.83 68 12 586 2032857  1 53177586 90359 1.7 18 11 1 2 86% 5605 484 30%
c - 6046.83 68 12 586 2032857  1 53177586 90359 1.7 18 11 1 2 86% 5605 484 30%
c 
c   seconds    reductions       conflicts          size   tier2     variables
c           MB        restarts          redundant     glue   trail      remaining
c            level           rate            size/glue  tier1 irredundant
c 
c 2 6046.83 68 12 586 2032857  1 53177586 90359 1.7 18 11 1 2 86% 5605 484 30%
c d 6046.83 68 12 586 2032857  1 53177586 90359 1.7 18 11 1 2 86% 5605 484 30%
c p 6046.83 68 12 586 2032857  1 53177586 90359 1.7 18 11 1 2 86% 5605 484 30%
c k 6046.83 68 12 586 2032857  1 53177586 90359 1.7 18 11 1 2 86% 5605 484 30%
c 2 6046.83 68 12 586 2032857  1 53177586 90359 1.7 18 11 1 2 86% 5605 484 30%
c u 6047.06 68 12 586 2032857  1 53177586 90071 1.7 18 11 1 2 86% 5605 484 30%
c v 6047.40 68 12 586 2032857  1 53177586 87771 1.7 18 11 1 2 86% 5605 484 30%
c w 6047.40 68 12 586 2032857  1 53177586 87771 1.7 18 11 1 2 86% 5605 484 30%
c t 6047.40 68 12 586 2032857  1 53177586 87771 1.7 18 11 1 2 86% 5605 484 30%
c k 6047.40 68 12 586 2032857  1 53177586 87771 1.7 18 11 1 2 86% 5605 484 30%
c 2 6047.40 68 12 586 2032857  1 53177586 87771 1.7 18 11 1 2 86% 5605 484 30%
c f 6047.41 68 12 586 2032857  1 53177586 87771 1.7 18 11 1 2 86% 5605 484 30%
c ~ 6062.66 68 11 586 2032857  1 53301508 137542 1.7 18 11 1 2 86% 5605 484 30%
c B 6062.67 68 11 586 2032857  1 53301509 137543 1.7 18 11 1 2 86% 5605 484 30%
c . 6071.58 68 11 587 2032857  1 53359893 155868 1.6 17 10 1 2 85% 5605 484 30%
c G 6071.59 68 11 587 2032857  1 53359893 84401 1.6 17 10 1 2 85% 5605 484 30%
c C 6071.61 68 11 587 2032857  1 53359893 84401 1.6 17 10 1 2 85% 5605 484 30%
c - 6071.61 68 11 587 2032857  1 53359893 84401 1.6 17 10 1 2 85% 5605 484 30%
c 2 6071.62 68 11 587 2032857  1 53359893 84401 1.6 17 10 1 2 85% 5605 484 30%
c d 6071.62 68 11 587 2032857  1 53359893 84401 1.6 17 10 1 2 85% 5605 484 30%
c 
c   seconds    reductions       conflicts          size   tier2     variables
c           MB        restarts          redundant     glue   trail      remaining
c            level           rate            size/glue  tier1 irredundant
c 
c p 6071.62 68 11 587 2032857  1 53359893 84401 1.6 17 10 1 2 85% 5605 484 30%
c k 6071.62 68 11 587 2032857  1 53359893 84401 1.6 17 10 1 2 85% 5605 484 30%
c 2 6071.62 68 11 587 2032857  1 53359893 84401 1.6 17 10 1 2 85% 5605 484 30%
c u 6071.83 68 11 587 2032857  1 53359893 84039 1.6 17 10 1 2 85% 5605 484 30%
c v 6072.12 68 11 587 2032857  1 53359893 82727 1.6 17 10 1 2 85% 5605 484 30%
c w 6072.12 68 11 587 2032857  1 53359893 82727 1.6 17 10 1 2 85% 5605 484 30%
c t 6072.12 68 11 587 2032857  1 53359893 82727 1.6 17 10 1 2 85% 5605 484 30%
c k 6072.12 68 11 587 2032857  1 53359893 82727 1.6 17 10 1 2 85% 5605 484 30%
c 2 6072.12 68 11 587 2032857  1 53359893 82727 1.6 17 10 1 2 85% 5605 484 30%
c f 6072.13 68 11 587 2032857  1 53359893 82727 1.6 17 10 1 2 85% 5605 484 30%
c . 6095.39 68 12 588 2032920  1 53542513 161143 1.6 18 11 1 2 84% 5605 484 30%
c G 6095.41 68 12 588 2032920  1 53542513 86347 1.6 18 11 1 2 84% 5605 484 30%
c C 6095.43 68 12 588 2032920  1 53542513 86347 1.6 18 11 1 2 84% 5605 484 30%
c - 6095.43 68 12 588 2032920  1 53542513 86347 1.6 18 11 1 2 84% 5605 484 30%
c 2 6095.43 68 12 588 2032920  1 53542513 86347 1.6 18 11 1 2 84% 5605 484 30%
c d 6095.43 68 12 588 2032920  1 53542513 86347 1.6 18 11 1 2 84% 5605 484 30%
c p 6095.43 68 12 588 2032920  1 53542513 86349 1.6 18 11 1 2 84% 5605 484 30%
c k 6095.43 68 12 588 2032920  1 53542513 86349 1.6 18 11 1 2 84% 5605 484 30%
c 2 6095.43 68 12 588 2032920  1 53542513 86349 1.6 18 11 1 2 84% 5605 484 30%
c u 6095.64 68 12 588 2032920  1 53542513 84033 1.6 18 11 1 2 84% 5605 484 30%
c 
c   seconds    reductions       conflicts          size   tier2     variables
c           MB        restarts          redundant     glue   trail      remaining
c            level           rate            size/glue  tier1 irredundant
c 
c v 6095.94 68 12 588 2032920  1 53542513 83709 1.6 18 11 1 2 84% 5605 484 30%
c w 6095.94 68 12 588 2032920  1 53542513 83707 1.6 18 11 1 2 84% 5605 484 30%
c t 6095.94 68 12 588 2032920  1 53542513 83695 1.6 18 11 1 2 84% 5605 484 30%
c k 6095.94 68 12 588 2032920  1 53542513 83695 1.6 18 11 1 2 84% 5605 484 30%
c 2 6095.94 68 12 588 2032920  1 53542513 83695 1.6 18 11 1 2 84% 5605 484 30%
c f 6095.95 68 12 588 2032920  1 53542513 83695 1.6 18 11 1 2 84% 5605 484 30%
c ~ 6106.00 68 13 588 2032951  1 53628511 118104 1.6 19 12 1 2 84% 5605 484 30%
c W 6114.64 68 13 588 2032951  1 53628512 118105 1.6 19 12 1 2 84% 5605 484 30%
c . 6126.86 68 13 589 2032983  1 53725444 164216 1.8 21 12 1 2 85% 5605 484 30%
c G 6126.87 68 13 589 2032983  1 53725444 84852 1.8 21 12 1 2 85% 5605 484 30%
c C 6126.89 68 13 589 2032983  1 53725444 84852 1.8 21 12 1 2 85% 5605 484 30%
c - 6126.89 68 13 589 2032983  1 53725444 84852 1.8 21 12 1 2 85% 5605 484 30%
c 2 6126.89 68 13 589 2032983  1 53725444 84852 1.8 21 12 1 2 85% 5605 484 30%
c d 6126.89 68 13 589 2032983  1 53725444 84852 1.8 21 12 1 2 85% 5605 484 30%
c p 6126.90 68 13 589 2032983  1 53725444 84854 1.8 21 12 1 2 85% 5605 484 30%
c k 6126.90 68 13 589 2032983  1 53725444 84854 1.8 21 12 1 2 85% 5605 484 30%
c 2 6126.90 68 13 589 2032983  1 53725444 84854 1.8 21 12 1 2 85% 5605 484 30%
c u 6127.13 68 13 589 2032983  1 53725444 82348 1.8 21 12 1 2 85% 5605 484 30%
c v 6127.42 68 13 589 2032983  1 53725444 80686 1.8 21 12 1 2 85% 5605 484 30%
c w 6127.42 68 13 589 2032983  1 53725444 80686 1.8 21 12 1 2 85% 5605 484 30%
c 
c   seconds    reductions       conflicts          size   tier2     variables
c           MB        restarts          redundant     glue   trail      remaining
c            level           rate            size/glue  tier1 irredundant
c 
c t 6127.42 68 13 589 2032983  1 53725444 80679 1.8 21 12 1 2 85% 5605 484 30%
c k 6127.42 68 13 589 2032983  1 53725444 80679 1.8 21 12 1 2 85% 5605 484 30%
c 2 6127.42 68 13 589 2032983  1 53725444 80679 1.8 21 12 1 2 85% 5605 484 30%
c f 6127.42 68 13 589 2032983  1 53725444 80679 1.8 21 12 1 2 85% 5605 484 30%
c ] 6138.88 68 12 589 2032989  1 53827800 129599 1.9 22 12 1 2 85% 5605 484 30%
c { 6138.88 68 14 589 2032989  1 53827800 129599 1.9 23 12 1 2 83% 5605 484 30%
c . 6149.10 68 13 590 2037144  1 53908689 172195 1.9 22 12 1 2 84% 5605 484 30%
c G 6149.11 68 13 590 2037144  1 53908689 87008 1.9 22 12 1 2 84% 5605 484 30%
c C 6149.13 68 13 590 2037144  1 53908689 87008 1.9 22 12 1 2 84% 5605 484 30%
c - 6149.13 68 13 590 2037144  1 53908689 87008 1.9 22 12 1 2 84% 5605 484 30%
c 2 6149.13 68 13 590 2037144  1 53908689 87008 1.9 22 12 1 2 84% 5605 484 30%
c d 6149.13 68 13 590 2037144  1 53908689 87008 1.9 22 12 1 2 84% 5605 484 30%
c p 6149.14 68 13 590 2037144  1 53908689 87010 1.9 22 12 1 2 84% 5605 484 30%
c k 6149.14 68 13 590 2037144  1 53908689 87010 1.9 22 12 1 2 84% 5605 484 30%
c 2 6149.14 68 13 590 2037144  1 53908689 87010 1.9 22 12 1 2 84% 5605 484 30%
c u 6149.28 68 13 590 2037144  1 53908689 86487 1.9 22 12 1 2 84% 5605 484 30%
c v 6149.59 68 13 590 2037144  1 53908689 83579 1.9 22 12 1 2 84% 5605 484 30%
c w 6149.59 68 13 590 2037144  1 53908689 83579 1.9 22 12 1 2 84% 5605 484 30%
c t 6149.59 68 13 590 2037144  1 53908689 83567 1.9 22 12 1 2 84% 5605 484 30%
c k 6149.59 68 13 590 2037144  1 53908689 83567 1.9 22 12 1 2 84% 5605 484 30%
c 
c   seconds    reductions       conflicts          size   tier2     variables
c           MB        restarts          redundant     glue   trail      remaining
c            level           rate            size/glue  tier1 irredundant
c 
c 2 6149.59 68 13 590 2037144  1 53908689 83567 1.9 22 12 1 2 84% 5605 484 30%
c f 6149.60 68 13 590 2037144  1 53908689 83567 1.9 22 12 1 2 84% 5605 484 30%
c ~ 6154.53 68 13 590 2039595  1 53956513 111526 1.9 22 12 1 2 84% 5605 484 30%
c B 6154.53 68 13 590 2039595  1 53956514 111527 1.9 22 12 1 2 84% 5605 484 30%
c . 6172.80 68 12 591 2047294  1 54092247 182922 1.9 21 11 1 2 84% 5605 484 30%
c G 6172.82 68 12 591 2047294  1 54092247 91529 1.9 21 11 1 2 84% 5605 484 30%
c C 6172.84 68 12 591 2047294  1 54092247 91529 1.9 21 11 1 2 84% 5605 484 30%
c - 6172.84 68 12 591 2047294  1 54092247 91529 1.9 21 11 1 2 84% 5605 484 30%
c 2 6172.84 68 12 591 2047294  1 54092247 91529 1.9 21 11 1 2 84% 5605 484 30%
c d 6172.84 68 12 591 2047294  1 54092247 91529 1.9 21 11 1 2 84% 5605 484 30%
c p 6172.85 68 12 591 2047294  1 54092247 91530 1.9 21 11 1 2 84% 5605 484 30%
c k 6172.85 68 12 591 2047294  1 54092247 91530 1.9 21 11 1 2 84% 5605 484 30%
c 2 6172.85 68 12 591 2047294  1 54092247 91530 1.9 21 11 1 2 84% 5605 484 30%
c u 6172.99 68 12 591 2047294  1 54092247 91446 1.9 21 11 1 2 84% 5605 484 30%
c v 6173.32 68 12 591 2047294  1 54092247 90433 1.9 21 11 1 2 84% 5605 484 30%
c w 6173.32 68 12 591 2047294  1 54092247 90433 1.9 21 11 1 2 84% 5605 484 30%
c t 6173.32 68 12 591 2047294  1 54092247 90430 1.9 21 11 1 2 84% 5605 484 30%
c k 6173.32 68 12 591 2047294  1 54092247 90430 1.9 21 11 1 2 84% 5605 484 30%
c 2 6173.32 68 12 591 2047294  1 54092247 90430 1.9 21 11 1 2 84% 5605 484 30%
c f 6173.32 68 12 591 2047294  1 54092247 90430 1.9 21 11 1 2 84% 5605 484 30%
c 
c   seconds    reductions       conflicts           size   tier2     variables
c           MB        restarts          redundant      glue   trail      remaining
c            level           rate             size/glue  tier1 irredundant
c 
c . 6197.43 68 12 592 2061279  1 54276116 186117 1.9 21 11 1 2 84% 5605 484 30%
c G 6197.44 68 12 592 2061279  1 54276116 95041 1.9 21 11 1 2 84% 5605 484 30%
c C 6197.47 68 12 592 2061279  1 54276116 95041 1.9 21 11 1 2 84% 5605 484 30%
c - 6197.47 68 12 592 2061279  1 54276116 95041 1.9 21 11 1 2 84% 5605 484 30%
c 2 6197.47 68 12 592 2061279  1 54276116 95041 1.9 21 11 1 2 84% 5605 484 30%
c d 6197.47 68 12 592 2061279  1 54276116 95041 1.9 21 11 1 2 84% 5605 484 30%
c p 6197.47 68 12 592 2061279  1 54276116 95041 1.9 21 11 1 2 84% 5605 484 30%
c k 6197.47 68 12 592 2061279  1 54276116 95041 1.9 21 11 1 2 84% 5605 484 30%
c 2 6197.47 68 12 592 2061279  1 54276116 95041 1.9 21 11 1 2 84% 5605 484 30%
c u 6197.61 68 12 592 2061279  1 54276116 95008 1.9 21 11 1 2 84% 5605 484 30%
c v 6197.96 68 12 592 2061279  1 54276116 94862 1.9 21 11 1 2 84% 5605 484 30%
c w 6197.96 68 12 592 2061279  1 54276116 94862 1.9 21 11 1 2 84% 5605 484 30%
c t 6197.96 68 12 592 2061279  1 54276116 94861 1.9 21 11 1 2 84% 5605 484 30%
c k 6197.96 68 12 592 2061279  1 54276116 94861 1.9 21 11 1 2 84% 5605 484 30%
c 2 6197.96 68 12 592 2061279  1 54276116 94861 1.9 21 11 1 2 84% 5605 484 30%
c f 6197.96 68 12 592 2061279  1 54276116 94861 1.9 21 11 1 2 84% 5605 484 30%
c ~ 6198.87 68 12 592 2061796  1 54285516 99976 1.9 20 11 1 2 84% 5605 484 30%
c W 6202.19 68 12 592 2061796  1 54285517 99977 1.9 20 11 1 2 84% 5605 484 30%
c . 6223.87 68 13 593 2075510  1 54460297 191455 1.8 21 11 1 2 84% 5605 484 30%
c G 6223.88 68 13 593 2075510  1 54460297 96744 1.8 21 11 1 2 84% 5605 484 30%
c 
c   seconds    reductions       conflicts          size   tier2     variables
c           MB        restarts          redundant     glue   trail      remaining
c            level           rate            size/glue  tier1 irredundant
c 
c C 6223.91 68 13 593 2075510  1 54460297 96744 1.8 21 11 1 2 84% 5605 484 30%
c - 6223.91 68 13 593 2075510  1 54460297 96744 1.8 21 11 1 2 84% 5605 484 30%
c 2 6223.91 68 13 593 2075510  1 54460297 96744 1.8 21 11 1 2 84% 5605 484 30%
c d 6223.91 68 13 593 2075510  1 54460297 96744 1.8 21 11 1 2 84% 5605 484 30%
c p 6223.91 68 13 593 2075510  1 54460297 96744 1.8 21 11 1 2 84% 5605 484 30%
c k 6223.91 68 13 593 2075510  1 54460297 96744 1.8 21 11 1 2 84% 5605 484 30%
c 2 6223.91 68 13 593 2075510  1 54460297 96744 1.8 21 11 1 2 84% 5605 484 30%
c u 6224.09 68 13 593 2075510  1 54460297 96212 1.8 21 11 1 2 84% 5605 484 30%
c v 6224.46 68 13 593 2075510  1 54460297 94550 1.8 21 11 1 2 84% 5605 484 30%
c w 6224.46 68 13 593 2075510  1 54460297 94550 1.8 21 11 1 2 84% 5605 484 30%
c t 6224.46 68 13 593 2075510  1 54460297 94545 1.8 21 11 1 2 84% 5605 484 30%
c k 6224.46 68 13 593 2075510  1 54460297 94545 1.8 21 11 1 2 84% 5605 484 30%
c 2 6224.46 68 13 593 2075510  1 54460297 94545 1.8 21 11 1 2 84% 5605 484 30%
c f 6224.46 68 13 593 2075510  1 54460297 94545 1.8 21 11 1 2 84% 5605 484 30%
c ~ 6244.30 68 12 593 2087193  1 54615517 179763 2.0 22 11 1 2 84% 5605 484 30%
c F 6244.30 68 12 593 2087193  1 54615518 179764 2.0 22 11 1 2 84% 5605 484 30%
c . 6249.09 68 13 594 2091786  1 54644790 197695 1.9 23 12 1 2 84% 5605 484 30%
c G 6249.11 68 13 594 2091786  1 54644790 98605 1.9 23 12 1 2 84% 5605 484 30%
c C 6249.13 68 13 594 2091786  1 54644790 98605 1.9 23 12 1 2 84% 5605 484 30%
c - 6249.13 68 13 594 2091786  1 54644790 98605 1.9 23 12 1 2 84% 5605 484 30%
c 
c   seconds    reductions       conflicts          size   tier2     variables
c           MB        restarts          redundant     glue   trail      remaining
c            level           rate            size/glue  tier1 irredundant
c 
c 2 6249.13 68 13 594 2091786  1 54644790 98605 1.9 23 12 1 2 84% 5605 484 30%
c d 6249.13 68 13 594 2091786  1 54644790 98605 1.9 23 12 1 2 84% 5605 484 30%
c p 6249.14 68 13 594 2091786  1 54644790 98605 1.9 23 12 1 2 84% 5605 484 30%
c k 6249.14 68 13 594 2091786  1 54644790 98605 1.9 23 12 1 2 84% 5605 484 30%
c 2 6249.14 68 13 594 2091786  1 54644790 98605 1.9 23 12 1 2 84% 5605 484 30%
c = 6250.29 68 13 594 2091786  1 54644790 98605 1.9 23 12 1 2 84% 5605 484 30%
c u 6250.50 68 13 594 2091786  1 54644790 98081 1.9 23 12 1 2 84% 5605 484 30%
c v 6250.88 68 13 594 2091786  1 54644790 95474 1.9 23 12 1 2 84% 5605 484 30%
c w 6250.88 68 13 594 2091786  1 54644790 95473 1.9 23 12 1 2 84% 5605 484 30%
c t 6250.88 68 13 594 2091786  1 54644790 95471 1.9 23 12 1 2 84% 5605 484 30%
c k 6250.88 68 13 594 2091786  1 54644790 95471 1.9 23 12 1 2 84% 5605 484 30%
c 2 6250.88 68 13 594 2091786  1 54644790 95471 1.9 23 12 1 2 84% 5605 484 30%
c f 6250.88 68 13 594 2091786  1 54644790 95471 1.9 23 12 1 2 84% 5605 484 30%
c } 6272.69 68 13 594 2102314  1 54822294 187467 1.8 20 11 1 2 84% 5605 484 30%
c [ 6272.69 68 12 594 2102314  1 54822294 187467 1.9 22 12 1 2 85% 5605 484 30%
c . 6273.58 68 13 595 2102317  1 54829596 190840 1.8 22 12 1 2 85% 5605 484 30%
c G 6273.59 68 13 595 2102317  1 54829596 96461 1.8 22 12 1 2 85% 5605 484 30%
c C 6273.62 68 13 595 2102317  1 54829596 96461 1.8 22 12 1 2 85% 5605 484 30%
c - 6273.62 68 13 595 2102317  1 54829596 96461 1.8 22 12 1 2 85% 5605 484 30%
c 2 6273.62 68 13 595 2102317  1 54829596 96461 1.8 22 12 1 2 85% 5605 484 30%
c 
c   seconds    reductions       conflicts          size   tier2     variables
c           MB        restarts          redundant     glue   trail      remaining
c            level           rate            size/glue  tier1 irredundant
c 
c d 6273.62 68 13 595 2102317  1 54829596 96461 1.8 22 12 1 2 85% 5605 484 30%
c p 6273.62 68 13 595 2102317  1 54829596 96461 1.8 22 12 1 2 85% 5605 484 30%
c k 6273.62 68 13 595 2102317  1 54829596 96461 1.8 22 12 1 2 85% 5605 484 30%
c 2 6273.62 68 13 595 2102317  1 54829596 96461 1.8 22 12 1 2 85% 5605 484 30%
c u 6273.84 68 13 595 2102317  1 54829596 96064 1.8 22 12 1 2 85% 5605 484 30%
c v 6274.17 68 13 595 2102317  1 54829596 93374 1.8 22 12 1 2 85% 5605 484 30%
c w 6274.17 68 13 595 2102317  1 54829596 93374 1.8 22 12 1 2 85% 5605 484 30%
c t 6274.17 68 13 595 2102317  1 54829596 93369 1.8 22 12 1 2 85% 5605 484 30%
c k 6274.17 68 13 595 2102317  1 54829596 93369 1.8 22 12 1 2 85% 5605 484 30%
c 2 6274.17 68 13 595 2102317  1 54829596 93369 1.8 22 12 1 2 85% 5605 484 30%
c f 6274.17 68 13 595 2102317  1 54829596 93369 1.8 22 12 1 2 85% 5605 484 30%
c ~ 6288.24 68 13 595 2102365  1 54946518 144121 1.7 20 12 1 2 84% 5605 484 30%
c I 6288.24 68 13 595 2102365  1 54946519 144122 1.7 20 12 1 2 84% 5605 484 30%
c . 6296.99 68 13 596 2102373  1 55014713 170575 1.6 19 12 1 2 85% 5605 484 30%
c G 6297.01 68 13 596 2102373  1 55014713 89761 1.6 19 12 1 2 85% 5605 484 30%
c C 6297.03 68 13 596 2102373  1 55014713 89761 1.6 19 12 1 2 85% 5605 484 30%
c - 6297.03 68 13 596 2102373  1 55014713 89761 1.6 19 12 1 2 85% 5605 484 30%
c 2 6297.03 68 13 596 2102373  1 55014713 89761 1.6 19 12 1 2 85% 5605 484 30%
c d 6297.03 68 13 596 2102373  1 55014713 89761 1.6 19 12 1 2 85% 5605 484 30%
c p 6297.03 68 13 596 2102373  1 55014713 89761 1.6 19 12 1 2 85% 5605 484 30%
c 
c   seconds    reductions       conflicts          size   tier2     variables
c           MB        restarts          redundant     glue   trail      remaining
c            level           rate            size/glue  tier1 irredundant
c 
c k 6297.03 68 13 596 2102373  1 55014713 89761 1.6 19 12 1 2 85% 5605 484 30%
c 2 6297.03 68 13 596 2102373  1 55014713 89761 1.6 19 12 1 2 85% 5605 484 30%
c u 6297.24 68 13 596 2102373  1 55014713 89270 1.6 19 12 1 2 85% 5605 484 30%
c v 6297.58 68 13 596 2102373  1 55014713 88377 1.6 19 12 1 2 85% 5605 484 30%
c w 6297.58 68 13 596 2102373  1 55014713 88377 1.6 19 12 1 2 85% 5605 484 30%
c t 6297.58 68 13 596 2102373  1 55014713 88367 1.6 19 12 1 2 85% 5605 484 30%
c k 6297.58 68 13 596 2102373  1 55014713 88367 1.6 19 12 1 2 85% 5605 484 30%
c 2 6297.58 68 13 596 2102373  1 55014713 88367 1.6 19 12 1 2 85% 5605 484 30%
c f 6297.58 68 13 596 2102373  1 55014713 88367 1.6 19 12 1 2 85% 5605 484 30%
c . 6320.97 68 11 597 2102435  1 55200142 166419 1.6 17 10 1 2 83% 5605 484 30%
c G 6320.98 68 11 597 2102435  1 55200142 86093 1.6 17 10 1 2 83% 5605 484 30%
c C 6321.01 68 11 597 2102435  1 55200142 86093 1.6 17 10 1 2 83% 5605 484 30%
c - 6321.01 68 11 597 2102435  1 55200142 86093 1.6 17 10 1 2 83% 5605 484 30%
c 2 6321.01 68 11 597 2102435  1 55200142 86093 1.6 17 10 1 2 83% 5605 484 30%
c d 6321.01 68 11 597 2102435  1 55200142 86093 1.6 17 10 1 2 83% 5605 484 30%
c p 6321.01 68 11 597 2102435  1 55200142 86093 1.6 17 10 1 2 83% 5605 484 30%
c k 6321.01 68 11 597 2102435  1 55200142 86093 1.6 17 10 1 2 83% 5605 484 30%
c 2 6321.01 68 11 597 2102435  1 55200142 86093 1.6 17 10 1 2 83% 5605 484 30%
c u 6321.23 68 11 597 2102435  1 55200142 85693 1.6 17 10 1 2 83% 5605 484 30%
c v 6321.55 68 11 597 2102435  1 55200142 85329 1.6 17 10 1 2 83% 5605 484 30%
c 
c   seconds    reductions       conflicts          size   tier2     variables
c           MB        restarts          redundant     glue   trail      remaining
c            level           rate            size/glue  tier1 irredundant
c 
c w 6321.55 68 11 597 2102435  1 55200142 85329 1.6 17 10 1 2 83% 5605 484 30%
c t 6321.56 68 11 597 2102435  1 55200142 85327 1.6 17 10 1 2 83% 5605 484 30%
c k 6321.56 68 11 597 2102435  1 55200142 85327 1.6 17 10 1 2 83% 5605 484 30%
c 2 6321.56 68 11 597 2102435  1 55200142 85327 1.6 17 10 1 2 83% 5605 484 30%
c f 6321.56 68 11 597 2102435  1 55200142 85327 1.6 17 10 1 2 83% 5605 484 30%
c ~ 6331.73 68 11 597 2102437  1 55278520 116200 1.7 18 10 1 2 85% 5605 484 30%
c B 6331.74 68 11 597 2102437  1 55278521 116201 1.7 18 10 1 2 85% 5605 484 30%
c . 6344.77 68 13 598 2102437  1 55385886 163418 1.7 20 12 1 2 85% 5605 484 30%
c G 6344.78 68 13 598 2102437  1 55385886 86830 1.7 20 12 1 2 85% 5605 484 30%
c C 6344.80 68 13 598 2102437  1 55385886 86830 1.7 20 12 1 2 85% 5605 484 30%
c - 6344.80 68 13 598 2102437  1 55385886 86830 1.7 20 12 1 2 85% 5605 484 30%
c 2 6344.81 68 13 598 2102437  1 55385886 86830 1.7 20 12 1 2 85% 5605 484 30%
c d 6344.81 68 13 598 2102437  1 55385886 86830 1.7 20 12 1 2 85% 5605 484 30%
c p 6344.81 68 13 598 2102437  1 55385886 86831 1.7 20 12 1 2 85% 5605 484 30%
c k 6344.81 68 13 598 2102437  1 55385886 86831 1.7 20 12 1 2 85% 5605 484 30%
c 2 6344.81 68 13 598 2102437  1 55385886 86831 1.7 20 12 1 2 85% 5605 484 30%
c u 6345.02 68 13 598 2102437  1 55385886 86339 1.7 20 12 1 2 85% 5605 484 30%
c v 6345.26 68 13 598 2102437  1 55385886 83794 1.7 20 12 1 2 85% 5605 484 30%
c w 6345.26 68 13 598 2102437  1 55385886 83794 1.7 20 12 1 2 85% 5605 484 30%
c t 6345.26 68 13 598 2102437  1 55385886 83783 1.7 20 12 1 2 85% 5605 484 30%
c 
c   seconds    reductions       conflicts          size   tier2     variables
c           MB        restarts          redundant     glue   trail      remaining
c            level           rate            size/glue  tier1 irredundant
c 
c k 6345.26 68 13 598 2102437  1 55385886 83783 1.7 20 12 1 2 85% 5605 484 30%
c 2 6345.26 68 13 598 2102437  1 55385886 83783 1.7 20 12 1 2 85% 5605 484 30%
c f 6345.26 68 13 598 2102437  1 55385886 83783 1.7 20 12 1 2 85% 5605 484 30%
c . 6367.70 68 13 599 2102499  1 55571941 168707 1.7 21 12 1 2 85% 5605 484 30%
c G 6367.72 68 13 599 2102499  1 55571941 87407 1.7 21 12 1 2 85% 5605 484 30%
c C 6367.74 68 13 599 2102499  1 55571941 87407 1.7 21 12 1 2 85% 5605 484 30%
c - 6367.74 68 13 599 2102499  1 55571941 87407 1.7 21 12 1 2 85% 5605 484 30%
c 2 6367.74 68 13 599 2102499  1 55571941 87407 1.7 21 12 1 2 85% 5605 484 30%
c d 6367.74 68 13 599 2102499  1 55571941 87407 1.7 21 12 1 2 85% 5605 484 30%
c p 6367.74 68 13 599 2102499  1 55571941 87410 1.7 21 12 1 2 85% 5605 484 30%
c c 6367.75 68 13 599 2102499  1 55571941 87410 1.7 21 12 1 2 85% 5605 484 30%
c k 6367.75 68 13 599 2102499  1 55571941 87410 1.7 21 12 1 2 85% 5605 484 30%
c 2 6367.75 68 13 599 2102499  1 55571941 87410 1.7 21 12 1 2 85% 5605 484 30%
c u 6367.96 68 13 599 2102499  1 55571941 86714 1.7 21 12 1 2 85% 5605 484 30%
c v 6368.25 68 13 599 2102499  1 55571941 84239 1.7 21 12 1 2 85% 5605 484 30%
c w 6368.26 68 13 599 2102499  1 55571941 84239 1.7 21 12 1 2 85% 5605 484 30%
c t 6368.26 68 13 599 2102499  1 55571941 84229 1.7 21 12 1 2 85% 5605 484 30%
c k 6368.26 68 13 599 2102499  1 55571941 84229 1.7 21 12 1 2 85% 5605 484 30%
c 2 6368.26 68 13 599 2102499  1 55571941 84229 1.7 21 12 1 2 85% 5605 484 30%
c f 6368.26 68 13 599 2102499  1 55571941 84229 1.7 21 12 1 2 85% 5605 484 30%
c 
c   seconds    reductions       conflicts           size   tier2     variables
c           MB        restarts          redundant      glue   trail      remaining
c            level           rate             size/glue  tier1 irredundant
c 
c ~ 6372.45 68 13 599 2102504  1 55611522 102794 1.7 21 12 1 2 85% 5605 484 30%
c W 6380.53 68 13 599 2102504  1 55611523 102795 1.7 21 12 1 2 85% 5605 484 30%
c . 6397.59 68 13 600 2102562  1 55758307 172619 1.7 20 12 1 2 83% 5605 484 30%
c G 6397.61 68 13 600 2102562  1 55758307 86218 1.7 20 12 1 2 83% 5605 484 30%
c C 6397.63 68 13 600 2102562  1 55758307 86218 1.7 20 12 1 2 83% 5605 484 30%
c - 6397.63 68 13 600 2102562  1 55758307 86218 1.7 20 12 1 2 83% 5605 484 30%
c 2 6397.63 68 13 600 2102562  1 55758307 86218 1.7 20 12 1 2 83% 5605 484 30%
c d 6397.63 68 13 600 2102562  1 55758307 86218 1.7 20 12 1 2 83% 5605 484 30%
c p 6397.63 68 13 600 2102562  1 55758307 86221 1.7 20 12 1 2 83% 5605 484 30%
c k 6397.64 68 13 600 2102562  1 55758307 86221 1.7 20 12 1 2 83% 5605 484 30%
c 2 6397.64 68 13 600 2102562  1 55758307 86221 1.7 20 12 1 2 83% 5605 484 30%
c u 6397.85 68 13 600 2102562  1 55758307 85654 1.7 20 12 1 2 83% 5605 484 30%
c v 6398.20 68 13 600 2102562  1 55758307 84540 1.7 20 12 1 2 83% 5605 484 30%
c w 6398.20 68 13 600 2102562  1 55758307 84540 1.7 20 12 1 2 83% 5605 484 30%
c t 6398.20 68 13 600 2102562  1 55758307 84533 1.7 20 12 1 2 83% 5605 484 30%
c k 6398.20 68 13 600 2102562  1 55758307 84533 1.7 20 12 1 2 83% 5605 484 30%
c 2 6398.20 68 13 600 2102562  1 55758307 84533 1.7 20 12 1 2 83% 5605 484 30%
c f 6398.20 68 13 600 2102562  1 55758307 84533 1.7 20 12 1 2 83% 5605 484 30%
c ] 6406.21 68 14 600 2102564  1 55831046 117554 1.7 21 13 1 2 84% 5605 484 30%
c { 6406.21 68 13 600 2102564  1 55831046 117554 1.8 20 11 1 2 84% 5605 484 30%
c 
c   seconds    reductions       conflicts           size   tier2     variables
c           MB        restarts          redundant      glue   trail      remaining
c            level           rate             size/glue  tier1 irredundant
c 
c . 6420.86 68 12 601 2108034  1 55944986 175288 1.8 19 11 1 2 84% 5605 484 30%
c G 6420.88 68 12 601 2108034  1 55944986 88372 1.8 19 11 1 2 84% 5605 484 30%
c C 6420.90 68 12 601 2108034  1 55944986 88372 1.8 19 11 1 2 84% 5605 484 30%
c - 6420.90 68 12 601 2108034  1 55944986 88372 1.8 19 11 1 2 84% 5605 484 30%
c 2 6420.90 68 12 601 2108034  1 55944986 88372 1.8 19 11 1 2 84% 5605 484 30%
c d 6420.90 68 12 601 2108034  1 55944986 88372 1.8 19 11 1 2 84% 5605 484 30%
c p 6420.90 68 12 601 2108034  1 55944986 88373 1.8 19 11 1 2 84% 5605 484 30%
c k 6420.90 68 12 601 2108034  1 55944986 88373 1.8 19 11 1 2 84% 5605 484 30%
c 2 6420.90 68 12 601 2108034  1 55944986 88373 1.8 19 11 1 2 84% 5605 484 30%
c u 6421.13 68 12 601 2108034  1 55944986 87741 1.8 19 11 1 2 84% 5605 484 30%
c v 6421.49 68 12 601 2108034  1 55944986 87475 1.8 19 11 1 2 84% 5605 484 30%
c w 6421.50 68 12 601 2108034  1 55944986 87475 1.8 19 11 1 2 84% 5605 484 30%
c t 6421.50 68 12 601 2108034  1 55944986 87473 1.8 19 11 1 2 84% 5605 484 30%
c k 6421.50 68 12 601 2108034  1 55944986 87473 1.8 19 11 1 2 84% 5605 484 30%
c 2 6421.50 68 12 601 2108034  1 55944986 87473 1.8 19 11 1 2 84% 5605 484 30%
c f 6421.50 68 12 601 2108034  1 55944986 87473 1.8 19 11 1 2 84% 5605 484 30%
c ~ 6421.57 68 12 601 2108034  1 55945524 87663 1.8 19 11 1 2 84% 5605 484 30%
c B 6421.57 68 12 601 2108034  1 55945525 87664 1.8 19 11 1 2 84% 5605 484 30%
c . 6445.32 68 11 602 2121369  1 56131978 180939 1.9 19 10 1 2 84% 5605 484 30%
c G 6445.33 68 11 602 2121369  1 56131978 93335 1.9 19 10 1 2 84% 5605 484 30%
c 
c   seconds    reductions       conflicts          size   tier2     variables
c           MB        restarts          redundant     glue   trail      remaining
c            level           rate            size/glue  tier1 irredundant
c 
c C 6445.36 68 11 602 2121369  1 56131978 93335 1.9 19 10 1 2 84% 5605 484 30%
c - 6445.36 68 11 602 2121369  1 56131978 93335 1.9 19 10 1 2 84% 5605 484 30%
c 2 6445.36 68 11 602 2121369  1 56131978 93335 1.9 19 10 1 2 84% 5605 484 30%
c d 6445.36 68 11 602 2121369  1 56131978 93335 1.9 19 10 1 2 84% 5605 484 30%
c p 6445.36 68 11 602 2121369  1 56131978 93356 1.9 19 10 1 2 84% 5605 484 30%
c k 6445.36 68 11 602 2121369  1 56131978 93356 1.9 19 10 1 2 84% 5605 484 30%
c 2 6445.36 68 11 602 2121369  1 56131978 93356 1.9 19 10 1 2 84% 5605 484 30%
c u 6445.60 68 11 602 2121369  1 56131978 92142 1.9 19 10 1 2 84% 5605 484 30%
c v 6445.93 68 11 602 2121369  1 56131978 89926 1.9 19 10 1 2 84% 5605 484 30%
c w 6445.93 68 11 602 2121369  1 56131978 89926 1.9 19 10 1 2 84% 5605 484 30%
c t 6445.93 68 11 602 2121369  1 56131978 89895 1.9 19 10 1 2 84% 5605 484 30%
c k 6445.93 68 11 602 2121369  1 56131978 89895 1.9 19 10 1 2 84% 5605 484 30%
c 2 6445.93 68 11 602 2121369  1 56131978 89895 1.9 19 10 1 2 84% 5605 484 30%
c f 6445.93 68 11 602 2121369  1 56131978 89895 1.9 19 10 1 2 84% 5605 484 30%
c s 6446.31 68 11 602 2121369  1 56131978 75956 1.9 19 10 1 2 84% 5374 484 30%
c t 6446.32 68 11 602 2121369  1 56131978 75956 1.9 19 10 1 2 84% 5374 484 30%
c e 6446.32 68 11 602 2121369  1 56131978 65495 1.9 19 10 1 2 84% 5454 474 29%
c s 6446.64 68 11 602 2121369  1 56131978 64232 1.9 19 10 1 2 84% 5407 474 29%
c e 6446.64 68 11 602 2121369  1 56131978 64232 1.9 19 10 1 2 84% 5406 474 29%
c i 6455.67 68 10 602 2123748  1 56219957 105448 1.9 17 9 1 2 83% 5406 473 29%
c 
c   seconds    reductions       conflicts           size  tier2     variables
c           MB        restarts          redundant      glue  trail      remaining
c            level           rate             size/glue tier1 irredundant
c 
c i 6458.98 68 10 602 2124613  1 56252922 121586 1.9 16 9 1 2 82% 5406 472 29%
c ~ 6462.46 68 10 602 2129343  1 56280525 137122 1.9 17 9 1 2 82% 5406 472 29%
c G 6462.46 68 10 602 2129343  1 56280525 137122 1.9 17 9 1 2 82% 5406 472 29%
c C 6462.47 68 10 602 2129343  1 56280525 74963 1.9 17 9 1 2 82% 5057 472 29%
c W 6465.43 68 10 602 2129343  1 56280526 74964 1.9 17 9 1 2 82% 5057 472 29%
c . 6469.81 68 11 603 2133848  1 56319282 93667 1.8 17 10 1 2 82% 5057 472 29%
c G 6469.82 68 11 603 2133848  1 56319282 59154 1.8 17 10 1 2 82% 5057 472 29%
c C 6469.82 68 11 603 2133848  1 56319282 59154 1.8 17 10 1 2 82% 5057 472 29%
c - 6469.82 68 11 603 2133848  1 56319282 59154 1.8 17 10 1 2 82% 5057 472 29%
c 2 6469.82 68 11 603 2133848  1 56319282 59152 1.8 17 10 1 2 82% 5057 472 29%
c d 6469.82 68 11 603 2133848  1 56319282 59152 1.8 17 10 1 2 82% 5057 472 29%
c p 6469.82 68 11 603 2133848  1 56319282 59157 1.8 17 10 1 2 82% 5057 472 29%
c k 6469.83 68 11 603 2133848  1 56319282 59157 1.8 17 10 1 2 82% 5057 472 29%
c 2 6469.83 68 11 603 2133848  1 56319282 59157 1.8 17 10 1 2 82% 5057 472 29%
c u 6469.99 68 11 603 2133848  1 56319282 56680 1.8 17 10 1 2 82% 5053 472 29%
c v 6470.26 68 11 603 2133848  1 56319282 55177 1.8 17 10 1 2 82% 5053 472 29%
c w 6470.26 68 11 603 2133848  1 56319282 55177 1.8 17 10 1 2 82% 5053 472 29%
c t 6470.26 68 11 603 2133848  1 56319282 55137 1.8 17 10 1 2 82% 5050 472 29%
c k 6470.26 68 11 603 2133848  1 56319282 55137 1.8 17 10 1 2 82% 5050 472 29%
c 2 6470.26 68 11 603 2133848  1 56319282 55137 1.8 17 10 1 2 82% 5050 472 29%
c 
c   seconds    reductions       conflicts          size   tier2     variables
c           MB        restarts          redundant     glue   trail      remaining
c            level           rate            size/glue  tier1 irredundant
c 
c f 6470.26 68 11 603 2133848  1 56319282 55137 1.8 17 10 1 2 82% 5050 472 29%
c i 6481.24 68 10 603 2139313  1 56431441 110489 1.8 16 9 1 2 82% 5050 471 29%
c . 6490.45 68 10 604 2146319  1 56506898 147288 1.9 17 9 1 2 82% 5050 471 29%
c G 6490.46 68 10 604 2146319  1 56506898 59537 1.9 17 9 1 2 82% 4863 471 29%
c C 6490.48 68 10 604 2146319  1 56506898 59537 1.9 17 9 1 2 82% 4863 471 29%
c - 6490.48 68 10 604 2146319  1 56506898 59537 1.9 17 9 1 2 82% 4863 471 29%
c 2 6490.48 68 10 604 2146319  1 56506898 59536 1.9 17 9 1 2 82% 4863 471 29%
c d 6490.48 68 10 604 2146319  1 56506898 59064 1.9 17 9 1 2 82% 4837 469 29%
c d 6490.48 68 10 604 2146319  1 56506898 59064 1.9 17 9 1 2 82% 4837 469 29%
c p 6490.49 68 10 604 2146319  1 56506898 59092 1.9 17 9 1 2 82% 4837 469 29%
c k 6490.49 68 10 604 2146319  1 56506898 59092 1.9 17 9 1 2 82% 4837 469 29%
c 2 6490.49 68 10 604 2146319  1 56506898 59087 1.9 17 9 1 2 82% 4836 469 29%
c u 6490.64 68 10 604 2146319  1 56506898 57089 1.9 17 9 1 2 82% 4835 469 29%
c v 6490.87 68 10 604 2146319  1 56506898 54777 1.9 17 9 1 2 82% 4835 469 29%
c w 6490.87 68 10 604 2146319  1 56506898 54777 1.9 17 9 1 2 82% 4835 469 29%
c x 6490.92 68 10 604 2146319  1 56506898 54659 1.9 17 9 1 2 82% 4504 469 29%
c t 6490.92 68 10 604 2146319  1 56506898 54632 1.9 17 9 1 2 82% 4492 469 29%
c k 6490.92 68 10 604 2146319  1 56506898 54632 1.9 17 9 1 2 82% 4492 469 29%
c 2 6490.92 68 10 604 2146319  1 56506898 54632 1.9 17 9 1 2 82% 4492 469 29%
c f 6490.92 68 10 604 2146319  1 56506898 54632 1.9 17 9 1 2 82% 4492 469 29%
c 
c   seconds    reductions       conflicts          size  tier2     variables
c           MB        restarts          redundant     glue  trail      remaining
c            level           rate            size/glue tier1 irredundant
c 
c i 6491.45 68 10 604 2146319  1 56512906 56838 1.9 17 9 1 2 82% 4492 467 29%
c i 6494.18 68 10 604 2147617  1 56544496 71218 1.9 16 9 1 2 81% 4492 464 28%
c s 6495.26 68  9 604 2147637  1 56553372 74249 1.9 16 8 1 2 82% 4473 464 28%
c t 6495.27 68  9 604 2147637  1 56553372 74247 1.9 16 8 1 2 82% 4473 464 28%
c e 6495.27 68  9 604 2147637  1 56553372 31634 1.9 16 8 1 2 82% 4055 349 21%
c s 6495.30 68  9 604 2147637  1 56553372 31449 1.9 16 8 1 2 82% 3898 349 21%
c e 6495.30 68  9 604 2147637  1 56553372 29451 1.9 16 8 1 2 82% 3928 345 21%
c G 6495.30 68  9 604 2147637  1 56553372 29451 1.9 16 8 1 2 82% 3928 345 21%
c C 6495.31 68  9 604 2147637  1 56553372 13825 1.9 16 8 1 2 82% 3928 345 21%
c i 6495.37 68  9 604 2147637  1 56554653 14362 1.9 16 8 1 2 78% 3928 344 21%
c i 6495.73 68  9 604 2147648  1 56561355 16623 1.9 15 8 1 2 85% 3928 342 21%
c i 6495.93 68  9 604 2147648  1 56565863 18689 1.9 15 8 1 2 82% 3928 340 21%
c i 6495.95 68  9 604 2147648  1 56566233 18781 1.9 15 8 1 2 82% 3928 338 21%
c i 6495.98 68  9 604 2147648  1 56566908 18995 1.9 15 8 1 2 82% 3928 337 21%
c i 6496.00 68  9 604 2147648  1 56567258 19167 1.9 15 8 1 2 82% 3928 336 21%
c i 6496.01 68  9 604 2147648  1 56567439 19243 1.9 15 8 1 2 82% 3928 334 20%
c i 6496.02 68  9 604 2147648  1 56567495 19260 1.9 15 8 1 2 82% 3928 328 20%
c i 6496.02 68  9 604 2147648  1 56567521 19265 1.9 15 8 1 2 82% 3928 313 19%
c i 6496.02 68  9 604 2147648  1 56567532 19268 1.9 15 8 1 2 82% 3928 294 18%
c i 6496.02 68  9 604 2147648  1 56567539 19271 1.9 15 8 1 2 82% 3928 288 18%
c 
c   seconds    reductions       conflicts          size  tier2     variables
c           MB        restarts          redundant     glue  trail      remaining
c            level           rate            size/glue tier1 irredundant
c 
c i 6496.02 68  9 604 2147648  1 56567543 19273 1.9 15 8 1 2 82% 3928  77  5%
c } 6496.02 68  9 604 2147648  1 56567545 19273 1.9 15 8 1 2 82% 3928   2  0%
c 0 6496.02 68  9 604 2147648  1 56567545 19273 1.9 15 8 1 2 82% 3928   2  0%
c 
c --- [ result ] -------------------------------------------------------------
c 
s UNSATISFIABLE
c 
c --- [ run-time profiling ] -------------------------------------------------
c 
c process time taken by individual solving procedures
c (percentage relative to process time for solving)
c 
c      6316.18   97.23% search
c      3169.97   48.80% unstable
c      2890.25   44.49% stable
c       255.96    3.94% walk
c       179.84    2.77% simplify
c       148.64    2.29% vivify
c        18.42    0.28% subsume
c        10.07    0.15% sweep
c         0.87    0.01% ternary
c         0.58    0.01% probe
c         0.30    0.00% factor
c         0.17    0.00% elim
c         0.06    0.00% congruence
c         0.04    0.00% backbone
c         0.01    0.00% preprocess
c         0.00    0.00% fastelim
c         0.00    0.00% parse
c         0.00    0.00% lucky
c   =================================
c      6496.02  100.00% solve
c 
c last line shows process time for solving
c (percentage relative to total process time)
c 
c --- [ statistics ] ---------------------------------------------------------
c 
c blocked:                       0         0.00 %  of irredundant clauses
c   blockings:                   0         0.00    internal
c   candidates:                  0         0.00    per blocking 
c   blockres:                    0         0.00    per candidate
c   pure:                        0         0.00 %  of all variables
c   pureclauses:                 0         0.00    per pure literal
c chronological:           2727471         4.82 %  of conflicts
c compacts:                      8   7070943.12    interval
c conflicts:              56567545      8708.03    per second
c   backtracked:          65735624       116.21 %  of conflicts
c inc-decay:                     0         0.00 %   per search
c backbone:                1018108     52533.95 %  of vars
c    rounds:                  2431         2.02    per phase
c    phases:                  1201     47100.37    interval
c    units:                      0         0.00    per phase
c dedup-init-rnds:                0         0.00 %  of interval
c dedup-init:                     0         0.00 %  of subsumed
c conditioned:                   0         0.00 %  of irredundant clauses
c   conditionings:               0         0.00    interval
c   condcands:                   0         0.00    candidate clauses
c   condassinit:                 0.0       0.00 %  initial assigned
c   condcondinit:                0.0       0.00 %  initial condition
c   condautinit:                 0.0       0.00 %  initial autarky
c   condassrem:                  0.0       0.00 %  final assigned
c   condcondrem:                 0.000     0.00 %  final conditional
c   condautrem:                  0.000     0.00 %  final autarky
c   condprops:                   0         0.00    per candidate
c covered:                       0         0.00 %  of irredundant clauses
c   coverings:                   0         0.00    interval
c   asymmetric:                  0         0.00 %  of covered clauses
c   blocked:                     0         0.00 %  of covered clauses
c decisions:              70497052     10852.35    per second
c   searched:            229157116         3.25    per decision
c rand. dec phase:               0         0.00    per interval
c random decs:                   0         0.00    per phase
c eliminated:                 1500        77.40 %  of all variables
c   fastelim:                  504        33.60 %  of eliminated
c   elimphases:                 60    942792.42    interval
c   elimrounds:                 91         1.52    per phase
c   elimtried:               13475        11.13 %  eliminated
c   elimgates:                4798        35.61 %  gates per tried
c   elimequivs:                 33         0.69 %  equivalence gates
c   elimands:                  958        19.97 %  and gates
c   elimites:                   26         0.54 %  if-then-else gates
c   elimxors:                 3781        78.80 %  xor gates
c   elimdefs:                    0         0.00 %  definitions
c   elimsubst:                 627        41.80 %  substituted
c   elimsubstequi:              45         7.18 %  equivalence gates
c   elimsubstands:             370        59.01 %  and gates
c   elimsubstites:               9         1.44 %  if-then-else gates
c   elimsubstxors:             300        47.85 %  xor gates
c   elimsubstdefs:               0         0.00 %  definitions
c   elimres:                576141       384.09    per eliminated
c   elimrestried:           532638        92.45 %  per resolution
c   def checked:                 0         0.00    per phase
c   def extracted:               0         0.00 %  per checked
c   def units:                   0         0.00 %  per checked
c ext.prop. calls:               0         0.00 %  of queries
c   propagating:                 0         0.00 %  per eprop-call
c   explained:                   0         0.00 %  per eprop-call
c   falsified:                   0         0.00 %  per eprop-call
c ext.clause calls:              0         0.00 %  of queries
c   learned:                     0         0.00 %  per called
c   conflicting:                 0         0.00 %  per learned
c   propagating:                 0         0.00 %  per learned
c ext.final check:               0         0.00 %  of queries
c factored:                    307        88.73 %  of variables
c   factor:                    176    321406.51    conflict interval
c   cls factored:             1898         6.18    per factored
c   lits factored:            5307        17.29    per factored
c   cls unfactored:           2576         8.39    per factored
c   lits unfactored:          8262        26.91    per factored
c fixed:                       356        18.37 %  of all variables
c   failed:                      0         0.00 %  of all variables
c   probefailed:                 0         0.00 %  per failed
c   transredunits:               0         0.00 %  per failed
c   inprobephases:             600     94279.24    interval
c   inprobesuccess:              8         1.33 %  phases
c   probingrounds:             600         1.00    per phase
c   probed:                  97889         0.00    per failed
c   hbrs:                     2537         0.03    per probed
c   hbrsizes:                 8069         3.18    per hbr
c   hbreds:                   2499        98.50 %  per hbr
c   hbrsubs:                    72         2.84 %  per hbr
c   units:                      20   2828377.25    interval
c   binaries:                  198    285694.67    interval
c flushed:                       0         0.00 %  per conflict
c   hyper:                       0         0.00 %  per conflict
c   flushings:                   0         0.00    interval
c instantiated:                  0         0.00 %  of tried
c   instrounds:                  0         0.00 %  of elimrounds
c learned:                56143611        99.25 %  per conflict
c   bumped:              334112211         5.95    per learned
c   recomputed:         1597640366      2845.63 %  per learned
c   promoted1:              155973         0.28 %  per learned
c   promoted2:              249687         0.44 %  per learned
c   improvedglue:          9515123        16.95 %  per learned
c lucky:                         0         0.00 %  of tried
c   constantzero                 0         0.00 %  of tried
c   constantone                  0         0.00 %  of tried
c   backwardone                  0         0.00 %  of tried
c   backwardzero                 0         0.00 %  of tried
c   forwardone                   0         0.00 %  of tried
c   forwardzero                  0         0.00 %  of tried
c   positivehorn                 0         0.00 %  of tried
c   negativehorn                 0         0.00 %  of tried
c   extendbytes:            309688         0.30    bytes and MB
c learned_lits:         3426986922       100.00 %  learned literals
c minimized:                     0         0.00 %  learned literals
c shrunken:             1677120215        48.94 %  learned literals
c minishrunken:          398180070        11.62 %  learned literals
c otfs:                      48823         0.09 %  of conflict
c   subsumed                  4753         0.01 %  of conflict
c   strengthened             44070         0.08 %  of conflict
c propagations:         7561300140         1.16 M  per second
c   coverprops:                  0         0.00 %  of propagations
c   probeprops:             286249         0.00 %  of propagations
c   searchprops:        7435135867        98.33 %  of propagations
c   transredprops:          429839         0.01 %  of propagations
c   vivifyprops:         125448185         1.66 %  of propagations
c reactivated:                   0         0.00 %  of all variables
c reduced:                32643596        57.71 %  per conflict
c   reductions:                604     93654.88    interval
c   sqrt scheme:                 0         0.00 %  reductions
c   prct scheme:                 0         0.00 %  reductions
c   collections:               614     92129.55    interval
c rephased:                    335    168858.34    interval
c   rephasedbest:              111        33.13 %  rephased best
c   rephasedflip:               27         8.06 %  rephased flipping
c   rephasedinv:                29         8.66 %  rephased inverted
c   rephasedorig:               30         8.96 %  rephased original
c   rephasedrand:               27         8.06 %  rephased random
c   rephasedwalk:              111        33.13 %  rephased walk
c rescored:                   4309     13127.77    interval
c restarts:                2147648        26.34    interval
c   reused:                2100421        97.80 %  per restart
c   reusedlevels:         29119886        69.92 %  per restart levels
c restored:                      0         0.00 %  per weakened
c   restorations:                0         0.00 %  per extension
c   literals:                    0         0.00    per restored clause
c stabilizing:                  67        51.55 %  of conflicts
c   restartstab:              4987         0.23 %  of all restarts
c   reusedstab:               4971        99.68 %  per stable restarts
c substituted:                  79         4.08 %  of all variables
c   decompositions:            610         1.02    per phase
c sweep equivs:                 10         0.37 %  of swept variables
c   sweepings:                  42        63.50    vars per sweeping
c   swept vars:               2667       137.62 %  of all variables
c   sweep units:                 1         0.05 %  of all variables
c   solved:                  43335        16.25    per swept variable
c   sat:                     41014        94.64 %  solved
c   unsat:                    2307         5.32 %  solved
c   backbone solved:         21270        49.08 %  solved
c     sat:                   21259        99.95 %  backbone solved
c     unsat:                     1         0.00 %  backbone solved
c     unknown:                  10         0.05 %  backbone solved
c     fixed:                     0         0.00   per swept variable
c     flip:                1501398       562.95   per swept variable
c     flipped:              304047        20.25 %  of backbone flip
c   equiv solved:            19398        44.76 %  solved
c     sat:                   17092        88.11 %  equiv solved
c     unsat:                  2306        11.89 %  equiv solved
c     unknown:                   0         0.00 %  equiv solved
c     flip:                 799698       299.85    per swept variable
c     flipped:              155094        19.39 %  of equiv flip
c   depth:                    6841         2.57    per swept variable
c   environment:            827723       310.36    per swept variable
c   clauses:               5013388      1879.79    per swept variable
c   completed:                   3        14.00    sweeps to complete
c subsumed:               22901340        40.55 %  of all clauses
c   subsumephases:              60    942792.42    interval
c   subsumerounds:             121         2.02    per phase
c   deduplicated:               24         0.00 %  per subsumed
c   transreds:                 660     85708.40    interval
c   transitive:                231         0.00 %  per subsumed
c   subirr:                   1970         0.01 %  of subsumed
c   subred:                 110403         0.48 %  of subsumed
c   subtried:              4647265         0.20    tried per subsumed
c   subchecks:          3667257538       789.12    per tried
c   subchecks2:             786209         0.02 %  per subcheck
c   elimotfsub:                  3         0.00 %  of subsumed
c   elimbwsub:                 480         0.00 %  of subsumed
c   eagersub:             22727953        99.24 %  of subsumed
c   eagertried:         1235159002        54.35    tried per eagersub
c strengthened:             676425         1.20 %  of all clauses
c   elimotfstr:                470         0.07 %  of strengthened
c   elimbwstr:                 165         0.02 %  of strengthened
c ternary:                       0         0.00 %  of resolved
c   phases:                    595     95071.50    interval
c   htr3:                        0         0.00 %  ternary hyper ternres
c   htr2:                        0         0.00 %  binary hyper ternres
c ticks:              456741462181        61.43    propagation
c  searchticks:       432597459051        94.71 %  totalticks
c    stableticks:     213232054964        49.29 %  searchticks
c    unstableticks:   219365404087        50.71 %  searchticks
c  inprobeticks:       24144003130         5.29 %  totalticks
c    backboneticks:        6321555         0.00 %  searchticks
c    factorticks:         17592736         0.00 %  searchticks
c    probeticks:         132538357         0.03 %  searchticks
c    sweepticks:        1710472928         0.40 %  searchticks
c    ternaryticks:      3458168999         0.80 %  searchticks
c    vivifyticks:      18818908555         4.35 %  searchticks
c    walkticks:        34439283187         7.96 %  searchticks
c    walkflipticks:    11206682200         2.59 %  searchticks
c    walkflipbrk:       7090280646         1.64 %  searchticks
c    walkflipWL:        4116401634         0.95 %  searchticks
c    walkpickticks:    23232599468         5.37 %  searchticks
c    walkbreak:        22722251727         5.25 %  searchticks
c tier recomputed:             878     64427.73    interval
c trail reuses:                  0         0.00 %  of incremental calls
c   levels:                      0         0.00    per reuse
c   literals:                    0         0.00    per reuse
c   assumptions:                 0         0.00    per reuse
c vivified:                 353615         0.63 %  of all clauses
c   vivifications:             600     94279.24    interval
c   vivifychecks:          3920319         6.93 %  per conflict
c   vivified:               693183        17.68 %  per check
c   vified-irred:             1360         0.20 %  per vivified
c   vified-tier1:           245712        35.45 %  per vivified
c   vified-tier2:           391765        56.52 %  per vivified
c   vified-tier3:            54346         7.84 %  per vivified
c   vivifysched:           6303917        62.19 %  checks per scheduled
c   vivifyunits:                 0         0.00 %  per vivify check
c   vivifyinst:               5231         0.13 %  per vivify check
c   vivifysubs:              56464         0.25 %  per subsumed
c   vivifyflushed:             710         0.00 %  per subsumed
c   vivifysubred:            55255        97.86 %  per subs
c   vivifysubirr:              499         0.88 %  per subs
c   vivifystrs:             297151        43.93 %  per strengthened
c   vivifystrirr:              600         0.20 %  per vivifystrs
c   vivifystred1:            73996        24.90 %  per vivifystrs
c   vivifystred2:           184537        62.10 %  per viviyfstrs
c   vivifystred3:            38018        12.79 %  per vivifystrs
c   vivifydemote:                0         0.00 %  per vivifystrs
c   vivifydecs:           26649388         6.80    per checks
c   vivifyreused:          8777415        32.94 %  per non-reused decision
c walked:                      111    509617.52    interval
c   prop-warmup:             62133       559.76    per warmup
c   dec-warmup:               3447        31.05    per warmup
c   dummydec-w:               1342        12.09    per warmup
c   conflicts:                3478        31.33    per warmup
c   warmup:                    111         1.00    per walk
c   flips:               529881081         2.07 M  per second
c   minimum:                     1         0.00 %  clauses
c   broken:             5388897384        10.17    per flip
c   improved:                  111         1.00    per walk
c weakened:                   8622         2.98    average size
c   extensions:                  0         0.00    interval
c   flipped:                     0         0.00    per weakened
c congruence:                   35   1616215.57    interval
c    units:                      0         0.00    per congruent
c    cong-and:                   0         0.00    per found gates
c    cong-ite:                   0         0.00    per found gates
c    cong-xor:                   0         0.00    per found gates
c    congruent:                 64         0.55    per round
c    unaries:                    0         0.00    per round
c    rewritten:                  0         0.00    per round
c    rewri.-ands:                0         0.00    per rewritten
c    rewri.-xors:                0         0.00%  per rewritten
c    rewri.-ites:                0         0.00%  per rewritten
c    subsumed:                   0         0.00%  per round
c 
c seconds are measured in process time for solving
c 
c --- [ glue usage ] ---------------------------------------------------------
c 
c focused glue 1 used 517051224 clauses 66.97% accumulated 66.97% tier1
c focused glue 2 used 149261628 clauses 19.33% accumulated 86.30% tier2
c 
c stable glue 1 used 531484815 clauses 65.30% accumulated 65.30% tier1
c stable glue 2 used 147549075 clauses 18.12% accumulated 83.42% tier2
c 
c 
c --- [ resources ] ----------------------------------------------------------
c 
c total process time since initialization:      6496.02    seconds
c total real time since initialization:         6532.25    seconds
c maximum resident set size of process:           81.52    MB
c 
c --- [ shutting down ] ------------------------------------------------------
c 
c exit 20
