c --- [ banner ] -------------------------------------------------------------
c 
c CaDiCaL SAT Solver
c Copyright (c) 2016-2025
c A. Biere, M. Fleury, N. Froleyks, K. Fazekas, F. Pollitt, T. Faller
c JKU Linz, University of Freiburg, TU Wien
c 
c Version 3.0.0 7b99c07f0bcab5824a5a3ce62c7066554017f641
c g++ (GCC) 15.2.1 20260123 (Red Hat 15.2.1-7) -Wall -Wextra -O3 -DNDEBUG
c Sat Feb 21 12:26:06 IST 2026 Linux kfed 6.18.8-100.fc42.x86_64 x86_64
c 
c --- [ parsing input ] ------------------------------------------------------
c 
c reading DIMACS file from 'data/circuits/cnf/miter_mult_12bit.cnf'
c opening file to read 'data/circuits/cnf/miter_mult_12bit.cnf'
c found 'p cnf 1631 6185' header
c parsed 6185 clauses in 0.00 seconds process time
c 
c --- [ options ] ------------------------------------------------------------
c 
c all options are set to their default value
c 
c --- [ solving ] ------------------------------------------------------------
c 
c time measured in process time since initialization
c 
c  seconds  reduction conflicts       size tier2     variables
c         MB    restarts   redundant    glue  trail       remaining
c          level     rate       size/glu tier1 irredundant
c 
c *  0.00  6  0 0   0  0    0    0 0.0 0 0 2 6  0% 6183 1628 100%
c (  0.00  6  0 0   0  0    0    0 0.0 0 0 2 6  0% 6183 1628 100%
c .  0.00  6  0 0   0  0    0    0 0.0 0 0 2 6  0% 6179 1628 100%
c c  0.00  7  0 0   0  0    0    0 0.0 0 0 2 6  0% 6279 1628 100%
c d  0.00  7  0 0   0  0    0    0 0.0 0 0 2 6  0% 6049 1564 96%
c =  0.01  7  0 0   0  0    0    0 0.0 0 0 2 6  0% 6043 1561 96%
c f  0.01  7  0 0   0  0    0    0 0.0 0 0 2 6  0% 5979 1618 99%
c e  0.01  7  0 0   0  0    0    0 0.0 0 0 2 6  0% 5349 1114 68%
c P  0.01  7  0 0   0  0    0    0 0.0 0 0 2 6  0% 5349 1114 68%
c )  0.01  7  0 0   0  0    0    0 0.0 0 0 2 6  0% 5349 1114 68%
c {  0.02  7  0 0   0  0    0    0 0.0 0 0 2 6  0% 5349 1114 68%
c -  0.03  7 21 1   0  1  300   83 2.6 40 15 2 6 59% 5349 1114 68%
c -  0.05  8 20 2  15  1  736  165 2.4 35 15 2 6 56% 5349 1114 68%
c }  0.06  8 20 2  15  1 1001  279 2.1 31 15 2 6 55% 5349 1114 68%
c [  0.06  8  0 2  15  0 1001  279 0.0 0 0 2 6  0% 5349 1114 68%
c O  0.06  8 39 2  15 40 1002  280 1.5 6 4 2 6  6% 5349 1114 68%
c i  0.06  8 23 2  15  2 1031  298 2.1 4 2 2 6  4% 5349 1113 68%
c -  0.07  8 120 3  15  2 1414  262 1.7 19 11 2 6 49% 5345 1113 68%
c p  0.07  8 115 3  15  2 1439  362 1.7 19 11 2 6 49% 5341 1111 68%
c u  0.08  8 115 3  15  2 1439  337 1.7 19 11 2 6 49% 5345 1111 68%
c 
c  seconds   reduction conflicts       size   tier2     variables
c         MB     restarts   redundant     glue   trail       remaining
c           level     rate       size/glue  tier1 irredundant
c 
c v  0.08  8 115 3  15  2 1439  329 1.7 19 11 2 6 49% 5345 1111 68%
c w  0.08  8 115 3  15  2 1439  328 1.7 19 11 2 6 49% 5345 1111 68%
c x  0.08  8 115 3  15  2 1439  328 1.7 19 11 2 6 49% 5343 1111 68%
c t  0.08  8 115 3  15  2 1439  328 1.7 19 11 2 6 49% 5341 1111 68%
c f  0.08  8 115 3  15  2 1439  326 1.7 19 11 2 6 49% 5334 1120 69%
c -  0.10  8 51 4  16  2 2357  452 2.2 24 11 2 6 54% 5334 1120 69%
c I  0.12  8 41 4  16  1 3004  967 2.2 24 11 2 6 86% 5334 1120 69%
c ]  0.12  8 38 4  17  1 3212 1141 2.2 24 11 2 6 76% 5334 1120 69%
c {  0.12  8 20 4  17  1 3212 1141 2.1 31 15 2 6 83% 5334 1120 69%
c -  0.13  8 20 5  17  1 3570  650 2.1 29 14 2 6 83% 5334 1120 69%
c s  0.14  8 21 5  38  1 3851  899 2.0 29 14 2 6 82% 5312 1120 69%
c t  0.14  8 21 5  38  1 3851  899 2.0 29 14 2 6 82% 5306 1120 69%
c e  0.14  8 21 5  38  1 3851  572 2.0 29 14 2 6 82% 5221 976 60%
c s  0.14  8 21 5  38  1 3851  569 2.0 29 14 2 6 82% 5166 976 60%
c e  0.14  8 21 5  38  1 3851  556 2.0 29 14 2 6 82% 5164 970 59%
c d  0.15  8 21 5  38  1 3939  633 2.0 29 14 2 6 81% 5163 969 59%
c p  0.15  8 21 5  38  1 3939  715 2.0 29 14 2 6 81% 5163 969 59%
c u  0.15  8 21 5  38  1 3939  671 2.0 29 14 2 6 81% 5163 969 59%
c v  0.15  8 21 5  38  1 3939  629 2.0 29 14 2 6 81% 5163 969 59%
c w  0.15  8 21 5  38  1 3939  628 2.0 29 14 2 6 81% 5163 969 59%
c 
c  seconds  reduction conflicts       size   tier2     variables
c         MB    restarts   redundant     glue   trail      remaining
c          level     rate       size/glue  tier1 irredundant
c 
c t  0.15  8 21 5  38  1 3939  628 2.0 29 14 2 6 81% 5161 969 59%
c f  0.15  8 21 5  38  1 3939  626 2.0 29 14 2 6 77% 5092 1026 63%
c -  0.18  8 22 6  60  1 5064 1011 2.1 28 14 4 12 72% 5092 1026 63%
c O  0.21  8 22 6  66  1 6010 1917 2.4 31 13 4 11 72% 5092 1026 63%
c p  0.23  8 22 6  93  1 6542 2365 2.4 31 13 4 12 69% 5092 1026 63%
c =  0.23  8 22 6  93  1 6542 2365 2.4 31 13 4 12 69% 5090 1024 63%
c u  0.23  8 22 6  93  1 6542 2322 2.4 31 13 4 12 69% 5090 1024 63%
c v  0.24  8 22 6  93  1 6542 2316 2.4 31 13 4 12 69% 5090 1024 63%
c w  0.24  8 22 6  93  1 6542 2316 2.4 31 13 4 12 69% 5090 1024 63%
c x  0.24  8 22 6  93  1 6542 2316 2.4 31 13 4 12 69% 5079 1024 63%
c f  0.24  8 22 6  93  1 6542 2315 2.4 31 13 4 12 64% 4976 1109 68%
c -  0.25  8 22 7 129  2 6845 1871 2.4 31 13 4 12 64% 4976 1109 68%
c -  0.34  8 22 8 140  1 8914 2656 2.6 32 12 4 11 69% 4976 1109 68%
c }  0.34  8 22 8 140  1 8947 2686 2.6 32 12 4 11 70% 4976 1109 68%
c [  0.34  8 38 8 140  1 8947 2686 2.2 24 11 2 6 77% 4976 1109 68%
c p  0.36  8 35 8 140  1 9240 3107 2.3 24 10 5 12 77% 4976 1109 68%
c =  0.36  8 35 8 140  1 9240 3106 2.3 24 10 5 12 77% 4974 1107 68%
c u  0.37  8 35 8 140  1 9240 2993 2.3 24 10 5 12 77% 4972 1107 68%
c v  0.37  8 35 8 140  1 9240 2974 2.3 24 10 5 12 77% 4972 1107 68%
c w  0.37  8 35 8 140  1 9240 2969 2.3 24 10 5 12 77% 4972 1107 68%
c 
c  seconds  reduction conflicts       size   tier2      variables
c         MB    restarts   redundant     glue    trail       remaining
c          level     rate       size/glue  tier1  irredundant
c 
c f  0.37  8 35 8 140  1 9240 2965 2.3 24 10 5 12 77% 4973 1110 68%
c B  0.40  8 34 8 140  1 10012 3633 2.2 26 12 5 12 87% 4973 1110 68%
c -  0.47  8 29 9 141  1 11276 2792 2.0 26 13 5 12 88% 4973 1110 68%
c p  0.51  8 28 9 142  1 12025 3302 2.0 27 13 5 12 89% 4973 1110 68%
c u  0.52  8 28 9 142  1 12025 3195 2.0 27 13 5 12 89% 4973 1110 68%
c v  0.52  8 28 9 142  1 12025 3169 2.0 27 13 5 12 89% 4973 1110 68%
c w  0.52  8 28 9 142  1 12025 3164 2.0 27 13 5 12 89% 4973 1110 68%
c ]  0.57  8 26 9 143  1 13121 3916 2.1 28 14 5 12 90% 4973 1110 68%
c {  0.57  8 22 9 143  1 13121 3916 2.6 32 12 4 11 70% 4973 1110 68%
c s  0.58  8 22 9 150  1 13503 4227 2.6 31 12 3 6 71% 4968 1110 68%
c e  0.58  8 22 9 150  1 13503 3677 2.6 31 12 3 6 71% 4957 1053 65%
c s  0.58  8 22 9 150  1 13503 3668 2.6 31 12 3 6 71% 4948 1053 65%
c e  0.58  8 22 9 150  1 13503 3660 2.6 31 12 3 6 71% 4945 1051 64%
c -  0.60  8 22 10 162  1 13931 2009 2.5 31 12 3 6 67% 4945 1051 64%
c p  0.64  8 22 10 208  2 14890 2958 2.5 30 12 3 6 68% 4945 1051 64%
c u  0.65  8 22 10 208  2 14890 2924 2.5 30 12 3 6 68% 4945 1051 64%
c v  0.65  8 22 10 208  2 14890 2922 2.5 30 12 3 6 68% 4945 1051 64%
c w  0.65  8 22 10 208  2 14890 2922 2.5 30 12 3 6 68% 4945 1051 64%
c x  0.65  8 22 10 208  2 14890 2922 2.5 30 12 3 6 68% 4942 1051 64%
c t  0.65  8 22 10 208  2 14890 2922 2.5 30 12 3 6 68% 4941 1051 64%
c 
c  seconds  reductions  conflicts       size   tier2     variables
c         MB     restarts    redundant     glue   trail       remaining
c          level      rate        size/glue  tier1 irredundant
c 
c f  0.65  8 22 10 208  2 14890 2921 2.5 30 12 3 6 67% 4935 1058 65%
c #  0.65  8 22 10 221  2 15016 3045 2.6 31 12 3 6 68% 4935 1058 65%
c -  0.77  8 21 11 257  2 16881 2910 2.8 32 11 3 6 75% 4935 1058 65%
c p  0.82  8 21 11 397  2 17831 3839 2.8 32 11 3 6 76% 4935 1058 65%
c =  0.83  8 21 11 397  2 17831 3839 2.8 32 11 3 6 76% 4934 1057 65%
c u  0.84  8 21 11 397  2 17831 3760 2.8 32 11 3 6 76% 4934 1057 65%
c v  0.84  8 21 11 397  2 17831 3753 2.8 32 11 3 6 76% 4934 1057 65%
c w  0.84  8 21 11 397  2 17831 3753 2.8 32 11 3 6 76% 4934 1057 65%
c 2  0.84  8 21 11 397  2 17831 3752 2.8 32 11 3 6 76% 4934 1057 65%
c -  0.95  9 21 12 483  2 20131 3600 2.8 32 11 3 6 75% 4934 1057 65%
c p  0.98  9 21 12 483  2 20842 4326 2.8 32 11 3 6 73% 4934 1057 65%
c u  0.99  9 21 12 483  2 20842 4252 2.8 32 11 3 6 73% 4934 1057 65%
c v  0.99  9 21 12 483  2 20842 4238 2.8 32 11 3 6 73% 4934 1057 65%
c w  0.99  9 21 12 483  2 20842 4238 2.8 32 11 3 6 73% 4934 1057 65%
c B  1.00  9 21 12 498  2 21017 4403 2.8 32 11 3 6 73% 4934 1057 65%
c }  1.03  9 21 12 630  2 21549 4784 2.8 32 11 2 3 74% 4934 1057 65%
c [  1.03  9 26 12 630  1 21549 4784 2.1 28 14 5 12 89% 4934 1057 65%
c -  1.16  9 24 13 631  1 23679 2932 2.2 30 14 5 12 89% 4934 1057 65%
c p  1.18  9 24 13 631  1 23919 3203 2.2 30 14 5 12 89% 4934 1057 65%
c u  1.18  9 24 13 631  1 23919 3009 2.2 30 14 5 12 89% 4934 1057 65%
c 
c  seconds  reductions  conflicts       size   tier2      variables
c         MB     restarts    redundant     glue    trail       remaining
c          level      rate        size/glue  tier1  irredundant
c 
c v  1.18  9 24 13 631  1 23919 2981 2.2 30 14 5 12 89% 4934 1057 65%
c w  1.18  9 24 13 631  1 23919 2972 2.2 30 14 5 12 89% 4934 1057 65%
c s  1.27  9 23 13 631  1 26909 5124 2.1 30 14 5 12 88% 4932 1057 65%
c e  1.27  9 23 13 631  1 26909 5087 2.1 30 14 5 12 88% 4931 1054 65%
c s  1.28  9 23 13 631  1 26909 5078 2.1 30 14 5 12 88% 4929 1054 65%
c -  1.30  9 23 14 631  1 27525 2553 2.1 30 14 5 12 88% 4929 1054 65%
c p  1.30  9 23 14 631  1 27525 2578 2.1 30 14 5 12 88% 4929 1054 65%
c u  1.31  9 23 14 631  1 27525 2517 2.1 30 14 5 12 88% 4929 1054 65%
c v  1.31  9 23 14 631  1 27525 2506 2.1 30 14 5 12 88% 4929 1054 65%
c x  1.31  9 23 14 631  1 27525 2506 2.1 30 14 5 12 88% 4922 1054 65%
c t  1.31  9 23 14 631  1 27525 2506 2.1 30 14 5 12 88% 4919 1054 65%
c f  1.31  9 23 14 631  1 27525 2506 2.1 30 14 5 12 88% 4917 1056 65%
c W  1.35  9 22 14 632  1 28018 2948 2.1 30 14 5 12 88% 4917 1056 65%
c -  1.45  9 21 15 634  1 31672 2465 2.0 29 14 5 12 87% 4917 1056 65%
c p  1.45  9 21 15 634  1 31672 2517 2.0 29 14 5 12 87% 4917 1056 65%
c u  1.46  9 21 15 634  1 31672 2457 2.0 29 14 5 12 87% 4917 1056 65%
c v  1.46  9 21 15 634  1 31672 2434 2.0 29 14 5 12 87% 4917 1056 65%
c w  1.46  9 21 15 634  1 31672 2434 2.0 29 14 5 12 87% 4917 1056 65%
c ]  1.54  9 21 15 637  1 34860 4963 2.0 28 14 5 12 86% 4917 1056 65%
c {  1.54  9 21 15 637  2 34860 4963 2.8 32 11 2 3 74% 4917 1056 65%
c 
c  seconds  reductions  conflicts       size   tier2     variables
c         MB     restarts    redundant     glue   trail       remaining
c          level      rate        size/glue  tier1 irredundant
c 
c W  1.59  9 21 15 797  2 36019 5947 2.8 32 11 2 3 73% 4917 1056 65%
c -  1.60  9 21 16 822  2 36124 2804 2.8 32 12 2 3 73% 4917 1056 65%
c p  1.60  9 21 16 822  2 36124 2873 2.8 32 12 2 3 73% 4917 1056 65%
c u  1.60  9 21 16 822  2 36124 2827 2.8 32 12 2 3 73% 4917 1056 65%
c v  1.61  9 21 16 822  2 36124 2813 2.8 32 12 2 3 73% 4917 1056 65%
c x  1.61  9 21 16 822  2 36124 2813 2.8 32 12 2 3 73% 4864 1056 65%
c t  1.61  9 21 16 822  2 36124 2813 2.8 32 12 2 3 73% 4858 1056 65%
c -  1.84  9 21 17 1273  2 40875 3531 2.6 31 12 2 3 74% 4858 1056 65%
c p  1.84  9 21 17 1273  2 40875 3595 2.6 31 12 2 3 74% 4858 1056 65%
c =  1.86  9 21 17 1273  2 40875 3595 2.6 31 12 2 3 74% 4856 1054 65%
c u  1.86  9 21 17 1273  2 40875 3351 2.6 31 12 2 3 74% 4854 1054 65%
c v  1.86  9 21 17 1273  2 40875 3330 2.6 31 12 2 3 74% 4854 1054 65%
c w  1.87  9 21 17 1273  2 40875 3325 2.6 31 12 2 3 74% 4854 1054 65%
c s  2.12  9 21 17 2147  2 44714 6647 2.6 32 13 2 3 78% 4851 1054 65%
c e  2.12  9 21 17 2147  2 44714 6069 2.6 32 13 2 3 78% 4847 1048 64%
c s  2.13  9 21 17 2147  2 44714 6061 2.6 32 13 2 3 78% 4847 1048 64%
c F  2.15  9 21 17 2222  2 45021 6335 2.6 32 13 2 3 78% 4847 1048 64%
c -  2.21  9 21 18 2422  2 45929 3274 2.5 32 13 2 3 78% 4847 1048 64%
c p  2.21  9 21 18 2422  2 45929 3337 2.5 32 13 2 3 78% 4847 1048 64%
c u  2.22  9 21 18 2422  2 45929 3049 2.5 32 13 2 3 78% 4847 1048 64%
c 
c  seconds  reductions   conflicts       size   tier2     variables
c         MB     restarts     redundant     glue   trail       remaining
c          level       rate        size/glue  tier1 irredundant
c 
c v  2.22  9 21 18 2422  2 45929 3003 2.5 32 13 2 3 78% 4847 1048 64%
c w  2.22  9 21 18 2422  2 45929 2997 2.5 32 13 2 3 78% 4847 1048 64%
c f  2.22  9 21 18 2422  2 45929 2997 2.5 32 13 2 3 78% 4845 1050 64%
c }  2.34  9 20 18 2462  2 48671 5430 2.6 32 13 2 3 78% 4845 1050 64%
c [  2.34  9 21 18 2462  1 48671 5430 2.0 28 14 5 12 86% 4845 1050 64%
c -  2.45  9 20 19 2463  1 51287 3424 2.0 28 14 5 12 86% 4845 1050 64%
c p  2.45  9 20 19 2463  1 51287 3483 2.0 28 14 5 12 86% 4845 1050 64%
c u  2.47  9 20 19 2463  1 51287 3326 2.0 28 14 5 12 86% 4845 1050 64%
c v  2.47  9 20 19 2463  1 51287 3314 2.0 28 14 5 12 86% 4845 1050 64%
c w  2.47  9 20 19 2463  1 51287 3313 2.0 28 14 5 12 86% 4845 1050 64%
c x  2.47  9 20 19 2463  1 51287 3313 2.0 28 14 5 12 86% 4806 1050 64%
c O  2.62  9 20 19 2464  1 55022 5547 2.0 28 14 5 12 85% 4806 1050 64%
c -  2.71  9 20 20 2464  1 56949 3210 2.0 28 14 5 12 84% 4806 1050 64%
c p  2.71  9 20 20 2464  1 56949 3265 2.0 28 14 5 12 84% 4806 1050 64%
c u  2.72  9 20 20 2464  1 56949 3172 2.0 28 14 5 12 84% 4806 1050 64%
c v  2.72  9 20 20 2464  1 56949 3156 2.0 28 14 5 12 84% 4806 1050 64%
c t  2.72  9 20 20 2464  1 56949 3153 2.0 28 14 5 12 84% 4806 1050 64%
c -  3.03  9 20 21 2465  1 62914 3278 1.9 28 14 5 12 84% 4806 1050 64%
c p  3.03  9 20 21 2465  1 62914 3331 1.9 28 14 5 12 84% 4806 1050 64%
c u  3.04  9 20 21 2465  1 62914 3144 1.9 28 14 5 12 84% 4806 1050 64%
c 
c  seconds  reductions   conflicts       size   tier2      variables
c         MB     restarts     redundant     glue    trail       remaining
c          level       rate        size/glue  tier1  irredundant
c 
c v  3.04  9 20 21 2465  1 62914 3103 1.9 28 14 5 12 84% 4806 1050 64%
c w  3.04  9 20 21 2465  1 62914 3103 1.9 28 14 5 12 84% 4806 1050 64%
c ]  3.13  9 19 21 2467  1 65036 4340 1.9 28 14 5 12 84% 4806 1050 64%
c {  3.13  9 20 21 2467  2 65036 4340 2.6 32 13 2 3 78% 4806 1050 64%
c B  3.17  9 20 21 2536  2 66024 5194 2.6 33 13 2 3 79% 4806 1050 64%
c s  3.21  9 20 21 2594  2 66809 5885 2.6 33 13 2 3 79% 4806 1050 64%
c e  3.21  9 20 21 2594  2 66809 5658 2.6 33 13 2 3 79% 4802 1042 64%
c s  3.22  9 20 21 2594  2 66809 5657 2.6 33 13 2 3 79% 4801 1042 64%
c -  3.33  9 20 22 2627  2 69184 3866 2.7 34 12 2 3 79% 4801 1042 64%
c p  3.33  9 20 22 2627  2 69184 3916 2.7 34 12 2 3 79% 4801 1042 64%
c u  3.36  9 20 22 2627  2 69184 3730 2.7 34 12 2 3 79% 4801 1042 64%
c v  3.36  9 20 22 2627  2 69184 3670 2.7 34 12 2 3 79% 4801 1042 64%
c w  3.36  9 20 22 2627  2 69184 3669 2.7 34 12 2 3 79% 4801 1042 64%
c f  3.36  9 20 22 2627  2 69184 3669 2.7 34 12 2 3 79% 4795 1046 64%
c -  3.67  9 20 23 2886  2 75759 4179 2.9 35 12 1 2 77% 4795 1046 64%
c p  3.67  9 20 23 2886  2 75759 4231 2.9 35 12 1 2 77% 4795 1046 64%
c u  3.67  9 20 23 2886  2 75759 4157 2.9 35 12 1 2 77% 4795 1046 64%
c v  3.68  9 20 23 2886  2 75759 4128 2.9 35 12 1 2 77% 4795 1046 64%
c w  3.68  9 20 23 2886  2 75759 4128 2.9 35 12 1 2 77% 4795 1046 64%
c x  3.68  9 20 23 2886  2 75759 4128 2.9 35 12 1 2 77% 4787 1046 64%
c 
c  seconds  reductions   conflicts       size   tier2     variables
c         MB     restarts     redundant     glue   trail       remaining
c          level       rate        size/glue  tier1 irredundant
c 
c t  3.68  9 20 23 2886  2 75759 4128 2.9 35 12 1 2 77% 4786 1046 64%
c W  3.81  9 20 23 3006  2 78026 6199 2.9 35 12 1 2 77% 4786 1046 64%
c -  4.01 10 20 24 3535  2 82641 4788 2.9 35 12 1 2 75% 4786 1046 64%
c p  4.01 10 20 24 3535  2 82641 4833 2.9 35 12 1 2 75% 4786 1046 64%
c u  4.01 10 20 24 3535  2 82641 4632 2.9 35 12 1 2 75% 4786 1046 64%
c v  4.01 10 20 24 3535  2 82641 4591 2.9 35 12 1 2 75% 4786 1046 64%
c w  4.01 10 20 24 3535  2 82641 4591 2.9 35 12 1 2 75% 4786 1046 64%
c }  4.39 10 20 24 3846  2 88261 9888 2.9 35 12 1 2 78% 4786 1046 64%
c [  4.39 10 19 24 3846  1 88261 9888 1.9 28 14 5 12 83% 4786 1046 64%
c -  4.51 10 19 25 3847  1 89827 4993 2.0 29 14 5 12 84% 4786 1046 64%
c p  4.51 10 19 25 3847  1 89827 5039 2.0 29 14 5 12 84% 4786 1046 64%
c u  4.52 10 19 25 3847  1 89827 4751 2.0 29 14 5 12 84% 4786 1046 64%
c v  4.52 10 19 25 3847  1 89827 4686 2.0 29 14 5 12 84% 4786 1046 64%
c w  4.53 10 19 25 3847  1 89827 4686 2.0 29 14 5 12 84% 4786 1046 64%
c B  4.59 10 19 25 3848  1 91028 5626 2.0 29 14 5 12 84% 4786 1046 64%
c s  4.67 10 19 25 3849  1 93258 7239 2.0 29 15 5 12 84% 4786 1046 64%
c s  4.67 10 19 25 3849  1 93258 7228 2.0 29 15 5 12 84% 4786 1046 64%
c ^  4.67 10 19 25 3849  1 93258 7228 2.0 29 15 5 12 84% 4786 1046 64%
c -  4.84 10 19 26 3850  1 97320 4284 1.9 29 15 5 12 84% 4786 1046 64%
c p  4.84 10 19 26 3850  1 97320 4326 1.9 29 15 5 12 84% 4786 1046 64%
c 
c  seconds  reductions   conflicts       size   tier2      variables
c         MB     restarts     redundant     glue    trail       remaining
c          level       rate        size/glue  tier1  irredundant
c 
c u  4.86 10 19 26 3850  1 97320 4182 1.9 29 15 5 12 84% 4786 1046 64%
c v  4.86 10 19 26 3850  1 97320 4157 1.9 29 15 5 12 84% 4786 1046 64%
c w  4.86 10 19 26 3850  1 97320 4156 1.9 29 15 5 12 84% 4786 1046 64%
c W  5.17 10 19 26 3856  1 105031 10777 1.9 29 15 5 12 84% 4786 1046 64%
c -  5.18  9 19 27 3856  1 105121 4210 1.9 29 15 5 12 84% 4786 1046 64%
c p  5.18  9 19 27 3856  1 105121 4251 1.9 29 15 5 12 84% 4786 1046 64%
c u  5.18  9 19 27 3856  1 105121 4045 1.9 29 15 5 12 84% 4786 1046 64%
c v  5.18  9 19 27 3856  1 105121 3984 1.9 29 15 5 12 84% 4786 1046 64%
c w  5.18  9 19 27 3856  1 105121 3984 1.9 29 15 5 12 84% 4786 1046 64%
c -  5.49  9 19 28 3858  1 113226 3616 1.9 28 15 5 12 84% 4786 1046 64%
c p  5.49  9 19 28 3858  1 113226 3657 1.9 28 15 5 12 84% 4786 1046 64%
c u  5.49  9 19 28 3858  1 113226 3432 1.9 28 15 5 12 84% 4786 1046 64%
c v  5.49  9 19 28 3858  1 113226 3382 1.9 28 15 5 12 84% 4786 1046 64%
c w  5.49  9 19 28 3858  1 113226 3379 1.9 28 15 5 12 84% 4786 1046 64%
c x  5.50  9 19 28 3858  1 113226 3378 1.9 28 15 5 12 84% 4762 1046 64%
c ]  5.67  9 19 28 3858  1 118168 6744 1.9 28 15 5 12 84% 4762 1046 64%
c {  5.67  9 20 28 3858  2 118168 6744 2.9 35 12 1 2 78% 4762 1046 64%
c #  5.76  9 20 28 4129  2 120032 8446 2.9 36 12 1 2 78% 4762 1046 64%
c -  5.83 10 20 29 4275  2 121639 4432 2.9 35 12 1 2 77% 4762 1046 64%
c p  5.84 10 20 29 4275  2 121639 4472 2.9 35 12 1 2 77% 4762 1046 64%
c 
c  seconds  reductions   conflicts        size   tier2     variables
c         MB     restarts      redundant     glue   trail       remaining
c          level       rate         size/glue  tier1 irredundant
c 
c u  5.84 10 20 29 4275  2 121639 4377 2.9 35 12 1 2 77% 4762 1046 64%
c v  5.84 10 20 29 4275  2 121639 4309 2.9 35 12 1 2 77% 4762 1046 64%
c w  5.84 10 20 29 4275  2 121639 4293 2.9 35 12 1 2 77% 4762 1046 64%
c s  5.96 10 20 29 4382  2 123975 6449 2.9 35 12 1 2 77% 4762 1046 64%
c e  5.96 10 20 29 4382  2 123975 3502 2.9 35 12 1 2 77% 4920 875 54%
c s  5.96 10 20 29 4382  2 123975 3473 2.9 35 12 1 2 77% 4881 875 54%
c e  5.97 10 20 29 4382  2 123975 3443 2.9 35 12 1 2 77% 4883 873 54%
c -  6.22  9 21 30 4978  2 130358 3939 2.8 35 12 1 2 84% 4883 873 54%
c 2  6.22  9 21 30 4978  2 130358 3931 2.8 35 12 1 2 84% 4883 873 54%
c p  6.22  9 21 30 4978  2 130358 3952 2.8 35 12 1 2 84% 4883 873 54%
c u  6.23  9 21 30 4978  2 130358 3738 2.8 35 12 1 2 84% 4871 873 54%
c v  6.23  9 21 30 4978  2 130358 3695 2.8 35 12 1 2 84% 4871 873 54%
c w  6.23  9 21 30 4978  2 130358 3695 2.8 35 12 1 2 84% 4871 873 54%
c f  6.24  9 21 30 4978  2 130358 3695 2.8 35 12 1 2 81% 4811 901 55%
c B  6.62  9 21 30 5583  2 136034 9210 2.9 36 12 1 2 88% 4811 901 55%
c -  6.76 10 21 31 5719  2 139384 5044 2.9 36 12 1 2 88% 4811 901 55%
c p  6.76 10 21 31 5719  2 139384 5085 2.9 36 12 1 2 88% 4811 901 55%
c u  6.79 10 21 31 5719  2 139384 4762 2.9 36 12 1 2 88% 4811 901 55%
c v  6.79 10 21 31 5719  2 139384 4689 2.9 36 12 1 2 88% 4811 901 55%
c w  6.79 10 21 31 5719  2 139384 4687 2.9 36 12 1 2 88% 4811 901 55%
c 
c  seconds  reductions   conflicts        size   tier2     variables
c         MB     restarts      redundant     glue   trail      remaining
c          level       rate         size/glue  tier1 irredundant
c 
c f  6.79 10 21 31 5719  2 139384 4687 2.9 36 12 1 2 88% 4805 904 55%
c -  7.20 10 20 32 5969  2 148718 5658 2.9 35 12 1 2 85% 4805 904 55%
c p  7.20 10 20 32 5969  2 148718 5692 2.9 35 12 1 2 85% 4805 904 55%
c u  7.21 10 20 32 5969  2 148718 5528 2.9 35 12 1 2 85% 4805 904 55%
c v  7.21 10 20 32 5969  2 148718 5477 2.9 35 12 1 2 85% 4805 904 55%
c w  7.21 10 20 32 5969  2 148718 5477 2.9 35 12 1 2 85% 4805 904 55%
c W  7.47 10 21 32 6337  2 153035 9374 2.9 35 12 1 2 85% 4805 904 55%
c }  7.47 10 21 32 6344  2 153097 9426 2.9 35 12 1 2 85% 4805 904 55%
c [  7.47 10 19 32 6344  1 153097 9426 1.9 28 15 5 12 104% 4805 904 55%
c -  7.71 10 19 33 6345  1 158358 5936 1.9 29 15 5 12 103% 4805 904 55%
c p  7.72 10 19 33 6345  1 158358 5964 1.9 29 15 5 12 103% 4805 904 55%
c u  7.72 10 19 33 6345  1 158358 5644 1.9 29 15 5 12 103% 4805 904 55%
c v  7.73 10 19 33 6345  1 158358 5594 1.9 29 15 5 12 103% 4805 904 55%
c w  7.73 10 19 33 6345  1 158358 5593 1.9 29 15 5 12 103% 4805 904 55%
c s  7.93 10 19 33 6345  1 163716 8668 1.9 28 15 5 12 102% 4804 904 55%
c e  7.94 10 19 33 6345  1 163716 8524 1.9 28 15 5 12 102% 4808 899 55%
c s  7.94 10 19 33 6345  1 163716 8507 1.9 28 15 5 12 102% 4808 899 55%
c -  8.14  9 19 34 6345  1 168306 4937 1.8 28 15 5 12 101% 4808 899 55%
c p  8.14  9 19 34 6345  1 168306 4964 1.8 28 15 5 12 101% 4808 899 55%
c u  8.15  9 19 34 6345  1 168306 4856 1.8 28 15 5 12 101% 4808 899 55%
c 
c  seconds  reductions   conflicts        size   tier2       variables
c         MB     restarts      redundant     glue    trail       remaining
c          level       rate         size/glue  tier1   irredundant
c 
c v  8.15  9 19 34 6345  1 168306 4794 1.8 28 15 5 12 101% 4808 899 55%
c x  8.15  9 19 34 6345  1 168306 4794 1.8 28 15 5 12 101% 4793 899 55%
c f  8.16  9 19 34 6345  1 168306 4794 1.8 28 15 5 12 100% 4787 902 55%
c I  8.26  9 19 34 6347  1 171037 6281 1.8 28 15 5 12 100% 4787 902 55%
c -  8.48 10 19 35 6352  1 178562 4571 1.8 28 15 5 12 98% 4787 902 55%
c p  8.48 10 19 35 6352  1 178562 4600 1.8 28 15 5 12 98% 4787 902 55%
c u  8.49 10 19 35 6352  1 178562 4491 1.8 28 15 5 12 98% 4787 902 55%
c v  8.49 10 19 35 6352  1 178562 4452 1.8 28 15 5 12 98% 4787 902 55%
c w  8.49 10 19 35 6352  1 178562 4451 1.8 28 15 5 12 98% 4787 902 55%
c -  8.79 10 18 36 6358  1 189127 4575 1.8 27 15 5 12 97% 4787 902 55%
c p  8.80 10 18 36 6358  1 189127 4602 1.8 27 15 5 12 97% 4787 902 55%
c u  8.80 10 18 36 6358  1 189127 4414 1.8 27 15 5 12 97% 4787 902 55%
c v  8.80 10 18 36 6358  1 189127 4373 1.8 27 15 5 12 97% 4787 902 55%
c w  8.80 10 18 36 6358  1 189127 4373 1.8 27 15 5 12 97% 4787 902 55%
c B  8.83 10 18 36 6358  1 190038 5060 1.8 27 15 5 12 97% 4787 902 55%
c -  9.15 10 19 37 6360  1 200002 4839 1.8 27 15 5 12 95% 4787 902 55%
c p  9.15 10 19 37 6360  1 200002 4863 1.8 27 15 5 12 95% 4787 902 55%
c u  9.18 10 19 37 6360  1 200002 4644 1.8 27 15 5 12 95% 4787 902 55%
c v  9.18 10 19 37 6360  1 200002 4595 1.8 27 15 5 12 95% 4787 902 55%
c ]  9.20 10 19 37 6360  1 200769 5251 1.8 27 15 5 12 95% 4787 902 55%
c 
c  seconds  reductions   conflicts        size   tier2     variables
c         MB     restarts      redundant     glue   trail      remaining
c          level       rate         size/glue  tier1 irredundant
c 
c {  9.20 10 21 37 6360  2 200769 5251 2.9 35 12 1 2 84% 4787 902 55%
c s  9.53 10 21 37 7133  2 207259 11040 2.9 35 12 1 2 83% 4787 902 55%
c e  9.53 10 21 37 7133  2 207259 10184 2.9 35 12 1 2 83% 4789 900 55%
c s  9.54 10 21 37 7133  2 207259 10171 2.9 35 12 1 2 83% 4788 900 55%
c e  9.54 10 21 37 7133  2 207259 10061 2.9 35 12 1 2 83% 4789 899 55%
c F  9.71 10 21 37 7512  2 210039 12413 2.9 35 12 1 2 83% 4789 899 55%
c -  9.74 10 21 38 7512  2 211182 6341 2.9 35 12 1 2 83% 4789 899 55%
c p  9.74 10 21 38 7512  2 211182 6365 2.9 35 12 1 2 83% 4789 899 55%
c u  9.75 10 21 38 7512  2 211182 6250 2.9 35 12 1 2 83% 4789 899 55%
c v  9.76 10 21 38 7512  2 211182 6179 2.9 35 12 1 2 83% 4789 899 55%
c w  9.76 10 21 38 7512  2 211182 6179 2.9 35 12 1 2 83% 4789 899 55%
c f  9.76 10 21 38 7512  2 211182 6179 2.9 35 12 1 2 83% 4787 900 55%
c - 10.19 11 21 39 8038  2 222670 7572 2.8 34 12 1 2 80% 4787 900 55%
c p 10.20 11 21 39 8038  2 222670 7594 2.8 34 12 1 2 80% 4787 900 55%
c u 10.20 11 21 39 8038  2 222670 7353 2.8 34 12 1 2 80% 4787 900 55%
c v 10.21 11 21 39 8038  2 222670 7282 2.8 34 12 1 2 80% 4787 900 55%
c w 10.21 11 21 39 8038  2 222670 7281 2.8 34 12 1 2 80% 4787 900 55%
c B 10.71 11 20 39 8214  2 231041 15155 2.9 34 12 1 2 81% 4787 900 55%
c - 10.95 12 20 40 8997  2 234466 8406 2.9 34 12 1 2 82% 4787 900 55%
c p 10.95 11 20 40 8997  2 234466 8428 2.9 34 12 1 2 82% 4787 900 55%
c 
c  seconds  reductions   conflicts        size   tier2     variables
c         MB     restarts      redundant     glue   trail      remaining
c          level       rate         size/glue  tier1 irredundant
c 
c u 10.96 11 20 40 8997  2 234466 7992 2.9 34 12 1 2 82% 4787 900 55%
c v 10.97 11 20 40 8997  2 234466 7916 2.9 34 12 1 2 82% 4787 900 55%
c } 11.41 11 20 40 9672  2 243332 15761 2.8 34 12 1 2 80% 4787 900 55%
c [ 11.41 11 19 40 9672  1 243332 15761 1.8 27 15 5 12 95% 4787 900 55%
c - 11.68 11 19 41 9673  1 246572 8803 1.8 28 15 5 12 95% 4787 900 55%
c p 11.68 11 19 41 9673  1 246572 8823 1.8 28 15 5 12 95% 4787 900 55%
c u 11.69 11 19 41 9673  1 246572 8646 1.8 28 15 5 12 95% 4787 900 55%
c v 11.69 11 19 41 9673  1 246572 8626 1.8 28 15 5 12 95% 4787 900 55%
c w 11.69 11 19 41 9673  1 246572 8626 1.8 28 15 5 12 95% 4787 900 55%
c x 11.70 11 19 41 9673  1 246572 8625 1.8 28 15 5 12 95% 4744 900 55%
c W 12.11 11 19 41 9678  1 253043 12990 1.8 27 15 5 12 94% 4744 900 55%
c s 12.23 11 19 41 9679  1 255526 14524 1.8 27 15 5 12 94% 4744 900 55%
c e 12.23 11 19 41 9679  1 255526 14056 1.8 27 15 5 12 94% 4751 891 55%
c s 12.24 11 19 41 9679  1 255526 14032 1.8 27 15 5 12 94% 4750 891 55%
c - 12.42 11 19 42 9680  1 258987 8156 1.8 27 15 5 12 94% 4750 891 55%
c p 12.42 11 19 42 9680  1 258987 8173 1.8 27 15 5 12 94% 4750 891 55%
c u 12.43 11 19 42 9680  1 258987 7974 1.8 27 15 5 12 94% 4749 891 55%
c v 12.43 11 19 42 9680  1 258987 7897 1.8 27 15 5 12 94% 4749 891 55%
c f 12.43 11 19 42 9680  1 258987 7897 1.8 27 15 5 12 93% 4741 895 55%
c - 13.07 11 18 43 9687  1 271709 7001 1.8 27 15 1 2 92% 4741 895 55%
c 
c  seconds  reductions   conflicts        size   tier2     variables
c         MB     restarts      redundant     glue   trail      remaining
c          level       rate         size/glue  tier1 irredundant
c 
c p 13.07 11 18 43 9687  1 271709 7021 1.8 27 15 1 2 92% 4741 895 55%
c u 13.08 11 18 43 9687  1 271709 6692 1.8 27 15 1 2 92% 4741 895 55%
c v 13.08 11 18 43 9687  1 271709 6612 1.8 27 15 1 2 92% 4741 895 55%
c O 13.28 11 18 43 9687  1 276045 9072 1.8 27 15 1 2 92% 4741 895 55%
c - 13.78 11 18 44 9688  1 284742 6783 1.8 27 15 1 2 91% 4741 895 55%
c p 13.78 11 18 44 9688  1 284742 6803 1.8 27 15 1 2 91% 4741 895 55%
c u 13.83 11 18 44 9688  1 284742 6353 1.8 27 15 1 2 91% 4741 895 55%
c v 13.83 11 18 44 9688  1 284742 6242 1.8 27 15 1 2 91% 4741 895 55%
c ] 13.90 11 18 44 9688  1 286124 7036 1.8 27 15 1 2 91% 4741 895 55%
c { 13.90 11 20 44 9688  2 286124 7036 2.8 34 12 1 2 80% 4741 895 55%
c - 14.70 12 20 45 10571  2 298083 8637 2.9 34 12 1 2 81% 4741 895 55%
c p 14.71 12 20 45 10571  2 298083 8657 2.9 34 12 1 2 81% 4741 895 55%
c u 14.72 12 20 45 10571  2 298083 8435 2.9 34 12 1 2 81% 4741 895 55%
c v 14.72 12 20 45 10571  2 298083 8351 2.9 34 12 1 2 81% 4741 895 55%
c w 14.72 12 20 45 10571  2 298083 8351 2.9 34 12 1 2 81% 4741 895 55%
c W 14.90 12 20 45 10821  2 300046 10013 2.8 34 12 1 2 81% 4741 895 55%
c s 15.44 12 20 45 12193  2 308644 17264 2.8 34 12 1 2 82% 4741 895 55%
c s 15.45 12 20 45 12193  2 308644 17252 2.8 34 12 1 2 82% 4741 895 55%
c ^ 15.45 12 20 45 12193  2 308644 17252 2.8 34 12 1 2 82% 4741 895 55%
c - 15.68 12 20 46 12788  2 311732 9470 2.8 34 12 1 2 82% 4741 895 55%
c 
c  seconds  reductions    conflicts        size   tier2     variables
c         MB      restarts      redundant     glue   trail      remaining
c          level        rate         size/glue  tier1 irredundant
c 
c p 15.69 11 20 46 12788  2 311732 9490 2.8 34 12 1 2 82% 4741 895 55%
c u 15.70 11 20 46 12788  2 311732 9259 2.8 34 12 1 2 82% 4741 895 55%
c v 15.70 11 20 46 12788  2 311732 9173 2.8 34 12 1 2 82% 4741 895 55%
c w 15.70 11 20 46 12788  2 311732 9173 2.8 34 12 1 2 82% 4741 895 55%
c # 16.31 11 20 46 13781  2 325047 20852 2.7 34 12 1 2 80% 4741 895 55%
c - 16.38 12 20 47 13876  2 325691 10334 2.7 34 12 1 2 80% 4741 895 55%
c p 16.38 12 20 47 13876  2 325691 10355 2.7 34 12 1 2 80% 4741 895 55%
c u 16.39 12 20 47 13876  2 325691 10012 2.7 34 12 1 2 80% 4741 895 55%
c v 16.40 12 20 47 13876  2 325691 9993 2.7 34 12 1 2 80% 4741 895 55%
c w 16.40 12 20 47 13876  2 325691 9993 2.7 34 12 1 2 80% 4741 895 55%
c } 16.87 12 20 47 14611  2 331749 15231 2.7 34 12 1 2 81% 4741 895 55%
c [ 16.87 12 18 47 14611  1 331749 15231 1.8 27 15 1 2 91% 4741 895 55%
c - 17.44 11 18 48 14611  1 339958 9757 1.7 27 15 1 2 91% 4741 895 55%
c p 17.44 11 18 48 14611  1 339958 9778 1.7 27 15 1 2 91% 4741 895 55%
c u 17.46 11 18 48 14611  1 339958 9427 1.7 27 15 1 2 91% 4741 895 55%
c v 17.47 11 18 48 14611  1 339958 9418 1.7 27 15 1 2 91% 4741 895 55%
c B 17.95 11 18 48 14612  1 351049 16722 1.8 27 15 1 2 91% 4741 895 55%
c - 18.12 12 18 49 14612  1 354534 9482 1.8 27 15 1 2 90% 4741 895 55%
c p 18.12 12 18 49 14612  1 354534 9503 1.8 27 15 1 2 90% 4741 895 55%
c u 18.13 12 18 49 14612  1 354534 9437 1.8 27 15 1 2 90% 4741 895 55%
c 
c  seconds  reductions    conflicts        size   tier2     variables
c         MB      restarts      redundant     glue   trail      remaining
c          level        rate         size/glue  tier1 irredundant
c 
c v 18.13 12 18 49 14612  1 354534 9430 1.8 27 15 1 2 90% 4741 895 55%
c w 18.13 12 18 49 14612  1 354534 9430 1.8 27 15 1 2 90% 4741 895 55%
c x 18.14 12 18 49 14612  1 354534 9430 1.8 27 15 1 2 90% 4734 895 55%
c s 18.79 12 18 49 14612  1 366371 17888 1.8 27 15 1 2 90% 4734 895 55%
c e 18.80 12 18 49 14612  1 366371 12264 1.8 27 15 1 2 90% 4899 808 50%
c s 18.81 12 18 49 14612  1 366371 12252 1.8 27 15 1 2 90% 4891 808 50%
c e 18.81 12 18 49 14612  1 366371 12243 1.8 27 15 1 2 90% 4881 803 49%
c - 18.95 12 18 50 14612  1 369420 7010 1.8 27 15 1 2 87% 4881 803 49%
c 2 18.95 12 18 50 14612  1 369420 7008 1.8 27 15 1 2 87% 4881 803 49%
c p 18.95 12 18 50 14612  1 369420 7022 1.8 27 15 1 2 87% 4881 803 49%
c u 18.96 12 18 50 14612  1 369420 6838 1.8 27 15 1 2 87% 4879 803 49%
c v 18.96 12 18 50 14612  1 369420 6737 1.8 27 15 1 2 87% 4879 803 49%
c f 18.97 12 18 50 14612  1 369420 6737 1.8 27 15 1 2 86% 4844 814 50%
c W 19.51 12 18 50 14616  1 378050 11408 1.8 27 16 1 2 88% 4844 814 50%
c - 19.85 12 18 51 14619  1 384614 7240 1.8 28 16 1 2 89% 4844 814 50%
c p 19.85 12 18 51 14619  1 384614 7255 1.8 28 16 1 2 89% 4844 814 50%
c u 19.86 12 18 51 14619  1 384614 6974 1.8 28 16 1 2 89% 4844 814 50%
c v 19.86 12 18 51 14619  1 384614 6881 1.8 28 16 1 2 89% 4844 814 50%
c w 19.86 12 18 51 14619  1 384614 6831 1.8 28 16 1 2 89% 4844 814 50%
c ] 20.01 12 18 51 14621  1 388176 8841 1.8 27 16 1 2 88% 4844 814 50%
c 
c  seconds  reductions    conflicts        size   tier2     variables
c         MB      restarts      redundant     glue   trail      remaining
c          level        rate         size/glue  tier1 irredundant
c 
c { 20.01 12 20 51 14621  2 388176 8841 2.7 34 12 1 2 91% 4844 814 50%
c - 20.70 12 20 52 14903  2 400121 9175 2.8 34 12 1 2 90% 4844 814 50%
c p 20.70 12 20 52 14903  2 400121 9190 2.8 34 12 1 2 90% 4844 814 50%
c u 20.75 12 20 52 14903  2 400121 8991 2.8 34 12 1 2 90% 4844 814 50%
c v 20.76 12 20 52 14903  2 400121 8919 2.8 34 12 1 2 90% 4844 814 50%
c w 20.76 12 20 52 14903  2 400121 8912 2.8 34 12 1 2 90% 4844 814 50%
c B 21.06 12 20 52 15917  2 406051 14115 2.8 34 12 1 2 89% 4844 814 50%
c - 21.66 13 20 53 16940  2 415935 10617 2.7 34 12 1 2 88% 4844 814 50%
c p 21.66 13 20 53 16940  2 415935 10633 2.7 34 12 1 2 88% 4844 814 50%
c u 21.68 13 20 53 16940  2 415935 10356 2.7 34 12 1 2 88% 4844 814 50%
c v 21.68 13 20 53 16940  2 415935 10263 2.7 34 12 1 2 88% 4844 814 50%
c - 22.82 14 20 54 19883  2 432058 11004 2.6 34 13 1 2 88% 4844 814 50%
c p 22.82 14 20 54 19883  2 432058 11020 2.6 34 13 1 2 88% 4844 814 50%
c u 22.83 14 20 54 19883  2 432058 10575 2.6 34 13 1 2 88% 4844 814 50%
c v 22.84 14 20 54 19883  2 432058 10496 2.6 34 13 1 2 88% 4844 814 50%
c w 22.84 14 20 54 19883  2 432058 10496 2.6 34 13 1 2 88% 4844 814 50%
c s 22.95 14 20 54 19944  2 434069 12256 2.6 34 13 1 2 88% 4835 814 50%
c e 22.95 14 20 54 19944  2 434069 11830 2.6 34 13 1 2 88% 4831 812 50%
c s 22.96 14 20 54 19944  2 434069 11815 2.6 34 13 1 2 88% 4831 812 50%
c W 23.12 14 20 54 20158  2 435052 12657 2.6 34 13 1 2 88% 4831 812 50%
c 
c  seconds  reductions    conflicts         size   tier2     variables
c         MB      restarts       redundant     glue   trail      remaining
c          level        rate          size/glue  tier1 irredundant
c 
c } 23.74 14 20 54 20650  2 445457 21822 2.7 35 13 1 2 88% 4831 812 50%
c [ 23.74 14 18 54 20650  1 445457 21822 1.8 27 16 1 2 88% 4831 812 50%
c - 23.88 14 18 55 20652  1 448491 11248 1.8 28 15 1 2 89% 4831 812 50%
c p 23.89 14 18 55 20652  1 448491 11263 1.8 28 15 1 2 89% 4831 812 50%
c u 23.90 14 18 55 20652  1 448491 11169 1.8 28 15 1 2 89% 4831 812 50%
c v 23.91 14 18 55 20652  1 448491 11123 1.8 28 15 1 2 89% 4831 812 50%
c w 23.91 14 18 55 20652  1 448491 11123 1.8 28 15 1 2 89% 4831 812 50%
c f 23.91 14 18 55 20652  1 448491 11123 1.8 28 15 1 2 89% 4828 813 50%
c I 24.56 14 18 55 20657  1 465053 22355 1.8 27 15 1 2 88% 4828 813 50%
c - 24.56 14 18 56 20657  1 465233 10477 1.8 27 15 1 2 88% 4828 813 50%
c p 24.56 14 18 56 20657  1 465233 10493 1.8 27 15 1 2 88% 4828 813 50%
c u 24.58 14 18 56 20657  1 465233 10367 1.8 27 15 1 2 88% 4828 813 50%
c v 24.58 14 18 56 20657  1 465233 10301 1.8 27 15 1 2 88% 4828 813 50%
c w 24.58 14 18 56 20657  1 465233 10301 1.8 27 15 1 2 88% 4828 813 50%
c - 25.19 11 18 57 20668  1 482285 9420 1.8 27 15 1 2 87% 4828 813 50%
c p 25.20 11 18 57 20668  1 482285 9436 1.8 27 15 1 2 87% 4828 813 50%
c u 25.21 11 18 57 20668  1 482285 9247 1.8 27 15 1 2 87% 4828 813 50%
c v 25.21 11 18 57 20668  1 482285 9147 1.8 27 15 1 2 87% 4828 813 50%
c B 25.75 11 18 57 20671  1 496056 18127 1.7 27 15 1 2 87% 4828 813 50%
c - 25.90 12 18 58 20672  1 499650 8834 1.7 26 15 1 2 87% 4828 813 50%
c 
c  seconds  reductions    conflicts        size   tier2     variables
c         MB      restarts      redundant     glue   trail      remaining
c          level        rate         size/glue  tier1 irredundant
c 
c p 25.90 12 18 58 20672  1 499650 8850 1.7 26 15 1 2 87% 4828 813 50%
c u 25.91 12 18 58 20672  1 499650 8777 1.7 26 15 1 2 87% 4828 813 50%
c v 25.91 12 18 58 20672  1 499650 8707 1.7 26 15 1 2 87% 4828 813 50%
c w 25.91 12 18 58 20672  1 499650 8707 1.7 26 15 1 2 87% 4828 813 50%
c x 25.92 12 18 58 20672  1 499650 8707 1.7 26 15 1 2 87% 4814 813 50%
c t 25.92 12 18 58 20672  1 499650 8707 1.7 26 15 1 2 87% 4813 813 50%
c s 26.16 12 18 58 20672  1 506107 12990 1.7 26 15 1 2 87% 4813 813 50%
c e 26.16 12 18 58 20672  1 506107 12871 1.7 26 15 1 2 87% 4816 811 50%
c s 26.17 12 18 58 20672  1 506107 12867 1.7 26 15 1 2 87% 4815 811 50%
c - 26.56 12 18 59 20675  1 517321 9142 1.7 26 15 1 2 87% 4814 811 50%
c 2 26.56 12 18 59 20675  1 517321 9141 1.7 26 15 1 2 87% 4814 811 50%
c p 26.56 12 18 59 20675  1 517321 9157 1.7 26 15 1 2 87% 4814 811 50%
c u 26.57 12 18 59 20675  1 517321 9078 1.7 26 15 1 2 87% 4814 811 50%
c v 26.57 12 18 59 20675  1 517321 8982 1.7 26 15 1 2 87% 4814 811 50%
c w 26.57 12 18 59 20675  1 517321 8982 1.7 26 15 1 2 87% 4814 811 50%
c W 27.06 12 18 59 20681  1 528057 16647 1.7 26 15 1 2 87% 4814 811 50%
c ] 27.28 12 18 59 20685  1 533288 20349 1.7 26 15 1 2 87% 4814 811 50%
c { 27.28 12 20 59 20685  2 533288 20349 2.7 35 13 1 2 88% 4814 811 50%
c - 27.43 13 20 60 21090  2 535302 9938 2.7 35 13 1 2 88% 4814 811 50%
c p 27.44 13 20 60 21090  2 535302 9955 2.7 35 13 1 2 88% 4814 811 50%
c 
c  seconds  reductions    conflicts        size   tier2     variables
c         MB      restarts      redundant     glue   trail      remaining
c          level        rate         size/glue  tier1 irredundant
c 
c u 27.45 13 20 60 21090  2 535302 9737 2.7 35 13 1 2 88% 4814 811 50%
c v 27.45 13 20 60 21090  2 535302 9643 2.7 35 13 1 2 88% 4814 811 50%
c w 27.45 13 20 60 21090  2 535302 9601 2.7 35 13 1 2 88% 4814 811 50%
c - 28.26 13 20 61 21973  2 553593 12033 2.6 33 13 1 2 85% 4814 811 50%
c p 28.26 13 20 61 21973  2 553593 12051 2.6 33 13 1 2 85% 4814 811 50%
c u 28.31 13 20 61 21973  2 553593 11700 2.6 33 13 1 2 85% 4814 811 50%
c v 28.32 13 20 61 21973  2 553593 11596 2.6 33 13 1 2 85% 4814 811 50%
c w 28.32 13 20 61 21973  2 553593 11596 2.6 33 13 1 2 85% 4814 811 50%
c F 28.84 13 20 61 23050  2 561058 17990 2.6 34 13 1 2 86% 4814 811 50%
c - 29.25 14 19 62 23111  2 572195 13282 2.6 32 12 1 2 83% 4814 811 50%
c p 29.25 14 19 62 23111  2 572195 13298 2.6 32 12 1 2 83% 4814 811 50%
c u 29.27 14 19 62 23111  2 572195 13226 2.6 32 12 1 2 83% 4814 811 50%
c v 29.27 14 19 62 23111  2 572195 13126 2.6 32 12 1 2 83% 4814 811 50%
c s 30.15 14 19 62 23775  2 583192 23184 2.7 33 12 1 2 84% 4814 811 50%
c s 30.17 14 19 62 23775  2 583192 23153 2.7 33 12 1 2 84% 4814 811 50%
c ^ 30.17 14 19 62 23775  2 583192 23153 2.7 33 12 1 2 84% 4814 811 50%
c - 30.62 15 19 63 24385  2 591106 14528 2.7 33 12 1 2 82% 4814 811 50%
c p 30.62 15 19 63 24385  2 591106 14545 2.7 33 12 1 2 82% 4814 811 50%
c u 30.64 15 19 63 24385  2 591106 14341 2.7 33 12 1 2 82% 4814 811 50%
c v 30.64 15 19 63 24385  2 591106 14166 2.7 33 12 1 2 82% 4814 811 50%
c 
c  seconds  reductions    conflicts         size   tier2     variables
c         MB      restarts       redundant     glue   trail      remaining
c          level        rate          size/glue  tier1 irredundant
c 
c B 30.82 15 19 63 24579  2 595059 17722 2.7 33 12 1 2 82% 4814 811 50%
c } 31.60 15 19 63 26455  2 605672 25054 2.6 32 12 1 2 83% 4814 811 50%
c [ 31.60 15 18 63 26455  1 605672 25054 1.7 26 15 1 2 87% 4814 811 50%
c - 31.83 13 18 64 26456  1 610327 14587 1.7 26 15 1 2 86% 4814 811 50%
c p 31.83 13 18 64 26456  1 610327 14605 1.7 26 15 1 2 86% 4814 811 50%
c u 31.85 13 18 64 26456  1 610327 14331 1.7 26 15 1 2 86% 4814 811 50%
c v 31.85 13 18 64 26456  1 610327 14223 1.7 26 15 1 2 86% 4814 811 50%
c w 31.85 13 18 64 26456  1 610327 14223 1.7 26 15 1 2 86% 4814 811 50%
c - 32.79 14 18 65 26464  1 629858 13976 1.8 26 15 1 2 87% 4814 811 50%
c p 32.79 14 18 65 26464  1 629858 13994 1.8 26 15 1 2 87% 4814 811 50%
c u 32.80 14 18 65 26464  1 629858 13922 1.8 26 15 1 2 87% 4814 811 50%
c v 32.81 14 18 65 26464  1 629858 13825 1.8 26 15 1 2 87% 4814 811 50%
c O 32.82 14 18 65 26464  1 630060 13990 1.8 26 15 1 2 87% 4814 811 50%
c - 34.03 14 18 66 26472  1 649699 12674 1.8 27 15 1 2 87% 4814 811 50%
c p 34.03 14 18 66 26472  1 649699 12692 1.8 27 15 1 2 87% 4814 811 50%
c u 34.05 14 18 66 26472  1 649699 12502 1.8 27 15 1 2 87% 4814 811 50%
c v 34.05 14 18 66 26472  1 649699 12395 1.8 27 15 1 2 87% 4814 811 50%
c s 35.11 14 18 66 26473  1 665415 19320 1.8 27 15 1 2 88% 4814 811 50%
c e 35.11 14 18 66 26473  1 665415 12162 1.8 27 15 1 2 88% 5086 727 45%
c s 35.12 14 18 66 26473  1 665415 12144 1.8 27 15 1 2 88% 5059 727 45%
c 
c  seconds  reductions    conflicts         size   tier2     variables
c         MB      restarts       redundant     glue   trail      remaining
c          level        rate          size/glue  tier1 irredundant
c 
c B 35.17 14 18 66 26473  1 666062 12454 1.8 27 15 1 2 88% 5059 727 45%
c - 35.37 14 18 67 26474  1 669849 8506 1.8 27 15 1 2 87% 5059 727 45%
c p 35.37 14 18 67 26474  1 669849 8517 1.8 27 15 1 2 87% 5059 727 45%
c u 35.39 14 18 67 26474  1 669849 8250 1.8 27 15 1 2 87% 5056 727 45%
c v 35.39 14 18 67 26474  1 669849 8062 1.8 27 15 1 2 87% 5056 727 45%
c f 35.40 14 18 67 26474  1 669849 8062 1.8 27 15 1 2 86% 4968 744 46%
c ] 35.98 14 18 67 26474  1 681060 13329 1.8 27 15 1 2 85% 4968 744 46%
c { 35.98 14 19 67 26474  2 681060 13329 2.6 32 12 1 2 81% 4968 744 46%
c - 36.76 14 19 68 26645  2 690310 10889 2.7 33 12 1 2 82% 4968 744 46%
c p 36.76 14 19 68 26645  2 690310 10900 2.7 33 12 1 2 82% 4968 744 46%
c u 36.78 14 19 68 26645  2 690310 10619 2.7 33 12 1 2 82% 4968 744 46%
c v 36.78 14 19 68 26645  2 690310 10607 2.7 33 12 1 2 82% 4968 744 46%
c w 36.79 14 19 68 26645  2 690310 10589 2.7 33 12 1 2 82% 4968 744 46%
c x 36.80 14 19 68 26645  2 690310 10588 2.7 33 12 1 2 82% 4911 744 46%
c W 38.05 14 19 68 28618  2 703063 20263 2.7 34 13 1 2 82% 4911 744 46%
c - 38.70 15 19 69 30002  2 711081 12296 2.7 34 13 1 2 82% 4911 744 46%
c p 38.70 15 19 69 30002  2 711081 12307 2.7 34 13 1 2 82% 4911 744 46%
c u 38.72 15 19 69 30002  2 711081 11966 2.7 34 13 1 2 82% 4911 744 46%
c v 38.74 15 19 69 30002  2 711081 11891 2.7 34 13 1 2 82% 4911 744 46%
c w 38.74 15 19 69 30002  2 711081 11835 2.7 34 13 1 2 82% 4911 744 46%
c 
c  seconds  reductions    conflicts         size   tier2     variables
c         MB      restarts       redundant     glue   trail      remaining
c          level        rate          size/glue  tier1 irredundant
c 
c - 40.09 17 19 70 32464  2 732163 13716 2.7 35 13 1 2 81% 4911 744 46%
c p 40.09 17 19 70 32464  2 732163 13727 2.7 35 13 1 2 81% 4911 744 46%
c u 40.11 17 19 70 32464  2 732163 13509 2.7 35 13 1 2 81% 4911 744 46%
c v 40.13 17 19 70 32464  2 732163 13443 2.7 35 13 1 2 81% 4911 744 46%
c w 40.13 17 19 70 32464  2 732163 13423 2.7 35 13 1 2 81% 4911 744 46%
c # 40.72 17 19 70 33574  2 741065 21130 2.7 35 13 1 2 81% 4911 744 46%
c - 41.53 17 19 71 34383  2 753555 14803 2.6 34 13 1 2 78% 4911 744 46%
c p 41.53 13 19 71 34383  2 753555 14814 2.6 34 13 1 2 78% 4911 744 46%
c u 41.62 13 19 71 34383  2 753555 14632 2.6 34 13 1 2 78% 4911 744 46%
c v 41.63 13 19 71 34383  2 753555 14569 2.6 34 13 1 2 78% 4911 744 46%
c w 41.63 13 19 71 34383  2 753555 14503 2.6 34 13 1 2 78% 4911 744 46%
c } 41.65 13 19 71 34443  2 753880 14770 2.6 34 13 1 2 78% 4911 744 46%
c [ 41.65 13 18 71 34443  1 753880 14770 1.8 27 15 1 2 85% 4911 744 46%
c s 41.97 13 18 71 34443  1 760576 18322 1.8 27 15 1 2 85% 4910 744 46%
c e 41.98 13 18 71 34443  1 760576 17722 1.8 27 15 1 2 85% 4945 733 45%
c s 42.00 13 18 71 34443  1 760576 17689 1.8 27 15 1 2 85% 4940 733 45%
c - 42.72 13 18 72 34444  1 775257 12873 1.7 26 15 1 2 89% 4940 733 45%
c p 42.72 13 18 72 34444  1 775257 12883 1.7 26 15 1 2 89% 4940 733 45%
c u 42.74 13 18 72 34444  1 775257 12746 1.7 26 15 1 2 89% 4939 733 45%
c v 42.74 13 18 72 34444  1 775257 12630 1.7 26 15 1 2 89% 4939 733 45%
c 
c  seconds  reductions    conflicts         size   tier2     variables
c         MB      restarts       redundant     glue   trail      remaining
c          level        rate          size/glue  tier1 irredundant
c 
c f 42.74 13 18 72 34444  1 775257 12630 1.7 26 15 1 2 89% 4929 735 45%
c W 43.06 13 18 72 34444  1 780066 15663 1.7 26 15 1 2 89% 4929 735 45%
c - 43.74 13 18 73 34444  1 797271 11991 1.7 26 15 1 2 88% 4929 735 45%
c p 43.74 13 18 73 34444  1 797271 12001 1.7 26 15 1 2 88% 4929 735 45%
c u 43.75 13 18 73 34444  1 797271 11772 1.7 26 15 1 2 88% 4929 735 45%
c v 43.76 13 18 73 34444  1 797271 11654 1.7 26 15 1 2 88% 4929 735 45%
c w 43.76 13 18 73 34444  1 797271 11652 1.7 26 15 1 2 88% 4929 735 45%
c - 44.72 13 18 74 34444  1 819594 10733 1.7 25 15 1 2 88% 4929 735 45%
c p 44.72 13 18 74 34444  1 819594 10743 1.7 25 15 1 2 88% 4929 735 45%
c u 44.74 13 18 74 34444  1 819594 10673 1.7 25 15 1 2 88% 4929 735 45%
c v 44.74 13 18 74 34444  1 819594 10453 1.7 25 15 1 2 88% 4929 735 45%
c w 44.74 13 18 74 34444  1 819594 10452 1.7 25 15 1 2 88% 4929 735 45%
c I 44.76 13 18 74 34444  1 820067 10812 1.7 25 15 1 2 88% 4929 735 45%
c - 45.47 13 18 75 34446  1 842227 11293 1.7 25 15 1 2 89% 4929 735 45%
c p 45.47 13 18 75 34446  1 842227 11303 1.7 25 15 1 2 89% 4929 735 45%
c u 45.48 13 18 75 34446  1 842227 11186 1.7 25 15 1 2 89% 4929 735 45%
c v 45.48 13 18 75 34446  1 842227 11055 1.7 25 15 1 2 89% 4929 735 45%
c w 45.49 13 18 75 34446  1 842227 11018 1.7 25 15 1 2 89% 4929 735 45%
c s 46.05 13 18 75 34457  1 859672 21976 1.6 25 15 1 2 89% 4929 735 45%
c s 46.06 13 18 75 34457  1 859672 21966 1.6 25 15 1 2 89% 4929 735 45%
c 
c  seconds  reductions    conflicts         size   tier2     variables
c         MB      restarts       redundant     glue   trail      remaining
c          level        rate          size/glue  tier1 irredundant
c 
c ^ 46.06 13 18 75 34457  1 859672 21966 1.6 25 15 1 2 89% 4929 735 45%
c B 46.11 13 18 75 34457  1 861068 22895 1.6 25 15 1 2 89% 4929 735 45%
c - 46.37 13 18 76 34458  1 865171 11361 1.6 25 15 1 2 89% 4929 735 45%
c p 46.37 13 18 76 34458  1 865171 11371 1.6 25 15 1 2 89% 4929 735 45%
c u 46.38 13 18 76 34458  1 865171 11234 1.6 25 15 1 2 89% 4929 735 45%
c v 46.38 13 18 76 34458  1 865171 11039 1.6 25 15 1 2 89% 4929 735 45%
c ] 46.84 13 18 76 34460  1 874062 15671 1.6 25 15 1 2 89% 4929 735 45%
c { 46.84 13 19 76 34460  2 874062 15671 2.6 34 13 1 2 89% 4929 735 45%
c - 47.43 14 19 77 34663  2 888424 13357 2.6 33 13 1 2 86% 4929 735 45%
c p 47.43 14 19 77 34663  2 888424 13366 2.6 33 13 1 2 86% 4929 735 45%
c u 47.44 14 19 77 34663  2 888424 13218 2.6 33 13 1 2 86% 4929 735 45%
c v 47.45 14 19 77 34663  2 888424 13082 2.6 33 13 1 2 86% 4929 735 45%
c w 47.45 14 19 77 34663  2 888424 13082 2.6 33 13 1 2 86% 4929 735 45%
c B 48.45 14 19 77 37184  2 903069 25316 2.5 33 13 1 2 87% 4929 735 45%
c - 49.14 16 19 78 38333  2 911990 15952 2.5 33 13 1 2 87% 4929 735 45%
c p 49.14 16 19 78 38333  2 911990 15961 2.5 33 13 1 2 87% 4929 735 45%
c u 49.16 16 19 78 38333  2 911990 15562 2.5 33 13 1 2 87% 4929 735 45%
c v 49.18 16 19 78 38333  2 911990 15383 2.5 33 13 1 2 87% 4929 735 45%
c w 49.18 16 19 78 38333  2 911990 15365 2.5 33 13 1 2 87% 4929 735 45%
c - 50.92 18 19 79 41221  2 935865 16769 2.5 34 14 1 2 87% 4929 735 45%
c 
c  seconds  reductions    conflicts         size   tier2     variables
c         MB      restarts       redundant     glue   trail      remaining
c          level        rate          size/glue  tier1 irredundant
c 
c p 50.92 18 19 79 41221  2 935865 16778 2.5 34 14 1 2 87% 4929 735 45%
c u 50.94 18 19 79 41221  2 935865 16672 2.5 34 14 1 2 87% 4929 735 45%
c v 50.95 18 19 79 41221  2 935865 16554 2.5 34 14 1 2 87% 4929 735 45%
c w 50.95 18 19 79 41221  2 935865 16505 2.5 34 14 1 2 87% 4929 735 45%
c x 50.96 18 19 79 41221  2 935865 16505 2.5 34 14 1 2 87% 4904 735 45%
c t 50.96 18 19 79 41221  2 935865 16505 2.5 34 14 1 2 87% 4902 735 45%
c W 51.89 18 19 79 42137  2 946070 25255 2.5 34 14 1 2 88% 4902 735 45%
c } 52.93 18 19 79 43886  2 959201 36372 2.6 35 14 1 2 88% 4902 735 45%
c [ 52.93 18 18 79 43886  1 959201 36372 1.6 25 15 1 2 89% 4902 735 45%
c - 52.99 18 18 80 43887  1 960050 17948 1.6 25 15 1 2 89% 4902 735 45%
c p 52.99 18 18 80 43887  1 960050 17957 1.6 25 15 1 2 89% 4902 735 45%
c u 53.01 18 18 80 43887  1 960050 17737 1.6 25 15 1 2 89% 4902 735 45%
c v 53.03 18 18 80 43887  1 960050 17610 1.6 25 15 1 2 89% 4902 735 45%
c w 53.03 18 18 80 43887  1 960050 17610 1.6 25 15 1 2 89% 4902 735 45%
c s 53.25 18 18 80 43889  1 964001 19506 1.7 25 15 1 2 90% 4902 735 45%
c e 53.26 18 18 80 43889  1 964001 9893 1.7 25 15 1 2 90% 5604 597 37%
c s 53.27 18 18 80 43889  1 964001 9832 1.7 25 15 1 2 90% 5459 597 37%
c - 54.28 12 17 81 43900  1 984545 10174 1.7 25 15 1 2 93% 5458 597 37%
c 2 54.28 12 17 81 43900  1 984545 10173 1.7 25 15 1 2 93% 5458 597 37%
c u 54.30 12 17 81 43900  1 984545 9832 1.7 25 15 1 2 93% 5447 597 37%
c 
c  seconds  reductions    conflicts        size   tier2     variables
c         MB      restarts      redundant     glue   trail      remaining
c          level        rate         size/glue  tier1 irredundant
c 
c v 54.31 12 17 81 43900  1 984545 9715 1.7 25 15 1 2 93% 5447 597 37%
c w 54.31 12 17 81 43900  1 984545 9676 1.7 25 15 1 2 93% 5447 597 37%
c f 54.32 12 17 81 43900  1 984545 9676 1.7 25 15 1 2 92% 5337 604 37%
c W 54.62 12 17 81 43900  1 990071 12145 1.7 25 15 1 2 92% 5337 604 37%
c - 55.58 13 16 82 43902  1 1009351 9723 1.7 25 14 1 2 92% 5337 604 37%
c u 55.65 13 16 82 43902  1 1009351 9246 1.7 25 14 1 2 92% 5337 604 37%
c v 55.66 13 16 82 43902  1 1009351 9125 1.7 25 14 1 2 92% 5337 604 37%
c w 55.66 13 16 82 43902  1 1009351 9125 1.7 25 14 1 2 92% 5337 604 37%
c - 56.69 14 17 83 43916  1 1034467 10120 1.7 25 15 1 2 91% 5337 604 37%
c u 56.71 14 17 83 43916  1 1034467 9682 1.7 25 15 1 2 91% 5337 604 37%
c v 56.71 14 17 83 43916  1 1034467 9583 1.7 25 15 1 2 91% 5337 604 37%
c w 56.71 14 17 83 43916  1 1034467 9560 1.7 25 15 1 2 91% 5337 604 37%
c O 56.74 14 17 83 43916  1 1035072 9945 1.7 25 15 1 2 91% 5337 604 37%
c - 58.33 14 17 84 43928  1 1059894 9832 1.7 25 15 1 2 91% 5337 604 37%
c u 58.35 14 17 84 43928  1 1059894 9368 1.7 25 15 1 2 91% 5337 604 37%
c v 58.37 14 17 84 43928  1 1059894 9059 1.7 25 15 1 2 91% 5337 604 37%
c w 58.37 14 17 84 43928  1 1059894 9059 1.7 25 15 1 2 91% 5337 604 37%
c ] 59.27 14 17 84 43932  1 1080711 18796 1.6 25 15 1 2 90% 5337 604 37%
c { 59.27 14 19 84 43932  2 1080711 18796 2.6 35 14 1 2 107% 5337 604 37%
c F 59.29 14 19 84 43942  2 1081073 19083 2.6 35 14 1 2 107% 5337 604 37%
c 
c  seconds  reductions     conflicts        size   tier2      variables
c         MB      restarts       redundant     glue   trail       remaining
c          level        rate          size/glue  tier1  irredundant
c 
c - 59.51 14 19 85 44013  2 1085632 9739 2.5 35 14 1 2 106% 5337 604 37%
c u 59.53 14 19 85 44013  2 1085632 9485 2.5 35 14 1 2 106% 5337 604 37%
c v 59.54 14 19 85 44013  2 1085632 9352 2.5 35 14 1 2 106% 5337 604 37%
c w 59.54 14 19 85 44013  2 1085632 9352 2.5 35 14 1 2 106% 5337 604 37%
c s 59.83 14 19 85 44013  2 1091704 13397 2.6 35 14 1 2 105% 5333 604 37%
c e 59.83 14 19 85 44013  2 1091704 13125 2.6 35 14 1 2 105% 5355 601 37%
c s 59.84 14 19 85 44013  2 1091704 13108 2.6 35 14 1 2 105% 5349 601 37%
c - 60.91 15 18 86 44062  2 1111680 11497 2.6 35 13 1 2 102% 5349 601 37%
c u 60.93 15 18 86 44062  2 1111680 11280 2.6 35 13 1 2 102% 5349 601 37%
c v 60.94 15 18 86 44062  2 1111680 11105 2.6 35 13 1 2 102% 5349 601 37%
c w 60.94 15 18 86 44062  2 1111680 11083 2.6 35 13 1 2 102% 5349 601 37%
c B 61.87 15 18 86 45987  2 1128074 25151 2.6 35 13 1 2 100% 5349 601 37%
c - 62.55 17 18 87 46772  2 1138039 13627 2.7 36 13 1 2 100% 5349 601 37%
c u 62.58 17 18 87 46772  2 1138039 13389 2.7 36 13 1 2 100% 5349 601 37%
c v 62.59 17 18 87 46772  2 1138039 13242 2.7 36 13 1 2 100% 5349 601 37%
c w 62.59 17 18 87 46772  2 1138039 13133 2.7 36 13 1 2 100% 5349 601 37%
c - 63.56 17 19 88 47426  2 1164709 14700 2.7 35 13 1 2 94% 5349 601 37%
c u 63.57 17 19 88 47426  2 1164709 14554 2.7 35 13 1 2 94% 5349 601 37%
c v 63.58 17 19 88 47426  2 1164709 14479 2.7 35 13 1 2 94% 5349 601 37%
c w 63.59 17 19 88 47426  2 1164709 14445 2.7 35 13 1 2 94% 5349 601 37%
c 
c  seconds  reductions     conflicts         size   tier2     variables
c         MB      restarts        redundant     glue   trail      remaining
c          level        rate           size/glue  tier1 irredundant
c 
c W 64.54 17 19 88 49003  2 1176075 23346 2.6 35 13 1 2 93% 5349 601 37%
c - 65.53 18 19 89 50596  2 1191689 14997 2.6 35 13 1 2 93% 5349 601 37%
c u 65.56 18 19 89 50596  2 1191689 14693 2.6 35 13 1 2 93% 5349 601 37%
c v 65.57 18 19 89 50596  2 1191689 14497 2.6 35 13 1 2 93% 5349 601 37%
c w 65.57 18 19 89 50596  2 1191689 14497 2.6 35 13 1 2 93% 5349 601 37%
c } 66.56 18 19 89 52705  2 1209995 29998 2.6 35 13 1 2 91% 5349 601 37%
c [ 66.56 18 17 89 52705  1 1209995 29998 1.6 25 15 1 2 90% 5349 601 37%
c - 67.20 18 17 90 52705  1 1218980 16100 1.8 26 15 1 2 90% 5349 601 37%
c u 67.22 18 17 90 52705  1 1218980 15990 1.8 26 15 1 2 90% 5349 601 37%
c v 67.23 18 17 90 52705  1 1218980 15813 1.8 26 15 1 2 90% 5349 601 37%
c w 67.23 18 17 90 52705  1 1218980 15812 1.8 26 15 1 2 90% 5349 601 37%
c B 67.54 18 17 90 52706  1 1225076 19922 1.8 26 15 1 2 91% 5349 601 37%
c - 68.39 18 17 91 52706  1 1246581 14537 1.8 26 15 1 2 91% 5349 601 37%
c u 68.41 15 17 91 52706  1 1246581 14480 1.8 26 15 1 2 91% 5349 601 37%
c v 68.41 15 17 91 52706  1 1246581 14390 1.8 26 15 1 2 91% 5349 601 37%
c w 68.41 15 17 91 52706  1 1246581 14390 1.8 26 15 1 2 91% 5349 601 37%
c x 68.42 15 17 91 52706  1 1246581 14388 1.8 26 15 1 2 91% 5232 601 37%
c s 68.44 15 17 91 52706  1 1246581 14271 1.8 26 15 1 2 91% 5228 601 37%
c e 68.44 15 17 91 52706  1 1246581 14062 1.8 26 15 1 2 91% 5254 593 36%
c s 68.46 15 17 91 52706  1 1246581 14014 1.8 26 15 1 2 91% 5228 593 36%
c 
c  seconds  reductions     conflicts         size   tier2     variables
c         MB      restarts        redundant     glue   trail      remaining
c          level        rate           size/glue  tier1 irredundant
c 
c - 69.79 15 17 92 52720  1 1274493 12188 1.7 25 15 1 2 91% 5228 593 36%
c u 69.81 15 17 92 52720  1 1274493 12071 1.7 25 15 1 2 91% 5228 593 36%
c v 69.82 15 17 92 52720  1 1274493 11888 1.7 25 15 1 2 91% 5228 593 36%
c W 70.02 15 17 92 52720  1 1275078 12087 1.7 25 15 1 2 91% 5228 593 36%
c - 71.12 15 17 93 52731  1 1302717 12208 1.7 25 15 1 2 90% 5228 593 36%
c u 71.14 15 17 93 52731  1 1302717 12010 1.7 25 15 1 2 90% 5228 593 36%
c v 71.14 15 17 93 52731  1 1302717 11816 1.7 25 15 1 2 90% 5228 593 36%
c w 71.14 15 17 93 52731  1 1302717 11816 1.7 25 15 1 2 90% 5228 593 36%
c I 72.06 15 17 93 52737  1 1326080 25346 1.6 24 15 1 2 89% 5228 593 36%
c - 72.26 15 17 94 52737  1 1331251 12135 1.6 24 15 1 2 89% 5228 593 36%
c u 72.33 15 17 94 52737  1 1331251 12047 1.6 24 15 1 2 89% 5228 593 36%
c v 72.34 15 17 94 52737  1 1331251 11862 1.6 24 15 1 2 89% 5228 593 36%
c - 73.37 15 17 95 52751  1 1360095 12221 1.6 24 15 1 2 89% 5228 593 36%
c u 73.39 15 17 95 52751  1 1360095 12049 1.6 24 15 1 2 89% 5228 593 36%
c v 73.40 15 17 95 52751  1 1360095 11848 1.6 24 15 1 2 89% 5228 593 36%
c ] 73.60 15 17 95 52752  1 1365097 14674 1.6 24 15 1 2 89% 5228 593 36%
c { 73.60 15 19 95 52752  2 1365097 14674 2.6 35 13 1 2 91% 5228 593 36%
c # 74.43 15 19 95 53157  2 1378081 26391 2.7 35 13 1 2 92% 5228 593 36%
c - 75.12 18 19 96 54100  2 1389253 15936 2.7 36 13 1 2 91% 5228 593 36%
c u 75.15 18 19 96 54100  2 1389253 15760 2.7 36 13 1 2 91% 5228 593 36%
c 
c  seconds  reductions     conflicts         size   tier2     variables
c         MB      restarts        redundant     glue   trail      remaining
c          level        rate           size/glue  tier1 irredundant
c 
c v 75.16 18 19 96 54100  2 1389253 15530 2.7 36 13 1 2 91% 5228 593 36%
c w 75.17 18 19 96 54100  2 1389253 15498 2.7 36 13 1 2 91% 5228 593 36%
c - 77.60 20 18 97 54352  1 1418720 18192 3.0 36 12 1 2 91% 5228 593 36%
c u 77.62 17 18 97 54352  1 1418720 18000 3.0 36 12 1 2 91% 5228 593 36%
c v 77.64 17 18 97 54352  1 1418720 17896 3.0 36 12 1 2 91% 5228 593 36%
c w 77.64 17 18 97 54352  1 1418720 17896 3.0 36 12 1 2 91% 5228 593 36%
c x 77.65 17 18 97 54352  1 1418720 17895 3.0 36 12 1 2 91% 5191 593 36%
c s 77.69 17 18 97 54352  1 1418720 17717 3.0 36 12 1 2 91% 5189 593 36%
c e 77.69 17 18 97 54352  1 1418720 16823 3.0 36 12 1 2 91% 5199 591 36%
c s 77.72 17 18 97 54352  1 1418720 16782 3.0 36 12 1 2 91% 5199 591 36%
c B 78.38 17 18 97 56065  1 1431082 27385 2.9 35 12 1 2 89% 5199 591 36%
c - 79.49 18 18 98 58295  2 1448498 18292 2.7 34 12 1 2 87% 5199 591 36%
c u 79.52 18 18 98 58295  2 1448498 18141 2.7 34 12 1 2 87% 5199 591 36%
c v 79.53 18 18 98 58295  2 1448498 18058 2.7 34 12 1 2 87% 5199 591 36%
c - 80.88 19 18 99 60696  2 1478590 19628 2.5 32 12 1 2 80% 5199 591 36%
c u 80.91 19 18 99 60696  2 1478590 19448 2.5 32 12 1 2 80% 5199 591 36%
c v 80.92 19 18 99 60696  2 1478590 19382 2.5 32 12 1 2 80% 5199 591 36%
c w 80.92 19 18 99 60696  2 1478590 19382 2.5 32 12 1 2 80% 5199 591 36%
c W 81.71 19 18 99 62050  2 1485086 24015 2.5 32 13 1 2 81% 5199 591 36%
c } 81.80 19 18 99 62087  2 1486024 24873 2.5 32 13 1 2 81% 5199 591 36%
c 
c  seconds  reductions     conflicts         size   tier2     variables
c         MB      restarts        redundant     glue   trail      remaining
c          level        rate           size/glue  tier1 irredundant
c 
c [ 81.80 19 17 99 62087  1 1486024 24873 1.6 24 15 1 2 89% 5199 591 36%
c - 83.55 19 17 100 62100  1 1508989 19866 1.7 26 15 1 2 89% 5199 591 36%
c u 83.58 19 17 100 62100  1 1508989 19619 1.7 26 15 1 2 89% 5199 591 36%
c v 83.60 19 17 100 62100  1 1508989 19529 1.7 26 15 1 2 89% 5199 591 36%
c w 83.60 19 17 100 62100  1 1508989 19529 1.7 26 15 1 2 89% 5199 591 36%
c - 86.09 19 17 101 62104  1 1539699 18204 1.8 26 14 1 2 89% 5199 591 36%
c u 86.12 19 17 101 62104  1 1539699 17994 1.8 26 14 1 2 89% 5199 591 36%
c v 86.14 19 17 101 62104  1 1539699 17759 1.8 26 14 1 2 89% 5199 591 36%
c B 86.18 19 17 101 62104  1 1540087 17945 1.8 26 14 1 2 89% 5199 591 36%
c - 88.04 19 17 102 62104  1 1570722 17494 1.8 26 15 1 2 89% 5199 591 36%
c u 88.07 19 17 102 62104  1 1570722 17329 1.8 26 15 1 2 89% 5199 591 36%
c v 88.08 19 17 102 62104  1 1570722 17139 1.8 26 15 1 2 89% 5199 591 36%
c ] 89.28 19 17 102 62105  1 1590753 30091 1.7 26 15 1 2 89% 5199 591 36%
c { 89.28 19 18 102 62105  2 1590753 30091 2.5 32 13 1 2 81% 5199 591 36%
c F 89.79 19 18 102 63430  2 1596088 34324 2.5 32 13 1 2 82% 5199 591 36%
c - 90.28 19 18 103 64491  2 1602056 18996 2.5 32 13 1 2 82% 5199 591 36%
c u 90.32 19 18 103 64491  2 1602056 18796 2.5 32 13 1 2 82% 5199 591 36%
c v 90.33 19 18 103 64491  2 1602056 18596 2.5 32 13 1 2 82% 5199 591 36%
c w 90.34 19 18 103 64491  2 1602056 18569 2.5 32 13 1 2 82% 5199 591 36%
c - 92.71 20 18 104 68686  2 1633700 21106 2.4 32 13 1 2 83% 5199 591 36%
c 
c  seconds   reductions     conflicts         size   tier2     variables
c         MB       restarts        redundant     glue   trail      remaining
c          level         rate           size/glue  tier1 irredundant
c 
c u 92.73 20 18 104 68686  2 1633700 20943 2.4 32 13 1 2 83% 5199 591 36%
c v 92.74 20 18 104 68686  2 1633700 20756 2.4 32 13 1 2 83% 5199 591 36%
c w 92.75 20 18 104 68686  2 1633700 20708 2.4 32 13 1 2 83% 5199 591 36%
c x 92.76 20 18 104 68686  2 1633700 20707 2.4 32 13 1 2 83% 5193 591 36%
c s 92.80 20 18 104 68686  2 1633700 20490 2.4 32 13 1 2 83% 5193 591 36%
c s 92.83 20 18 104 68686  2 1633700 20413 2.4 32 13 1 2 83% 5193 591 36%
c ^ 92.83 20 18 104 68686  2 1633700 20413 2.4 32 13 1 2 83% 5193 591 36%
c B 94.05 20 19 104 71097  2 1653091 36200 2.3 32 14 1 2 83% 5193 591 36%
c - 94.90 20 18 105 71204  2 1665655 22207 2.4 32 13 1 2 83% 5193 591 36%
c u 94.93 20 18 105 71204  2 1665655 22090 2.4 32 13 1 2 83% 5193 591 36%
c v 94.95 20 18 105 71204  2 1665655 21841 2.4 32 13 1 2 83% 5193 591 36%
c - 96.62 20 17 106 71691  1 1697921 21164 2.3 30 13 1 2 82% 5193 591 36%
c u 96.65 20 17 106 71691  1 1697921 21050 2.3 30 13 1 2 82% 5193 591 36%
c v 96.66 20 17 106 71691  1 1697921 20896 2.3 30 13 1 2 82% 5193 591 36%
c W 98.20 20 17 106 72987  2 1711093 31465 2.3 30 13 1 2 83% 5193 591 36%
c } 98.67 20 17 106 74092  2 1716268 34954 2.3 30 13 1 2 83% 5193 591 36%
c [ 98.67 20 17 106 74092  1 1716268 34954 1.7 26 15 1 2 89% 5193 591 36%
c - 99.55 21 17 107 74092  1 1730497 23383 1.9 28 14 1 2 89% 5193 591 36%
c u 99.68 21 17 107 74092  1 1730497 23172 1.9 28 14 1 2 89% 5193 591 36%
c v 99.70 21 17 107 74092  1 1730497 23007 1.9 28 14 1 2 89% 5193 591 36%
c 
c  seconds   reductions     conflicts         size   tier2     variables
c         MB       restarts        redundant     glue   trail      remaining
c          level         rate           size/glue  tier1 irredundant
c 
c w 99.70 21 17 107 74092  1 1730497 23007 1.9 28 14 1 2 89% 5193 591 36%
c - 101.56 21 17 108 74092  1 1763385 22564 2.0 29 14 1 2 89% 5193 591 36%
c u 101.59 21 17 108 74092  1 1763385 22530 2.0 29 14 1 2 89% 5193 591 36%
c v 101.61 21 17 108 74092  1 1763385 22396 2.0 29 14 1 2 89% 5193 591 36%
c w 101.61 21 17 108 74092  1 1763385 22395 2.0 29 14 1 2 89% 5193 591 36%
c W 102.09 21 17 108 74093  1 1770094 26677 2.0 29 14 1 2 89% 5193 591 36%
c s 102.91 21 18 108 74093  1 1784198 34610 1.9 28 15 1 2 89% 5193 591 36%
c e 102.91 21 18 108 74093  1 1784198 15302 1.9 28 15 1 2 89% 6107 508 31%
c s 102.93 21 18 108 74093  1 1784198 15213 1.9 28 15 1 2 89% 5968 508 31%
c - 103.60 16 18 109 74093  1 1796584 11195 1.9 28 15 1 2 87% 5968 508 31%
c 2 103.60 16 18 109 74093  1 1796584 11193 1.9 28 15 1 2 87% 5968 508 31%
c u 103.63 16 18 109 74093  1 1796584 10583 1.9 28 15 1 2 87% 5963 508 31%
c v 103.65 16 18 109 74093  1 1796584 10390 1.9 28 15 1 2 87% 5963 508 31%
c f 103.65 16 18 109 74093  1 1796584 10389 1.9 28 15 1 2 87% 5899 511 31%
c - 105.13 17 18 110 74093  1 1830094 12473 1.9 27 15 1 2 83% 5899 511 31%
c u 105.16 17 18 110 74093  1 1830094 11970 1.9 27 15 1 2 83% 5899 511 31%
c v 105.17 17 18 110 74093  1 1830094 11745 1.9 27 15 1 2 83% 5899 511 31%
c w 105.17 17 18 110 74093  1 1830094 11740 1.9 27 15 1 2 83% 5899 511 31%
c O 105.17 17 18 110 74093  1 1830095 11741 1.9 27 15 1 2 83% 5899 511 31%
c - 106.82 17 17 111 74093  1 1863915 12214 1.8 27 15 1 2 81% 5899 511 31%
c 
c  seconds    reductions     conflicts         size   tier2     variables
c          MB       restarts        redundant     glue   trail      remaining
c           level         rate           size/glue  tier1 irredundant
c 
c u 106.84 17 17 111 74093  1 1863915 11856 1.8 27 15 1 2 81% 5899 511 31%
c v 106.86 17 17 111 74093  1 1863915 11616 1.8 27 15 1 2 81% 5899 511 31%
c w 106.86 17 17 111 74093  1 1863915 11616 1.8 27 15 1 2 81% 5899 511 31%
c ] 107.93 17 17 111 74093  1 1884884 21043 1.8 26 15 1 2 80% 5899 511 31%
c { 107.93 17 17 111 74093  2 1884884 21043 2.3 30 13 1 2 83% 5899 511 31%
c # 108.36 17 17 111 74343  2 1891097 26735 2.3 31 13 1 2 83% 5899 511 31%
c - 108.99 17 17 112 74818  1 1898047 15000 2.3 31 13 1 2 82% 5899 511 31%
c u 109.01 17 17 112 74818  1 1898047 14704 2.3 31 13 1 2 82% 5899 511 31%
c v 109.02 17 17 112 74818  1 1898047 14589 2.3 31 13 1 2 82% 5899 511 31%
c w 109.03 17 17 112 74818  1 1898047 14586 2.3 31 13 1 2 82% 5899 511 31%
c x 109.04 17 17 112 74818  1 1898047 14581 2.3 31 13 1 2 82% 5825 511 31%
c - 111.28 19 17 113 76779  1 1932489 16733 2.3 30 13 1 2 81% 5825 511 31%
c u 111.31 19 17 113 76779  1 1932489 16436 2.3 30 13 1 2 81% 5825 511 31%
c v 111.33 19 17 113 76779  1 1932489 16216 2.3 30 13 1 2 81% 5825 511 31%
c w 111.34 19 17 113 76779  1 1932489 16093 2.3 30 13 1 2 81% 5825 511 31%
c B 112.69 19 17 113 79091  1 1953098 32663 2.4 32 13 1 2 80% 5825 511 31%
c s 113.05 19 17 113 79128  1 1961918 40335 2.4 31 13 1 2 78% 5806 511 31%
c e 113.05 19 17 113 79128  1 1961918 39799 2.4 31 13 1 2 78% 5875 506 31%
c s 113.09 19 17 113 79128  1 1961918 39715 2.4 31 13 1 2 78% 5841 506 31%
c - 113.36 19 17 114 79472  1 1967243 18858 2.3 30 13 1 2 72% 5841 506 31%
c 
c  seconds    reductions     conflicts         size   tier2     variables
c          MB       restarts        redundant     glue   trail      remaining
c           level         rate           size/glue  tier1 irredundant
c 
c u 113.38 19 17 114 79472  1 1967243 18575 2.3 30 13 1 2 72% 5841 506 31%
c v 113.40 19 17 114 79472  1 1967243 18508 2.3 30 13 1 2 72% 5841 506 31%
c w 113.41 19 17 114 79472  1 1967243 18433 2.3 30 13 1 2 72% 5841 506 31%
c - 116.06 21 17 115 82861  1 2002307 19813 2.3 31 13 1 2 89% 5841 506 31%
c u 116.10 21 17 115 82861  1 2002307 19481 2.3 31 13 1 2 89% 5841 506 31%
c v 116.12 21 17 115 82861  1 2002307 19359 2.3 31 13 1 2 89% 5841 506 31%
c w 116.12 21 17 115 82861  1 2002307 19359 2.3 31 13 1 2 89% 5841 506 31%
c W 117.42 21 17 115 84922  2 2016100 30259 2.3 31 14 1 2 88% 5841 506 31%
c } 118.53 21 17 115 86504  2 2029482 40315 2.2 31 14 1 2 89% 5841 506 31%
c [ 118.53 21 17 115 86504  1 2029482 40315 1.8 26 15 1 2 96% 5841 506 31%
c - 119.15 21 17 116 86504  1 2037682 20974 1.8 27 15 1 2 96% 5841 506 31%
c u 119.19 21 17 116 86504  1 2037682 20769 1.8 27 15 1 2 96% 5841 506 31%
c v 119.21 21 17 116 86504  1 2037682 20591 1.8 27 15 1 2 96% 5841 506 31%
c w 119.21 21 17 116 86504  1 2037682 20591 1.8 27 15 1 2 96% 5841 506 31%
c - 121.22 21 17 117 86519  1 2073369 18726 1.7 26 15 1 2 94% 5841 506 31%
c u 121.25 21 17 117 86519  1 2073369 18563 1.7 26 15 1 2 94% 5841 506 31%
c v 121.27 21 17 117 86519  1 2073369 18351 1.7 26 15 1 2 94% 5841 506 31%
c B 121.59 21 17 117 86525  1 2080101 21755 1.7 26 15 1 2 94% 5841 506 31%
c - 123.15 21 17 118 86535  1 2109367 16437 1.7 25 15 1 2 93% 5841 506 31%
c u 123.18 21 17 118 86535  1 2109367 16311 1.7 25 15 1 2 93% 5841 506 31%
c 
c  seconds    reductions     conflicts         size   tier2     variables
c          MB       restarts        redundant     glue   trail      remaining
c           level         rate           size/glue  tier1 irredundant
c 
c v 123.19 21 17 118 86535  1 2109367 16043 1.7 25 15 1 2 93% 5841 506 31%
c w 123.19 21 17 118 86535  1 2109367 16043 1.7 25 15 1 2 93% 5841 506 31%
c W 125.05 21 17 118 86549  1 2145103 34094 1.6 24 15 1 2 92% 5841 506 31%
c - 125.08 21 17 119 86549  1 2145676 15733 1.6 24 15 1 2 92% 5841 506 31%
c u 125.11 21 17 119 86549  1 2145676 15607 1.6 24 15 1 2 92% 5841 506 31%
c v 125.12 21 17 119 86549  1 2145676 15385 1.6 24 15 1 2 92% 5841 506 31%
c w 125.12 21 17 119 86549  1 2145676 15384 1.6 24 15 1 2 92% 5841 506 31%
c - 126.99 21 17 120 86565  1 2182296 15392 1.7 24 15 1 2 92% 5841 506 31%
c u 127.02 21 17 120 86565  1 2182296 15311 1.7 24 15 1 2 92% 5841 506 31%
c v 127.03 21 17 120 86565  1 2182296 15138 1.7 24 15 1 2 92% 5841 506 31%
c w 127.03 21 17 120 86565  1 2182296 15138 1.7 24 15 1 2 92% 5841 506 31%
c I 128.22 21 17 120 86567  1 2211105 32884 1.7 24 15 1 2 91% 5841 506 31%
c ] 128.35 21 17 120 86567  1 2214619 35035 1.6 24 15 1 2 91% 5841 506 31%
c { 128.35 21 17 120 86567  2 2214619 35035 2.2 31 14 1 2 89% 5841 506 31%
c - 128.79 21 17 121 86648  1 2219228 17743 2.3 31 14 1 2 90% 5841 506 31%
c u 128.89 21 17 121 86648  1 2219228 17693 2.3 31 14 1 2 90% 5841 506 31%
c v 128.90 21 17 121 86648  1 2219228 17561 2.3 31 14 1 2 90% 5841 506 31%
c w 128.90 21 17 121 86648  1 2219228 17547 2.3 31 14 1 2 90% 5841 506 31%
c x 128.92 21 17 121 86648  1 2219228 17546 2.3 31 14 1 2 90% 5783 506 31%
c s 128.95 21 17 121 86648  1 2219228 17425 2.3 31 14 1 2 90% 5781 506 31%
c 
c  seconds    reductions     conflicts         size   tier2     variables
c          MB       restarts        redundant     glue   trail      remaining
c           level         rate           size/glue  tier1 irredundant
c 
c s 128.98 21 17 121 86648  1 2219228 17383 2.3 31 14 1 2 90% 5781 506 31%
c - 131.94 21 17 122 89061  1 2256471 20712 2.5 34 13 1 2 93% 5781 506 31%
c u 131.98 21 17 122 89061  1 2256471 20590 2.5 34 13 1 2 93% 5781 506 31%
c v 132.00 21 17 122 89061  1 2256471 20331 2.5 34 13 1 2 93% 5781 506 31%
c w 132.02 21 17 122 89061  1 2256471 20270 2.5 34 13 1 2 93% 5781 506 31%
c F 133.86 21 16 122 89388  1 2278106 39944 2.7 34 13 1 2 94% 5781 506 31%
c - 135.25 23 16 123 92011  1 2294024 22503 2.6 35 13 1 2 94% 5781 506 31%
c u 135.29 23 16 123 92011  1 2294024 22314 2.6 35 13 1 2 94% 5781 506 31%
c v 135.32 23 16 123 92011  1 2294024 22201 2.6 35 13 1 2 94% 5781 506 31%
c w 135.34 23 16 123 92011  1 2294024 22104 2.6 35 13 1 2 94% 5781 506 31%
c - 137.08 23 16 124 93203  1 2331889 22986 2.5 31 12 1 2 82% 5781 506 31%
c u 137.11 23 16 124 93203  1 2331889 22891 2.5 31 12 1 2 82% 5781 506 31%
c v 137.12 23 16 124 93203  1 2331889 22783 2.5 31 12 1 2 82% 5781 506 31%
c B 137.88 23 16 124 94164  1 2346108 33426 2.5 30 12 1 2 79% 5781 506 31%
c } 139.57 23 16 124 97447  1 2368808 51359 2.4 30 13 1 2 80% 5781 506 31%
c [ 139.57 23 17 124 97447  1 2368808 51359 1.6 24 15 1 2 91% 5781 506 31%
c - 139.68 23 17 125 97447  1 2370065 24602 1.7 24 15 1 2 91% 5781 506 31%
c u 139.71 23 17 125 97447  1 2370065 24517 1.7 24 15 1 2 91% 5781 506 31%
c v 139.74 23 17 125 97447  1 2370065 24401 1.7 24 15 1 2 91% 5781 506 31%
c w 139.74 23 17 125 97447  1 2370065 24401 1.7 24 15 1 2 91% 5781 506 31%
c 
c  seconds    reductions     conflicts         size   tier2     variables
c          MB       restarts        redundant     glue   trail      remaining
c           level         rate           size/glue  tier1 irredundant
c 
c - 141.47 23 18 126 97457  1 2408553 25926 1.8 26 15 1 2 91% 5781 506 31%
c u 141.50 23 18 126 97457  1 2408553 25869 1.8 26 15 1 2 91% 5781 506 31%
c v 141.51 23 18 126 97457  1 2408553 25729 1.8 26 15 1 2 91% 5781 506 31%
c w 141.51 23 18 126 97457  1 2408553 25729 1.8 26 15 1 2 91% 5781 506 31%
c B 141.82 23 18 126 97461  1 2415110 31449 1.8 26 15 1 2 91% 5781 506 31%
c - 143.54 23 18 127 97476  1 2447351 21489 1.7 26 15 1 2 91% 5781 506 31%
c u 143.57 23 18 127 97476  1 2447351 21412 1.7 26 15 1 2 91% 5781 506 31%
c v 143.59 23 18 127 97476  1 2447351 21193 1.7 26 15 1 2 91% 5781 506 31%
c w 143.59 23 18 127 97476  1 2447351 21193 1.7 26 15 1 2 91% 5781 506 31%
c W 146.11 23 17 127 97485  1 2485112 42473 1.7 25 15 1 2 91% 5781 506 31%
c - 146.17 23 17 128 97485  1 2486463 19854 1.7 25 15 1 2 91% 5781 506 31%
c u 146.20 23 17 128 97485  1 2486463 19801 1.7 25 15 1 2 91% 5781 506 31%
c v 146.22 23 17 128 97485  1 2486463 19523 1.7 25 15 1 2 91% 5781 506 31%
c - 148.04 23 17 129 97505  1 2525885 18629 1.7 25 15 1 2 91% 5781 506 31%
c u 148.06 23 17 129 97505  1 2525885 18573 1.7 25 15 1 2 91% 5781 506 31%
c v 148.08 23 17 129 97505  1 2525885 18338 1.7 25 15 1 2 91% 5781 506 31%
c w 148.08 23 17 129 97505  1 2525885 18338 1.7 25 15 1 2 91% 5781 506 31%
c O 149.27 23 17 129 97509  1 2556113 34425 1.6 24 15 1 2 90% 5781 506 31%
c - 149.76 23 17 130 97510  1 2565618 19277 1.6 24 15 1 2 90% 5781 506 31%
c u 149.79 23 17 130 97510  1 2565618 19219 1.6 24 15 1 2 90% 5781 506 31%
c 
c  seconds    reductions     conflicts         size   tier2     variables
c          MB       restarts        redundant     glue   trail      remaining
c           level         rate           size/glue  tier1 irredundant
c 
c v 149.80 23 17 130 97510  1 2565618 19052 1.6 24 15 1 2 90% 5781 506 31%
c w 149.80 23 17 130 97510  1 2565618 19052 1.6 24 15 1 2 90% 5781 506 31%
c ] 150.74 23 17 130 97510  1 2583323 27655 1.6 24 15 1 2 90% 5781 506 31%
c { 150.74 23 16 130 97510  1 2583323 27655 2.4 30 13 1 2 80% 5781 506 31%
c - 152.22 23 17 131 100132  1 2605661 22918 2.3 30 13 1 2 82% 5781 506 31%
c u 152.24 23 17 131 100132  1 2605661 22872 2.3 30 13 1 2 82% 5781 506 31%
c v 152.25 23 17 131 100132  1 2605661 22688 2.3 30 13 1 2 82% 5781 506 31%
c w 152.26 23 17 131 100132  1 2605661 22680 2.3 30 13 1 2 82% 5781 506 31%
c x 152.27 23 17 131 100132  1 2605661 22680 2.3 30 13 1 2 82% 5775 506 31%
c s 152.32 23 17 131 100132  1 2605661 22478 2.3 30 13 1 2 82% 5775 506 31%
c s 152.37 23 17 131 100132  1 2605661 22428 2.3 30 13 1 2 82% 5775 506 31%
c W 153.99 23 17 131 102418  2 2628114 41214 2.3 30 13 1 2 82% 5775 506 31%
c - 155.45 23 17 132 104078  2 2646016 27033 2.3 30 13 1 2 83% 5775 506 31%
c u 155.49 23 17 132 104078  2 2646016 26696 2.3 30 13 1 2 83% 5775 506 31%
c v 155.51 23 17 132 104078  2 2646016 26506 2.3 30 13 1 2 83% 5775 506 31%
c w 155.52 23 17 132 104078  2 2646016 26433 2.3 30 13 1 2 83% 5775 506 31%
c - 158.39 25 17 133 107018  1 2686683 28441 2.3 30 13 1 2 83% 5775 506 31%
c u 158.43 25 17 133 107018  1 2686683 28329 2.3 30 13 1 2 83% 5775 506 31%
c v 158.45 25 17 133 107018  1 2686683 28141 2.3 30 13 1 2 83% 5775 506 31%
c w 158.45 25 17 133 107018  1 2686683 28138 2.3 30 13 1 2 83% 5775 506 31%
c 
c  seconds    reductions      conflicts         size   tier2     variables
c          MB       restarts         redundant     glue   trail      remaining
c           level          rate           size/glue  tier1 irredundant
c 
c # 159.27 25 17 133 107734  1 2701116 41017 2.3 30 13 1 2 84% 5775 506 31%
c - 161.51 25 17 134 110579  2 2727660 30012 2.3 31 13 1 2 85% 5775 506 31%
c u 161.55 25 17 134 110579  2 2727660 29911 2.3 31 13 1 2 85% 5775 506 31%
c v 161.58 25 17 134 110579  2 2727660 29714 2.3 31 13 1 2 85% 5775 506 31%
c } 162.71 25 17 134 110925  1 2751215 50939 2.4 30 13 1 2 83% 5775 506 31%
c [ 162.71 25 17 134 110925  1 2751215 50939 1.6 24 15 1 2 90% 5775 506 31%
c - 163.51 25 17 135 110926  1 2768950 30498 1.7 24 14 1 2 87% 5775 506 31%
c u 163.54 25 17 135 110926  1 2768950 30407 1.7 24 14 1 2 87% 5775 506 31%
c v 163.55 25 17 135 110926  1 2768950 30261 1.7 24 14 1 2 87% 5775 506 31%
c w 163.55 25 17 135 110926  1 2768950 30261 1.7 24 14 1 2 87% 5775 506 31%
c B 163.74 25 17 135 110926  1 2775117 34751 1.7 24 14 1 2 85% 5775 506 31%
c - 165.34 25 17 136 110926  1 2810550 26657 1.7 24 14 1 2 81% 5775 506 31%
c u 165.41 25 17 136 110926  1 2810550 26618 1.7 24 14 1 2 81% 5775 506 31%
c v 165.42 25 17 136 110926  1 2810550 26436 1.7 24 14 1 2 81% 5775 506 31%
c w 165.42 25 17 136 110926  1 2810550 26436 1.7 24 14 1 2 81% 5775 506 31%
c W 168.45 25 17 136 110941  1 2850118 49444 1.7 24 14 1 2 83% 5775 506 31%
c - 168.64 25 17 137 110941  1 2852461 24000 1.6 24 14 1 2 83% 5775 506 31%
c u 168.68 25 17 137 110941  1 2852461 23858 1.6 24 14 1 2 83% 5775 506 31%
c v 168.70 25 17 137 110941  1 2852461 23662 1.6 24 14 1 2 83% 5775 506 31%
c - 171.21 25 17 138 110957  1 2894685 22507 1.6 23 15 1 2 86% 5775 506 31%
c 
c  seconds    reductions      conflicts         size   tier2     variables
c          MB       restarts         redundant     glue   trail      remaining
c           level          rate           size/glue  tier1 irredundant
c 
c u 171.25 25 17 138 110957  1 2894685 22466 1.6 23 15 1 2 86% 5775 506 31%
c v 171.27 25 17 138 110957  1 2894685 22230 1.6 23 15 1 2 86% 5775 506 31%
c w 171.27 25 17 138 110957  1 2894685 22230 1.6 23 15 1 2 86% 5775 506 31%
c I 173.28 25 17 138 110970  1 2926119 37818 1.6 23 15 1 2 87% 5775 506 31%
c - 173.65 25 16 139 110972  1 2937219 23163 1.6 23 14 1 2 87% 5775 506 31%
c u 173.69 25 16 139 110972  1 2937219 23088 1.6 23 14 1 2 87% 5775 506 31%
c v 173.71 25 16 139 110972  1 2937219 22834 1.6 23 14 1 2 87% 5775 506 31%
c w 173.71 25 16 139 110972  1 2937219 22834 1.6 23 14 1 2 87% 5775 506 31%
c ] 174.48 25 17 139 110983  1 2956993 38609 1.7 24 14 1 2 88% 5775 506 31%
c { 174.48 25 17 139 110983  1 2956993 38609 2.4 30 13 1 2 83% 5775 506 31%
c - 176.38 25 17 140 113370  1 2980064 28928 2.4 30 13 1 2 84% 5775 506 31%
c u 176.43 25 17 140 113370  1 2980064 28734 2.4 30 13 1 2 84% 5775 506 31%
c v 176.44 25 17 140 113370  1 2980064 28594 2.4 30 13 1 2 84% 5775 506 31%
c w 176.46 25 17 140 113370  1 2980064 28579 2.4 30 13 1 2 84% 5775 506 31%
c B 178.18 25 17 140 114968  1 3003120 49138 2.5 31 13 1 2 85% 5775 506 31%
c s 179.38 25 17 140 117125  2 3015641 58849 2.4 31 13 1 2 86% 5764 506 31%
c e 179.38 25 17 140 117125  2 3015641 57156 2.4 31 13 1 2 86% 5777 505 31%
c s 179.47 25 17 140 117125  2 3015641 57043 2.4 31 13 1 2 86% 5764 505 31%
c - 180.11 26 17 141 117285  2 3023222 30602 2.4 31 13 1 2 86% 5764 505 31%
c u 180.16 26 17 141 117285  2 3023222 30492 2.4 31 13 1 2 86% 5764 505 31%
c 
c  seconds    reductions      conflicts         size   tier2     variables
c          MB       restarts         redundant     glue   trail      remaining
c           level          rate           size/glue  tier1 irredundant
c 
c v 180.19 26 17 141 117285  2 3023222 30269 2.4 31 13 1 2 86% 5764 505 31%
c w 180.21 26 17 141 117285  2 3023222 30267 2.4 31 13 1 2 86% 5764 505 31%
c - 183.99 26 16 142 120841  1 3066690 32071 2.4 31 13 1 2 87% 5764 505 31%
c u 184.03 26 16 142 120841  1 3066690 31994 2.4 31 13 1 2 87% 5764 505 31%
c v 184.04 26 16 142 120841  1 3066690 31844 2.4 31 13 1 2 87% 5764 505 31%
c w 184.05 26 16 142 120841  1 3066690 31844 2.4 31 13 1 2 87% 5764 505 31%
c x 184.07 26 16 142 120841  1 3066690 31843 2.4 31 13 1 2 87% 5758 505 31%
c t 184.07 26 16 142 120841  1 3066690 31842 2.4 31 13 1 2 87% 5758 505 31%
c W 185.71 26 17 142 122220  2 3081122 44217 2.5 31 13 1 2 87% 5758 505 31%
c } 188.08 26 17 142 126827  2 3106890 64821 2.3 31 13 1 2 88% 5758 505 31%
c [ 188.08 26 17 142 126827  1 3106890 64821 1.7 24 14 1 2 88% 5758 505 31%
c - 188.39 27 17 143 126830  1 3110470 33503 1.7 24 14 1 2 88% 5758 505 31%
c u 188.45 27 17 143 126830  1 3110470 33392 1.7 24 14 1 2 88% 5758 505 31%
c v 188.48 27 17 143 126830  1 3110470 33272 1.7 24 14 1 2 88% 5758 505 31%
c w 188.48 27 17 143 126830  1 3110470 33272 1.7 24 14 1 2 88% 5758 505 31%
c - 190.30 27 16 144 126833  1 3154561 30664 1.6 23 14 1 2 79% 5758 505 31%
c u 190.34 27 16 144 126833  1 3154561 30639 1.6 23 14 1 2 79% 5758 505 31%
c v 190.35 27 16 144 126833  1 3154561 30524 1.6 23 14 1 2 79% 5758 505 31%
c w 190.35 27 16 144 126833  1 3154561 30524 1.6 23 14 1 2 79% 5758 505 31%
c B 190.53 27 16 144 126833  1 3160124 33806 1.6 23 14 1 2 77% 5758 505 31%
c 
c  seconds    reductions      conflicts         size   tier2     variables
c          MB       restarts         redundant     glue   trail      remaining
c           level          rate           size/glue  tier1 irredundant
c 
c - 193.13 27 16 145 126848  1 3198964 26018 1.6 22 14 1 2 80% 5758 505 31%
c u 193.18 27 16 145 126848  1 3198964 25918 1.6 22 14 1 2 80% 5758 505 31%
c v 193.20 27 16 145 126848  1 3198964 25762 1.6 22 14 1 2 80% 5758 505 31%
c s 194.52 27 16 145 126857  1 3219380 35499 1.6 23 14 1 2 82% 5758 505 31%
c e 194.52 27 16 145 126857  1 3219380 35442 1.6 23 14 1 2 82% 5770 504 31%
c s 194.57 27 16 145 126857  1 3219380 35423 1.6 23 14 1 2 82% 5757 504 31%
c W 196.53 27 17 145 126864  1 3240128 47361 1.6 23 15 1 2 83% 5757 504 31%
c - 196.83 27 17 146 126864  1 3243679 26053 1.6 23 15 1 2 83% 5757 504 31%
c u 196.88 27 17 146 126864  1 3243679 26008 1.6 23 15 1 2 83% 5757 504 31%
c v 196.90 27 17 146 126864  1 3243679 25789 1.6 23 15 1 2 83% 5757 504 31%
c - 199.86 27 17 147 126881  1 3288704 25499 1.6 24 15 1 2 85% 5757 504 31%
c u 199.90 27 17 147 126881  1 3288704 25406 1.6 24 15 1 2 85% 5757 504 31%
c v 199.92 27 17 147 126881  1 3288704 25122 1.6 24 15 1 2 85% 5757 504 31%
c ] 201.15 27 17 147 126893  1 3309097 38621 1.7 24 15 1 2 86% 5757 504 31%
c { 201.15 27 17 147 126893  2 3309097 38621 2.3 31 13 1 2 88% 5757 504 31%
c F 202.04 27 18 147 128280  2 3321129 47552 2.3 31 14 1 2 88% 5757 504 31%
c - 203.09 27 18 148 129107  2 3334041 31189 2.3 31 13 1 2 88% 5757 504 31%
c u 203.14 27 18 148 129107  2 3334041 31092 2.3 31 13 1 2 88% 5757 504 31%
c v 203.16 27 18 148 129107  2 3334041 30816 2.3 31 13 1 2 88% 5757 504 31%
c w 203.17 27 18 148 129107  2 3334041 30801 2.3 31 13 1 2 88% 5757 504 31%
c 
c  seconds    reductions      conflicts         size   tier2     variables
c          MB       restarts         redundant     glue   trail      remaining
c           level          rate           size/glue  tier1 irredundant
c 
c - 206.71 27 17 149 132114  2 3379689 33933 2.2 30 13 1 2 87% 5757 504 31%
c u 206.76 27 17 149 132114  2 3379689 33885 2.2 30 13 1 2 87% 5757 504 31%
c v 206.79 27 17 149 132114  2 3379689 33751 2.2 30 13 1 2 87% 5757 504 31%
c w 206.81 27 17 149 132114  2 3379689 33731 2.2 30 13 1 2 87% 5757 504 31%
c B 208.51 27 17 149 133265  2 3403130 52292 2.3 30 13 1 2 88% 5757 504 31%
c - 209.90 27 17 150 135276  2 3425648 35363 2.3 30 13 1 2 83% 5757 504 31%
c u 209.94 27 17 150 135276  2 3425648 35245 2.3 30 13 1 2 83% 5757 504 31%
c v 209.97 27 17 150 135276  2 3425648 35130 2.3 30 13 1 2 83% 5757 504 31%
c s 210.37 27 17 150 135712  2 3430210 38880 2.3 30 13 1 2 83% 5741 504 31%
c e 210.37 27 17 150 135712  2 3430210 36827 2.3 30 13 1 2 83% 5761 501 31%
c s 210.47 27 17 150 135712  2 3430210 36782 2.3 30 13 1 2 83% 5761 501 31%
c - 213.41 27 17 151 140339  2 3471920 35696 2.2 29 13 1 2 79% 5761 501 31%
c u 213.46 27 17 151 140339  2 3471920 35581 2.2 29 13 1 2 79% 5761 501 31%
c v 213.48 27 17 151 140339  2 3471920 35409 2.2 29 13 1 2 79% 5761 501 31%
c w 213.48 27 17 151 140339  2 3471920 35409 2.2 29 13 1 2 79% 5761 501 31%
c W 215.01 27 18 151 142076  2 3486131 46845 2.2 30 13 1 2 80% 5761 501 31%
c } 216.19 27 18 151 143332  2 3501345 60289 2.3 30 13 1 2 82% 5761 501 31%
c [ 216.19 27 17 151 143332  1 3501345 60289 1.7 24 15 1 2 86% 5761 501 31%
c - 217.39 27 17 152 143334  1 3518504 36651 1.7 25 15 1 2 86% 5761 501 31%
c u 217.58 27 17 152 143334  1 3518504 36582 1.7 25 15 1 2 86% 5761 501 31%
c 
c  seconds    reductions      conflicts         size   tier2     variables
c          MB       restarts         redundant     glue   trail      remaining
c           level          rate           size/glue  tier1 irredundant
c 
c v 217.60 27 17 152 143334  1 3518504 36412 1.7 25 15 1 2 86% 5761 501 31%
c w 217.60 27 17 152 143334  1 3518504 36410 1.7 25 15 1 2 86% 5761 501 31%
c - 219.95 27 17 153 143336  1 3565399 34141 1.7 25 15 1 2 87% 5761 501 31%
c u 219.98 27 17 153 143336  1 3565399 34046 1.7 25 15 1 2 87% 5761 501 31%
c v 220.00 27 17 153 143336  1 3565399 33917 1.7 25 15 1 2 87% 5761 501 31%
c w 220.00 27 17 153 143336  1 3565399 33916 1.7 25 15 1 2 87% 5761 501 31%
c O 220.25 27 17 153 143336  1 3570132 36446 1.7 25 15 1 2 87% 5761 501 31%
c - 223.29 27 17 154 143336  1 3612605 29957 1.7 26 15 1 2 88% 5761 501 31%
c u 223.32 27 17 154 143336  1 3612605 29938 1.7 26 15 1 2 88% 5761 501 31%
c v 223.34 27 17 154 143336  1 3612605 29792 1.7 26 15 1 2 88% 5761 501 31%
c w 223.34 27 17 154 143336  1 3612605 29792 1.7 26 15 1 2 88% 5761 501 31%
c x 223.36 27 17 154 143336  1 3612605 29792 1.7 26 15 1 2 88% 5761 501 31%
c s 225.94 27 17 154 143337  1 3648665 48933 1.7 26 15 1 2 88% 5761 501 31%
c s 226.01 27 17 154 143337  1 3648665 48907 1.7 26 15 1 2 88% 5761 501 31%
c B 226.46 27 17 154 143337  1 3655134 51988 1.7 26 15 1 2 88% 5761 501 31%
c - 226.80 27 17 155 143337  1 3660122 29677 1.7 26 15 1 2 88% 5761 501 31%
c u 226.85 27 17 155 143337  1 3660122 29566 1.7 26 15 1 2 88% 5761 501 31%
c v 226.87 27 17 155 143337  1 3660122 29257 1.7 26 15 1 2 88% 5761 501 31%
c w 226.87 27 17 155 143337  1 3660122 29257 1.7 26 15 1 2 88% 5761 501 31%
c - 229.37 27 17 156 143337  1 3707952 29491 1.7 25 15 1 2 89% 5761 501 31%
c 
c  seconds    reductions      conflicts         size   tier2     variables
c          MB       restarts         redundant     glue   trail      remaining
c           level          rate           size/glue  tier1 irredundant
c 
c u 229.41 27 17 156 143337  1 3707952 29454 1.7 25 15 1 2 89% 5761 501 31%
c v 229.43 27 17 156 143337  1 3707952 29218 1.7 25 15 1 2 89% 5761 501 31%
c w 229.43 27 17 156 143337  1 3707952 29218 1.7 25 15 1 2 89% 5761 501 31%
c ] 230.24 27 17 156 143337  1 3722884 37085 1.6 24 15 1 2 88% 5761 501 31%
c { 230.24 27 18 156 143337  2 3722884 37085 2.3 30 13 1 2 82% 5761 501 31%
c # 231.70 27 17 156 144170  2 3741136 49464 2.3 30 13 1 2 83% 5761 501 31%
c - 233.15 27 18 157 146837  2 3756094 33922 2.2 30 14 1 2 83% 5761 501 31%
c u 233.20 27 18 157 146837  2 3756094 33752 2.2 30 14 1 2 83% 5761 501 31%
c v 233.23 27 18 157 146837  2 3756094 33435 2.2 30 14 1 2 83% 5761 501 31%
c w 233.25 27 18 157 146837  2 3756094 33402 2.2 30 14 1 2 83% 5761 501 31%
c - 237.96 28 17 158 150755  2 3804545 37155 2.3 31 14 1 2 86% 5761 501 31%
c u 238.02 28 17 158 150755  2 3804545 37010 2.3 31 14 1 2 86% 5761 501 31%
c v 238.06 28 17 158 150755  2 3804545 36870 2.3 31 14 1 2 86% 5761 501 31%
c w 238.09 28 17 158 150755  2 3804545 36855 2.3 31 14 1 2 86% 5761 501 31%
c B 240.54 28 17 158 153139  2 3828137 55290 2.3 31 13 1 2 86% 5761 501 31%
c - 242.74 28 16 159 153701  1 3853308 39498 2.3 30 13 1 2 87% 5761 501 31%
c u 242.81 28 16 159 153701  1 3853308 39419 2.3 30 13 1 2 87% 5761 501 31%
c v 242.85 28 16 159 153701  1 3853308 39220 2.3 30 13 1 2 87% 5761 501 31%
c w 242.87 28 16 159 153701  1 3853308 39182 2.3 30 13 1 2 87% 5761 501 31%
c } 245.90 28 17 159 158606  2 3886142 62847 2.2 31 14 1 2 88% 5761 501 31%
c 
c  seconds    reductions      conflicts         size   tier2     variables
c          MB       restarts         redundant     glue   trail      remaining
c           level          rate           size/glue  tier1 irredundant
c 
c [ 245.90 28 17 159 158606  1 3886142 62847 1.6 24 15 1 2 88% 5761 501 31%
c - 247.29 28 16 160 158606  1 3902384 37593 1.6 23 15 1 2 88% 5761 501 31%
c u 247.36 28 16 160 158606  1 3902384 37534 1.6 23 15 1 2 88% 5761 501 31%
c v 247.40 28 16 160 158606  1 3902384 37337 1.6 23 15 1 2 88% 5761 501 31%
c W 249.03 28 16 160 158606  1 3916139 48649 1.6 24 15 1 2 89% 5761 501 31%
c - 250.84 28 17 161 158607  1 3951772 37712 1.6 24 15 1 2 88% 5761 501 31%
c u 250.88 28 17 161 158607  1 3951772 37661 1.6 24 15 1 2 88% 5761 501 31%
c v 250.90 28 17 161 158607  1 3951772 37566 1.6 24 15 1 2 88% 5761 501 31%
c w 250.90 28 17 161 158607  1 3951772 37565 1.6 24 15 1 2 88% 5761 501 31%
c - 253.50 28 16 162 158607  1 4001470 32506 1.6 23 15 1 2 88% 5761 501 31%
c u 253.54 28 16 162 158607  1 4001470 32452 1.6 23 15 1 2 88% 5761 501 31%
c v 253.56 28 16 162 158607  1 4001470 32231 1.6 23 15 1 2 88% 5761 501 31%
c w 253.56 28 16 162 158607  1 4001470 32231 1.6 23 15 1 2 88% 5761 501 31%
c I 253.72 28 16 162 158607  1 4005140 34912 1.6 23 15 1 2 88% 5761 501 31%
c - 256.05 28 17 163 158607  1 4051479 32402 1.6 24 15 1 2 88% 5761 501 31%
c u 256.09 28 17 163 158607  1 4051479 32364 1.6 24 15 1 2 88% 5761 501 31%
c v 256.11 28 17 163 158607  1 4051479 32207 1.6 24 15 1 2 88% 5761 501 31%
c w 256.11 28 17 163 158607  1 4051479 32206 1.6 24 15 1 2 88% 5761 501 31%
c B 258.21 28 17 163 158607  1 4095141 62326 1.7 24 15 1 2 87% 5761 501 31%
c - 258.59 28 17 164 158607  1 4101800 32680 1.7 24 15 1 2 88% 5761 501 31%
c 
c  seconds    reductions      conflicts         size   tier2     variables
c          MB       restarts         redundant     glue   trail      remaining
c           level          rate           size/glue  tier1 irredundant
c 
c u 258.63 28 17 164 158607  1 4101800 32627 1.7 24 15 1 2 88% 5761 501 31%
c v 258.65 28 17 164 158607  1 4101800 32456 1.7 24 15 1 2 88% 5761 501 31%
c w 258.65 28 17 164 158607  1 4101800 32456 1.7 24 15 1 2 88% 5761 501 31%
c - 261.31 28 17 165 158607  1 4152432 32126 1.7 24 15 1 2 88% 5761 501 31%
c u 261.35 28 17 165 158607  1 4152432 32078 1.7 24 15 1 2 88% 5761 501 31%
c v 261.37 28 17 165 158607  1 4152432 31912 1.7 24 15 1 2 88% 5761 501 31%
c w 261.38 28 17 165 158607  1 4152432 31910 1.7 24 15 1 2 88% 5761 501 31%
c ] 261.81 28 17 165 158607  1 4162442 37978 1.6 24 15 1 2 88% 5761 501 31%
c { 261.81 28 17 165 158607  2 4162442 37978 2.2 31 14 1 2 88% 5761 501 31%
c W 264.09 28 17 165 160739  2 4186143 56511 2.2 31 14 1 2 87% 5761 501 31%
c - 265.39 28 17 166 161582  2 4203375 37472 2.2 30 14 1 2 87% 5761 501 31%
c u 265.44 28 17 166 161582  2 4203375 37377 2.2 30 14 1 2 87% 5761 501 31%
c v 265.47 28 17 166 161582  2 4203375 37134 2.2 30 14 1 2 87% 5761 501 31%
c w 265.48 28 17 166 161582  2 4203375 37075 2.2 30 14 1 2 87% 5761 501 31%
c - 270.06 30 18 167 167135  2 4254632 40699 2.1 30 14 1 2 87% 5761 501 31%
c u 270.11 30 18 167 167135  2 4254632 40672 2.1 30 14 1 2 87% 5761 501 31%
c v 270.13 30 18 167 167135  2 4254632 40498 2.1 30 14 1 2 87% 5761 501 31%
c w 270.14 30 18 167 167135  2 4254632 40475 2.1 30 14 1 2 87% 5761 501 31%
c x 270.17 30 18 167 167135  2 4254632 40474 2.1 30 14 1 2 87% 5712 501 31%
c s 270.29 30 18 167 167135  2 4254632 40078 2.1 30 14 1 2 87% 5711 501 31%
c 
c  seconds    reductions      conflicts         size   tier2     variables
c          MB       restarts         redundant     glue   trail      remaining
c           level          rate           size/glue  tier1 irredundant
c 
c e 270.29 30 18 167 167135  2 4254632 39677 2.1 30 14 1 2 87% 5757 497 30%
c s 270.41 30 18 167 167135  2 4254632 39631 2.1 30 14 1 2 87% 5741 497 30%
c F 272.11 30 17 167 168385  2 4278145 58453 2.2 31 14 1 2 86% 5741 497 30%
c - 274.46 33 17 168 170629  2 4306200 41803 2.1 30 14 1 2 85% 5741 497 30%
c u 274.52 33 17 168 170629  2 4306200 41666 2.1 30 14 1 2 85% 5741 497 30%
c v 274.55 33 17 168 170629  2 4306200 41497 2.1 30 14 1 2 85% 5741 497 30%
c w 274.57 33 17 168 170629  2 4306200 41382 2.1 30 14 1 2 85% 5741 497 30%
c } 279.13 33 16 168 171070  1 4357145 73587 2.2 29 13 1 2 87% 5741 497 30%
c [ 279.13 33 17 168 171070  1 4357145 73587 1.6 24 15 1 2 88% 5741 497 30%
c - 279.22 33 17 169 171070  1 4358079 40387 1.6 24 15 1 2 88% 5741 497 30%
c u 279.48 33 17 169 171070  1 4358079 40306 1.6 24 15 1 2 88% 5741 497 30%
c v 279.51 33 17 169 171070  1 4358079 40096 1.6 24 15 1 2 88% 5741 497 30%
c w 279.51 33 17 169 171070  1 4358079 40096 1.6 24 15 1 2 88% 5741 497 30%
c W 281.38 33 17 169 171070  1 4371147 49125 1.7 25 15 1 2 88% 5741 497 30%
c - 284.91 33 17 170 171085  1 4410269 37563 1.7 25 15 1 2 88% 5741 497 30%
c u 284.98 33 17 170 171085  1 4410269 37482 1.7 25 15 1 2 88% 5741 497 30%
c v 285.01 33 17 170 171085  1 4410269 37250 1.7 25 15 1 2 88% 5741 497 30%
c w 285.01 33 17 170 171085  1 4410269 37249 1.7 25 15 1 2 88% 5741 497 30%
c - 288.90 33 17 171 171101  1 4462771 34225 1.6 24 15 1 2 88% 5741 497 30%
c u 288.96 33 17 171 171101  1 4462771 34182 1.6 24 15 1 2 88% 5741 497 30%
c 
c  seconds    reductions      conflicts         size   tier2     variables
c          MB       restarts         redundant     glue   trail      remaining
c           level          rate           size/glue  tier1 irredundant
c 
c v 288.99 33 17 171 171101  1 4462771 33961 1.6 24 15 1 2 88% 5741 497 30%
c O 289.13 33 17 171 171102  1 4465150 35357 1.6 24 15 1 2 88% 5741 497 30%
c - 293.11 33 17 172 171128  1 4515585 33758 1.6 24 15 1 2 88% 5741 497 30%
c u 293.17 33 17 172 171128  1 4515585 33671 1.6 24 15 1 2 88% 5741 497 30%
c v 293.20 33 17 172 171128  1 4515585 33437 1.6 24 15 1 2 88% 5741 497 30%
c w 293.20 33 17 172 171128  1 4515585 33437 1.6 24 15 1 2 88% 5741 497 30%
c B 296.41 33 17 172 171133  1 4560152 57916 1.6 24 15 1 2 88% 5741 497 30%
c ] 296.55 33 17 172 171133  1 4562274 59659 1.6 25 15 1 2 88% 5741 497 30%
c { 296.55 33 16 172 171133  1 4562274 59659 2.2 29 13 1 2 87% 5741 497 30%
c - 297.16 33 16 173 172513  1 4568709 36760 2.2 30 13 1 2 87% 5741 497 30%
c u 297.22 33 16 173 172513  1 4568709 36719 2.2 30 13 1 2 87% 5741 497 30%
c v 297.25 33 16 173 172513  1 4568709 36391 2.2 30 13 1 2 87% 5741 497 30%
c w 297.27 33 16 173 172513  1 4568709 36358 2.2 30 13 1 2 87% 5741 497 30%
c - 301.98 33 16 174 176536  1 4622147 41180 2.2 29 13 1 2 86% 5741 497 30%
c u 302.05 33 16 174 176536  1 4622147 41051 2.2 29 13 1 2 86% 5741 497 30%
c v 302.08 33 16 174 176536  1 4622147 40958 2.2 29 13 1 2 86% 5741 497 30%
c w 302.10 33 16 174 176536  1 4622147 40902 2.2 29 13 1 2 86% 5741 497 30%
c B 304.77 33 16 174 179177  1 4656154 67525 2.2 30 14 1 2 86% 5741 497 30%
c - 306.21 33 16 175 179257  1 4675894 43239 2.3 30 13 1 2 86% 5741 497 30%
c u 306.28 33 16 175 179257  1 4675894 43177 2.3 30 13 1 2 86% 5741 497 30%
c 
c  seconds    reductions      conflicts         size   tier2     variables
c          MB       restarts         redundant     glue   trail      remaining
c           level          rate           size/glue  tier1 irredundant
c 
c v 306.31 33 16 175 179257  1 4675894 43002 2.3 30 13 1 2 86% 5741 497 30%
c w 306.33 33 16 175 179257  1 4675894 42864 2.3 30 13 1 2 86% 5741 497 30%
c - 310.57 33 16 176 182968  1 4729953 44340 2.2 29 13 1 2 86% 5741 497 30%
c u 310.64 33 16 176 182968  1 4729953 44286 2.2 29 13 1 2 86% 5741 497 30%
c v 310.67 33 16 176 182968  1 4729953 44009 2.2 29 13 1 2 86% 5741 497 30%
c w 310.68 33 16 176 182968  1 4729953 43847 2.2 29 13 1 2 86% 5741 497 30%
c W 314.01 33 16 176 185896  2 4753155 62484 2.3 30 13 1 2 86% 5741 497 30%
c } 315.78 33 17 176 188372  2 4771455 76943 2.2 30 14 1 2 86% 5741 497 30%
c [ 315.78 33 17 176 188372  1 4771455 76943 1.6 25 15 1 2 88% 5741 497 30%
c - 317.05 33 17 177 188372  1 4784324 45649 1.7 26 15 1 2 88% 5741 497 30%
c u 317.13 33 17 177 188372  1 4784324 45598 1.7 26 15 1 2 88% 5741 497 30%
c v 317.16 33 17 177 188372  1 4784324 45315 1.7 26 15 1 2 88% 5741 497 30%
c - 321.57 33 17 178 188398  1 4839007 42676 1.7 26 15 1 2 89% 5741 497 30%
c u 321.63 33 17 178 188398  1 4839007 42644 1.7 26 15 1 2 89% 5741 497 30%
c v 321.67 33 17 178 188398  1 4839007 42425 1.7 26 15 1 2 89% 5741 497 30%
c w 321.67 33 17 178 188398  1 4839007 42423 1.7 26 15 1 2 89% 5741 497 30%
c W 322.97 33 16 178 188402  1 4851157 48363 1.7 26 15 1 2 89% 5741 497 30%
c - 326.37 33 17 179 188417  1 4894004 37022 1.7 25 15 1 2 88% 5741 497 30%
c u 326.44 33 17 179 188417  1 4894004 36982 1.7 25 15 1 2 88% 5741 497 30%
c v 326.47 33 17 179 188417  1 4894004 36825 1.7 25 15 1 2 88% 5741 497 30%
c 
c  seconds    reductions      conflicts         size   tier2     variables
c          MB       restarts         redundant     glue   trail      remaining
c           level          rate           size/glue  tier1 irredundant
c 
c - 330.84 33 16 180 188434  1 4949309 34030 1.6 24 15 1 2 88% 5741 497 30%
c u 330.90 33 16 180 188434  1 4949309 33981 1.6 24 15 1 2 88% 5741 497 30%
c v 330.92 33 16 180 188434  1 4949309 33710 1.6 24 15 1 2 88% 5741 497 30%
c w 330.92 33 16 180 188434  1 4949309 33710 1.6 24 15 1 2 88% 5741 497 30%
c I 330.98 33 16 180 188434  1 4950159 34065 1.6 24 15 1 2 88% 5741 497 30%
c - 333.64 33 16 181 188436  1 5004927 36125 1.6 23 15 1 2 87% 5741 497 30%
c u 333.67 33 16 181 188436  1 5004927 36108 1.6 23 15 1 2 87% 5741 497 30%
c v 333.68 33 16 181 188436  1 5004927 35910 1.6 23 15 1 2 87% 5741 497 30%
c w 333.69 33 16 181 188436  1 5004927 35786 1.6 23 15 1 2 87% 5741 497 30%
c x 333.71 33 16 181 188436  1 5004927 35786 1.6 23 15 1 2 87% 5741 497 30%
c s 333.81 33 16 181 188436  1 5004927 35597 1.6 23 15 1 2 87% 5740 497 30%
c s 333.91 33 16 181 188436  1 5004927 35549 1.6 23 15 1 2 87% 5740 497 30%
c ] 333.98 33 16 181 188436  1 5006144 36244 1.6 23 15 1 2 87% 5740 497 30%
c { 333.98 33 17 181 188436  2 5006144 36244 2.2 30 14 1 2 86% 5740 497 30%
c # 337.68 33 17 181 191831  2 5050160 67575 2.2 30 14 1 2 87% 5740 497 30%
c - 338.61 33 16 182 192530  2 5060858 42061 2.2 30 14 1 2 87% 5740 497 30%
c u 338.68 33 16 182 192530  2 5060858 41963 2.2 30 14 1 2 87% 5740 497 30%
c v 338.71 33 16 182 192530  2 5060858 41635 2.2 30 14 1 2 87% 5740 497 30%
c w 338.73 33 16 182 192530  2 5060858 41550 2.2 30 14 1 2 87% 5740 497 30%
c - 343.25 33 17 183 197565  2 5117099 46255 2.2 30 14 1 2 82% 5740 497 30%
c 
c  seconds    reductions      conflicts         size   tier2     variables
c          MB       restarts         redundant     glue   trail      remaining
c           level          rate           size/glue  tier1 irredundant
c 
c u 343.32 33 17 183 197565  2 5117099 46137 2.2 30 14 1 2 82% 5740 497 30%
c v 343.36 33 17 183 197565  2 5117099 46005 2.2 30 14 1 2 82% 5740 497 30%
c w 343.38 33 17 183 197565  2 5117099 45952 2.2 30 14 1 2 82% 5740 497 30%
c B 346.62 33 17 183 198599  1 5151162 74804 2.3 31 13 1 2 85% 5740 497 30%
c - 349.12 37 17 184 203020  2 5173652 48110 2.2 30 14 1 2 83% 5740 497 30%
c u 349.21 37 17 184 203020  2 5173652 48047 2.2 30 14 1 2 83% 5740 497 30%
c v 349.26 37 17 184 203020  2 5173652 47820 2.2 30 14 1 2 83% 5740 497 30%
c w 349.28 37 17 184 203020  2 5173652 47712 2.2 30 14 1 2 83% 5740 497 30%
c } 353.88 37 16 184 206148  2 5229279 86853 2.2 29 13 1 2 84% 5740 497 30%
c [ 353.88 37 16 184 206148  1 5229279 86853 1.6 23 15 1 2 87% 5740 497 30%
c - 354.01 37 16 185 206148  1 5230518 47477 1.6 23 15 1 2 87% 5740 497 30%
c u 354.08 37 16 185 206148  1 5230518 47422 1.6 23 15 1 2 87% 5740 497 30%
c v 354.12 37 16 185 206148  1 5230518 47184 1.6 23 15 1 2 87% 5740 497 30%
c w 354.12 37 16 185 206148  1 5230518 47184 1.6 23 15 1 2 87% 5740 497 30%
c B 355.98 37 17 185 206148  1 5253164 63509 1.6 24 15 1 2 88% 5740 497 30%
c - 359.12 37 17 186 206155  1 5287695 46886 1.7 25 15 1 2 88% 5740 497 30%
c u 359.20 37 17 186 206155  1 5287695 46821 1.7 25 15 1 2 88% 5740 497 30%
c v 359.24 37 17 186 206155  1 5287695 46615 1.7 25 15 1 2 88% 5740 497 30%
c w 359.25 37 17 186 206155  1 5287695 46615 1.7 25 15 1 2 88% 5740 497 30%
c - 363.50 37 18 187 206179  1 5345182 44316 1.8 27 15 1 2 87% 5740 497 30%
c 
c  seconds    reductions      conflicts         size   tier2     variables
c          MB       restarts         redundant     glue   trail      remaining
c           level          rate           size/glue  tier1 irredundant
c 
c u 363.74 37 18 187 206179  1 5345182 44262 1.8 27 15 1 2 87% 5740 497 30%
c v 363.78 37 18 187 206179  1 5345182 43926 1.8 27 15 1 2 87% 5740 497 30%
c w 363.78 37 18 187 206179  1 5345182 43926 1.8 27 15 1 2 87% 5740 497 30%
c W 365.77 37 18 187 206179  1 5356165 51106 1.8 27 15 1 2 86% 5740 497 30%
c - 369.07 37 17 188 206201  1 5402982 40401 1.7 26 15 1 2 86% 5740 497 30%
c u 369.14 37 17 188 206201  1 5402982 40365 1.7 26 15 1 2 86% 5740 497 30%
c v 369.17 37 17 188 206201  1 5402982 40100 1.7 26 15 1 2 86% 5740 497 30%
c w 369.17 37 17 188 206201  1 5402982 40100 1.7 26 15 1 2 86% 5740 497 30%
c O 372.83 37 17 188 206211  1 5460166 75711 1.7 25 15 1 2 86% 5740 497 30%
c - 372.89 37 17 189 206211  1 5461093 40527 1.7 25 15 1 2 86% 5740 497 30%
c u 372.95 37 17 189 206211  1 5461093 40503 1.7 25 15 1 2 86% 5740 497 30%
c v 372.98 37 17 189 206211  1 5461093 40112 1.7 25 15 1 2 86% 5740 497 30%
c w 372.98 37 17 189 206211  1 5461093 40112 1.7 25 15 1 2 86% 5740 497 30%
c ] 373.72 37 17 189 206211  1 5473105 47322 1.7 25 15 1 2 86% 5740 497 30%
c { 373.72 37 16 189 206211  2 5473105 47322 2.2 29 13 1 2 84% 5740 497 30%
c - 378.48 37 17 190 211650  2 5519516 45669 2.1 29 14 1 2 87% 5740 497 30%
c u 378.56 37 17 190 211650  2 5519516 45526 2.1 29 14 1 2 87% 5740 497 30%
c v 378.60 37 17 190 211650  2 5519516 45113 2.1 29 14 1 2 87% 5740 497 30%
c w 378.63 37 17 190 211650  2 5519516 45034 2.1 29 14 1 2 87% 5740 497 30%
c W 382.14 37 17 190 213561  1 5565167 84826 2.1 27 13 1 2 76% 5740 497 30%
c 
c  seconds    reductions      conflicts         size   tier2     variables
c          MB       restarts         redundant     glue   trail      remaining
c           level          rate           size/glue  tier1 irredundant
c 
c - 383.81 37 17 191 216167  2 5578250 50551 2.1 27 13 1 2 78% 5740 497 30%
c u 383.88 37 17 191 216167  2 5578250 50442 2.1 27 13 1 2 78% 5740 497 30%
c v 383.91 37 17 191 216167  2 5578250 50141 2.1 27 13 1 2 78% 5740 497 30%
c w 383.91 37 17 191 216167  2 5578250 50141 2.1 27 13 1 2 78% 5740 497 30%
c - 389.66 38 17 192 222915  2 5637295 51089 2.0 28 14 1 2 79% 5740 497 30%
c u 389.74 38 17 192 222915  2 5637295 51012 2.0 28 14 1 2 79% 5740 497 30%
c v 389.79 38 17 192 222915  2 5637295 50626 2.0 28 14 1 2 79% 5740 497 30%
c F 392.69 38 17 192 225546  2 5671169 79752 2.1 28 13 1 2 79% 5740 497 30%
c - 395.21 38 17 193 227458  2 5696652 53203 2.1 28 13 1 2 79% 5740 497 30%
c u 395.29 38 17 193 227458  2 5696652 53134 2.1 28 13 1 2 79% 5740 497 30%
c v 395.33 38 17 193 227458  2 5696652 52817 2.1 28 13 1 2 79% 5740 497 30%
c } 395.61 38 17 193 227814  2 5700064 55476 2.1 28 13 1 2 79% 5740 497 30%
c [ 395.61 38 17 193 227814  1 5700064 55476 1.7 25 15 1 2 86% 5740 497 30%
c - 400.09 38 17 194 227843  1 5756321 51839 1.9 27 15 1 2 88% 5740 497 30%
c u 400.17 38 17 194 227843  1 5756321 51797 1.9 27 15 1 2 88% 5740 497 30%
c v 400.21 38 17 194 227843  1 5756321 51591 1.9 27 15 1 2 88% 5740 497 30%
c w 400.21 38 17 194 227843  1 5756321 51591 1.9 27 15 1 2 88% 5740 497 30%
c B 401.38 38 17 194 227845  1 5778170 65319 1.9 28 15 1 2 88% 5740 497 30%
c - 404.28 28 17 195 227860  1 5816302 46262 1.8 27 15 1 2 89% 5740 497 30%
c u 404.34 28 17 195 227860  1 5816302 46223 1.8 27 15 1 2 89% 5740 497 30%
c 
c  seconds    reductions      conflicts         size   tier2     variables
c          MB       restarts         redundant     glue   trail      remaining
c           level          rate           size/glue  tier1 irredundant
c 
c v 404.38 28 17 195 227860  1 5816302 45997 1.8 27 15 1 2 89% 5740 497 30%
c w 404.38 28 17 195 227860  1 5816302 45997 1.8 27 15 1 2 89% 5740 497 30%
c - 408.37 30 17 196 227877  1 5876594 42255 1.7 25 15 1 2 89% 5740 497 30%
c u 408.42 30 17 196 227877  1 5876594 42217 1.7 25 15 1 2 89% 5740 497 30%
c v 408.44 30 17 196 227877  1 5876594 41995 1.7 25 15 1 2 89% 5740 497 30%
c w 408.44 30 17 196 227877  1 5876594 41995 1.7 25 15 1 2 89% 5740 497 30%
c x 408.47 30 17 196 227877  1 5876594 41994 1.7 25 15 1 2 89% 5739 497 30%
c s 408.60 30 17 196 227877  1 5876594 41653 1.7 25 15 1 2 89% 5739 497 30%
c s 408.72 30 17 196 227877  1 5876594 41561 1.7 25 15 1 2 89% 5739 497 30%
c W 410.12 30 17 196 227877  1 5886171 47571 1.7 25 15 1 2 89% 5739 497 30%
c - 413.15 30 16 197 227878  1 5937199 41533 1.7 25 15 1 2 89% 5739 497 30%
c u 413.21 30 16 197 227878  1 5937199 41487 1.7 25 15 1 2 89% 5739 497 30%
c v 413.24 30 16 197 227878  1 5937199 41126 1.7 25 15 1 2 89% 5739 497 30%
c I 416.34 30 16 197 227879  1 5995172 74543 1.6 24 14 1 2 89% 5739 497 30%
c ] 416.46 30 16 197 227879  1 5997956 76409 1.6 24 14 1 2 89% 5739 497 30%
c { 416.46 30 17 197 227879  2 5997956 76409 2.1 28 13 1 2 79% 5739 497 30%
c - 416.49 30 17 198 227920  2 5998115 40931 2.1 28 13 1 2 79% 5739 497 30%
c u 416.55 30 17 198 227920  2 5998115 40900 2.1 28 13 1 2 79% 5739 497 30%
c v 416.57 30 17 198 227920  2 5998115 40491 2.1 28 13 1 2 79% 5739 497 30%
c w 416.57 30 17 198 227920  2 5998115 40491 2.1 28 13 1 2 79% 5739 497 30%
c 
c  seconds    reductions      conflicts         size   tier2     variables
c          MB       restarts         redundant     glue   trail      remaining
c           level          rate           size/glue  tier1 irredundant
c 
c - 422.01 34 17 199 233110  2 6059344 48546 2.1 29 14 1 2 81% 5739 497 30%
c u 422.09 34 17 199 233110  2 6059344 48463 2.1 29 14 1 2 81% 5739 497 30%
c v 422.13 34 17 199 233110  2 6059344 48184 2.1 29 14 1 2 81% 5739 497 30%
c w 422.15 34 17 199 233110  2 6059344 48131 2.1 29 14 1 2 81% 5739 497 30%
c B 427.07 34 17 199 234882  1 6105174 86763 2.4 31 13 1 2 85% 5739 497 30%
c - 429.21 38 17 200 237965  2 6120884 53455 2.3 31 13 1 2 86% 5739 497 30%
c u 429.32 38 17 200 237965  2 6120884 53318 2.3 31 13 1 2 86% 5739 497 30%
c v 429.38 38 17 200 237965  2 6120884 53097 2.3 31 13 1 2 86% 5739 497 30%
c w 429.42 38 17 200 237965  2 6120884 53085 2.3 31 13 1 2 86% 5739 497 30%
c - 434.43 38 17 201 243505  2 6182736 54462 2.2 29 13 1 2 78% 5739 497 30%
c u 434.51 38 17 201 243505  2 6182736 54425 2.2 29 13 1 2 78% 5739 497 30%
c v 434.55 38 17 201 243505  2 6182736 54280 2.2 29 13 1 2 78% 5739 497 30%
c w 434.57 38 17 201 243505  2 6182736 54203 2.2 29 13 1 2 78% 5739 497 30%
c W 439.06 38 17 201 247296  2 6216176 79205 2.2 29 14 1 2 81% 5739 497 30%
c } 440.54 38 17 201 249257  2 6231021 90947 2.1 29 14 1 2 81% 5739 497 30%
c [ 440.54 38 16 201 249257  1 6231021 90947 1.6 24 14 1 2 89% 5739 497 30%
c - 441.99 38 17 202 249257  1 6244899 55240 1.8 25 14 1 2 89% 5739 497 30%
c u 442.09 38 17 202 249257  1 6244899 55197 1.8 25 14 1 2 89% 5739 497 30%
c v 442.14 38 17 202 249257  1 6244899 55046 1.8 25 14 1 2 89% 5739 497 30%
c w 442.16 38 17 202 249257  1 6244899 54935 1.8 25 14 1 2 89% 5739 497 30%
c 
c  seconds    reductions      conflicts         size   tier2     variables
c          MB       restarts         redundant     glue   trail      remaining
c           level          rate           size/glue  tier1 irredundant
c 
c - 446.94 38 16 203 249257  1 6307374 51190 1.8 25 14 1 2 87% 5739 497 30%
c u 447.01 38 16 203 249257  1 6307374 51163 1.8 25 14 1 2 87% 5739 497 30%
c v 447.05 38 16 203 249257  1 6307374 50856 1.8 25 14 1 2 87% 5739 497 30%
c w 447.05 38 16 203 249257  1 6307374 50856 1.8 25 14 1 2 87% 5739 497 30%
c B 448.56 38 16 203 249257  1 6328177 61910 1.7 25 14 1 2 86% 5739 497 30%
c - 452.09 28 16 204 249278  1 6370161 44982 1.8 25 14 1 2 87% 5739 497 30%
c u 452.17 28 16 204 249278  1 6370161 44934 1.8 25 14 1 2 87% 5739 497 30%
c v 452.20 28 16 204 249278  1 6370161 44646 1.8 25 14 1 2 87% 5739 497 30%
c w 452.21 28 16 204 249278  1 6370161 44646 1.8 25 14 1 2 87% 5739 497 30%
c - 457.14 30 16 205 249302  1 6433258 42255 1.7 24 14 1 2 87% 5739 497 30%
c u 457.22 30 16 205 249302  1 6433258 42203 1.7 24 14 1 2 87% 5739 497 30%
c v 457.25 30 16 205 249302  1 6433258 41838 1.7 24 14 1 2 87% 5739 497 30%
c w 457.26 30 16 205 249302  1 6433258 41838 1.7 24 14 1 2 87% 5739 497 30%
c W 458.49 30 16 205 249303  1 6441178 45829 1.7 24 14 1 2 87% 5739 497 30%
c ] 462.71 30 16 205 249319  1 6493965 70417 1.7 23 14 1 2 88% 5739 497 30%
c { 462.71 30 17 205 249319  2 6493965 70417 2.1 29 14 1 2 81% 5739 497 30%
c - 462.97 30 17 206 249562  2 6496667 42048 2.1 29 14 1 2 81% 5739 497 30%
c u 463.26 30 17 206 249562  2 6496667 42014 2.1 29 14 1 2 81% 5739 497 30%
c v 463.29 30 17 206 249562  2 6496667 41817 2.1 29 14 1 2 81% 5739 497 30%
c # 469.10 30 17 206 254101  2 6555180 88187 2.2 30 14 1 2 84% 5739 497 30%
c 
c  seconds    reductions      conflicts         size   tier2     variables
c          MB       restarts         redundant     glue   trail      remaining
c           level          rate           size/glue  tier1 irredundant
c 
c - 469.85 34 17 207 255178  2 6560388 52342 2.2 31 14 1 2 84% 5739 497 30%
c u 469.94 34 17 207 255178  2 6560388 52310 2.2 31 14 1 2 84% 5739 497 30%
c v 470.00 34 17 207 255178  2 6560388 52099 2.2 31 14 1 2 84% 5739 497 30%
c w 470.03 34 17 207 255178  2 6560388 52054 2.2 31 14 1 2 84% 5739 497 30%
c - 475.86 38 17 208 259037  1 6624421 54783 2.2 30 14 1 2 86% 5739 497 30%
c u 475.94 38 17 208 259037  1 6624421 54737 2.2 30 14 1 2 86% 5739 497 30%
c v 475.99 38 17 208 259037  1 6624421 54484 2.2 30 14 1 2 86% 5739 497 30%
c w 476.02 38 17 208 259037  1 6624421 54444 2.2 30 14 1 2 86% 5739 497 30%
c B 479.79 38 17 208 261238  1 6670181 85908 2.1 29 14 1 2 87% 5739 497 30%
c - 481.92 38 17 209 263520  2 6688765 54823 2.1 29 14 1 2 87% 5739 497 30%
c u 482.01 38 17 209 263520  2 6688765 54796 2.1 29 14 1 2 87% 5739 497 30%
c v 482.05 38 17 209 263520  2 6688765 54578 2.1 29 14 1 2 87% 5739 497 30%
c w 482.08 38 17 209 263520  2 6688765 54524 2.1 29 14 1 2 87% 5739 497 30%
c } 487.36 38 16 209 265236  1 6743670 89065 2.1 28 13 1 2 87% 5739 497 30%
c [ 487.36 38 16 209 265236  1 6743670 89065 1.7 23 14 1 2 88% 5739 497 30%
c - 488.46 38 15 210 265237  1 6753421 53903 1.7 24 14 1 2 88% 5739 497 30%
c u 488.55 38 15 210 265237  1 6753421 53875 1.7 24 14 1 2 88% 5739 497 30%
c v 488.60 38 15 210 265237  1 6753421 53604 1.7 24 14 1 2 88% 5739 497 30%
c w 488.63 38 15 210 265237  1 6753421 53414 1.7 24 14 1 2 88% 5739 497 30%
c O 491.54 38 16 210 265244  1 6786182 78948 1.9 27 14 1 2 89% 5739 497 30%
c 
c  seconds    reductions      conflicts         size   tier2     variables
c          MB       restarts         redundant     glue   trail      remaining
c           level          rate           size/glue  tier1 irredundant
c 
c - 494.69 38 16 211 265258  1 6818389 54824 2.0 28 14 1 2 89% 5739 497 30%
c u 494.78 38 16 211 265258  1 6818389 54803 2.0 28 14 1 2 89% 5739 497 30%
c v 494.83 38 16 211 265258  1 6818389 54548 2.0 28 14 1 2 89% 5739 497 30%
c w 494.85 38 16 211 265258  1 6818389 54441 2.0 28 14 1 2 89% 5739 497 30%
c - 500.70 38 16 212 265282  1 6883669 52512 2.2 31 14 1 2 89% 5739 497 30%
c u 500.77 38 16 212 265282  1 6883669 52496 2.2 31 14 1 2 89% 5739 497 30%
c v 500.80 38 16 212 265282  1 6883669 52281 2.2 31 14 1 2 89% 5739 497 30%
c w 500.80 38 16 212 265282  1 6883669 52281 2.2 31 14 1 2 89% 5739 497 30%
c x 500.84 38 16 212 265282  1 6883669 52281 2.2 31 14 1 2 89% 5738 497 30%
c s 501.03 38 16 212 265282  1 6883669 52050 2.2 31 14 1 2 89% 5738 497 30%
c s 501.24 38 16 212 265282  1 6883669 51986 2.2 31 14 1 2 89% 5738 497 30%
c B 502.80 38 16 212 265290  1 6903183 64462 2.1 30 14 1 2 89% 5738 497 30%
c - 506.47 38 16 213 265300  1 6949261 49161 1.9 28 14 1 2 89% 5738 497 30%
c u 506.55 38 16 213 265300  1 6949261 49139 1.9 28 14 1 2 89% 5738 497 30%
c v 506.59 38 16 213 265300  1 6949261 48867 1.9 28 14 1 2 89% 5738 497 30%
c ] 510.97 38 16 213 265301  1 7004082 77341 1.8 26 14 1 2 89% 5738 497 30%
c { 510.97 38 16 213 265301  1 7004082 77341 2.1 28 13 1 2 87% 5738 497 30%
c - 512.49 38 17 214 267327  1 7015166 50248 2.1 29 14 1 2 87% 5738 497 30%
c u 512.58 38 17 214 267327  1 7015166 50223 2.1 29 14 1 2 87% 5738 497 30%
c v 512.62 38 17 214 267327  1 7015166 49917 2.1 29 14 1 2 87% 5738 497 30%
c 
c  seconds    reductions      conflicts         size   tier2     variables
c          MB       restarts         redundant     glue   trail      remaining
c           level          rate           size/glue  tier1 irredundant
c 
c W 515.42 38 17 214 267956  1 7021184 54469 2.1 29 14 1 2 87% 5738 497 30%
c - 521.84 39 17 215 272617  2 7081383 55640 2.1 29 14 1 2 88% 5738 497 30%
c u 521.94 39 17 215 272617  2 7081383 55555 2.1 29 14 1 2 88% 5738 497 30%
c v 521.99 39 17 215 272617  2 7081383 55129 2.1 29 14 1 2 88% 5738 497 30%
c w 522.02 39 17 215 272617  2 7081383 55053 2.1 29 14 1 2 88% 5738 497 30%
c F 527.47 39 16 215 276160  1 7140185 97612 2.2 30 14 1 2 88% 5738 497 30%
c - 528.38 39 16 216 276950  1 7147910 56454 2.2 30 14 1 2 89% 5738 497 30%
c u 528.47 39 16 216 276950  1 7147910 56423 2.2 30 14 1 2 89% 5738 497 30%
c v 528.52 39 16 216 276950  1 7147910 56112 2.2 30 14 1 2 89% 5738 497 30%
c w 528.55 39 16 216 276950  1 7147910 56023 2.2 30 14 1 2 89% 5738 497 30%
c - 535.25 39 17 217 281660  1 7214748 58096 2.2 30 14 1 2 88% 5738 497 30%
c u 535.35 39 17 217 281660  1 7214748 58054 2.2 30 14 1 2 88% 5738 497 30%
c v 535.39 39 17 217 281660  1 7214748 57669 2.2 30 14 1 2 88% 5738 497 30%
c w 535.40 39 17 217 281660  1 7214748 57578 2.2 30 14 1 2 88% 5738 497 30%
c } 539.15 39 16 217 282898  1 7256790 80591 2.0 28 13 1 2 87% 5738 497 30%
c [ 539.15 39 16 217 282898  1 7256790 80591 1.8 26 14 1 2 89% 5738 497 30%
c W 540.09 39 16 217 282898  1 7260186 82681 1.8 26 14 1 2 89% 5738 497 30%
c - 541.71 39 16 218 282898  1 7281899 55046 1.8 26 14 1 2 89% 5738 497 30%
c u 541.79 39 16 218 282898  1 7281899 55002 1.8 26 14 1 2 89% 5738 497 30%
c v 541.84 39 16 218 282898  1 7281899 54750 1.8 26 14 1 2 89% 5738 497 30%
c 
c  seconds    reductions      conflicts         size   tier2     variables
c          MB       restarts         redundant     glue   trail      remaining
c           level          rate           size/glue  tier1 irredundant
c 
c w 541.84 39 16 218 282898  1 7281899 54750 1.8 26 14 1 2 89% 5738 497 30%
c - 546.58 39 16 219 282927  1 7349363 51303 1.7 25 14 1 2 89% 5738 497 30%
c u 546.65 39 16 219 282927  1 7349363 51263 1.7 25 14 1 2 89% 5738 497 30%
c v 546.69 39 16 219 282927  1 7349363 51057 1.7 25 14 1 2 89% 5738 497 30%
c w 546.69 39 16 219 282927  1 7349363 51056 1.7 25 14 1 2 89% 5738 497 30%
c I 548.50 39 16 219 282933  1 7381187 69467 1.7 25 14 1 2 89% 5738 497 30%
c - 550.84 39 17 220 282950  1 7417138 49510 1.7 25 15 1 2 88% 5738 497 30%
c u 550.91 39 17 220 282950  1 7417138 49486 1.7 25 15 1 2 88% 5738 497 30%
c v 550.94 39 17 220 282950  1 7417138 49266 1.7 25 15 1 2 88% 5738 497 30%
c w 550.95 39 17 220 282950  1 7417138 49266 1.7 25 15 1 2 88% 5738 497 30%
c - 555.74 39 16 221 282961  1 7485224 46597 1.6 24 15 1 2 89% 5738 497 30%
c u 555.81 39 16 221 282961  1 7485224 46575 1.6 24 15 1 2 89% 5738 497 30%
c v 555.85 39 16 221 282961  1 7485224 46235 1.6 24 15 1 2 89% 5738 497 30%
c w 555.85 39 16 221 282961  1 7485224 46234 1.6 24 15 1 2 89% 5738 497 30%
c B 557.33 39 16 221 282968  1 7503188 55105 1.6 24 15 1 2 89% 5738 497 30%
c - 561.22 39 16 222 282991  1 7553621 48478 1.7 25 15 1 2 89% 5738 497 30%
c u 561.30 39 16 222 282991  1 7553621 48442 1.7 25 15 1 2 89% 5738 497 30%
c v 561.34 39 16 222 282991  1 7553621 48063 1.7 25 15 1 2 89% 5738 497 30%
c w 561.37 39 16 222 282991  1 7553621 47953 1.7 25 15 1 2 89% 5738 497 30%
c ] 564.17 39 16 222 283003  1 7591262 68376 1.7 25 14 1 2 89% 5738 497 30%
c 
c  seconds    reductions      conflicts         size   tier2     variables
c          MB       restarts         redundant     glue   trail      remaining
c           level          rate           size/glue  tier1 irredundant
c 
c { 564.17 39 16 222 283003  1 7591262 68376 2.0 28 13 1 2 87% 5738 497 30%
c - 567.71 39 16 223 285175  1 7622330 52803 2.1 29 13 1 2 88% 5738 497 30%
c u 567.80 39 16 223 285175  1 7622330 52769 2.1 29 13 1 2 88% 5738 497 30%
c v 567.85 39 16 223 285175  1 7622330 52605 2.1 29 13 1 2 88% 5738 497 30%
c w 567.87 39 16 223 285175  1 7622330 52442 2.1 29 13 1 2 88% 5738 497 30%
c B 568.30 39 16 223 285766  1 7626189 55549 2.2 29 14 1 2 88% 5738 497 30%
c - 575.43 40 17 224 292126  1 7691351 59646 2.2 31 14 1 2 89% 5738 497 30%
c u 575.54 40 17 224 292126  1 7691351 59599 2.2 31 14 1 2 89% 5738 497 30%
c v 575.60 40 17 224 292126  1 7691351 59347 2.2 31 14 1 2 89% 5738 497 30%
c w 575.63 40 17 224 292126  1 7691351 59158 2.2 31 14 1 2 89% 5738 497 30%
c W 583.34 40 17 224 298131  2 7750190 95404 2.0 29 14 1 2 87% 5738 497 30%
c - 584.19 40 17 225 298494  2 7760684 58911 2.0 29 14 1 2 87% 5738 497 30%
c u 584.28 40 17 225 298494  2 7760684 58869 2.0 29 14 1 2 87% 5738 497 30%
c v 584.34 40 17 225 298494  2 7760684 58593 2.0 29 14 1 2 87% 5738 497 30%
c w 584.37 40 17 225 298494  2 7760684 58533 2.0 29 14 1 2 87% 5738 497 30%
c - 590.51 40 16 226 300803  1 7830330 57522 2.0 27 13 1 2 88% 5738 497 30%
c u 590.84 40 16 226 300803  1 7830330 57494 2.0 27 13 1 2 88% 5738 497 30%
c v 590.89 40 16 226 300803  1 7830330 57304 2.0 27 13 1 2 88% 5738 497 30%
c } 593.57 40 16 226 302445  1 7859233 76920 2.0 27 13 1 2 88% 5738 497 30%
c [ 593.57 40 16 226 302445  1 7859233 76920 1.7 25 14 1 2 89% 5738 497 30%
c 
c  seconds    reductions      conflicts         size   tier2     variables
c          MB       restarts         redundant     glue   trail      remaining
c           level          rate           size/glue  tier1 irredundant
c 
c W 595.61 40 16 226 302450  1 7875192 89262 1.8 25 14 1 2 89% 5738 497 30%
c - 597.91 40 16 227 302464  1 7900286 58126 1.8 26 14 1 2 89% 5738 497 30%
c u 598.01 40 16 227 302464  1 7900286 58104 1.8 26 14 1 2 89% 5738 497 30%
c v 598.07 40 16 227 302464  1 7900286 57897 1.8 26 14 1 2 89% 5738 497 30%
c - 604.42 40 17 228 302467  1 7970555 54977 1.7 25 15 1 2 89% 5738 497 30%
c u 604.52 40 17 228 302467  1 7970555 54934 1.7 25 15 1 2 89% 5738 497 30%
c v 604.57 40 17 228 302467  1 7970555 54664 1.7 25 15 1 2 89% 5738 497 30%
c O 606.92 40 17 228 302467  1 8001193 74563 1.7 25 15 1 2 88% 5738 497 30%
c - 610.30 40 17 229 302468  1 8041135 52359 1.8 26 15 1 2 88% 5738 497 30%
c u 610.37 40 17 229 302468  1 8041135 52343 1.8 26 15 1 2 88% 5738 497 30%
c v 610.40 40 17 229 302468  1 8041135 52062 1.8 26 15 1 2 88% 5738 497 30%
c w 610.40 40 17 229 302468  1 8041135 52061 1.8 26 15 1 2 88% 5738 497 30%
c x 610.44 40 17 229 302468  1 8041135 52060 1.8 26 15 1 2 88% 5699 497 30%
c s 610.64 40 17 229 302468  1 8041135 51872 1.8 26 15 1 2 88% 5699 497 30%
c s 610.84 40 17 229 302468  1 8041135 51825 1.8 26 15 1 2 88% 5699 497 30%
c - 616.49 40 16 230 302468  1 8112028 49959 1.7 24 14 1 2 89% 5699 497 30%
c u 616.58 40 16 230 302468  1 8112028 49908 1.7 24 14 1 2 89% 5699 497 30%
c v 616.62 40 16 230 302468  1 8112028 49592 1.7 24 14 1 2 89% 5699 497 30%
c B 617.77 40 16 230 302468  1 8128195 57478 1.7 24 14 1 2 89% 5699 497 30%
c ] 620.49 40 16 230 302469  1 8161639 76560 1.7 25 14 1 2 88% 5699 497 30%
c 
c  seconds    reductions      conflicts         size   tier2     variables
c          MB       restarts         redundant     glue   trail      remaining
c           level          rate           size/glue  tier1 irredundant
c 
c { 620.49 40 16 230 302469  1 8161639 76560 2.0 27 13 1 2 88% 5699 497 30%
c - 622.88 40 16 231 305517  1 8183233 55047 2.0 28 14 1 2 88% 5699 497 30%
c u 622.97 40 16 231 305517  1 8183233 55012 2.0 28 14 1 2 88% 5699 497 30%
c v 623.01 40 16 231 305517  1 8183233 54626 2.0 28 14 1 2 88% 5699 497 30%
c w 623.04 40 16 231 305517  1 8183233 54529 2.0 28 14 1 2 88% 5699 497 30%
c - 629.96 40 17 232 310923  1 8254749 59812 1.9 27 14 1 2 87% 5699 497 30%
c u 630.06 40 17 232 310923  1 8254749 59769 1.9 27 14 1 2 87% 5699 497 30%
c v 630.11 40 17 232 310923  1 8254749 59491 1.9 27 14 1 2 87% 5699 497 30%
c w 630.14 40 17 232 310923  1 8254749 59421 1.9 27 14 1 2 87% 5699 497 30%
c # 630.31 40 17 232 311292  1 8256196 60607 1.9 27 14 1 2 87% 5699 497 30%
c - 638.08 41 17 233 315593  1 8326576 62254 2.0 28 14 1 2 87% 5699 497 30%
c u 638.19 41 17 233 315593  1 8326576 62179 2.0 28 14 1 2 87% 5699 497 30%
c v 638.26 41 17 233 315593  1 8326576 61945 2.0 28 14 1 2 87% 5699 497 30%
c w 638.29 41 17 233 315593  1 8326576 61852 2.0 28 14 1 2 87% 5699 497 30%
c B 644.51 41 17 233 322171  2 8385197 108303 2.1 30 14 1 2 88% 5699 497 30%
c - 645.65 45 17 234 322561  2 8398715 64410 2.1 29 14 1 2 86% 5699 497 30%
c u 645.76 45 17 234 322561  2 8398715 64377 2.1 29 14 1 2 86% 5699 497 30%
c v 645.82 45 17 234 322561  2 8398715 64135 2.1 29 14 1 2 86% 5699 497 30%
c w 645.85 45 17 234 322561  2 8398715 63963 2.1 29 14 1 2 86% 5699 497 30%
c } 649.97 45 17 234 324371  1 8442653 95504 2.1 29 14 1 2 86% 5699 497 30%
c 
c  seconds    reductions      conflicts         size   tier2     variables
c          MB       restarts         redundant     glue   trail      remaining
c           level          rate           size/glue  tier1 irredundant
c 
c [ 649.97 45 16 234 324371  1 8442653 95504 1.7 25 14 1 2 88% 5699 497 30%
c - 653.37 34 16 235 324371  1 8471166 63552 1.8 25 14 1 2 86% 5699 497 30%
c u 653.48 34 16 235 324371  1 8471166 63521 1.8 25 14 1 2 86% 5699 497 30%
c v 653.54 34 16 235 324371  1 8471166 63227 1.8 25 14 1 2 86% 5699 497 30%
c w 653.55 34 16 235 324371  1 8471166 63227 1.8 25 14 1 2 86% 5699 497 30%
c W 659.17 34 17 235 324371  1 8515200 93268 1.7 25 15 1 2 86% 5699 497 30%
c - 661.65 38 16 236 324371  1 8543932 59974 1.7 25 14 1 2 86% 5699 497 30%
c u 661.74 38 16 236 324371  1 8543932 59956 1.7 25 14 1 2 86% 5699 497 30%
c v 661.79 38 16 236 324371  1 8543932 59675 1.7 25 14 1 2 86% 5699 497 30%
c - 667.33 38 17 237 324371  1 8617011 53816 1.6 25 15 1 2 87% 5699 497 30%
c u 667.42 38 17 237 324371  1 8617011 53794 1.6 25 15 1 2 87% 5699 497 30%
c v 667.46 38 17 237 324371  1 8617011 53586 1.6 25 15 1 2 87% 5699 497 30%
c w 667.46 38 17 237 324371  1 8617011 53586 1.6 25 15 1 2 87% 5699 497 30%
c I 669.31 38 17 237 324371  1 8646201 74207 1.7 25 15 1 2 86% 5699 497 30%
c - 671.98 38 17 238 324371  1 8690397 52942 1.6 24 15 1 2 85% 5699 497 30%
c u 672.06 38 17 238 324371  1 8690397 52926 1.6 24 15 1 2 85% 5699 497 30%
c v 672.09 38 17 238 324371  1 8690397 52740 1.6 24 15 1 2 85% 5699 497 30%
c w 672.09 38 17 238 324371  1 8690397 52737 1.6 24 15 1 2 85% 5699 497 30%
c - 677.09 38 17 239 324372  1 8764096 53360 1.6 25 15 1 2 86% 5699 497 30%
c u 677.17 38 17 239 324372  1 8764096 53342 1.6 25 15 1 2 86% 5699 497 30%
c 
c  seconds    reductions      conflicts         size   tier2     variables
c          MB       restarts         redundant     glue   trail      remaining
c           level          rate           size/glue  tier1 irredundant
c 
c v 677.21 38 17 239 324372  1 8764096 52939 1.6 25 15 1 2 86% 5699 497 30%
c w 677.21 38 17 239 324372  1 8764096 52938 1.6 25 15 1 2 86% 5699 497 30%
c B 678.04 38 17 239 324372  1 8778204 62724 1.7 25 15 1 2 86% 5699 497 30%
c ] 679.97 38 18 239 324372  1 8812084 85605 1.7 25 15 1 2 86% 5699 497 30%
c { 679.97 38 17 239 324372  1 8812084 85605 2.1 29 14 1 2 86% 5699 497 30%
c - 682.17 38 17 240 326293  1 8838106 57768 2.1 28 14 1 2 84% 5699 497 30%
c u 682.25 38 17 240 326293  1 8838106 57698 2.1 28 14 1 2 84% 5699 497 30%
c v 682.28 38 17 240 326293  1 8838106 57442 2.1 28 14 1 2 84% 5699 497 30%
c w 682.31 38 17 240 326293  1 8838106 57320 2.1 28 14 1 2 84% 5699 497 30%
c W 689.90 38 16 240 331709  1 8911205 111751 2.1 28 14 1 2 84% 5699 497 30%
c - 690.04 41 16 241 331761  1 8912429 62606 2.1 28 14 1 2 84% 5699 497 30%
c u 690.14 41 16 241 331761  1 8912429 62509 2.1 28 14 1 2 84% 5699 497 30%
c v 690.19 41 16 241 331761  1 8912429 62166 2.1 28 14 1 2 84% 5699 497 30%
c w 690.23 41 16 241 331761  1 8912429 62076 2.1 28 14 1 2 84% 5699 497 30%
c - 698.67 45 17 242 340305  2 8987064 64618 2.0 29 14 1 2 86% 5699 497 30%
c u 698.79 45 17 242 340305  2 8987064 64565 2.0 29 14 1 2 86% 5699 497 30%
c v 698.85 45 17 242 340305  2 8987064 64138 2.0 29 14 1 2 86% 5699 497 30%
c w 698.88 45 17 242 340305  2 8987064 64007 2.0 29 14 1 2 86% 5699 497 30%
c F 703.68 45 15 242 340670  1 9045207 107753 2.0 26 13 1 2 80% 5699 497 30%
c - 705.99 45 15 243 342095  1 9062011 66843 2.0 25 12 1 2 78% 5699 497 30%
c 
c  seconds    reductions      conflicts         size   tier2     variables
c          MB       restarts         redundant     glue   trail      remaining
c           level          rate           size/glue  tier1 irredundant
c 
c u 706.10 45 15 243 342095  1 9062011 66797 2.0 25 12 1 2 78% 5699 497 30%
c v 706.15 45 15 243 342095  1 9062011 66489 2.0 25 12 1 2 78% 5699 497 30%
c w 706.15 45 15 243 342095  1 9062011 66489 2.0 25 12 1 2 78% 5699 497 30%
c } 712.14 45 17 243 350811  2 9113162 104354 2.0 28 14 1 2 81% 5699 497 30%
c [ 712.14 45 18 243 350811  1 9113162 104354 1.7 25 15 1 2 86% 5699 497 30%
c - 714.54 45 17 244 350811  1 9137269 67266 1.8 26 15 1 2 87% 5699 497 30%
c u 714.65 45 17 244 350811  1 9137269 67229 1.8 26 15 1 2 87% 5699 497 30%
c v 714.72 45 17 244 350811  1 9137269 66861 1.8 26 15 1 2 87% 5699 497 30%
c w 714.72 45 17 244 350811  1 9137269 66861 1.8 26 15 1 2 87% 5699 497 30%
c W 719.08 45 17 244 350811  1 9180208 96096 1.8 27 15 1 2 87% 5699 497 30%
c - 721.26 34 17 245 350811  1 9212839 65087 1.7 26 15 1 2 87% 5699 497 30%
c u 721.35 34 17 245 350811  1 9212839 65065 1.7 26 15 1 2 87% 5699 497 30%
c v 721.39 34 17 245 350811  1 9212839 64873 1.7 26 15 1 2 87% 5699 497 30%
c w 721.40 34 17 245 350811  1 9212839 64871 1.7 26 15 1 2 87% 5699 497 30%
c - 726.16 38 17 246 350811  1 9288720 58409 1.8 25 14 1 2 86% 5699 497 30%
c u 726.24 38 17 246 350811  1 9288720 58385 1.8 25 14 1 2 86% 5699 497 30%
c v 726.27 38 17 246 350811  1 9288720 58268 1.8 25 14 1 2 86% 5699 497 30%
c w 726.28 38 17 246 350811  1 9288720 58268 1.8 25 14 1 2 86% 5699 497 30%
c O 727.85 38 17 246 350811  1 9316211 76644 1.8 25 14 1 2 86% 5699 497 30%
c - 733.00 38 17 247 350811  1 9364914 57117 1.8 25 14 1 2 86% 5699 497 30%
c 
c  seconds    reductions      conflicts         size   tier2     variables
c          MB       restarts         redundant     glue   trail      remaining
c           level          rate           size/glue  tier1 irredundant
c 
c u 733.09 38 17 247 350811  1 9364914 57102 1.8 25 14 1 2 86% 5699 497 30%
c v 733.12 38 17 247 350811  1 9364914 56848 1.8 25 14 1 2 86% 5699 497 30%
c x 733.16 38 17 247 350811  1 9364914 56847 1.8 25 14 1 2 86% 5697 497 30%
c s 733.39 38 17 247 350811  1 9364914 56591 1.8 25 14 1 2 86% 5697 497 30%
c s 733.62 38 17 247 350811  1 9364914 56515 1.8 25 14 1 2 86% 5697 497 30%
c - 740.98 38 16 248 350811  1 9441419 56569 1.7 25 14 1 2 87% 5697 497 30%
c u 741.08 38 16 248 350811  1 9441419 56507 1.7 25 14 1 2 87% 5697 497 30%
c v 741.14 38 16 248 350811  1 9441419 56049 1.7 25 14 1 2 87% 5697 497 30%
c w 741.14 38 16 248 350811  1 9441419 56048 1.7 25 14 1 2 87% 5697 497 30%
c B 742.16 38 16 248 350811  1 9453213 63255 1.7 25 14 1 2 87% 5697 497 30%
c ] 743.00 38 17 248 350811  1 9467071 74321 1.8 26 15 1 2 87% 5697 497 30%
c { 743.00 38 17 248 350811  2 9467071 74321 2.0 28 14 1 2 81% 5697 497 30%
c - 749.59 41 17 249 355417  2 9518237 65322 2.1 28 14 1 2 84% 5697 497 30%
c u 749.71 41 17 249 355417  2 9518237 65220 2.1 28 14 1 2 84% 5697 497 30%
c v 749.77 41 17 249 355417  2 9518237 64901 2.1 28 14 1 2 84% 5697 497 30%
c w 749.81 41 17 249 355417  2 9518237 64810 2.1 28 14 1 2 84% 5697 497 30%
c B 757.29 41 17 249 362269  2 9591216 119624 2.0 29 14 1 2 85% 5697 497 30%
c - 757.92 46 17 250 362707  2 9595366 68771 2.1 29 14 1 2 85% 5697 497 30%
c u 758.04 46 17 250 362707  2 9595366 68716 2.1 29 14 1 2 85% 5697 497 30%
c v 758.10 46 17 250 362707  2 9595366 68397 2.1 29 14 1 2 85% 5697 497 30%
c 
c  seconds    reductions      conflicts         size   tier2     variables
c          MB       restarts         redundant     glue   trail      remaining
c           level          rate           size/glue  tier1 irredundant
c 
c w 758.14 46 17 250 362707  2 9595366 68353 2.1 29 14 1 2 85% 5697 497 30%
c s 762.00 46 17 250 366715  2 9632350 95618 2.0 29 14 1 2 85% 5696 497 30%
c s 762.39 46 17 250 366715  2 9632350 95552 2.0 29 14 1 2 85% 5696 497 30%
c - 766.56 46 17 251 368930  2 9672807 69393 2.0 28 14 1 2 83% 5696 497 30%
c u 766.67 46 17 251 368930  2 9672807 69345 2.0 28 14 1 2 83% 5696 497 30%
c v 766.74 46 17 251 368930  2 9672807 69210 2.0 28 14 1 2 83% 5696 497 30%
c w 766.77 46 17 251 368930  2 9672807 69161 2.0 28 14 1 2 83% 5696 497 30%
c W 774.32 46 16 251 370321  1 9730217 108083 2.1 28 13 1 2 86% 5696 497 30%
c - 776.79 46 16 252 372519  1 9750560 68100 2.0 28 14 1 2 86% 5696 497 30%
c u 776.90 46 16 252 372519  1 9750560 68066 2.0 28 14 1 2 86% 5696 497 30%
c v 776.98 46 16 252 372519  1 9750560 67902 2.0 28 14 1 2 86% 5696 497 30%
c w 776.98 46 16 252 372519  1 9750560 67902 2.0 28 14 1 2 86% 5696 497 30%
c } 778.51 46 16 252 373774  1 9765266 80465 2.1 28 13 1 2 86% 5696 497 30%
c [ 778.51 46 17 252 373774  1 9765266 80465 1.8 26 15 1 2 87% 5696 497 30%
c - 785.93 46 14 253 373776  1 9828627 72265 2.4 28 12 1 2 89% 5696 497 30%
c u 786.05 46 14 253 373776  1 9828627 72246 2.4 28 12 1 2 89% 5696 497 30%
c v 786.15 46 14 253 373776  1 9828627 71961 2.4 28 12 1 2 89% 5696 497 30%
c w 786.15 46 14 253 373776  1 9828627 71961 2.4 28 12 1 2 89% 5696 497 30%
c W 789.33 46 15 253 373796  1 9870221 97174 2.2 26 12 1 2 87% 5696 497 30%
c - 791.68 46 15 254 373805  1 9907004 65164 2.1 25 12 1 2 85% 5696 497 30%
c 
c  seconds    reductions      conflicts         size   tier2     variables
c          MB       restarts         redundant     glue   trail      remaining
c           level          rate           size/glue  tier1 irredundant
c 
c u 791.76 46 15 254 373805  1 9907004 65123 2.1 25 12 1 2 85% 5696 497 30%
c v 791.80 46 15 254 373805  1 9907004 65048 2.1 25 12 1 2 85% 5696 497 30%
c w 791.80 46 15 254 373805  1 9907004 65048 2.1 25 12 1 2 85% 5696 497 30%
c - 796.77 34 15 255 373836  1 9985694 59916 1.9 24 12 1 2 84% 5696 497 30%
c u 796.85 34 15 255 373836  1 9985694 59876 1.9 24 12 1 2 84% 5696 497 30%
c v 796.90 34 15 255 373836  1 9985694 59788 1.9 24 12 1 2 84% 5696 497 30%
c w 796.90 34 15 255 373836  1 9985694 59788 1.9 24 12 1 2 84% 5696 497 30%
c I 798.65 34 15 255 373837  1 10011223 76116 1.9 24 13 1 2 85% 5696 497 30%
c - 802.01 37 16 256 373858  1 10064694 58311 1.8 24 14 1 2 86% 5696 497 30%
c u 802.10 37 16 256 373858  1 10064694 58277 1.8 24 14 1 2 86% 5696 497 30%
c v 802.14 37 16 256 373858  1 10064694 58022 1.8 24 14 1 2 86% 5696 497 30%
c w 802.14 37 16 256 373858  1 10064694 58022 1.8 24 14 1 2 86% 5696 497 30%
c - 807.42 37 15 257 373886  1 10144008 56202 1.7 23 14 1 2 85% 5696 497 30%
c u 807.51 37 15 257 373886  1 10144008 56174 1.7 23 14 1 2 85% 5696 497 30%
c v 807.56 37 15 257 373886  1 10144008 55856 1.7 23 14 1 2 85% 5696 497 30%
c w 807.56 37 15 257 373886  1 10144008 55856 1.7 23 14 1 2 85% 5696 497 30%
c B 808.15 37 16 257 373891  1 10153225 61896 1.7 23 14 1 2 85% 5696 497 30%
c ] 809.15 37 16 257 373898  1 10169034 72223 1.7 23 14 1 2 85% 5696 497 30%
c { 809.15 37 16 257 373898  1 10169034 72223 2.1 28 13 1 2 86% 5696 497 30%
c - 815.21 41 16 258 378764  2 10223633 66435 2.1 29 14 1 2 87% 5696 497 30%
c 
c  seconds    reductions      conflicts          size   tier2     variables
c          MB       restarts          redundant     glue   trail      remaining
c           level          rate            size/glue  tier1 irredundant
c 
c u 815.32 41 16 258 378764  2 10223633 66386 2.1 29 14 1 2 87% 5696 497 30%
c v 815.38 41 16 258 378764  2 10223633 66022 2.1 29 14 1 2 87% 5696 497 30%
c w 815.41 41 16 258 378764  2 10223633 65923 2.1 29 14 1 2 87% 5696 497 30%
c # 823.82 41 16 258 384562  1 10296227 119482 2.2 29 14 1 2 88% 5696 497 30%
c - 824.99 46 17 259 386155  2 10303570 70577 2.2 30 14 1 2 88% 5696 497 30%
c u 825.12 46 17 259 386155  2 10303570 70511 2.2 30 14 1 2 88% 5696 497 30%
c v 825.21 46 17 259 386155  2 10303570 70192 2.2 30 14 1 2 88% 5696 497 30%
c w 825.26 46 17 259 386155  2 10303570 70058 2.2 30 14 1 2 88% 5696 497 30%
c - 833.03 46 17 260 393176  2 10383817 70666 2.0 28 14 1 2 86% 5696 497 30%
c u 833.14 46 17 260 393176  2 10383817 70630 2.0 28 14 1 2 86% 5696 497 30%
c v 833.21 46 17 260 393176  2 10383817 70431 2.0 28 14 1 2 86% 5696 497 30%
c w 833.24 46 17 260 393176  2 10383817 70351 2.0 28 14 1 2 86% 5696 497 30%
c B 838.39 46 16 260 395236  1 10440229 105180 1.9 25 14 1 2 81% 5696 497 30%
c - 841.04 46 17 261 398318  1 10464376 70374 1.8 26 14 1 2 80% 5696 497 30%
c u 841.15 46 17 261 398318  1 10464376 70343 1.8 26 14 1 2 80% 5696 497 30%
c v 841.22 46 17 261 398318  1 10464376 70121 1.8 26 14 1 2 80% 5696 497 30%
c w 841.24 46 17 261 398318  1 10464376 69919 1.8 26 14 1 2 80% 5696 497 30%
c } 844.17 46 16 261 399530  1 10491740 92260 2.0 28 14 1 2 82% 5696 497 30%
c [ 844.17 46 16 261 399530  1 10491740 92260 1.7 23 14 1 2 85% 5696 497 30%
c - 848.19 46 16 262 399532  1 10545250 69092 1.6 22 14 1 2 86% 5696 497 30%
c 
c  seconds    reductions      conflicts          size   tier2     variables
c          MB       restarts          redundant     glue   trail      remaining
c           level          rate            size/glue  tier1 irredundant
c 
c u 848.30 46 16 262 399532  1 10545250 69059 1.6 22 14 1 2 86% 5696 497 30%
c v 848.36 46 16 262 399532  1 10545250 68753 1.6 22 14 1 2 86% 5696 497 30%
c w 848.36 46 16 262 399532  1 10545250 68752 1.6 22 14 1 2 86% 5696 497 30%
c W 853.51 46 16 262 399533  1 10585231 93943 1.6 24 14 1 2 87% 5696 497 30%
c - 857.12 46 17 263 399543  1 10626433 66139 1.7 25 15 1 2 87% 5696 497 30%
c u 857.23 46 17 263 399543  1 10626433 66098 1.7 25 15 1 2 87% 5696 497 30%
c v 857.30 46 17 263 399543  1 10626433 65966 1.7 25 15 1 2 87% 5696 497 30%
c - 862.73 46 16 264 399573  1 10707928 61782 1.6 24 15 1 2 88% 5696 497 30%
c u 862.82 46 16 264 399573  1 10707928 61765 1.6 24 15 1 2 88% 5696 497 30%
c v 862.86 46 16 264 399573  1 10707928 61623 1.6 24 15 1 2 88% 5696 497 30%
c w 862.87 46 16 264 399573  1 10707928 61623 1.6 24 15 1 2 88% 5696 497 30%
c O 864.33 46 16 264 399583  1 10731232 73470 1.6 24 14 1 2 88% 5696 497 30%
c - 870.81 36 16 265 399596  1 10789736 58638 1.6 23 15 1 2 88% 5696 497 30%
c u 870.91 36 16 265 399596  1 10789736 58620 1.6 23 15 1 2 88% 5696 497 30%
c v 870.99 36 16 265 399596  1 10789736 58192 1.6 23 15 1 2 88% 5696 497 30%
c ] 878.69 36 16 265 399624  1 10862273 98339 1.7 24 14 1 2 88% 5696 497 30%
c { 878.69 36 16 265 399624  1 10862273 98339 2.0 28 14 1 2 82% 5696 497 30%
c - 880.15 40 17 266 401706  2 10871857 63294 2.0 28 14 1 2 82% 5696 497 30%
c u 880.24 40 17 266 401706  2 10871857 63252 2.0 28 14 1 2 82% 5696 497 30%
c v 880.29 40 17 266 401706  2 10871857 62839 2.0 28 14 1 2 82% 5696 497 30%
c 
c  seconds    reductions      conflicts          size   tier2     variables
c          MB       restarts          redundant     glue   trail      remaining
c           level          rate            size/glue  tier1 irredundant
c 
c w 880.32 40 17 266 401706  2 10871857 62747 2.0 28 14 1 2 82% 5696 497 30%
c x 880.36 40 17 266 401706  2 10871857 62746 2.0 28 14 1 2 82% 5692 497 30%
c s 880.66 40 17 266 401706  2 10871857 62520 2.0 28 14 1 2 82% 5692 497 30%
c e 880.66 40 17 266 401706  2 10871857 61777 2.0 28 14 1 2 82% 5708 496 30%
c s 880.95 40 17 266 401706  2 10871857 61732 2.0 28 14 1 2 82% 5705 496 30%
c W 882.86 40 17 266 402744  2 10878233 66808 2.0 28 14 1 2 82% 5705 496 30%
c - 891.54 46 17 267 408345  2 10954288 71555 2.1 30 14 1 2 85% 5705 496 30%
c u 891.67 46 17 267 408345  2 10954288 71464 2.1 30 14 1 2 85% 5705 496 30%
c v 891.75 46 17 267 408345  2 10954288 71178 2.1 30 14 1 2 85% 5705 496 30%
c w 891.79 46 17 267 408345  2 10954288 71111 2.1 30 14 1 2 85% 5705 496 30%
c F 900.19 46 17 267 414620  2 11026235 123356 2.1 31 14 1 2 87% 5705 496 30%
c - 901.57 51 17 268 415327  2 11037031 73412 2.1 30 14 1 2 86% 5705 496 30%
c u 901.69 51 17 268 415327  2 11037031 73346 2.1 30 14 1 2 86% 5705 496 30%
c v 901.79 51 17 268 415327  2 11037031 72947 2.1 30 14 1 2 86% 5705 496 30%
c w 901.83 51 17 268 415327  2 11037031 72874 2.1 30 14 1 2 86% 5705 496 30%
c - 910.13 52 16 269 420126  1 11120087 73700 2.1 30 14 1 2 86% 5705 496 30%
c u 910.55 52 16 269 420126  1 11120087 73640 2.1 30 14 1 2 86% 5705 496 30%
c v 910.63 52 16 269 420126  1 11120087 73311 2.1 30 14 1 2 86% 5705 496 30%
c w 910.66 52 16 269 420126  1 11120087 73100 2.1 30 14 1 2 86% 5705 496 30%
c B 918.00 52 16 269 425344  2 11175237 112923 2.1 29 14 1 2 88% 5705 496 30%
c 
c  seconds    reductions      conflicts           size   tier2     variables
c          MB       restarts          redundant      glue   trail      remaining
c           level          rate             size/glue  tier1 irredundant
c 
c } 918.16 52 16 269 425410  2 11176362 113694 2.1 29 14 1 2 88% 5705 496 30%
c [ 918.16 52 16 269 425410  1 11176362 113694 1.7 24 14 1 2 88% 5705 496 30%
c - 921.59 52 15 270 425413  1 11203455 71532 1.6 23 14 1 2 88% 5705 496 30%
c u 921.71 52 15 270 425413  1 11203455 71497 1.6 23 14 1 2 88% 5705 496 30%
c v 921.85 52 15 270 425413  1 11203455 71089 1.6 23 14 1 2 88% 5705 496 30%
c - 931.38 39 14 271 425444  1 11287133 70135 1.9 23 12 1 2 88% 5705 496 30%
c u 931.50 39 14 271 425444  1 11287133 70090 1.9 23 12 1 2 88% 5705 496 30%
c v 931.61 39 14 271 425444  1 11287133 69690 1.9 23 12 1 2 88% 5705 496 30%
c w 931.61 39 14 271 425444  1 11287133 69690 1.9 23 12 1 2 88% 5705 496 30%
c B 935.48 39 14 271 425446  1 11325239 94483 2.0 24 12 1 2 89% 5705 496 30%
c - 939.79 43 14 272 425446  1 11371124 65540 1.9 24 13 1 2 88% 5705 496 30%
c u 939.90 43 14 272 425446  1 11371124 65510 1.9 24 13 1 2 88% 5705 496 30%
c v 939.99 43 14 272 425446  1 11371124 65122 1.9 24 13 1 2 88% 5705 496 30%
c - 949.92 43 16 273 425447  1 11455426 64349 1.8 25 14 1 2 86% 5705 496 30%
c u 950.03 43 16 273 425447  1 11455426 64321 1.8 25 14 1 2 86% 5705 496 30%
c v 950.14 43 16 273 425447  1 11455426 63613 1.8 25 14 1 2 86% 5705 496 30%
c w 950.15 43 16 273 425447  1 11455426 63613 1.8 25 14 1 2 86% 5705 496 30%
c W 954.36 43 16 273 425447  1 11476240 75618 1.8 25 14 1 2 85% 5705 496 30%
c ] 955.90 43 16 273 425447  1 11493594 84818 1.7 24 14 1 2 84% 5705 496 30%
c { 955.90 43 16 273 425447  2 11493594 84818 2.1 29 14 1 2 88% 5705 496 30%
c 
c  seconds    reductions      conflicts          size   tier2     variables
c          MB       restarts          redundant     glue   trail      remaining
c           level          rate            size/glue  tier1 irredundant
c 
c - 960.19 43 16 274 427778  1 11540041 68529 2.1 27 13 1 2 82% 5705 496 30%
c u 960.31 43 16 274 427778  1 11540041 68502 2.1 27 13 1 2 82% 5705 496 30%
c v 960.36 43 16 274 427778  1 11540041 68206 2.1 27 13 1 2 82% 5705 496 30%
c w 960.40 43 16 274 427778  1 11540041 68059 2.1 27 13 1 2 82% 5705 496 30%
c - 970.63 48 17 275 436762  2 11624968 75941 2.0 28 14 1 2 82% 5705 496 30%
c u 970.76 48 17 275 436762  2 11624968 75909 2.0 28 14 1 2 82% 5705 496 30%
c v 970.85 48 17 275 436762  2 11624968 75407 2.0 28 14 1 2 82% 5705 496 30%
c w 970.90 48 17 275 436762  2 11624968 75227 2.0 28 14 1 2 82% 5705 496 30%
c W 971.90 48 17 275 436782  2 11628241 77026 2.0 28 14 1 2 82% 5705 496 30%
c - 981.63 48 16 276 441506  2 11710207 73486 2.0 26 13 1 2 86% 5705 496 30%
c u 981.75 48 16 276 441506  2 11710207 73437 2.0 26 13 1 2 86% 5705 496 30%
c v 981.85 48 16 276 441506  2 11710207 73050 2.0 26 13 1 2 86% 5705 496 30%
c # 990.55 48 16 276 449231  2 11781242 121191 1.9 26 14 1 2 85% 5705 496 30%
c - 992.54 48 16 277 450554  2 11795760 75297 1.9 26 14 1 2 85% 5705 496 30%
c u 992.66 48 16 277 450554  2 11795760 75269 1.9 26 14 1 2 85% 5705 496 30%
c v 992.77 48 16 277 450554  2 11795760 74873 1.9 26 14 1 2 85% 5705 496 30%
c w 992.78 48 16 277 450554  2 11795760 74873 1.9 26 14 1 2 85% 5705 496 30%
c } 995.65 48 16 277 453250  2 11826333 95413 1.9 26 14 1 2 83% 5705 496 30%
c [ 995.65 48 16 277 453250  1 11826333 95413 1.7 24 14 1 2 84% 5705 496 30%
c - 1002.43 51 16 278 453265  1 11881623 77002 1.8 25 13 1 2 83% 5705 496 30%
c 
c   seconds    reductions      conflicts          size   tier2     variables
c           MB       restarts          redundant     glue   trail      remaining
c            level          rate            size/glue  tier1 irredundant
c 
c u 1002.56 51 16 278 453265  1 11881623 76968 1.8 25 13 1 2 83% 5705 496 30%
c v 1002.66 51 16 278 453265  1 11881623 76612 1.8 25 13 1 2 83% 5705 496 30%
c I 1007.03 51 17 278 453283  1 11935243 118411 1.8 26 14 1 2 83% 5705 496 30%
c - 1009.69 51 17 279 453297  1 11967800 76122 1.8 26 14 1 2 85% 5705 496 30%
c u 1009.81 51 17 279 453297  1 11967800 76097 1.8 26 14 1 2 85% 5705 496 30%
c v 1009.86 51 17 279 453297  1 11967800 75884 1.8 26 14 1 2 85% 5705 496 30%
c w 1009.87 51 17 279 453297  1 11967800 75884 1.8 26 14 1 2 85% 5705 496 30%
c - 1017.12 51 17 280 453317  1 12054286 68289 1.7 25 14 1 2 85% 5705 496 30%
c u 1017.23 51 17 280 453317  1 12054286 68262 1.7 25 14 1 2 85% 5705 496 30%
c v 1017.29 51 17 280 453317  1 12054286 67934 1.7 25 14 1 2 85% 5705 496 30%
c w 1017.29 51 17 280 453317  1 12054286 67933 1.7 25 14 1 2 85% 5705 496 30%
c B 1019.90 51 17 280 453334  1 12090244 93601 1.7 26 15 1 2 85% 5705 496 30%
c - 1025.00 40 17 281 453351  1 12141084 67946 1.8 26 15 1 2 86% 5705 496 30%
c u 1025.11 40 17 281 453351  1 12141084 67930 1.8 26 15 1 2 86% 5705 496 30%
c v 1025.20 40 17 281 453351  1 12141084 67525 1.8 26 15 1 2 86% 5705 496 30%
c w 1025.20 40 17 281 453351  1 12141084 67525 1.8 26 15 1 2 86% 5705 496 30%
c ] 1031.90 40 16 281 453376  1 12214980 106859 1.7 25 14 1 2 86% 5705 496 30%
c { 1031.90 40 16 281 453376  2 12214980 106859 1.9 26 14 1 2 83% 5705 496 30%
c - 1032.83 44 16 282 454033  2 12228194 66257 1.8 25 14 1 2 81% 5705 496 30%
c u 1032.94 44 16 282 454033  2 12228194 66239 1.8 25 14 1 2 81% 5705 496 30%
c 
c   seconds    reductions      conflicts          size   tier2     variables
c           MB       restarts          redundant     glue   trail      remaining
c            level          rate            size/glue  tier1 irredundant
c 
c v 1033.00 44 16 282 454033  2 12228194 65895 1.8 25 14 1 2 81% 5705 496 30%
c w 1033.00 44 16 282 454033  2 12228194 65894 1.8 25 14 1 2 81% 5705 496 30%
c B 1034.71 44 16 282 455611  2 12246246 78632 1.9 26 14 1 2 80% 5705 496 30%
c - 1041.17 49 16 283 460079  2 12315617 73933 1.8 25 14 1 2 79% 5705 496 30%
c u 1041.29 49 16 283 460079  2 12315617 73914 1.8 25 14 1 2 79% 5705 496 30%
c v 1041.35 49 16 283 460079  2 12315617 73597 1.8 25 14 1 2 79% 5705 496 30%
c w 1041.38 49 16 283 460079  2 12315617 73350 1.8 25 14 1 2 79% 5705 496 30%
c W 1053.49 49 17 283 468196  2 12403248 142167 1.9 26 14 1 2 78% 5705 496 30%
c - 1053.53 49 17 284 468196  2 12403352 79901 1.9 26 14 1 2 78% 5705 496 30%
c u 1053.68 49 17 284 468196  2 12403352 79790 1.9 26 14 1 2 78% 5705 496 30%
c v 1053.75 49 17 284 468196  2 12403352 79508 1.9 26 14 1 2 78% 5705 496 30%
c w 1053.80 49 17 284 468196  2 12403352 79459 1.9 26 14 1 2 78% 5705 496 30%
c - 1061.79 49 15 285 470150  1 12491397 76514 1.8 23 13 1 2 80% 5705 496 30%
c u 1061.91 49 15 285 470150  1 12491397 76487 1.8 23 13 1 2 80% 5705 496 30%
c v 1061.99 49 15 285 470150  1 12491397 76134 1.8 23 13 1 2 80% 5705 496 30%
c F 1070.75 49 16 285 480808  2 12561249 128592 1.8 25 14 1 2 80% 5705 496 30%
c - 1073.37 41 17 286 482859  2 12579754 80485 1.8 25 14 1 2 80% 5705 496 30%
c u 1073.49 41 17 286 482859  2 12579754 80458 1.8 25 14 1 2 80% 5705 496 30%
c v 1073.55 41 17 286 482859  2 12579754 80233 1.8 25 14 1 2 80% 5705 496 30%
c w 1073.58 41 17 286 482859  2 12579754 80092 1.8 25 14 1 2 80% 5705 496 30%
c 
c   seconds    reductions      conflicts          size   tier2     variables
c           MB       restarts          redundant     glue   trail      remaining
c            level          rate            size/glue  tier1 irredundant
c 
c x 1073.62 41 17 286 482859  2 12579754 80091 1.8 25 14 1 2 80% 5702 496 30%
c s 1074.06 41 17 286 482859  2 12579754 79535 1.8 25 14 1 2 80% 5701 496 30%
c s 1074.52 41 17 286 482859  2 12579754 79410 1.8 25 14 1 2 80% 5701 496 30%
c } 1076.25 41 17 286 484903  2 12599789 94995 1.8 25 14 1 2 78% 5701 496 30%
c [ 1076.25 41 16 286 484903  1 12599789 94995 1.7 25 14 1 2 86% 5701 496 30%
c - 1083.08 41 16 287 484904  1 12668423 77767 1.7 24 15 1 2 87% 5701 496 30%
c u 1083.21 41 16 287 484904  1 12668423 77720 1.7 24 15 1 2 87% 5701 496 30%
c v 1083.29 41 16 287 484904  1 12668423 77395 1.7 24 15 1 2 87% 5701 496 30%
c W 1089.67 41 17 287 484918  1 12720251 112582 1.8 26 15 1 2 88% 5701 496 30%
c - 1093.77 46 18 288 484934  1 12757406 74684 1.7 27 15 1 2 87% 5701 496 30%
c u 1093.89 46 18 288 484934  1 12757406 74641 1.7 27 15 1 2 87% 5701 496 30%
c v 1093.99 46 18 288 484934  1 12757406 74291 1.7 27 15 1 2 87% 5701 496 30%
c w 1093.99 46 18 288 484934  1 12757406 74291 1.7 27 15 1 2 87% 5701 496 30%
c - 1103.11 46 17 289 484966  1 12846700 68436 1.7 26 15 1 2 87% 5701 496 30%
c u 1103.23 46 17 289 484966  1 12846700 68411 1.7 26 15 1 2 87% 5701 496 30%
c v 1103.33 46 17 289 484966  1 12846700 68049 1.7 26 15 1 2 87% 5701 496 30%
c O 1106.19 46 17 289 484967  1 12880252 87446 1.7 25 15 1 2 87% 5701 496 30%
c - 1109.83 46 16 290 484988  1 12936305 68528 1.7 23 14 1 2 73% 5701 496 30%
c u 1109.93 46 16 290 484988  1 12936305 68514 1.7 23 14 1 2 73% 5701 496 30%
c v 1109.99 46 16 290 484988  1 12936305 68296 1.7 23 14 1 2 73% 5701 496 30%
c 
c   seconds    reductions      conflicts           size   tier2     variables
c           MB       restarts          redundant      glue   trail      remaining
c            level          rate             size/glue  tier1 irredundant
c 
c ] 1116.09 46 16 290 485007  1 12992416 106266 1.8 26 14 1 2 78% 5701 496 30%
c { 1116.09 46 17 290 485007  2 12992416 106266 1.8 25 14 1 2 78% 5701 496 30%
c - 1120.28 49 16 291 486819  2 13026223 76572 1.9 25 14 1 2 78% 5701 496 30%
c u 1120.41 49 16 291 486819  2 13026223 76506 1.9 25 14 1 2 78% 5701 496 30%
c v 1120.51 49 16 291 486819  2 13026223 75992 1.9 25 14 1 2 78% 5701 496 30%
c w 1120.56 49 16 291 486819  2 13026223 75946 1.9 25 14 1 2 78% 5701 496 30%
c B 1122.26 49 16 291 487533  2 13041253 85168 1.9 25 14 1 2 79% 5701 496 30%
c - 1130.33 49 16 292 492093  1 13116453 81405 2.1 27 13 1 2 81% 5701 496 30%
c u 1130.95 49 16 292 492093  1 13116453 81343 2.1 27 13 1 2 81% 5701 496 30%
c v 1131.04 49 16 292 492093  1 13116453 81158 2.1 27 13 1 2 81% 5701 496 30%
c w 1131.09 49 16 292 492093  1 13116453 81126 2.1 27 13 1 2 81% 5701 496 30%
c W 1143.58 49 17 292 502432  2 13203254 147240 2.0 28 14 1 2 79% 5701 496 30%
c - 1144.20 55 17 293 503206  2 13206994 83803 2.0 28 14 1 2 79% 5701 496 30%
c u 1144.34 41 17 293 503206  2 13206994 83755 2.0 28 14 1 2 79% 5701 496 30%
c v 1144.44 41 17 293 503206  2 13206994 83373 2.0 28 14 1 2 79% 5701 496 30%
c w 1144.49 41 17 293 503206  2 13206994 83228 2.0 28 14 1 2 79% 5701 496 30%
c - 1155.24 43 16 294 508242  2 13297848 82362 2.0 27 14 1 2 85% 5701 496 30%
c u 1155.37 43 16 294 508242  2 13297848 82330 2.0 27 14 1 2 85% 5701 496 30%
c v 1155.49 43 16 294 508242  2 13297848 82004 2.0 27 14 1 2 85% 5701 496 30%
c w 1155.49 43 16 294 508242  2 13297848 82004 2.0 27 14 1 2 85% 5701 496 30%
c 
c   seconds    reductions      conflicts           size   tier2     variables
c           MB       restarts          redundant      glue   trail      remaining
c            level          rate             size/glue  tier1 irredundant
c 
c } 1161.83 43 17 294 515131  2 13360874 126627 1.9 26 14 1 2 80% 5701 496 30%
c [ 1161.83 43 16 294 515131  1 13360874 126627 1.8 26 14 1 2 78% 5701 496 30%
c B 1162.78 43 16 294 515135  1 13366255 128757 1.8 26 14 1 2 79% 5701 496 30%
c - 1164.51 42 16 295 515144  1 13389013 82651 1.8 26 14 1 2 80% 5701 496 30%
c u 1164.64 42 16 295 515144  1 13389013 82637 1.8 26 14 1 2 80% 5701 496 30%
c v 1164.72 42 16 295 515144  1 13389013 82531 1.8 26 14 1 2 80% 5701 496 30%
c w 1164.72 42 16 295 515144  1 13389013 82530 1.8 26 14 1 2 80% 5701 496 30%
c - 1171.15 47 16 296 515155  1 13480491 78382 1.7 24 14 1 2 83% 5701 496 30%
c u 1171.26 47 16 296 515155  1 13480491 78365 1.7 24 14 1 2 83% 5701 496 30%
c v 1171.32 47 16 296 515155  1 13480491 78226 1.7 24 14 1 2 83% 5701 496 30%
c w 1171.32 47 16 296 515155  1 13480491 78226 1.7 24 14 1 2 83% 5701 496 30%
c W 1176.26 47 16 296 515156  1 13530256 105501 1.6 23 14 1 2 84% 5701 496 30%
c - 1179.51 47 16 297 515156  1 13572283 69890 1.6 23 14 1 2 85% 5701 496 30%
c u 1179.63 47 16 297 515156  1 13572283 69870 1.6 23 14 1 2 85% 5701 496 30%
c v 1179.68 47 16 297 515156  1 13572283 69652 1.6 23 14 1 2 85% 5701 496 30%
c - 1186.11 47 15 298 515157  1 13664384 67226 1.6 22 14 1 2 86% 5701 496 30%
c u 1186.22 47 15 298 515157  1 13664384 67205 1.6 22 14 1 2 86% 5701 496 30%
c v 1186.27 47 15 298 515157  1 13664384 66847 1.6 22 14 1 2 86% 5701 496 30%
c w 1186.27 47 15 298 515157  1 13664384 66846 1.6 22 14 1 2 86% 5701 496 30%
c I 1188.61 47 15 298 515157  1 13695257 83608 1.6 22 14 1 2 87% 5701 496 30%
c 
c   seconds    reductions      conflicts          size   tier2     variables
c           MB       restarts          redundant     glue   trail      remaining
c            level          rate            size/glue  tier1 irredundant
c 
c - 1193.36 47 16 299 515157  1 13756797 68972 1.7 23 14 1 2 86% 5701 496 30%
c u 1193.47 47 16 299 515157  1 13756797 68957 1.7 23 14 1 2 86% 5701 496 30%
c v 1193.52 47 16 299 515157  1 13756797 68453 1.7 23 14 1 2 86% 5701 496 30%
c w 1193.54 47 16 299 515157  1 13756797 68365 1.7 23 14 1 2 86% 5701 496 30%
c - 1200.41 47 16 300 515157  1 13849522 70736 1.7 24 14 1 2 85% 5701 496 30%
c u 1200.52 47 16 300 515157  1 13849522 70716 1.7 24 14 1 2 85% 5701 496 30%
c v 1200.58 47 16 300 515157  1 13849522 70510 1.7 24 14 1 2 85% 5701 496 30%
c w 1200.61 47 16 300 515157  1 13849522 70359 1.7 24 14 1 2 85% 5701 496 30%
c B 1201.37 47 16 300 515157  1 13861258 78296 1.7 24 14 1 2 85% 5701 496 30%
c ] 1202.99 47 16 300 515157  1 13881840 90449 1.7 24 14 1 2 85% 5701 496 30%
c { 1202.99 47 17 300 515157  2 13881840 90449 1.9 26 14 1 2 80% 5701 496 30%
c - 1210.05 47 16 301 517420  1 13942559 77544 2.1 28 13 1 2 82% 5701 496 30%
c u 1210.19 47 16 301 517420  1 13942559 77513 2.1 28 13 1 2 82% 5701 496 30%
c v 1210.28 47 16 301 517420  1 13942559 76988 2.1 28 13 1 2 82% 5701 496 30%
c w 1210.32 47 16 301 517420  1 13942559 76886 2.1 28 13 1 2 82% 5701 496 30%
c # 1221.04 47 16 301 525821  2 14028259 140053 2.2 30 14 1 2 84% 5701 496 30%
c - 1222.52 53 17 302 527509  2 14035909 83389 2.1 29 14 1 2 84% 5701 496 30%
c u 1222.67 53 17 302 527509  2 14035909 83345 2.1 29 14 1 2 84% 5701 496 30%
c v 1222.80 53 17 302 527509  2 14035909 82787 2.1 29 14 1 2 84% 5701 496 30%
c w 1222.86 53 17 302 527509  2 14035909 82582 2.1 29 14 1 2 84% 5701 496 30%
c 
c   seconds    reductions      conflicts          size   tier2     variables
c           MB       restarts          redundant     glue   trail      remaining
c            level          rate            size/glue  tier1 irredundant
c 
c - 1233.02 47 16 303 533765  2 14129571 85950 2.0 26 13 1 2 75% 5701 496 30%
c u 1233.17 47 16 303 533765  2 14129571 85917 2.0 26 13 1 2 75% 5701 496 30%
c v 1233.25 47 16 303 533765  2 14129571 85630 2.0 26 13 1 2 75% 5701 496 30%
c w 1233.30 47 16 303 533765  2 14129571 85477 2.0 26 13 1 2 75% 5701 496 30%
c B 1241.30 47 17 303 541844  2 14196261 137198 1.9 26 14 1 2 75% 5701 496 30%
c - 1246.14 53 16 304 542816  2 14223544 88919 2.0 27 13 1 2 78% 5701 496 30%
c u 1246.29 40 16 304 542816  2 14223544 88888 2.0 27 13 1 2 78% 5701 496 30%
c v 1246.44 40 16 304 542816  2 14223544 88197 2.0 27 13 1 2 78% 5701 496 30%
c } 1249.29 40 16 304 545788  2 14246655 103824 2.0 27 14 1 2 80% 5701 496 30%
c [ 1249.29 40 16 304 545788  1 14246655 103824 1.7 24 14 1 2 85% 5701 496 30%
c - 1257.22 39 14 305 545803  1 14317830 82724 1.7 22 13 1 2 85% 5701 496 30%
c u 1257.36 39 14 305 545803  1 14317830 82697 1.7 22 13 1 2 85% 5701 496 30%
c v 1257.48 39 14 305 545803  1 14317830 82253 1.7 22 13 1 2 85% 5701 496 30%
c w 1257.48 39 14 305 545803  1 14317830 82253 1.7 22 13 1 2 85% 5701 496 30%
c W 1264.58 39 16 305 545819  1 14365263 115013 1.7 24 14 1 2 86% 5701 496 30%
c - 1268.77 46 17 306 545840  1 14412428 82111 1.8 25 14 1 2 87% 5701 496 30%
c u 1268.90 46 17 306 545840  1 14412428 82090 1.8 25 14 1 2 87% 5701 496 30%
c v 1268.97 46 17 306 545840  1 14412428 81770 1.8 25 14 1 2 87% 5701 496 30%
c w 1268.97 46 17 306 545840  1 14412428 81770 1.8 25 14 1 2 87% 5701 496 30%
c - 1276.57 46 16 307 545864  1 14507339 75831 1.7 25 14 1 2 86% 5701 496 30%
c 
c   seconds    reductions      conflicts          size   tier2     variables
c           MB       restarts          redundant     glue   trail      remaining
c            level          rate            size/glue  tier1 irredundant
c 
c u 1276.66 46 16 307 545864  1 14507339 74556 1.7 25 14 1 2 86% 5701 496 30%
c v 1276.71 46 16 307 545864  1 14507339 74381 1.7 25 14 1 2 86% 5701 496 30%
c w 1276.71 46 16 307 545864  1 14507339 74379 1.7 25 14 1 2 86% 5701 496 30%
c x 1276.76 46 16 307 545864  1 14507339 74376 1.7 25 14 1 2 86% 5698 496 30%
c s 1277.14 46 16 307 545864  1 14507339 73808 1.7 25 14 1 2 86% 5698 496 30%
c s 1277.53 46 16 307 545864  1 14507339 73705 1.7 25 14 1 2 86% 5698 496 30%
c O 1279.49 46 16 307 545876  1 14535264 89206 1.7 24 14 1 2 87% 5698 496 30%
c - 1287.11 47 16 308 545897  1 14602561 70998 1.7 23 14 1 2 88% 5698 496 30%
c u 1287.24 47 16 308 545897  1 14602561 68682 1.7 23 14 1 2 88% 5698 496 30%
c v 1287.34 47 16 308 545897  1 14602561 68150 1.7 23 14 1 2 88% 5698 496 30%
c ] 1294.70 47 15 308 545914  1 14677739 104821 1.6 23 14 1 2 87% 5698 496 30%
c { 1294.70 47 16 308 545914  2 14677739 104821 2.0 27 14 1 2 80% 5698 496 30%
c - 1297.12 47 17 309 548060  2 14698094 73292 2.0 27 14 1 2 79% 5698 496 30%
c u 1297.27 47 17 309 548060  2 14698094 71261 2.0 27 14 1 2 79% 5698 496 30%
c v 1297.35 47 17 309 548060  2 14698094 70773 2.0 27 14 1 2 79% 5698 496 30%
c w 1297.39 47 17 309 548060  2 14698094 70659 2.0 27 14 1 2 79% 5698 496 30%
c W 1299.75 47 17 309 549206  2 14706265 77384 2.0 27 14 1 2 80% 5698 496 30%
c - 1308.48 48 16 310 552564  1 14793941 79343 2.1 28 13 1 2 82% 5698 496 30%
c u 1308.64 48 16 310 552564  1 14793941 77484 2.1 28 13 1 2 82% 5698 496 30%
c v 1308.71 48 16 310 552564  1 14793941 77000 2.1 28 13 1 2 82% 5698 496 30%
c 
c   seconds    reductions      conflicts          size   tier2     variables
c           MB       restarts          redundant     glue   trail      remaining
c            level          rate            size/glue  tier1 irredundant
c 
c w 1308.76 48 16 310 552564  1 14793941 76941 2.1 28 13 1 2 82% 5698 496 30%
c s 1310.27 48 16 310 553784  1 14803192 83117 2.1 28 13 1 2 82% 5698 496 30%
c s 1310.75 48 16 310 553784  1 14803192 83032 2.1 28 13 1 2 82% 5698 496 30%
c F 1320.43 48 16 310 561456  2 14878266 134001 2.0 27 14 1 2 82% 5698 496 30%
c - 1322.69 54 17 311 563628  2 14890099 79812 2.0 28 14 1 2 83% 5698 496 30%
c u 1322.85 54 17 311 563628  2 14890099 77502 2.0 28 14 1 2 83% 5698 496 30%
c v 1322.97 54 17 311 563628  2 14890099 77161 2.0 28 14 1 2 83% 5698 496 30%
c w 1323.03 54 17 311 563628  2 14890099 77033 2.0 28 14 1 2 83% 5698 496 30%
c - 1333.55 42 16 312 568535  1 14986569 75926 1.9 26 14 1 2 86% 5698 496 30%
c u 1333.71 42 16 312 568535  1 14986569 74194 1.9 26 14 1 2 86% 5698 496 30%
c v 1333.79 42 16 312 568535  1 14986569 73945 1.9 26 14 1 2 86% 5698 496 30%
c B 1339.83 42 16 312 574433  2 15051268 116411 1.8 25 13 1 2 78% 5698 496 30%
c - 1344.35 48 16 313 577508  2 15083351 76700 1.9 26 14 1 2 80% 5698 496 30%
c u 1344.51 48 16 313 577508  2 15083351 74906 1.9 26 14 1 2 80% 5698 496 30%
c v 1344.58 48 16 313 577508  2 15083351 74626 1.9 26 14 1 2 80% 5698 496 30%
c } 1346.00 48 17 313 578922  2 15095593 84086 1.9 26 14 1 2 80% 5698 496 30%
c [ 1346.00 48 15 313 578922  1 15095593 84086 1.6 23 14 1 2 87% 5698 496 30%
c - 1353.13 48 16 314 578930  1 15180444 73845 1.7 24 14 1 2 87% 5698 496 30%
c u 1353.26 48 16 314 578930  1 15180444 72325 1.7 24 14 1 2 87% 5698 496 30%
c v 1353.33 48 16 314 578930  1 15180444 71982 1.7 24 14 1 2 87% 5698 496 30%
c 
c   seconds    reductions      conflicts          size   tier2     variables
c           MB       restarts          redundant     glue   trail      remaining
c            level          rate            size/glue  tier1 irredundant
c 
c B 1356.83 48 16 314 578952  1 15225271 95554 1.7 23 14 1 2 87% 5698 496 30%
c - 1361.07 48 16 315 578969  1 15277850 65164 1.6 23 14 1 2 87% 5698 496 30%
c u 1361.20 48 16 315 578969  1 15277850 63556 1.6 23 14 1 2 87% 5698 496 30%
c v 1361.26 48 16 315 578969  1 15277850 63361 1.6 23 14 1 2 87% 5698 496 30%
c w 1361.26 48 16 315 578969  1 15277850 63360 1.6 23 14 1 2 87% 5698 496 30%
c - 1369.78 48 16 316 578993  1 15375567 59490 1.7 24 14 1 2 88% 5698 496 30%
c u 1370.17 48 16 316 578993  1 15375567 57363 1.7 24 14 1 2 88% 5698 496 30%
c v 1370.24 48 16 316 578993  1 15375567 57074 1.7 24 14 1 2 88% 5698 496 30%
c w 1370.24 48 16 316 578993  1 15375567 57074 1.7 24 14 1 2 88% 5698 496 30%
c W 1374.01 48 16 316 579002  1 15400274 70616 1.7 24 14 1 2 88% 5698 496 30%
c - 1379.96 48 16 317 579031  1 15473598 57629 1.6 24 15 1 2 87% 5698 496 30%
c u 1380.08 48 16 317 579031  1 15473598 56319 1.6 24 15 1 2 87% 5698 496 30%
c v 1380.14 48 16 317 579031  1 15473598 55979 1.6 24 15 1 2 87% 5698 496 30%
c w 1380.14 48 16 317 579031  1 15473598 55979 1.6 24 15 1 2 87% 5698 496 30%
c - 1387.99 48 16 318 579050  1 15571939 55108 1.6 23 14 1 2 87% 5698 496 30%
c u 1388.11 48 16 318 579050  1 15571939 53523 1.6 23 14 1 2 87% 5698 496 30%
c v 1388.18 48 16 318 579050  1 15571939 53011 1.6 23 14 1 2 87% 5698 496 30%
c w 1388.18 48 16 318 579050  1 15571939 53011 1.6 23 14 1 2 87% 5698 496 30%
c I 1388.40 48 16 318 579050  1 15576275 55639 1.6 23 14 1 2 87% 5698 496 30%
c ] 1393.61 48 16 318 579051  1 15653529 100900 1.6 23 14 1 2 86% 5698 496 30%
c 
c   seconds    reductions      conflicts           size   tier2     variables
c           MB       restarts          redundant      glue   trail      remaining
c            level          rate             size/glue  tier1 irredundant
c 
c { 1393.61 48 17 318 579051  2 15653529 100900 1.9 26 14 1 2 80% 5698 496 30%
c - 1395.66 48 17 319 580749  2 15670592 59707 1.9 26 14 1 2 82% 5698 496 30%
c u 1395.78 48 17 319 580749  2 15670592 58358 1.9 26 14 1 2 82% 5698 496 30%
c v 1395.84 48 17 319 580749  2 15670592 58109 1.9 26 14 1 2 82% 5698 496 30%
c w 1395.87 48 17 319 580749  2 15670592 58036 1.9 26 14 1 2 82% 5698 496 30%
c W 1405.66 48 15 319 582495  1 15753277 109313 2.1 26 13 1 2 85% 5698 496 30%
c - 1407.84 48 15 320 584878  1 15769557 64659 2.0 26 13 1 2 84% 5698 496 30%
c u 1408.00 48 15 320 584878  1 15769557 62663 2.0 26 13 1 2 84% 5698 496 30%
c v 1408.09 48 15 320 584878  1 15769557 62249 2.0 26 13 1 2 84% 5698 496 30%
c w 1408.13 48 15 320 584878  1 15769557 62099 2.0 26 13 1 2 84% 5698 496 30%
c - 1421.13 52 17 321 595940  2 15868834 69863 2.2 30 14 1 2 86% 5698 496 30%
c u 1421.30 52 17 321 595940  2 15868834 68191 2.2 30 14 1 2 86% 5698 496 30%
c v 1421.41 52 17 321 595940  2 15868834 67784 2.2 30 14 1 2 86% 5698 496 30%
c w 1421.46 52 17 321 595940  2 15868834 67700 2.2 30 14 1 2 86% 5698 496 30%
c # 1427.59 52 15 321 598592  2 15931278 111562 2.1 26 13 1 2 79% 5698 496 30%
c - 1432.68 52 16 322 603525  2 15968423 69522 2.0 27 13 1 2 80% 5698 496 30%
c u 1432.80 52 16 322 603525  2 15968423 69318 2.0 27 13 1 2 80% 5698 496 30%
c v 1432.92 52 16 322 603525  2 15968423 68992 2.0 27 13 1 2 80% 5698 496 30%
c - 1444.26 52 17 323 613579  2 16068324 68722 1.9 26 14 1 2 82% 5698 496 30%
c u 1444.37 52 17 323 613579  2 16068324 68674 1.9 26 14 1 2 82% 5698 496 30%
c 
c   seconds    reductions      conflicts          size   tier2     variables
c           MB       restarts          redundant     glue   trail      remaining
c            level          rate            size/glue  tier1 irredundant
c 
c v 1444.51 52 17 323 613579  2 16068324 68096 1.9 26 14 1 2 82% 5698 496 30%
c w 1444.51 52 17 323 613579  2 16068324 68094 1.9 26 14 1 2 82% 5698 496 30%
c } 1447.00 52 17 323 615561  2 16097157 91549 2.0 27 14 1 2 82% 5698 496 30%
c [ 1447.00 52 16 323 615561  1 16097157 91549 1.6 23 14 1 2 86% 5698 496 30%
c B 1448.34 52 16 323 615561  1 16110279 101931 1.7 25 14 1 2 87% 5698 496 30%
c - 1454.65 52 17 324 615561  1 16168537 73004 2.0 29 14 1 2 89% 5698 496 30%
c u 1454.77 52 17 324 615561  1 16168537 72998 2.0 29 14 1 2 89% 5698 496 30%
c v 1454.88 52 17 324 615561  1 16168537 72726 2.0 29 14 1 2 89% 5698 496 30%
c w 1454.92 52 17 324 615561  1 16168537 72588 2.0 29 14 1 2 89% 5698 496 30%
c - 1465.75 52 16 325 615591  1 16269062 67036 2.1 29 14 1 2 89% 5698 496 30%
c u 1465.86 52 16 325 615591  1 16269062 67025 2.1 29 14 1 2 89% 5698 496 30%
c v 1466.00 52 16 325 615591  1 16269062 66553 2.1 29 14 1 2 89% 5698 496 30%
c w 1466.01 52 16 325 615591  1 16269062 66552 2.1 29 14 1 2 89% 5698 496 30%
c W 1470.01 52 16 325 615594  1 16290280 76506 2.0 28 14 1 2 89% 5698 496 30%
c - 1477.98 40 16 326 615623  1 16369899 56709 1.8 26 14 1 2 89% 5698 496 30%
c u 1478.08 40 16 326 615623  1 16369899 56704 1.8 26 14 1 2 89% 5698 496 30%
c v 1478.21 40 16 326 615623  1 16369899 55989 1.8 26 14 1 2 89% 5698 496 30%
c w 1478.21 40 16 326 615623  1 16369899 55988 1.8 26 14 1 2 89% 5698 496 30%
c - 1486.28 43 15 327 615655  1 16471048 59793 1.9 26 13 1 2 88% 5698 496 30%
c u 1486.38 43 15 327 615655  1 16471048 59786 1.9 26 13 1 2 88% 5698 496 30%
c 
c   seconds    reductions      conflicts          size   tier2     variables
c           MB       restarts          redundant     glue   trail      remaining
c            level          rate            size/glue  tier1 irredundant
c 
c v 1486.46 43 15 327 615655  1 16471048 59163 1.9 26 13 1 2 88% 5698 496 30%
c w 1486.49 43 15 327 615655  1 16471048 59011 1.9 26 13 1 2 88% 5698 496 30%
c O 1486.51 43 15 327 615655  1 16471281 59186 1.9 26 13 1 2 88% 5698 496 30%
c - 1496.91 43 15 328 615687  1 16572509 57105 1.8 25 14 1 2 88% 5698 496 30%
c u 1497.01 43 15 328 615687  1 16572509 57086 1.8 25 14 1 2 88% 5698 496 30%
c v 1497.15 43 15 328 615687  1 16572509 56389 1.8 25 14 1 2 88% 5698 496 30%
c w 1497.15 43 15 328 615687  1 16572509 56389 1.8 25 14 1 2 88% 5698 496 30%
c ] 1497.92 43 15 328 615687  1 16581069 61852 1.9 26 14 1 2 88% 5698 496 30%
c { 1497.92 43 17 328 615687  2 16581069 61852 2.0 27 14 1 2 82% 5698 496 30%
c B 1507.86 43 17 328 619896  2 16653282 120108 2.3 30 13 1 2 85% 5698 496 30%
c - 1511.48 51 17 329 623587  2 16674285 70615 2.2 30 14 1 2 85% 5698 496 30%
c u 1511.60 51 17 329 623587  2 16674285 70521 2.2 30 14 1 2 85% 5698 496 30%
c v 1511.69 51 17 329 623587  2 16674285 70086 2.2 30 14 1 2 85% 5698 496 30%
c w 1511.74 51 17 329 623587  2 16674285 70042 2.2 30 14 1 2 85% 5698 496 30%
c x 1511.78 51 17 329 623587  2 16674285 70042 2.2 30 14 1 2 85% 5697 496 30%
c s 1512.12 51 17 329 623587  2 16674285 68984 2.2 30 14 1 2 85% 5697 496 30%
c s 1512.48 51 17 329 623587  2 16674285 68796 2.2 30 14 1 2 85% 5697 496 30%
c - 1522.79 51 16 330 628630  2 16776370 70303 2.0 26 13 1 2 82% 5697 496 30%
c u 1522.91 51 16 330 628630  2 16776370 70252 2.0 26 13 1 2 82% 5697 496 30%
c v 1523.03 51 16 330 628630  2 16776370 69871 2.0 26 13 1 2 82% 5697 496 30%
c 
c   seconds    reductions      conflicts          size   tier2     variables
c           MB       restarts          redundant     glue   trail      remaining
c            level          rate            size/glue  tier1 irredundant
c 
c w 1523.08 51 16 330 628630  2 16776370 69796 2.0 26 13 1 2 82% 5697 496 30%
c W 1530.80 51 14 330 628662  1 16836284 101104 1.9 23 12 1 2 83% 5697 496 30%
c - 1537.42 51 16 331 637437  2 16878769 70119 1.8 25 13 1 2 84% 5697 496 30%
c u 1537.53 51 16 331 637437  2 16878769 70099 1.8 25 13 1 2 84% 5697 496 30%
c v 1537.68 51 16 331 637437  2 16878769 69642 1.8 25 13 1 2 84% 5697 496 30%
c - 1547.86 51 16 332 643544  2 16981478 74805 1.9 25 13 1 2 76% 5697 496 30%
c u 1547.99 51 16 332 643544  2 16981478 74766 1.9 25 13 1 2 76% 5697 496 30%
c v 1548.09 51 16 332 643544  2 16981478 74512 1.9 25 13 1 2 76% 5697 496 30%
c w 1548.09 51 16 332 643544  2 16981478 74512 1.9 25 13 1 2 76% 5697 496 30%
c F 1551.97 51 15 332 644617  1 17020285 104751 2.0 25 12 1 2 80% 5697 496 30%
c } 1554.67 51 16 332 648201  2 17038409 118402 2.0 26 13 1 2 81% 5697 496 30%
c [ 1554.67 51 15 332 648201  1 17038409 118402 1.9 26 14 1 2 88% 5697 496 30%
c - 1559.23 51 14 333 648202  1 17084499 72461 1.8 23 13 1 2 87% 5697 496 30%
c u 1559.35 51 14 333 648202  1 17084499 72442 1.8 23 13 1 2 87% 5697 496 30%
c v 1559.50 51 14 333 648202  1 17084499 72001 1.8 23 13 1 2 87% 5697 496 30%
c - 1567.93 52 16 334 648232  1 17187832 70669 1.7 25 14 1 2 88% 5697 496 30%
c u 1568.05 52 16 334 648232  1 17187832 70665 1.7 25 14 1 2 88% 5697 496 30%
c v 1568.15 52 16 334 648232  1 17187832 70480 1.7 25 14 1 2 88% 5697 496 30%
c w 1568.15 52 16 334 648232  1 17187832 70478 1.7 25 14 1 2 88% 5697 496 30%
c B 1569.43 52 16 334 648233  1 17205287 81901 1.8 26 14 1 2 88% 5697 496 30%
c 
c   seconds    reductions      conflicts          size   tier2     variables
c           MB       restarts          redundant     glue   trail      remaining
c            level          rate            size/glue  tier1 irredundant
c 
c - 1578.03 52 17 335 648265  1 17291479 64831 1.8 27 15 1 2 88% 5697 496 30%
c u 1578.14 52 17 335 648265  1 17291479 64824 1.8 27 15 1 2 88% 5697 496 30%
c v 1578.27 52 17 335 648265  1 17291479 64361 1.8 27 15 1 2 88% 5697 496 30%
c w 1578.27 52 17 335 648265  1 17291479 64361 1.8 27 15 1 2 88% 5697 496 30%
c W 1588.75 52 16 335 648296  1 17391289 122799 1.8 26 14 1 2 88% 5697 496 30%
c - 1589.12 52 16 336 648296  1 17395438 62143 1.8 26 14 1 2 88% 5697 496 30%
c u 1589.23 52 16 336 648296  1 17395438 62141 1.8 26 14 1 2 88% 5697 496 30%
c v 1589.33 52 16 336 648296  1 17395438 61809 1.8 26 14 1 2 88% 5697 496 30%
c w 1589.33 52 16 336 648296  1 17395438 61807 1.8 26 14 1 2 88% 5697 496 30%
c - 1597.73 52 16 337 648328  1 17499707 60398 1.8 25 14 1 2 87% 5697 496 30%
c u 1597.83 52 16 337 648328  1 17499707 60394 1.8 25 14 1 2 87% 5697 496 30%
c v 1597.93 52 16 337 648328  1 17499707 59952 1.8 25 14 1 2 87% 5697 496 30%
c I 1603.89 52 15 337 648329  1 17578290 106172 1.8 25 14 1 2 87% 5697 496 30%
c ] 1604.88 52 15 337 648330  1 17594770 115804 1.8 24 14 1 2 87% 5697 496 30%
c { 1604.88 52 16 337 648330  2 17594770 115804 2.0 26 13 1 2 81% 5697 496 30%
c - 1606.55 52 16 338 650605  2 17604289 64880 2.0 26 13 1 2 81% 5697 496 30%
c u 1606.66 52 16 338 650605  2 17604289 64869 2.0 26 13 1 2 81% 5697 496 30%
c v 1606.75 52 16 338 650605  2 17604289 64516 2.0 26 13 1 2 81% 5697 496 30%
c w 1606.79 52 16 338 650605  2 17604289 64406 2.0 26 13 1 2 81% 5697 496 30%
c - 1620.26 52 17 339 660043  2 17709183 76232 2.1 29 14 1 2 84% 5697 496 30%
c 
c   seconds    reductions      conflicts          size   tier2     variables
c           MB       restarts          redundant     glue   trail      remaining
c            level          rate            size/glue  tier1 irredundant
c 
c u 1620.39 52 17 339 660043  2 17709183 76186 2.1 29 14 1 2 84% 5697 496 30%
c v 1620.56 52 17 339 660043  2 17709183 75734 2.1 29 14 1 2 84% 5697 496 30%
c w 1620.61 52 17 339 660043  2 17709183 75562 2.1 29 14 1 2 84% 5697 496 30%
c B 1627.10 52 17 339 665342  2 17766292 113936 2.0 28 14 1 2 84% 5697 496 30%
c - 1636.59 58 16 340 666794  2 17814389 80884 2.5 31 12 1 2 87% 5697 496 30%
c u 1636.73 58 16 340 666794  2 17814389 80803 2.5 31 12 1 2 87% 5697 496 30%
c v 1636.95 58 16 340 666794  2 17814389 80265 2.5 31 12 1 2 87% 5697 496 30%
c w 1637.02 58 16 340 666794  2 17814389 79913 2.5 31 12 1 2 87% 5697 496 30%
c - 1652.72 52 16 341 679443  2 17919907 83073 2.2 29 13 1 2 85% 5697 496 30%
c u 1653.30 52 16 341 679443  2 17919907 83018 2.2 29 13 1 2 85% 5697 496 30%
c v 1653.50 52 16 341 679443  2 17919907 82471 2.2 29 13 1 2 85% 5697 496 30%
c w 1653.50 52 16 341 679443  2 17919907 82470 2.2 29 13 1 2 85% 5697 496 30%
c W 1659.63 52 16 341 682110  2 17955293 106804 2.0 28 14 1 2 82% 5697 496 30%
c } 1665.25 52 17 341 687253  2 18005330 141138 1.9 26 14 1 2 81% 5697 496 30%
c [ 1665.25 52 15 341 687253  1 18005330 141138 1.8 24 14 1 2 87% 5697 496 30%
c - 1666.79 56 15 342 687253  1 18025737 80817 1.8 24 14 1 2 87% 5697 496 30%
c u 1666.92 56 15 342 687253  1 18025737 80801 1.8 24 14 1 2 87% 5697 496 30%
c v 1667.03 56 15 342 687253  1 18025737 80632 1.8 24 14 1 2 87% 5697 496 30%
c w 1667.03 56 15 342 687253  1 18025737 80631 1.8 24 14 1 2 87% 5697 496 30%
c - 1676.22 56 15 343 687254  1 18131878 76182 1.8 25 14 1 2 88% 5697 496 30%
c 
c   seconds    reductions      conflicts          size   tier2     variables
c           MB       restarts          redundant     glue   trail      remaining
c            level          rate            size/glue  tier1 irredundant
c 
c u 1676.34 56 15 343 687254  1 18131878 76175 1.8 25 14 1 2 88% 5697 496 30%
c v 1676.45 56 15 343 687254  1 18131878 75939 1.8 25 14 1 2 88% 5697 496 30%
c w 1676.45 56 15 343 687254  1 18131878 75939 1.8 25 14 1 2 88% 5697 496 30%
c B 1677.47 56 15 343 687254  1 18145294 83970 1.8 25 14 1 2 88% 5697 496 30%
c - 1685.73 56 16 344 687254  1 18238333 68882 1.7 24 14 1 2 85% 5697 496 30%
c u 1685.85 56 16 344 687254  1 18238333 68879 1.7 24 14 1 2 85% 5697 496 30%
c v 1685.97 56 16 344 687254  1 18238333 68648 1.7 24 14 1 2 85% 5697 496 30%
c W 1695.80 56 15 344 687254  1 18336295 122238 1.7 23 14 1 2 85% 5697 496 30%
c - 1696.72 56 15 345 687254  1 18345098 66734 1.7 24 14 1 2 85% 5697 496 30%
c u 1696.83 56 15 345 687254  1 18345098 66732 1.7 24 14 1 2 85% 5697 496 30%
c v 1696.96 56 15 345 687254  1 18345098 66458 1.7 24 14 1 2 85% 5697 496 30%
c w 1696.96 56 15 345 687254  1 18345098 66456 1.7 24 14 1 2 85% 5697 496 30%
c - 1707.44 56 16 346 687255  1 18452175 65916 1.8 25 14 1 2 88% 5697 496 30%
c u 1707.55 56 16 346 687255  1 18452175 65909 1.8 25 14 1 2 88% 5697 496 30%
c v 1707.70 56 16 346 687255  1 18452175 65572 1.8 25 14 1 2 88% 5697 496 30%
c w 1707.70 56 16 346 687255  1 18452175 65572 1.8 25 14 1 2 88% 5697 496 30%
c O 1714.59 56 15 346 687255  1 18528296 106958 1.8 24 14 1 2 87% 5697 496 30%
c - 1717.71 56 15 347 687255  1 18559565 66564 1.7 24 14 1 2 87% 5697 496 30%
c u 1717.82 56 15 347 687255  1 18559565 66558 1.7 24 14 1 2 87% 5697 496 30%
c v 1717.97 56 15 347 687255  1 18559565 66228 1.7 24 14 1 2 87% 5697 496 30%
c 
c   seconds    reductions      conflicts          size   tier2     variables
c           MB       restarts          redundant     glue   trail      remaining
c            level          rate            size/glue  tier1 irredundant
c 
c w 1717.97 56 15 347 687255  1 18559565 66228 1.7 24 14 1 2 87% 5697 496 30%
c ] 1718.31 56 15 347 687255  1 18563626 68738 1.7 24 14 1 2 86% 5697 496 30%
c { 1718.31 56 17 347 687255  2 18563626 68738 1.9 26 14 1 2 81% 5697 496 30%
c - 1729.46 56 16 348 694027  2 18667268 75397 1.9 25 13 1 2 83% 5697 496 30%
c u 1729.59 56 16 348 694027  2 18667268 75359 1.9 25 13 1 2 83% 5697 496 30%
c v 1729.73 56 16 348 694027  2 18667268 75000 1.9 25 13 1 2 83% 5697 496 30%
c w 1729.78 56 16 348 694027  2 18667268 74831 1.9 25 13 1 2 83% 5697 496 30%
c # 1735.47 56 16 348 698975  2 18721297 109853 1.9 25 14 1 2 84% 5697 496 30%
c - 1741.77 56 16 349 703133  2 18775282 79405 1.9 26 14 1 2 85% 5697 496 30%
c u 1741.90 56 16 349 703133  2 18775282 79385 1.9 26 14 1 2 85% 5697 496 30%
c v 1742.04 56 16 349 703133  2 18775282 78964 1.9 26 14 1 2 85% 5697 496 30%
c w 1742.10 56 16 349 703133  2 18775282 78491 1.9 26 14 1 2 85% 5697 496 30%
c - 1757.94 56 16 350 710515  2 18883609 83301 1.9 25 13 1 2 82% 5697 496 30%
c u 1758.08 56 16 350 710515  2 18883609 83194 1.9 25 13 1 2 82% 5697 496 30%
c v 1758.30 56 16 350 710515  2 18883609 82695 1.9 25 13 1 2 82% 5697 496 30%
c w 1758.37 56 16 350 710515  2 18883609 82278 1.9 25 13 1 2 82% 5697 496 30%
c B 1761.94 56 17 350 714132  2 18915299 107684 1.9 27 14 1 2 83% 5697 496 30%
c - 1769.55 56 16 351 718133  1 18992248 84317 1.8 25 13 1 2 82% 5697 496 30%
c u 1769.69 56 16 351 718133  1 18992248 84300 1.8 25 13 1 2 82% 5697 496 30%
c v 1769.84 56 16 351 718133  1 18992248 84011 1.8 25 13 1 2 82% 5697 496 30%
c 
c   seconds    reductions      conflicts          size   tier2     variables
c           MB       restarts          redundant     glue   trail      remaining
c            level          rate            size/glue  tier1 irredundant
c 
c w 1769.84 56 16 351 718133  1 18992248 84010 1.8 25 13 1 2 82% 5697 496 30%
c } 1775.62 56 16 351 723798  2 19041480 119767 1.9 26 14 1 2 84% 5697 496 30%
c [ 1775.62 56 15 351 723798  1 19041480 119767 1.7 24 14 1 2 86% 5697 496 30%
c - 1782.42 56 16 352 723798  1 19101199 82794 1.8 25 14 1 2 88% 5697 496 30%
c u 1782.55 56 16 352 723798  1 19101199 82780 1.8 25 14 1 2 88% 5697 496 30%
c v 1782.62 56 16 352 723798  1 19101199 82604 1.8 25 14 1 2 88% 5697 496 30%
c x 1782.67 56 16 352 723798  1 19101199 82604 1.8 25 14 1 2 88% 5697 496 30%
c s 1783.14 56 16 352 723798  1 19101199 82088 1.8 25 14 1 2 88% 5697 496 30%
c s 1783.63 56 16 352 723798  1 19101199 81939 1.8 25 14 1 2 88% 5697 496 30%
c B 1784.50 56 16 352 723798  1 19110301 87491 1.8 25 14 1 2 88% 5697 496 30%
c - 1795.62 56 17 353 723798  1 19210462 79927 1.8 27 15 1 2 87% 5697 496 30%
c u 1795.75 56 17 353 723798  1 19210462 79907 1.8 27 15 1 2 87% 5697 496 30%
c v 1795.94 56 17 353 723798  1 19210462 79680 1.8 27 15 1 2 87% 5697 496 30%
c w 1795.94 56 17 353 723798  1 19210462 79680 1.8 27 15 1 2 87% 5697 496 30%
c W 1809.95 56 16 353 723798  1 19306302 134992 1.8 25 14 1 2 86% 5697 496 30%
c - 1811.73 56 16 354 723798  1 19320037 72481 1.8 25 14 1 2 86% 5697 496 30%
c v 1812.01 56 16 354 723798  1 19320037 72233 1.8 25 14 1 2 86% 5697 496 30%
c w 1812.01 56 16 354 723798  1 19320037 72232 1.8 25 14 1 2 86% 5697 496 30%
c - 1824.03 56 16 355 723799  1 19429924 67832 1.6 23 14 1 2 87% 5697 496 30%
c u 1824.15 56 16 355 723799  1 19429924 67827 1.6 23 14 1 2 87% 5697 496 30%
c 
c   seconds    reductions      conflicts          size   tier2     variables
c           MB       restarts          redundant     glue   trail      remaining
c            level          rate            size/glue  tier1 irredundant
c 
c v 1824.32 56 16 355 723799  1 19429924 66952 1.6 23 14 1 2 87% 5697 496 30%
c I 1832.02 56 15 355 723799  1 19503304 100325 1.6 22 14 1 2 88% 5697 496 30%
c - 1834.89 56 15 356 723799  1 19540123 68261 1.6 22 14 1 2 88% 5697 496 30%
c u 1835.00 56 15 356 723799  1 19540123 68239 1.6 22 14 1 2 88% 5697 496 30%
c v 1835.13 56 15 356 723799  1 19540123 67650 1.6 22 14 1 2 88% 5697 496 30%
c ] 1835.55 56 15 356 723799  1 19546253 71054 1.6 22 14 1 2 87% 5697 496 30%
c { 1835.55 56 16 356 723799  2 19546253 71054 1.9 26 14 1 2 84% 5697 496 30%
c - 1846.76 56 16 357 729920  2 19650635 78376 1.9 25 14 1 2 85% 5697 496 30%
c u 1846.89 56 16 357 729920  2 19650635 78330 1.9 25 14 1 2 85% 5697 496 30%
c v 1847.02 56 16 357 729920  2 19650635 77933 1.9 25 14 1 2 85% 5697 496 30%
c w 1847.07 56 16 357 729920  2 19650635 77392 1.9 25 14 1 2 85% 5697 496 30%
c W 1853.92 56 16 357 733713  2 19701305 109455 1.8 25 14 1 2 84% 5697 496 30%
c - 1861.35 56 16 358 739282  2 19761457 82339 1.8 25 14 1 2 85% 5697 496 30%
c u 1861.48 56 16 358 739282  2 19761457 82318 1.8 25 14 1 2 85% 5697 496 30%
c v 1861.64 56 16 358 739282  2 19761457 81920 1.8 25 14 1 2 85% 5697 496 30%
c w 1861.70 56 16 358 739282  2 19761457 81793 1.8 25 14 1 2 85% 5697 496 30%
c - 1872.42 56 14 359 741844  1 19872591 81272 1.8 23 13 1 2 85% 5697 496 30%
c u 1872.55 56 14 359 741844  1 19872591 81257 1.8 23 13 1 2 85% 5697 496 30%
c v 1872.68 56 14 359 741844  1 19872591 80932 1.8 23 13 1 2 85% 5697 496 30%
c w 1872.71 56 14 359 741844  1 19872591 80414 1.8 23 13 1 2 85% 5697 496 30%
c 
c   seconds    reductions      conflicts          size   tier2     variables
c           MB       restarts          redundant     glue   trail      remaining
c            level          rate            size/glue  tier1 irredundant
c 
c F 1875.46 56 14 359 741844  1 19900307 95697 1.9 23 12 1 2 85% 5697 496 30%
c - 1887.57 58 15 360 752998  2 19984040 86512 2.0 25 13 1 2 83% 5697 496 30%
c u 1887.72 58 15 360 752998  2 19984040 86487 2.0 25 13 1 2 83% 5697 496 30%
c v 1887.90 58 15 360 752998  2 19984040 86251 2.0 25 13 1 2 83% 5697 496 30%
c w 1887.90 58 15 360 752998  2 19984040 86251 2.0 25 13 1 2 83% 5697 496 30%
c } 1896.79 58 17 360 763590  2 20051661 139024 1.9 26 14 1 2 82% 5697 496 30%
c [ 1896.79 58 15 360 763590  1 20051661 139024 1.6 22 14 1 2 87% 5697 496 30%
c - 1901.72 58 15 361 763590  1 20095799 89236 1.7 23 14 1 2 86% 5697 496 30%
c u 1901.87 42 15 361 763590  1 20095799 89223 1.7 23 14 1 2 86% 5697 496 30%
c v 1902.05 42 15 361 763590  1 20095799 88836 1.7 23 14 1 2 86% 5697 496 30%
c B 1902.36 42 15 361 763590  1 20100308 92697 1.7 23 14 1 2 86% 5697 496 30%
c - 1912.67 48 15 362 763590  1 20207869 81397 1.6 22 14 1 2 87% 5697 496 30%
c u 1912.80 48 15 362 763590  1 20207869 81391 1.6 22 14 1 2 87% 5697 496 30%
c v 1912.94 48 15 362 763590  1 20207869 81075 1.6 22 14 1 2 87% 5697 496 30%
c W 1924.61 48 15 362 763590  1 20301309 126144 1.6 21 13 1 2 87% 5697 496 30%
c - 1926.22 48 15 363 763590  1 20320251 71641 1.6 22 13 1 2 87% 5697 496 30%
c v 1926.47 48 15 363 763590  1 20320251 71142 1.6 22 13 1 2 87% 5697 496 30%
c w 1926.47 48 15 363 763590  1 20320251 71141 1.6 22 13 1 2 87% 5697 496 30%
c - 1936.31 50 15 364 763590  1 20432946 69116 1.6 22 14 1 2 88% 5697 496 30%
c u 1936.42 50 15 364 763590  1 20432946 69108 1.6 22 14 1 2 88% 5697 496 30%
c 
c   seconds    reductions      conflicts          size   tier2     variables
c           MB       restarts          redundant     glue   trail      remaining
c            level          rate            size/glue  tier1 irredundant
c 
c v 1936.54 50 15 364 763590  1 20432946 68555 1.6 22 14 1 2 88% 5697 496 30%
c w 1936.55 50 15 364 763590  1 20432946 68555 1.6 22 14 1 2 88% 5697 496 30%
c O 1942.61 50 15 364 763590  1 20503310 108519 1.6 22 14 1 2 87% 5697 496 30%
c - 1948.36 50 15 365 763590  1 20545954 73495 1.6 22 14 1 2 88% 5697 496 30%
c u 1948.48 50 15 365 763590  1 20545954 73458 1.6 22 14 1 2 88% 5697 496 30%
c v 1948.65 50 15 365 763590  1 20545954 72763 1.6 22 14 1 2 88% 5697 496 30%
c w 1948.71 50 15 365 763590  1 20545954 72516 1.6 22 14 1 2 88% 5697 496 30%
c ] 1955.52 50 14 365 763590  1 20599295 99210 1.7 22 13 1 2 89% 5697 496 30%
c { 1955.52 50 17 365 763590  2 20599295 99210 1.9 26 14 1 2 82% 5697 496 30%
c - 1963.93 50 15 366 764502  2 20659273 77362 1.9 24 13 1 2 85% 5697 496 30%
c u 1964.06 50 15 366 764502  2 20659273 77335 1.9 24 13 1 2 85% 5697 496 30%
c v 1964.29 50 15 366 764502  2 20659273 76752 1.9 24 13 1 2 85% 5697 496 30%
c w 1964.36 50 15 366 764502  2 20659273 76501 1.9 24 13 1 2 85% 5697 496 30%
c B 1969.50 50 16 366 768965  2 20706312 109422 1.9 25 13 1 2 81% 5697 496 30%
c - 1978.73 55 16 367 776089  2 20772905 87129 1.9 26 14 1 2 82% 5697 496 30%
c u 1979.36 55 16 367 776089  2 20772905 87109 1.9 26 14 1 2 82% 5697 496 30%
c v 1979.54 55 16 367 776089  2 20772905 86747 1.9 26 14 1 2 82% 5697 496 30%
c w 1979.61 55 16 367 776089  2 20772905 86661 1.9 26 14 1 2 82% 5697 496 30%
c - 1991.80 55 15 368 781530  1 20886848 86489 1.8 23 13 1 2 82% 5697 496 30%
c u 1991.94 55 15 368 781530  1 20886848 86476 1.8 23 13 1 2 82% 5697 496 30%
c 
c   seconds    reductions      conflicts          size   tier2     variables
c           MB       restarts          redundant     glue   trail      remaining
c            level          rate            size/glue  tier1 irredundant
c 
c v 1992.13 55 15 368 781530  1 20886848 86132 1.8 23 13 1 2 82% 5697 496 30%
c w 1992.13 55 15 368 781530  1 20886848 86110 1.8 23 13 1 2 82% 5697 496 30%
c W 1997.36 55 15 368 783919  1 20910313 100170 1.8 23 13 1 2 81% 5697 496 30%
c - 2009.90 55 16 369 794145  2 21001103 88262 1.8 24 13 1 2 83% 5697 496 30%
c u 2010.04 55 16 369 794145  2 21001103 88257 1.8 24 13 1 2 83% 5697 496 30%
c v 2010.25 55 16 369 794145  2 21001103 87904 1.8 24 13 1 2 83% 5697 496 30%
c } 2020.56 55 14 369 796201  1 21084068 129274 1.7 21 12 1 2 83% 5697 496 30%
c [ 2020.56 55 14 369 796201  1 21084068 129274 1.7 22 13 1 2 89% 5697 496 30%
c B 2023.72 55 14 369 796201  1 21115314 144792 1.7 22 13 1 2 88% 5697 496 30%
c - 2023.77 55 14 370 796201  1 21115670 84405 1.7 22 13 1 2 88% 5697 496 30%
c u 2023.90 55 14 370 796201  1 21115670 84399 1.7 22 13 1 2 88% 5697 496 30%
c v 2024.10 55 14 370 796201  1 21115670 83913 1.7 22 13 1 2 88% 5697 496 30%
c w 2024.10 55 14 370 796201  1 21115670 83913 1.7 22 13 1 2 88% 5697 496 30%
c - 2035.77 55 16 371 796201  1 21230550 83675 1.7 24 14 1 2 86% 5697 496 30%
c u 2035.90 55 16 371 796201  1 21230550 83664 1.7 24 14 1 2 86% 5697 496 30%
c v 2036.06 55 16 371 796201  1 21230550 83131 1.7 24 14 1 2 86% 5697 496 30%
c w 2036.06 55 16 371 796201  1 21230550 83131 1.7 24 14 1 2 86% 5697 496 30%
c W 2046.81 55 16 371 796201  1 21321316 133556 1.8 25 14 1 2 87% 5697 496 30%
c - 2049.26 55 16 372 796201  1 21345742 77129 1.8 25 14 1 2 87% 5697 496 30%
c u 2049.38 55 16 372 796201  1 21345742 77127 1.8 25 14 1 2 87% 5697 496 30%
c 
c   seconds    reductions      conflicts          size   tier2     variables
c           MB       restarts          redundant     glue   trail      remaining
c            level          rate            size/glue  tier1 irredundant
c 
c v 2049.53 55 16 372 796201  1 21345742 76602 1.8 25 14 1 2 87% 5697 496 30%
c w 2049.54 55 16 372 796201  1 21345742 76602 1.8 25 14 1 2 87% 5697 496 30%
c - 2060.62 55 16 373 796213  1 21461246 75090 1.8 25 14 1 2 88% 5697 496 30%
c u 2060.74 55 16 373 796213  1 21461246 75082 1.8 25 14 1 2 88% 5697 496 30%
c v 2060.90 55 16 373 796213  1 21461246 74311 1.8 25 14 1 2 88% 5697 496 30%
c w 2060.90 55 16 373 796213  1 21461246 74311 1.8 25 14 1 2 88% 5697 496 30%
c I 2067.48 55 16 373 796235  1 21528318 108603 1.7 25 14 1 2 88% 5697 496 30%
c - 2071.45 55 16 374 796260  1 21577061 75964 1.7 24 14 1 2 88% 5697 496 30%
c u 2071.57 55 16 374 796260  1 21577061 75954 1.7 24 14 1 2 88% 5697 496 30%
c v 2071.71 55 16 374 796260  1 21577061 75363 1.7 24 14 1 2 88% 5697 496 30%
c w 2071.71 55 16 374 796260  1 21577061 75362 1.7 24 14 1 2 88% 5697 496 30%
c ] 2080.07 55 15 374 796279  1 21670939 133815 1.7 23 14 1 2 87% 5697 496 30%
c { 2080.07 55 14 374 796279  1 21670939 133815 1.7 21 12 1 2 83% 5697 496 30%
c - 2083.78 55 15 375 800869  2 21693188 82832 1.7 23 13 1 2 84% 5697 496 30%
c u 2083.92 55 15 375 800869  2 21693188 82818 1.7 23 13 1 2 84% 5697 496 30%
c v 2084.06 55 15 375 800869  2 21693188 82240 1.7 23 13 1 2 84% 5697 496 30%
c w 2084.12 55 15 375 800869  2 21693188 81753 1.7 23 13 1 2 84% 5697 496 30%
c # 2088.68 55 15 375 803837  2 21736320 110791 1.8 23 13 1 2 83% 5697 496 30%
c - 2097.90 55 16 376 810776  2 21809627 88636 1.8 24 13 1 2 83% 5697 496 30%
c u 2098.04 55 16 376 810776  2 21809627 88587 1.8 24 13 1 2 83% 5697 496 30%
c 
c   seconds    reductions      conflicts          size   tier2     variables
c           MB       restarts          redundant     glue   trail      remaining
c            level          rate            size/glue  tier1 irredundant
c 
c v 2098.12 55 16 376 810776  2 21809627 88335 1.8 24 13 1 2 83% 5697 496 30%
c w 2098.16 55 16 376 810776  2 21809627 88282 1.8 24 13 1 2 83% 5697 496 30%
c x 2098.22 55 16 376 810776  2 21809627 88282 1.8 24 13 1 2 83% 5693 496 30%
c s 2098.24 55 16 376 810776  2 21809627 88282 1.8 24 13 1 2 83% 5693 496 30%
c s 2098.70 55 16 376 810776  2 21809627 87153 1.8 24 13 1 2 83% 5693 496 30%
c - 2112.99 55 15 377 818840  1 21926378 90545 1.9 24 13 1 2 84% 5693 496 30%
c u 2113.14 55 15 377 818840  1 21926378 90517 1.9 24 13 1 2 84% 5693 496 30%
c v 2113.33 55 15 377 818840  1 21926378 90013 1.9 24 13 1 2 84% 5693 496 30%
c w 2113.40 55 15 377 818840  1 21926378 89720 1.9 24 13 1 2 84% 5693 496 30%
c B 2115.04 55 15 377 820885  2 21945322 103975 1.9 24 13 1 2 81% 5693 496 30%
c - 2127.75 55 15 378 827401  1 22043445 89498 1.8 22 13 1 2 84% 5693 496 30%
c u 2127.89 55 15 378 827401  1 22043445 89486 1.8 22 13 1 2 84% 5693 496 30%
c v 2128.09 55 15 378 827401  1 22043445 89022 1.8 22 13 1 2 84% 5693 496 30%
c W 2146.33 55 15 378 836567  2 22155323 157632 1.8 24 13 1 2 84% 5693 496 30%
c - 2147.02 55 15 379 836584  2 22160822 89806 1.8 24 13 1 2 84% 5693 496 30%
c u 2147.16 55 15 379 836584  2 22160822 89797 1.8 24 13 1 2 84% 5693 496 30%
c v 2147.37 55 15 379 836584  2 22160822 89386 1.8 24 13 1 2 84% 5693 496 30%
c } 2148.86 55 15 379 837944  2 22173545 99162 1.9 24 13 1 2 84% 5693 496 30%
c [ 2148.86 55 15 379 837944  1 22173545 99162 1.7 23 14 1 2 87% 5693 496 30%
c - 2159.69 55 16 380 837988  1 22278510 87536 1.6 23 14 1 2 86% 5693 496 30%
c 
c   seconds    reductions      conflicts          size   tier2     variables
c           MB       restarts          redundant     glue   trail      remaining
c            level          rate            size/glue  tier1 irredundant
c 
c u 2159.82 55 16 380 837988  1 22278510 87524 1.6 23 14 1 2 86% 5693 496 30%
c v 2160.00 55 16 380 837988  1 22278510 87155 1.6 23 14 1 2 86% 5693 496 30%
c B 2169.31 55 15 380 837993  1 22366324 128813 1.6 22 14 1 2 85% 5693 496 30%
c - 2173.16 55 15 381 837993  1 22396510 80154 1.6 22 14 1 2 86% 5693 496 30%
c u 2173.29 55 15 381 837993  1 22396510 80150 1.6 22 14 1 2 86% 5693 496 30%
c v 2173.50 55 15 381 837993  1 22396510 79640 1.6 22 14 1 2 86% 5693 496 30%
c - 2185.98 55 15 382 838039  1 22514824 75571 1.6 22 14 1 2 87% 5693 496 30%
c u 2186.11 55 15 382 838039  1 22514824 75567 1.6 22 14 1 2 87% 5693 496 30%
c v 2186.30 55 15 382 838039  1 22514824 74901 1.6 22 14 1 2 87% 5693 496 30%
c w 2186.30 55 15 382 838039  1 22514824 74901 1.6 22 14 1 2 87% 5693 496 30%
c W 2195.22 55 15 382 838056  1 22578326 105510 1.6 23 14 1 2 87% 5693 496 30%
c - 2201.41 55 15 383 838071  1 22633448 73681 1.6 23 14 1 2 87% 5693 496 30%
c u 2201.52 55 15 383 838071  1 22633448 73670 1.6 23 14 1 2 87% 5693 496 30%
c v 2201.67 55 15 383 838071  1 22633448 73099 1.6 23 14 1 2 87% 5693 496 30%
c w 2201.68 55 15 383 838071  1 22633448 73098 1.6 23 14 1 2 87% 5693 496 30%
c ] 2210.79 55 15 383 838106  1 22724650 115182 1.6 22 14 1 2 87% 5693 496 30%
c { 2210.79 55 15 383 838106  2 22724650 115182 1.9 24 13 1 2 84% 5693 496 30%
c - 2215.51 55 16 384 842143  2 22752385 82059 1.9 26 13 1 2 85% 5693 496 30%
c u 2215.64 55 16 384 842143  2 22752385 82057 1.9 26 13 1 2 85% 5693 496 30%
c v 2215.85 55 16 384 842143  2 22752385 81651 1.9 26 13 1 2 85% 5693 496 30%
c 
c   seconds    reductions      conflicts          size   tier2     variables
c           MB       restarts          redundant     glue   trail      remaining
c            level          rate            size/glue  tier1 irredundant
c 
c w 2215.91 55 16 384 842143  2 22752385 81209 1.9 26 13 1 2 85% 5693 496 30%
c F 2219.95 55 15 384 842349  2 22791328 101599 2.0 24 12 1 2 86% 5693 496 30%
c - 2232.42 58 15 385 851247  2 22871633 90710 2.1 27 13 1 2 87% 5693 496 30%
c u 2232.60 58 15 385 851247  2 22871633 90122 2.1 27 13 1 2 87% 5693 496 30%
c v 2232.82 58 15 385 851247  2 22871633 89646 2.1 27 13 1 2 87% 5693 496 30%
c w 2232.89 58 15 385 851247  2 22871633 89555 2.1 27 13 1 2 87% 5693 496 30%
c - 2247.02 58 15 386 859294  1 22991195 92417 2.0 25 13 1 2 86% 5693 496 30%
c u 2247.22 58 15 386 859294  1 22991195 91837 2.0 25 13 1 2 86% 5693 496 30%
c v 2247.38 58 15 386 859294  1 22991195 91613 2.0 25 13 1 2 86% 5693 496 30%
c w 2247.44 58 15 386 859294  1 22991195 91471 2.0 25 13 1 2 86% 5693 496 30%
c B 2248.75 58 14 386 859296  1 23005329 100252 2.0 24 12 1 2 86% 5693 496 30%
c - 2261.75 59 14 387 866828  1 23111068 94206 2.1 25 12 1 2 85% 5693 496 30%
c u 2261.96 59 14 387 866828  1 23111068 93539 2.1 25 12 1 2 85% 5693 496 30%
c v 2262.11 59 14 387 866828  1 23111068 93345 2.1 25 12 1 2 85% 5693 496 30%
c w 2262.11 59 14 387 866828  1 23111068 93345 2.1 25 12 1 2 85% 5693 496 30%
c W 2279.83 59 16 387 879158  2 23220330 169940 2.0 26 13 1 2 85% 5693 496 30%
c } 2281.71 59 16 387 881044  2 23230339 177777 1.9 26 14 1 2 85% 5693 496 30%
c [ 2281.71 59 15 387 881044  1 23230339 177777 1.6 22 14 1 2 87% 5693 496 30%
c - 2281.84 59 15 388 881044  1 23231252 94955 1.6 22 14 1 2 87% 5693 496 30%
c u 2282.06 59 15 388 881044  1 23231252 94348 1.6 22 14 1 2 87% 5693 496 30%
c 
c   seconds    reductions      conflicts          size   tier2     variables
c           MB       restarts          redundant     glue   trail      remaining
c            level          rate            size/glue  tier1 irredundant
c 
c v 2282.22 59 15 388 881044  1 23231252 94034 1.6 22 14 1 2 87% 5693 496 30%
c w 2282.23 59 15 388 881044  1 23231252 94033 1.6 22 14 1 2 87% 5693 496 30%
c - 2295.68 59 16 389 881058  1 23351751 88756 1.7 24 14 1 2 87% 5693 496 30%
c u 2295.90 59 16 389 881058  1 23351751 87919 1.7 24 14 1 2 87% 5693 496 30%
c v 2296.03 59 16 389 881058  1 23351751 87769 1.7 24 14 1 2 87% 5693 496 30%
c w 2296.03 59 16 389 881058  1 23351751 87768 1.7 24 14 1 2 87% 5693 496 30%
c O 2305.37 59 15 389 881059  1 23436331 136224 1.8 25 14 1 2 88% 5693 496 30%
c - 2309.83 59 15 390 881059  1 23472560 81946 1.8 25 14 1 2 88% 5693 496 30%
c u 2310.04 59 15 390 881059  1 23472560 79571 1.8 25 14 1 2 88% 5693 496 30%
c v 2310.18 59 15 390 881059  1 23472560 79122 1.8 25 14 1 2 88% 5693 496 30%
c - 2323.76 59 15 391 881094  1 23593682 75393 1.7 22 13 1 2 87% 5693 496 30%
c u 2323.97 59 15 391 881094  1 23593682 72894 1.7 22 13 1 2 87% 5693 496 30%
c v 2324.10 59 15 391 881094  1 23593682 72500 1.7 22 13 1 2 87% 5693 496 30%
c B 2329.91 59 14 391 881120  1 23653333 100795 1.7 22 13 1 2 86% 5693 496 30%
c - 2336.45 59 15 392 881129  1 23715115 72275 1.6 23 14 1 2 87% 5693 496 30%
c u 2336.66 59 15 392 881129  1 23715115 69852 1.6 23 14 1 2 87% 5693 496 30%
c v 2336.76 59 15 392 881129  1 23715115 69248 1.6 23 14 1 2 87% 5693 496 30%
c ] 2345.69 59 16 392 881164  1 23803333 114243 1.7 23 14 1 2 87% 5693 496 30%
c { 2345.69 59 16 392 881164  2 23803333 114243 1.9 26 14 1 2 85% 5693 496 30%
c - 2349.63 42 16 393 882521  2 23836860 73651 1.9 25 13 1 2 85% 5693 496 30%
c 
c   seconds    reductions      conflicts          size   tier2     variables
c           MB       restarts          redundant     glue   trail      remaining
c            level          rate            size/glue  tier1 irredundant
c 
c u 2349.82 42 16 393 882521  2 23836860 71288 1.9 25 13 1 2 85% 5693 496 30%
c v 2349.93 42 16 393 882521  2 23836860 70934 1.9 25 13 1 2 85% 5693 496 30%
c w 2349.99 42 16 393 882521  2 23836860 70642 1.9 25 13 1 2 85% 5693 496 30%
c # 2353.63 42 17 393 886920  2 23871334 96382 1.9 26 14 1 2 85% 5693 496 30%
c - 2364.00 53 17 394 894274  2 23958918 82133 1.9 26 14 1 2 84% 5693 496 30%
c u 2364.95 60 17 394 894274  2 23958918 79739 1.9 26 14 1 2 84% 5693 496 30%
c v 2365.07 60 17 394 894274  2 23958918 79354 1.9 26 14 1 2 84% 5693 496 30%
c w 2365.13 60 17 394 894274  2 23958918 79224 1.9 26 14 1 2 84% 5693 496 30%
c - 2377.86 61 16 395 902417  2 24081288 80859 1.8 25 14 1 2 83% 5693 496 30%
c u 2378.07 61 16 395 902417  2 24081288 79092 1.8 25 14 1 2 83% 5693 496 30%
c v 2378.17 61 16 395 902417  2 24081288 78783 1.8 25 14 1 2 83% 5693 496 30%
c w 2378.23 61 16 395 902417  2 24081288 78449 1.8 25 14 1 2 83% 5693 496 30%
c B 2379.03 61 16 395 902417  2 24090335 83361 1.8 24 14 1 2 84% 5693 496 30%
c - 2390.58 61 14 396 906694  1 24203969 78038 1.8 22 12 1 2 83% 5693 496 30%
c u 2390.76 61 14 396 906694  1 24203969 75791 1.8 22 12 1 2 83% 5693 496 30%
c v 2390.88 61 14 396 906694  1 24203969 75377 1.8 22 12 1 2 83% 5693 496 30%
c w 2390.88 61 14 396 906694  1 24203969 75377 1.8 22 12 1 2 83% 5693 496 30%
c s 2394.15 61 13 396 906694  1 24235292 86974 1.8 20 11 1 2 83% 5691 496 30%
c s 2394.62 61 13 396 906694  1 24235292 86360 1.8 20 11 1 2 83% 5691 496 30%
c W 2410.09 61 16 396 919943  2 24310337 141355 1.8 24 14 1 2 83% 5691 496 30%
c 
c   seconds    reductions      conflicts          size   tier2     variables
c           MB       restarts          redundant     glue   trail      remaining
c            level          rate            size/glue  tier1 irredundant
c 
c - 2411.81 47 16 397 921688  2 24326963 78552 1.8 24 14 1 2 83% 5691 496 30%
c u 2412.01 47 16 397 921688  2 24326963 76225 1.8 24 14 1 2 83% 5691 496 30%
c v 2412.13 47 16 397 921688  2 24326963 76026 1.8 24 14 1 2 83% 5691 496 30%
c } 2423.79 47 16 397 930966  2 24427736 146159 1.8 26 14 1 2 84% 5691 496 30%
c [ 2423.79 47 16 397 930966  1 24427736 146159 1.7 23 14 1 2 87% 5691 496 30%
c - 2426.07 55 16 398 930976  1 24450268 79437 1.7 24 14 1 2 87% 5691 496 30%
c u 2426.24 55 16 398 930976  1 24450268 78505 1.7 24 14 1 2 87% 5691 496 30%
c v 2426.38 55 16 398 930976  1 24450268 78142 1.7 24 14 1 2 87% 5691 496 30%
c W 2435.25 55 16 398 930988  1 24531338 116976 1.6 24 14 1 2 88% 5691 496 30%
c - 2439.20 55 16 399 930988  1 24573886 72428 1.7 24 14 1 2 88% 5691 496 30%
c u 2439.32 55 16 399 930988  1 24573886 72374 1.7 24 14 1 2 88% 5691 496 30%
c v 2439.50 55 16 399 930988  1 24573886 71889 1.7 24 14 1 2 88% 5691 496 30%
c w 2439.50 55 16 399 930988  1 24573886 71889 1.7 24 14 1 2 88% 5691 496 30%
c - 2452.12 55 15 400 931033  1 24697816 63757 1.7 23 14 1 2 88% 5691 496 30%
c u 2452.22 55 15 400 931033  1 24697816 63751 1.7 23 14 1 2 88% 5691 496 30%
c v 2452.42 55 15 400 931033  1 24697816 62930 1.7 23 14 1 2 88% 5691 496 30%
c I 2456.94 55 15 400 931050  1 24753339 93214 1.7 23 14 1 2 86% 5691 496 30%
c - 2462.62 55 15 401 931066  1 24822059 63410 1.6 22 14 1 2 86% 5691 496 30%
c u 2462.72 55 15 401 931066  1 24822059 63402 1.6 22 14 1 2 86% 5691 496 30%
c v 2462.79 55 15 401 931066  1 24822059 63135 1.6 22 14 1 2 86% 5691 496 30%
c 
c   seconds    reductions      conflicts          size   tier2     variables
c           MB       restarts          redundant     glue   trail      remaining
c            level          rate            size/glue  tier1 irredundant
c 
c x 2462.83 55 15 401 931066  1 24822059 63135 1.6 22 14 1 2 86% 5689 496 30%
c s 2463.13 55 15 401 931066  1 24822059 63006 1.6 22 14 1 2 86% 5689 496 30%
c s 2463.43 55 15 401 931066  1 24822059 62994 1.6 22 14 1 2 86% 5689 496 30%
c - 2474.62 55 15 402 931113  1 24946613 64321 1.7 22 13 1 2 86% 5689 496 30%
c u 2474.72 55 15 402 931113  1 24946613 64313 1.7 22 13 1 2 86% 5689 496 30%
c v 2474.88 55 15 402 931113  1 24946613 63837 1.7 22 13 1 2 86% 5689 496 30%
c B 2477.20 55 15 402 931114  1 24976340 82968 1.7 22 13 1 2 87% 5689 496 30%
c - 2489.80 55 15 403 931116  1 25071480 70339 2.0 27 13 1 2 88% 5689 496 30%
c u 2489.91 55 15 403 931116  1 25071480 70329 2.0 27 13 1 2 88% 5689 496 30%
c v 2490.14 55 15 403 931116  1 25071480 69763 2.0 27 13 1 2 88% 5689 496 30%
c w 2490.22 55 15 403 931116  1 25071480 69476 2.0 27 13 1 2 88% 5689 496 30%
c ] 2492.33 55 16 403 931116  1 25094095 82644 1.9 27 14 1 2 88% 5689 496 30%
c { 2492.33 55 16 403 931116  2 25094095 82644 1.8 26 14 1 2 84% 5689 496 30%
c - 2502.13 55 15 404 935884  1 25196658 75464 1.8 24 13 1 2 82% 5689 496 30%
c u 2502.25 55 15 404 935884  1 25196658 75453 1.8 24 13 1 2 82% 5689 496 30%
c v 2502.41 55 15 404 935884  1 25196658 75108 1.8 24 13 1 2 82% 5689 496 30%
c w 2502.47 55 15 404 935884  1 25196658 75024 1.8 24 13 1 2 82% 5689 496 30%
c F 2502.94 55 15 404 936578  1 25200342 77643 1.8 24 13 1 2 83% 5689 496 30%
c - 2515.89 55 14 405 940022  1 25322149 78396 2.1 25 12 1 2 86% 5689 496 30%
c u 2516.01 55 14 405 940022  1 25322149 78380 2.1 25 12 1 2 86% 5689 496 30%
c 
c   seconds    reductions      conflicts          size   tier2     variables
c           MB       restarts          redundant     glue   trail      remaining
c            level          rate            size/glue  tier1 irredundant
c 
c v 2516.21 55 14 405 940022  1 25322149 78018 2.1 25 12 1 2 86% 5689 496 30%
c w 2516.21 55 14 405 940022  1 25322149 78018 2.1 25 12 1 2 86% 5689 496 30%
c B 2529.46 55 16 405 954453  2 25425343 148279 1.8 26 14 1 2 84% 5689 496 30%
c - 2533.03 57 16 406 957090  2 25447951 82208 1.8 26 14 1 2 83% 5689 496 30%
c u 2533.16 57 16 406 957090  2 25447951 82186 1.8 26 14 1 2 83% 5689 496 30%
c v 2533.39 57 16 406 957090  2 25447951 81697 1.8 26 14 1 2 83% 5689 496 30%
c - 2547.66 57 14 407 962556  1 25574065 78269 1.7 22 12 1 2 85% 5689 496 30%
c u 2547.78 57 14 407 962556  1 25574065 78262 1.7 22 12 1 2 85% 5689 496 30%
c v 2547.99 57 14 407 962556  1 25574065 77920 1.7 22 12 1 2 85% 5689 496 30%
c w 2547.99 57 14 407 962556  1 25574065 77919 1.7 22 12 1 2 85% 5689 496 30%
c W 2562.97 57 15 407 971951  2 25651344 135743 1.9 24 13 1 2 82% 5689 496 30%
c - 2569.67 57 15 408 974512  1 25700492 82814 1.8 23 13 1 2 83% 5689 496 30%
c u 2569.81 57 15 408 974512  1 25700492 82796 1.8 23 13 1 2 83% 5689 496 30%
c v 2570.05 57 15 408 974512  1 25700492 82473 1.8 23 13 1 2 83% 5689 496 30%
c } 2570.69 57 15 408 974512  1 25706848 85333 1.8 23 13 1 2 83% 5689 496 30%
c [ 2570.69 57 16 408 974512  1 25706848 85333 1.9 27 14 1 2 88% 5689 496 30%
c - 2585.08 57 15 409 974513  1 25827231 77776 1.8 24 13 1 2 89% 5689 496 30%
c u 2585.21 57 15 409 974513  1 25827231 77770 1.8 24 13 1 2 89% 5689 496 30%
c v 2585.45 57 15 409 974513  1 25827231 77513 1.8 24 13 1 2 89% 5689 496 30%
c W 2591.78 57 15 409 974513  1 25878347 104041 1.8 24 13 1 2 89% 5689 496 30%
c 
c   seconds    reductions      conflicts          size   tier2     variables
c           MB       restarts          redundant     glue   trail      remaining
c            level          rate            size/glue  tier1 irredundant
c 
c - 2600.36 57 15 410 974513  1 25954283 71980 1.7 23 14 1 2 89% 5689 496 30%
c u 2600.48 57 15 410 974513  1 25954283 71980 1.7 23 14 1 2 89% 5689 496 30%
c v 2600.70 57 15 410 974513  1 25954283 71549 1.7 23 14 1 2 89% 5689 496 30%
c - 2613.60 57 15 411 974526  1 26081648 67912 1.7 23 13 1 2 89% 5689 496 30%
c u 2613.71 57 15 411 974526  1 26081648 67906 1.7 23 13 1 2 89% 5689 496 30%
c v 2613.91 57 15 411 974526  1 26081648 67394 1.7 23 13 1 2 89% 5689 496 30%
c w 2613.92 57 15 411 974526  1 26081648 67394 1.7 23 13 1 2 89% 5689 496 30%
c O 2616.20 57 15 411 974535  1 26106349 79870 1.7 23 14 1 2 88% 5689 496 30%
c - 2627.98 57 15 412 974574  1 26209325 68608 1.8 24 14 1 2 89% 5689 496 30%
c u 2628.09 57 15 412 974574  1 26209325 68595 1.8 24 14 1 2 89% 5689 496 30%
c v 2628.31 57 15 412 974574  1 26209325 68084 1.8 24 14 1 2 89% 5689 496 30%
c w 2628.31 57 15 412 974574  1 26209325 68084 1.8 24 14 1 2 89% 5689 496 30%
c ] 2641.14 57 15 412 974607  1 26331636 135674 1.8 24 13 1 2 88% 5689 496 30%
c { 2641.14 57 15 412 974607  1 26331636 135674 1.8 23 13 1 2 83% 5689 496 30%
c # 2641.74 57 15 412 975532  1 26335352 138477 1.8 23 13 1 2 83% 5689 496 30%
c - 2642.17 57 15 413 976046  2 26337312 73923 1.8 23 13 1 2 83% 5689 496 30%
c u 2642.29 57 15 413 976046  2 26337312 73918 1.8 23 13 1 2 83% 5689 496 30%
c v 2642.50 57 15 413 976046  2 26337312 73557 1.8 23 13 1 2 83% 5689 496 30%
c w 2642.57 57 15 413 976046  2 26337312 73406 1.8 23 13 1 2 83% 5689 496 30%
c - 2658.32 59 16 414 987233  2 26465611 84573 1.9 26 13 1 2 85% 5689 496 30%
c 
c   seconds    reductions      conflicts          size   tier2     variables
c           MB       restarts          redundant     glue   trail      remaining
c            level          rate            size/glue  tier1 irredundant
c 
c u 2658.46 59 16 414 987233  2 26465611 84564 1.9 26 13 1 2 85% 5689 496 30%
c v 2658.68 59 16 414 987233  2 26465611 84218 1.9 26 13 1 2 85% 5689 496 30%
c w 2658.76 59 16 414 987233  2 26465611 84188 1.9 26 13 1 2 85% 5689 496 30%
c B 2671.12 59 17 414 996724  2 26565354 155127 2.0 27 14 1 2 86% 5689 496 30%
c - 2675.68 65 16 415 998803  2 26594222 88728 2.0 27 14 1 2 86% 5689 496 30%
c u 2675.82 65 16 415 998803  2 26594222 88708 2.0 27 14 1 2 86% 5689 496 30%
c v 2676.07 65 16 415 998803  2 26594222 88334 2.0 27 14 1 2 86% 5689 496 30%
c w 2676.15 65 16 415 998803  2 26594222 88195 2.0 27 14 1 2 86% 5689 496 30%
c - 2690.58 65 15 416 1005393  1 26723145 84398 1.8 24 13 1 2 86% 5689 496 30%
c u 2690.71 65 15 416 1005393  1 26723145 84392 1.8 24 13 1 2 86% 5689 496 30%
c v 2690.92 65 15 416 1005393  1 26723145 84054 1.8 24 13 1 2 86% 5689 496 30%
c w 2690.92 65 15 416 1005393  1 26723145 84054 1.8 24 13 1 2 86% 5689 496 30%
c W 2704.56 65 15 416 1012028  1 26796355 127330 1.8 24 13 1 2 86% 5689 496 30%
c - 2710.78 65 15 417 1014109  1 26852381 85519 1.9 25 13 1 2 82% 5689 496 30%
c u 2710.91 65 15 417 1014109  1 26852381 85507 1.9 25 13 1 2 82% 5689 496 30%
c v 2711.13 65 15 417 1014109  1 26852381 85254 1.9 25 13 1 2 82% 5689 496 30%
c w 2711.13 65 15 417 1014109  1 26852381 85254 1.9 25 13 1 2 82% 5689 496 30%
c } 2723.27 65 15 417 1023040  2 26953344 155441 1.9 25 13 1 2 81% 5689 496 30%
c [ 2723.27 65 15 417 1023040  1 26953344 155441 1.8 24 13 1 2 88% 5689 496 30%
c - 2726.73 67 14 418 1023052  1 26981929 89397 1.8 24 13 1 2 85% 5689 496 30%
c 
c   seconds    reductions       conflicts          size   tier2     variables
c           MB        restarts          redundant     glue   trail      remaining
c            level           rate            size/glue  tier1 irredundant
c 
c u 2726.87 67 14 418 1023052  1 26981929 89388 1.8 24 13 1 2 85% 5689 496 30%
c v 2727.09 67 14 418 1023052  1 26981929 89084 1.8 24 13 1 2 85% 5689 496 30%
c B 2732.63 67 15 418 1023070  1 27028357 110808 1.8 24 14 1 2 87% 5689 496 30%
c - 2742.25 67 16 419 1023073  1 27111789 84851 1.8 25 14 1 2 85% 5689 496 30%
c v 2742.62 67 16 419 1023073  1 27111789 84530 1.8 25 14 1 2 85% 5689 496 30%
c w 2742.62 67 16 419 1023073  1 27111789 84530 1.8 25 14 1 2 85% 5689 496 30%
c - 2757.09 50 15 420 1023114  1 27241962 74551 1.6 23 14 1 2 86% 5689 496 30%
c u 2757.20 50 15 420 1023114  1 27241962 74549 1.6 23 14 1 2 86% 5689 496 30%
c v 2757.45 50 15 420 1023114  1 27241962 74058 1.6 23 14 1 2 86% 5689 496 30%
c W 2761.69 50 15 420 1023121  1 27261360 83144 1.6 23 14 1 2 87% 5689 496 30%
c - 2774.34 50 15 421 1023151  1 27372447 70404 1.7 24 14 1 2 88% 5689 496 30%
c u 2774.45 50 15 421 1023151  1 27372447 70398 1.7 24 14 1 2 88% 5689 496 30%
c v 2774.67 50 15 421 1023151  1 27372447 69588 1.7 24 14 1 2 88% 5689 496 30%
c w 2774.67 50 15 421 1023151  1 27372447 69588 1.7 24 14 1 2 88% 5689 496 30%
c I 2787.01 50 15 421 1023198  1 27495362 127665 1.7 23 14 1 2 88% 5689 496 30%
c - 2787.78 50 15 422 1023198  1 27503243 70877 1.7 23 14 1 2 88% 5689 496 30%
c u 2788.51 54 15 422 1023198  1 27503243 70875 1.7 23 14 1 2 88% 5689 496 30%
c v 2788.72 54 15 422 1023198  1 27503243 70273 1.7 23 14 1 2 88% 5689 496 30%
c w 2788.72 54 15 422 1023198  1 27503243 70272 1.7 23 14 1 2 88% 5689 496 30%
c ] 2798.09 54 15 422 1023201  1 27606391 133281 1.7 23 13 1 2 87% 5689 496 30%
c 
c   seconds    reductions       conflicts           size   tier2     variables
c           MB        restarts          redundant      glue   trail      remaining
c            level           rate             size/glue  tier1 irredundant
c 
c { 2798.09 54 15 422 1023201  2 27606391 133281 1.9 25 13 1 2 81% 5689 496 30%
c - 2802.35 55 16 423 1026182  2 27634351 80413 1.9 25 13 1 2 80% 5689 496 30%
c u 2802.52 55 16 423 1026182  2 27634351 80167 1.9 25 13 1 2 80% 5689 496 30%
c v 2802.68 55 16 423 1026182  2 27634351 79093 1.9 25 13 1 2 80% 5689 496 30%
c w 2802.74 55 16 423 1026182  2 27634351 78139 1.9 25 13 1 2 80% 5689 496 30%
c F 2813.25 55 15 423 1031414  1 27730363 146205 2.1 26 13 1 2 83% 5689 496 30%
c - 2819.46 61 16 424 1036913  2 27765772 89233 2.0 27 13 1 2 84% 5689 496 30%
c u 2819.66 61 16 424 1036913  2 27765772 88951 2.0 27 13 1 2 84% 5689 496 30%
c v 2819.84 61 16 424 1036913  2 27765772 88762 2.0 27 13 1 2 84% 5689 496 30%
c w 2819.93 61 16 424 1036913  2 27765772 88432 2.0 27 13 1 2 84% 5689 496 30%
c - 2834.80 61 16 425 1046351  1 27897505 90718 1.9 26 13 1 2 83% 5689 496 30%
c u 2835.01 61 16 425 1046351  1 27897505 90416 1.9 26 13 1 2 83% 5689 496 30%
c v 2835.15 61 16 425 1046351  1 27897505 90210 1.9 26 13 1 2 83% 5689 496 30%
c w 2835.22 61 16 425 1046351  1 27897505 90059 1.9 26 13 1 2 83% 5689 496 30%
c B 2843.96 61 16 425 1053251  2 27966365 134511 1.9 26 14 1 2 82% 5689 496 30%
c - 2852.47 61 16 426 1057735  2 28029551 91323 1.9 26 14 1 2 81% 5689 496 30%
c u 2852.70 61 16 426 1057735  2 28029551 91000 1.9 26 14 1 2 81% 5689 496 30%
c v 2852.86 61 16 426 1057735  2 28029551 90801 1.9 26 14 1 2 81% 5689 496 30%
c w 2852.93 61 16 426 1057735  2 28029551 90566 1.9 26 14 1 2 81% 5689 496 30%
c - 2869.36 61 16 427 1068525  2 28161908 89656 1.8 25 14 1 2 81% 5689 496 30%
c 
c   seconds    reductions       conflicts          size   tier2     variables
c           MB        restarts          redundant     glue   trail      remaining
c            level           rate            size/glue  tier1 irredundant
c 
c u 2869.54 61 16 427 1068525  2 28161908 89399 1.8 25 14 1 2 81% 5689 496 30%
c v 2869.64 61 16 427 1068525  2 28161908 89241 1.8 25 14 1 2 81% 5689 496 30%
c w 2869.64 61 16 427 1068525  2 28161908 89241 1.8 25 14 1 2 81% 5689 496 30%
c x 2869.70 61 16 427 1068525  2 28161908 89241 1.8 25 14 1 2 81% 5688 496 30%
c s 2870.19 61 16 427 1068525  2 28161908 88470 1.8 25 14 1 2 81% 5688 496 30%
c s 2870.26 61 16 427 1068525  2 28161908 88469 1.8 25 14 1 2 81% 5688 496 30%
c W 2879.21 61 16 427 1071999  2 28203366 116398 1.8 25 14 1 2 80% 5688 496 30%
c } 2884.13 61 16 427 1074637  1 28246669 145147 1.9 26 14 1 2 82% 5688 496 30%
c [ 2884.13 61 15 427 1074637  1 28246669 145147 1.7 23 13 1 2 87% 5688 496 30%
c - 2889.80 61 15 428 1074637  1 28294577 91107 1.8 25 13 1 2 87% 5688 496 30%
c u 2890.01 61 15 428 1074637  1 28294577 90670 1.8 25 13 1 2 87% 5688 496 30%
c v 2890.15 61 15 428 1074637  1 28294577 90419 1.8 25 13 1 2 87% 5688 496 30%
c w 2890.16 61 15 428 1074637  1 28294577 90419 1.8 25 13 1 2 87% 5688 496 30%
c - 2905.14 61 14 429 1074662  1 28427559 88736 2.1 26 13 1 2 88% 5688 496 30%
c u 2905.37 61 14 429 1074662  1 28427559 88257 2.1 26 13 1 2 88% 5688 496 30%
c v 2905.53 61 14 429 1074662  1 28427559 88063 2.1 26 13 1 2 88% 5688 496 30%
c w 2905.53 61 14 429 1074662  1 28427559 88063 2.1 26 13 1 2 88% 5688 496 30%
c B 2906.74 61 14 429 1074667  1 28441368 97513 2.1 26 13 1 2 88% 5688 496 30%
c - 2920.44 61 15 430 1074700  1 28560853 82810 1.9 25 13 1 2 85% 5688 496 30%
c u 2920.65 61 15 430 1074700  1 28560853 81720 1.9 25 13 1 2 85% 5688 496 30%
c 
c   seconds    reductions       conflicts          size   tier2     variables
c           MB        restarts          redundant     glue   trail      remaining
c            level           rate            size/glue  tier1 irredundant
c 
c v 2920.81 61 15 430 1074700  1 28560853 81425 1.9 25 13 1 2 85% 5688 496 30%
c w 2920.81 61 15 430 1074700  1 28560853 81425 1.9 25 13 1 2 85% 5688 496 30%
c W 2935.27 61 15 430 1074745  1 28680369 141875 1.8 25 14 1 2 87% 5688 496 30%
c - 2937.04 61 15 431 1074749  1 28694458 75870 1.8 24 14 1 2 87% 5688 496 30%
c u 2937.26 61 15 431 1074749  1 28694458 73637 1.8 24 14 1 2 87% 5688 496 30%
c v 2937.39 61 15 431 1074749  1 28694458 73439 1.8 24 14 1 2 87% 5688 496 30%
c w 2937.39 61 15 431 1074749  1 28694458 73438 1.8 24 14 1 2 87% 5688 496 30%
c - 2952.35 61 15 432 1074764  1 28828377 70566 1.6 23 14 1 2 87% 5688 496 30%
c u 2952.58 61 15 432 1074764  1 28828377 68008 1.6 23 14 1 2 87% 5688 496 30%
c v 2952.72 61 15 432 1074764  1 28828377 67619 1.6 23 14 1 2 87% 5688 496 30%
c w 2952.72 61 15 432 1074764  1 28828377 67619 1.6 23 14 1 2 87% 5688 496 30%
c ] 2960.92 61 15 432 1074795  1 28916550 108126 1.6 22 14 1 2 88% 5688 496 30%
c { 2960.92 61 16 432 1074795  1 28916550 108126 1.9 26 14 1 2 82% 5688 496 30%
c # 2961.32 61 16 432 1075077  1 28920370 111495 1.9 26 14 1 2 82% 5688 496 30%
c - 2966.66 61 16 433 1078676  2 28962607 75641 1.9 26 13 1 2 83% 5688 496 30%
c u 2966.86 61 16 433 1078676  2 28962607 72951 1.9 26 13 1 2 83% 5688 496 30%
c v 2966.99 61 16 433 1078676  2 28962607 72697 1.9 26 13 1 2 83% 5688 496 30%
c w 2967.05 61 16 433 1078676  2 28962607 72565 1.9 26 13 1 2 83% 5688 496 30%
c - 2983.72 61 16 434 1088599  2 29097149 81688 2.0 26 13 1 2 85% 5688 496 30%
c u 2983.92 61 16 434 1088599  2 29097149 78973 2.0 26 13 1 2 85% 5688 496 30%
c 
c   seconds    reductions       conflicts          size   tier2     variables
c           MB        restarts          redundant     glue   trail      remaining
c            level           rate            size/glue  tier1 irredundant
c 
c v 2984.11 61 16 434 1088599  2 29097149 78478 2.0 26 13 1 2 85% 5688 496 30%
c w 2984.20 61 16 434 1088599  2 29097149 78273 2.0 26 13 1 2 85% 5688 496 30%
c B 2990.31 61 15 434 1091891  2 29161371 116191 1.9 24 13 1 2 82% 5688 496 30%
c - 2999.02 61 15 435 1098044  2 29232005 81907 1.9 25 13 1 2 82% 5688 496 30%
c u 2999.17 61 15 435 1098044  2 29232005 81488 1.9 25 13 1 2 82% 5688 496 30%
c v 2999.36 61 15 435 1098044  2 29232005 81151 1.9 25 13 1 2 82% 5688 496 30%
c w 2999.40 61 15 435 1098044  2 29232005 80260 1.9 25 13 1 2 82% 5688 496 30%
c - 3016.81 61 16 436 1110337  2 29367172 83731 1.8 25 14 1 2 81% 5688 496 30%
c u 3016.95 61 16 436 1110337  2 29367172 83680 1.8 25 14 1 2 81% 5688 496 30%
c v 3017.20 61 16 436 1110337  2 29367172 83219 1.8 25 14 1 2 81% 5688 496 30%
c W 3024.40 61 16 436 1112880  2 29403372 106724 1.8 25 14 1 2 80% 5688 496 30%
c - 3034.68 61 15 437 1118532  1 29502652 84252 1.8 24 13 1 2 83% 5688 496 30%
c u 3034.81 61 15 437 1118532  1 29502652 84238 1.8 24 13 1 2 83% 5688 496 30%
c v 3035.00 61 15 437 1118532  1 29502652 83910 1.8 24 13 1 2 83% 5688 496 30%
c w 3035.00 61 15 437 1118532  1 29502652 83909 1.8 24 13 1 2 83% 5688 496 30%
c } 3047.13 61 15 437 1126624  1 29624166 155514 1.7 23 13 1 2 83% 5688 496 30%
c [ 3047.13 61 15 437 1126624  1 29624166 155514 1.6 22 14 1 2 88% 5688 496 30%
c - 3048.57 61 15 438 1126631  1 29638442 81533 1.6 22 14 1 2 88% 5688 496 30%
c u 3048.70 61 15 438 1126631  1 29638442 81520 1.6 22 14 1 2 88% 5688 496 30%
c v 3048.89 61 15 438 1126631  1 29638442 81256 1.6 22 14 1 2 88% 5688 496 30%
c 
c   seconds    reductions       conflicts          size   tier2     variables
c           MB        restarts          redundant     glue   trail      remaining
c            level           rate            size/glue  tier1 irredundant
c 
c w 3048.89 61 15 438 1126631  1 29638442 81256 1.6 22 14 1 2 88% 5688 496 30%
c O 3049.50 61 15 438 1126635  1 29646376 85584 1.6 22 14 1 2 88% 5688 496 30%
c - 3065.44 61 14 439 1126671  1 29774544 76976 1.7 22 13 1 2 88% 5688 496 30%
c u 3065.56 61 14 439 1126671  1 29774544 76973 1.7 22 13 1 2 88% 5688 496 30%
c v 3065.84 61 14 439 1126671  1 29774544 76575 1.7 22 13 1 2 88% 5688 496 30%
c w 3065.84 61 14 439 1126671  1 29774544 76571 1.7 22 13 1 2 88% 5688 496 30%
c B 3077.61 61 14 439 1126717  1 29890379 131781 1.7 21 13 1 2 87% 5688 496 30%
c - 3080.28 61 14 440 1126719  1 29910960 70935 1.7 22 13 1 2 87% 5688 496 30%
c u 3080.39 61 14 440 1126719  1 29910960 70934 1.7 22 13 1 2 87% 5688 496 30%
c v 3080.62 61 14 440 1126719  1 29910960 70518 1.7 22 13 1 2 87% 5688 496 30%
c - 3096.35 61 15 441 1126721  1 30047689 68246 1.6 22 14 1 2 87% 5688 496 30%
c u 3096.49 61 15 441 1126721  1 30047689 68078 1.6 22 14 1 2 87% 5688 496 30%
c v 3096.72 61 15 441 1126721  1 30047689 65380 1.6 22 14 1 2 87% 5688 496 30%
c W 3110.23 61 15 441 1126721  1 30135381 104620 1.7 23 14 1 2 89% 5688 496 30%
c - 3116.58 61 14 442 1126722  1 30184728 66198 1.7 22 13 1 2 88% 5688 496 30%
c u 3116.72 61 14 442 1126722  1 30184728 66022 1.7 22 13 1 2 88% 5688 496 30%
c v 3116.95 61 14 442 1126722  1 30184728 65808 1.7 22 13 1 2 88% 5688 496 30%
c w 3116.95 61 14 442 1126722  1 30184728 65808 1.7 22 13 1 2 88% 5688 496 30%
c ] 3129.49 61 14 442 1126722  1 30296275 114725 1.6 21 13 1 2 87% 5688 496 30%
c { 3129.49 61 15 442 1126722  1 30296275 114725 1.7 23 13 1 2 83% 5688 496 30%
c 
c   seconds    reductions       conflicts          size   tier2     variables
c           MB        restarts          redundant     glue   trail      remaining
c            level           rate            size/glue  tier1 irredundant
c 
c - 3132.64 61 15 443 1129276  1 30322079 73321 1.7 23 13 1 2 83% 5688 496 30%
c u 3132.82 61 15 443 1129276  1 30322079 73169 1.7 23 13 1 2 83% 5688 496 30%
c v 3133.01 61 15 443 1129276  1 30322079 73147 1.7 23 13 1 2 83% 5688 496 30%
c w 3133.08 61 15 443 1129276  1 30322079 72851 1.7 23 13 1 2 83% 5688 496 30%
c F 3139.27 61 16 443 1134982  2 30381383 111892 1.8 24 14 1 2 83% 5688 496 30%
c - 3148.90 61 16 444 1140368  1 30459742 83401 1.8 25 14 1 2 85% 5688 496 30%
c u 3149.11 61 16 444 1140368  1 30459742 83250 1.8 25 14 1 2 85% 5688 496 30%
c v 3149.28 61 16 444 1140368  1 30459742 82314 1.8 25 14 1 2 85% 5688 496 30%
c w 3149.35 61 16 444 1140368  1 30459742 82172 1.8 25 14 1 2 85% 5688 496 30%
c - 3165.04 61 15 445 1148999  1 30597718 85943 1.8 24 13 1 2 80% 5688 496 30%
c u 3165.27 61 15 445 1148999  1 30597718 85712 1.8 24 13 1 2 80% 5688 496 30%
c v 3165.43 61 15 445 1148999  1 30597718 85131 1.8 24 13 1 2 80% 5688 496 30%
c w 3165.50 61 15 445 1148999  1 30597718 84904 1.8 24 13 1 2 80% 5688 496 30%
c B 3168.98 61 15 445 1152330  2 30628385 104862 1.8 24 13 1 2 81% 5688 496 30%
c - 3183.70 61 15 446 1161556  2 30736006 86681 1.8 24 13 1 2 84% 5688 496 30%
c u 3183.92 61 15 446 1161556  2 30736006 86450 1.8 24 13 1 2 84% 5688 496 30%
c v 3184.12 61 15 446 1161556  2 30736006 85621 1.8 24 13 1 2 84% 5688 496 30%
c w 3184.19 61 15 446 1161556  2 30736006 84710 1.8 24 13 1 2 84% 5688 496 30%
c - 3201.30 61 15 447 1172961  2 30874606 88332 1.8 24 13 1 2 80% 5688 496 30%
c u 3201.54 61 15 447 1172961  2 30874606 88053 1.8 24 13 1 2 80% 5688 496 30%
c 
c   seconds    reductions       conflicts          size   tier2     variables
c           MB        restarts          redundant     glue   trail      remaining
c            level           rate            size/glue  tier1 irredundant
c 
c v 3201.70 61 15 447 1172961  2 30874606 87804 1.8 24 13 1 2 80% 5688 496 30%
c w 3201.70 61 15 447 1172961  2 30874606 87802 1.8 24 13 1 2 80% 5688 496 30%
c W 3206.07 61 15 447 1173427  2 30876387 89189 1.8 24 13 1 2 80% 5688 496 30%
c } 3220.71 61 15 447 1183529  2 31003397 168295 1.7 23 13 1 2 80% 5688 496 30%
c [ 3220.71 61 14 447 1183529  1 31003397 168295 1.6 21 13 1 2 87% 5688 496 30%
c - 3221.89 61 14 448 1183529  1 31013518 87360 1.6 21 13 1 2 87% 5688 496 30%
c u 3222.22 61 14 448 1183529  1 31013518 86997 1.6 21 13 1 2 87% 5688 496 30%
c v 3222.41 61 14 448 1183529  1 31013518 86946 1.6 21 13 1 2 87% 5688 496 30%
c I 3232.55 61 15 448 1183530  1 31125388 145996 1.6 22 14 1 2 87% 5688 496 30%
c - 3235.27 61 15 449 1183530  1 31152742 82667 1.6 22 14 1 2 87% 5688 496 30%
c u 3235.48 61 15 449 1183530  1 31152742 80814 1.6 22 14 1 2 87% 5688 496 30%
c v 3235.61 61 15 449 1183530  1 31152742 80778 1.6 22 14 1 2 87% 5688 496 30%
c - 3249.91 61 15 450 1183530  1 31292278 71969 1.6 21 13 1 2 87% 5688 496 30%
c u 3250.12 61 15 450 1183530  1 31292278 69381 1.6 21 13 1 2 87% 5688 496 30%
c v 3250.29 61 15 450 1183530  1 31292278 69322 1.6 21 13 1 2 87% 5688 496 30%
c w 3250.29 61 15 450 1183530  1 31292278 69322 1.6 21 13 1 2 87% 5688 496 30%
c B 3258.26 61 15 450 1183530  1 31375390 109260 1.6 22 13 1 2 88% 5688 496 30%
c - 3263.46 61 15 451 1183530  1 31432127 69775 1.7 22 13 1 2 88% 5688 496 30%
c u 3264.32 61 15 451 1183530  1 31432127 67499 1.7 22 13 1 2 88% 5688 496 30%
c v 3264.48 61 15 451 1183530  1 31432127 67342 1.7 22 13 1 2 88% 5688 496 30%
c 
c   seconds    reductions       conflicts          size   tier2     variables
c           MB        restarts          redundant     glue   trail      remaining
c            level           rate            size/glue  tier1 irredundant
c 
c w 3264.48 61 15 451 1183530  1 31432127 67342 1.7 22 13 1 2 88% 5688 496 30%
c - 3276.47 61 14 452 1183530  1 31572288 70401 1.8 23 13 1 2 87% 5688 496 30%
c u 3276.58 61 14 452 1183530  1 31572288 70359 1.8 23 13 1 2 87% 5688 496 30%
c v 3276.75 61 14 452 1183530  1 31572288 70249 1.8 23 13 1 2 87% 5688 496 30%
c w 3276.75 61 14 452 1183530  1 31572288 70248 1.8 23 13 1 2 87% 5688 496 30%
c W 3284.01 61 14 452 1183530  1 31626391 103649 1.9 23 12 1 2 86% 5688 496 30%
c - 3293.80 61 15 453 1183561  1 31712762 69845 1.7 23 13 1 2 87% 5688 496 30%
c u 3293.91 61 15 453 1183561  1 31712762 69845 1.7 23 13 1 2 87% 5688 496 30%
c v 3294.13 61 15 453 1183561  1 31712762 69611 1.7 23 13 1 2 87% 5688 496 30%
c w 3294.14 61 15 453 1183561  1 31712762 69608 1.7 23 13 1 2 87% 5688 496 30%
c ] 3304.27 61 15 453 1183593  1 31816131 119944 1.7 23 13 1 2 88% 5688 496 30%
c { 3304.27 61 15 453 1183593  2 31816131 119944 1.7 23 13 1 2 80% 5688 496 30%
c - 3308.63 61 15 454 1185336  1 31853547 74260 1.8 24 13 1 2 80% 5688 496 30%
c u 3308.74 61 15 454 1185336  1 31853547 74257 1.8 24 13 1 2 80% 5688 496 30%
c v 3308.86 61 15 454 1185336  1 31853547 74178 1.8 24 13 1 2 80% 5688 496 30%
c w 3308.86 61 15 454 1185336  1 31853547 74178 1.8 24 13 1 2 80% 5688 496 30%
c x 3308.91 61 15 454 1185336  1 31853547 74178 1.8 24 13 1 2 80% 5688 496 30%
c s 3309.31 61 15 454 1185336  1 31853547 73832 1.8 24 13 1 2 80% 5688 496 30%
c s 3309.72 61 15 454 1185336  1 31853547 73755 1.8 24 13 1 2 80% 5688 496 30%
c # 3312.12 61 15 454 1186802  1 31878392 89620 1.9 24 13 1 2 82% 5688 496 30%
c 
c   seconds    reductions       conflicts          size   tier2     variables
c           MB        restarts          redundant     glue   trail      remaining
c            level           rate            size/glue  tier1 irredundant
c 
c - 3325.46 61 15 455 1194485  1 31994644 79504 1.8 23 13 1 2 83% 5688 496 30%
c u 3325.59 61 15 455 1194485  1 31994644 79489 1.8 23 13 1 2 83% 5688 496 30%
c v 3325.83 61 15 455 1194485  1 31994644 79276 1.8 23 13 1 2 83% 5688 496 30%
c w 3325.83 61 15 455 1194485  1 31994644 79274 1.8 23 13 1 2 83% 5688 496 30%
c B 3342.97 61 15 455 1206768  2 32131394 165875 1.9 24 13 1 2 85% 5688 496 30%
c - 3343.84 61 15 456 1207601  2 32136056 84305 1.8 24 13 1 2 85% 5688 496 30%
c u 3343.98 61 15 456 1207601  2 32136056 84294 1.8 24 13 1 2 85% 5688 496 30%
c v 3344.25 61 15 456 1207601  2 32136056 83977 1.8 24 13 1 2 85% 5688 496 30%
c - 3358.90 61 15 457 1217568  1 32277778 84240 1.7 22 13 1 2 80% 5688 496 30%
c v 3359.25 61 15 457 1217568  1 32277778 83975 1.7 22 13 1 2 80% 5688 496 30%
c w 3359.25 61 15 457 1217568  1 32277778 83975 1.7 22 13 1 2 80% 5688 496 30%
c W 3376.20 61 15 457 1227346  1 32385395 152734 1.8 24 13 1 2 80% 5688 496 30%
c - 3381.40 61 15 458 1229816  2 32419811 86128 1.8 23 13 1 2 80% 5688 496 30%
c u 3381.53 61 15 458 1229816  2 32419811 86122 1.8 23 13 1 2 80% 5688 496 30%
c v 3381.82 61 15 458 1229816  2 32419811 85852 1.8 23 13 1 2 80% 5688 496 30%
c w 3381.82 61 15 458 1229816  2 32419811 85852 1.8 23 13 1 2 80% 5688 496 30%
c } 3397.37 61 15 458 1242760  2 32557382 175698 1.7 23 13 1 2 75% 5688 496 30%
c [ 3397.37 61 15 458 1242760  1 32557382 175698 1.7 23 13 1 2 88% 5688 496 30%
c - 3397.99 61 15 459 1242760  1 32562158 88012 1.7 23 13 1 2 87% 5688 496 30%
c u 3398.13 61 15 459 1242760  1 32562158 88006 1.7 23 13 1 2 87% 5688 496 30%
c 
c   seconds    reductions       conflicts          size   tier2     variables
c           MB        restarts          redundant     glue   trail      remaining
c            level           rate            size/glue  tier1 irredundant
c 
c v 3398.37 61 15 459 1242760  1 32562158 87750 1.7 23 13 1 2 87% 5688 496 30%
c O 3405.66 61 16 459 1242790  1 32640397 134654 1.7 23 14 1 2 87% 5688 496 30%
c - 3414.06 61 15 460 1242813  1 32704817 85619 1.7 23 14 1 2 87% 5688 496 30%
c u 3414.19 61 15 460 1242813  1 32704817 85615 1.7 23 14 1 2 87% 5688 496 30%
c v 3414.46 61 15 460 1242813  1 32704817 85401 1.7 23 14 1 2 87% 5688 496 30%
c w 3414.47 61 15 460 1242813  1 32704817 85400 1.7 23 14 1 2 87% 5688 496 30%
c - 3433.43 61 15 461 1242829  1 32847788 79721 1.8 23 13 1 2 88% 5688 496 30%
c v 3433.98 61 15 461 1242829  1 32847788 79472 1.8 23 13 1 2 88% 5688 496 30%
c B 3440.42 61 15 461 1242853  1 32896398 106530 1.8 24 13 1 2 88% 5688 496 30%
c - 3450.94 61 15 462 1242886  1 32991070 77274 1.6 23 14 1 2 88% 5688 496 30%
c v 3451.32 61 15 462 1242886  1 32991070 77009 1.6 23 14 1 2 88% 5688 496 30%
c w 3451.32 61 15 462 1242886  1 32991070 77009 1.6 23 14 1 2 88% 5688 496 30%
c - 3468.08 61 15 463 1242925  1 33134665 73565 1.5 22 14 1 2 87% 5688 496 30%
c u 3468.22 61 15 463 1242925  1 33134665 73454 1.5 22 14 1 2 87% 5688 496 30%
c v 3468.47 61 15 463 1242925  1 33134665 70959 1.5 22 14 1 2 87% 5688 496 30%
c w 3468.48 61 15 463 1242925  1 33134665 70957 1.5 22 14 1 2 87% 5688 496 30%
c W 3473.88 61 15 463 1242933  1 33153399 79414 1.6 22 14 1 2 87% 5688 496 30%
c ] 3484.80 61 15 463 1242951  1 33256589 128251 1.6 22 13 1 2 87% 5688 496 30%
c { 3484.80 61 15 463 1242951  2 33256589 128251 1.7 23 13 1 2 75% 5688 496 30%
c - 3487.82 61 16 464 1245248  2 33278571 76728 1.7 23 13 1 2 78% 5688 496 30%
c 
c   seconds    reductions       conflicts          size   tier2     variables
c           MB        restarts          redundant     glue   trail      remaining
c            level           rate            size/glue  tier1 irredundant
c 
c u 3487.99 61 16 464 1245248  2 33278571 76609 1.7 23 13 1 2 78% 5688 496 30%
c v 3488.19 61 16 464 1245248  2 33278571 75526 1.7 23 13 1 2 78% 5688 496 30%
c w 3488.27 61 16 464 1245248  2 33278571 75260 1.7 23 13 1 2 78% 5688 496 30%
c F 3502.15 61 15 464 1254019  1 33411400 154885 1.7 22 13 1 2 76% 5688 496 30%
c - 3504.35 61 15 465 1255761  2 33422790 85864 1.7 23 13 1 2 77% 5688 496 30%
c u 3504.56 61 15 465 1255761  2 33422790 85741 1.7 23 13 1 2 77% 5688 496 30%
c v 3504.71 61 15 465 1255761  2 33422790 85645 1.7 23 13 1 2 77% 5688 496 30%
c w 3504.79 61 15 465 1255761  2 33422790 85572 1.7 23 13 1 2 77% 5688 496 30%
c - 3522.52 66 15 466 1267437  2 33567321 90688 1.8 23 13 1 2 80% 5688 496 30%
c u 3522.75 66 15 466 1267437  2 33567321 90546 1.8 23 13 1 2 80% 5688 496 30%
c v 3522.93 66 15 466 1267437  2 33567321 90473 1.8 23 13 1 2 80% 5688 496 30%
c w 3523.01 66 15 466 1267437  2 33567321 89999 1.8 23 13 1 2 80% 5688 496 30%
c B 3532.88 66 14 466 1269888  1 33670403 148842 1.8 21 12 1 2 79% 5688 496 30%
c - 3539.66 66 15 467 1277623  2 33712164 90946 1.7 23 13 1 2 80% 5688 496 30%
c u 3539.89 66 15 467 1277623  2 33712164 90759 1.7 23 13 1 2 80% 5688 496 30%
c v 3540.06 66 15 467 1277623  2 33712164 90578 1.7 23 13 1 2 80% 5688 496 30%
c - 3558.19 66 15 468 1289013  2 33857320 91614 1.8 24 13 1 2 83% 5688 496 30%
c u 3558.42 66 15 468 1289013  2 33857320 91405 1.8 24 13 1 2 83% 5688 496 30%
c v 3558.61 66 15 468 1289013  2 33857320 91351 1.8 24 13 1 2 83% 5688 496 30%
c w 3558.61 66 15 468 1289013  2 33857320 91351 1.8 24 13 1 2 83% 5688 496 30%
c 
c   seconds    reductions       conflicts           size   tier2     variables
c           MB        restarts          redundant      glue   trail      remaining
c            level           rate             size/glue  tier1 irredundant
c 
c W 3571.15 66 15 468 1294786  2 33930404 134442 1.7 23 13 1 2 83% 5688 496 30%
c - 3580.01 66 15 469 1300600  2 34002788 94584 2.0 26 13 1 2 81% 5688 496 30%
c u 3580.28 66 15 469 1300600  2 34002788 94348 2.0 26 13 1 2 81% 5688 496 30%
c v 3580.43 66 15 469 1300600  2 34002788 94326 2.0 26 13 1 2 81% 5688 496 30%
c w 3580.43 66 15 469 1300600  2 34002788 94326 2.0 26 13 1 2 81% 5688 496 30%
c } 3581.67 66 15 469 1301681  2 34019483 105045 2.0 25 13 1 2 78% 5688 496 30%
c [ 3581.67 66 15 469 1301681  1 34019483 105045 1.6 22 13 1 2 87% 5688 496 30%
c - 3594.37 66 15 470 1301682  1 34148570 88203 1.6 22 14 1 2 84% 5688 496 30%
c u 3594.60 66 15 470 1301682  1 34148570 87909 1.6 22 14 1 2 84% 5688 496 30%
c v 3594.74 66 15 470 1301682  1 34148570 87871 1.6 22 14 1 2 84% 5688 496 30%
c I 3598.24 66 15 470 1301682  1 34191406 109175 1.6 21 14 1 2 83% 5688 496 30%
c - 3608.32 66 15 471 1301721  1 34294661 80634 1.6 22 14 1 2 84% 5688 496 30%
c u 3608.55 66 15 471 1301721  1 34294661 79690 1.6 22 14 1 2 84% 5688 496 30%
c v 3608.69 66 15 471 1301721  1 34294661 79638 1.6 22 14 1 2 84% 5688 496 30%
c w 3608.69 66 15 471 1301721  1 34294661 79638 1.6 22 14 1 2 84% 5688 496 30%
c - 3622.31 66 15 472 1301767  1 34441069 73895 1.5 21 14 1 2 85% 5688 496 30%
c u 3622.51 66 15 472 1301767  1 34441069 71383 1.5 21 14 1 2 85% 5688 496 30%
c v 3622.67 66 15 472 1301767  1 34441069 71290 1.5 21 14 1 2 85% 5688 496 30%
c w 3622.67 66 15 472 1301767  1 34441069 71289 1.5 21 14 1 2 85% 5688 496 30%
c B 3623.51 66 15 472 1301774  1 34453407 77356 1.5 21 14 1 2 85% 5688 496 30%
c 
c   seconds    reductions       conflicts          size   tier2     variables
c           MB        restarts          redundant     glue   trail      remaining
c            level           rate            size/glue  tier1 irredundant
c 
c - 3637.30 66 16 473 1301808  1 34587785 73667 1.5 22 14 1 2 84% 5688 496 30%
c u 3637.49 66 16 473 1301808  1 34587785 70734 1.5 22 14 1 2 84% 5688 496 30%
c v 3637.68 66 16 473 1301808  1 34587785 70482 1.5 22 14 1 2 84% 5688 496 30%
c w 3637.71 66 16 473 1301808  1 34587785 70308 1.5 22 14 1 2 84% 5688 496 30%
c W 3653.34 66 16 473 1301838  1 34716408 142764 1.6 24 15 1 2 86% 5688 496 30%
c - 3655.45 66 16 474 1301840  1 34734814 72270 1.6 24 15 1 2 86% 5688 496 30%
c u 3655.60 66 16 474 1301840  1 34734814 71127 1.6 24 15 1 2 86% 5688 496 30%
c v 3655.82 66 16 474 1301840  1 34734814 70904 1.6 24 15 1 2 86% 5688 496 30%
c w 3655.83 66 16 474 1301840  1 34734814 70823 1.6 24 15 1 2 86% 5688 496 30%
c ] 3667.60 66 15 474 1301872  1 34848369 130940 1.7 24 14 1 2 87% 5688 496 30%
c { 3667.60 66 15 474 1301872  2 34848369 130940 2.0 25 13 1 2 78% 5688 496 30%
c - 3672.05 66 16 475 1306313  2 34882155 77822 1.9 25 13 1 2 78% 5688 496 30%
c u 3672.21 66 16 475 1306313  2 34882155 77805 1.9 25 13 1 2 78% 5688 496 30%
c v 3672.51 66 16 475 1306313  2 34882155 77602 1.9 25 13 1 2 78% 5688 496 30%
c w 3672.60 66 16 475 1306313  2 34882155 77208 1.9 25 13 1 2 78% 5688 496 30%
c # 3682.74 66 15 475 1312855  1 34980410 135996 1.8 24 13 1 2 82% 5688 496 30%
c - 3689.11 66 15 476 1314860  1 35029807 83472 1.8 24 13 1 2 83% 5688 496 30%
c u 3689.24 66 15 476 1314860  1 35029807 83467 1.8 24 13 1 2 83% 5688 496 30%
c v 3689.49 66 15 476 1314860  1 35029807 83291 1.8 24 13 1 2 83% 5688 496 30%
c w 3689.57 66 15 476 1314860  1 35029807 83185 1.8 24 13 1 2 83% 5688 496 30%
c 
c   seconds    reductions       conflicts          size   tier2     variables
c           MB        restarts          redundant     glue   trail      remaining
c            level           rate            size/glue  tier1 irredundant
c 
c - 3705.82 66 15 477 1326330  1 35177771 85690 1.7 23 13 1 2 82% 5688 496 30%
c u 3705.95 66 15 477 1326330  1 35177771 85690 1.7 23 13 1 2 82% 5688 496 30%
c v 3706.20 66 15 477 1326330  1 35177771 85517 1.7 23 13 1 2 82% 5688 496 30%
c w 3706.20 66 15 477 1326330  1 35177771 85287 1.7 23 13 1 2 82% 5688 496 30%
c B 3712.65 66 14 477 1329361  1 35245412 124398 1.8 22 13 1 2 81% 5688 496 30%
c - 3722.72 66 14 478 1334339  1 35326049 84889 1.8 22 12 1 2 83% 5688 496 30%
c u 3722.85 66 14 478 1334339  1 35326049 84880 1.8 22 12 1 2 83% 5688 496 30%
c v 3723.11 66 14 478 1334339  1 35326049 84635 1.8 22 12 1 2 83% 5688 496 30%
c s 3731.44 66 15 478 1342041  2 35394303 125470 1.8 23 13 1 2 84% 5688 496 30%
c s 3731.49 66 15 478 1342041  2 35394303 125463 1.8 23 13 1 2 84% 5688 496 30%
c - 3742.34 66 15 479 1348889  2 35474639 88141 1.8 24 13 1 2 84% 5688 496 30%
c u 3742.47 66 15 479 1348889  2 35474639 88136 1.8 24 13 1 2 84% 5688 496 30%
c v 3742.76 66 15 479 1348889  2 35474639 87886 1.8 24 13 1 2 84% 5688 496 30%
c W 3751.32 66 16 479 1355167  2 35511414 115650 1.8 25 14 1 2 82% 5688 496 30%
c } 3766.44 66 16 479 1362799  2 35617325 180183 1.9 25 13 1 2 83% 5688 496 30%
c [ 3766.44 66 15 479 1362799  1 35617325 180183 1.7 24 14 1 2 87% 5688 496 30%
c - 3767.15 66 15 480 1362799  1 35623541 90799 1.7 24 14 1 2 86% 5688 496 30%
c u 3767.29 66 15 480 1362799  1 35623541 90795 1.7 24 14 1 2 86% 5688 496 30%
c v 3767.59 66 15 480 1362799  1 35623541 90543 1.7 24 14 1 2 86% 5688 496 30%
c w 3767.59 66 15 480 1362799  1 35623541 90543 1.7 24 14 1 2 86% 5688 496 30%
c 
c   seconds    reductions       conflicts          size   tier2     variables
c           MB        restarts          redundant     glue   trail      remaining
c            level           rate            size/glue  tier1 irredundant
c 
c - 3783.47 66 14 481 1362860  1 35772754 83605 1.6 21 13 1 2 87% 5688 496 30%
c u 3784.07 66 14 481 1362860  1 35772754 83505 1.6 21 13 1 2 87% 5688 496 30%
c v 3784.32 66 14 481 1362860  1 35772754 81342 1.6 21 13 1 2 87% 5688 496 30%
c w 3784.32 66 14 481 1362860  1 35772754 81342 1.6 21 13 1 2 87% 5688 496 30%
c O 3784.87 66 14 481 1362861  1 35778416 84826 1.6 21 13 1 2 87% 5688 496 30%
c - 3800.41 66 14 482 1362864  1 35922280 74982 1.6 20 13 1 2 86% 5688 496 30%
c u 3800.57 66 14 482 1362864  1 35922280 74892 1.6 20 13 1 2 86% 5688 496 30%
c v 3800.68 66 14 482 1362864  1 35922280 73628 1.6 20 13 1 2 86% 5688 496 30%
c x 3800.73 66 14 482 1362864  1 35922280 73627 1.6 20 13 1 2 86% 5687 496 30%
c s 3801.13 66 14 482 1362864  1 35922280 73490 1.6 20 13 1 2 86% 5687 496 30%
c s 3801.53 66 14 482 1362864  1 35922280 73464 1.6 20 13 1 2 86% 5687 496 30%
c B 3814.20 66 14 482 1362865  1 36046417 137222 1.7 22 13 1 2 86% 5687 496 30%
c - 3816.68 66 15 483 1362865  1 36072120 77537 1.6 22 13 1 2 87% 5687 496 30%
c u 3816.87 66 15 483 1362865  1 36072120 77420 1.6 22 13 1 2 87% 5687 496 30%
c v 3817.05 66 15 483 1362865  1 36072120 75651 1.6 22 13 1 2 87% 5687 496 30%
c w 3817.08 66 15 483 1362865  1 36072120 75427 1.6 22 13 1 2 87% 5687 496 30%
c - 3833.11 66 15 484 1362865  1 36222272 77083 1.7 24 14 1 2 87% 5687 496 30%
c u 3833.31 66 15 484 1362865  1 36222272 76979 1.7 24 14 1 2 87% 5687 496 30%
c v 3833.51 66 15 484 1362865  1 36222272 76948 1.7 24 14 1 2 87% 5687 496 30%
c w 3833.52 66 15 484 1362865  1 36222272 76948 1.7 24 14 1 2 87% 5687 496 30%
c 
c   seconds    reductions       conflicts           size   tier2     variables
c           MB        restarts          redundant      glue   trail      remaining
c            level           rate             size/glue  tier1 irredundant
c 
c W 3846.52 66 16 484 1362880  1 36315420 122934 1.7 23 14 1 2 86% 5687 496 30%
c - 3853.57 66 15 485 1362899  1 36372736 74892 1.6 23 14 1 2 86% 5687 496 30%
c u 3853.76 66 15 485 1362899  1 36372736 74751 1.6 23 14 1 2 86% 5687 496 30%
c v 3853.99 66 15 485 1362899  1 36372736 74730 1.6 23 14 1 2 86% 5687 496 30%
c w 3853.99 66 15 485 1362899  1 36372736 74730 1.6 23 14 1 2 86% 5687 496 30%
c ] 3858.70 66 15 485 1362920  1 36416533 93556 1.6 23 14 1 2 86% 5687 496 30%
c { 3858.70 66 16 485 1362920  2 36416533 93556 1.9 25 13 1 2 83% 5687 496 30%
c - 3868.54 66 15 486 1368716  1 36523510 84622 1.8 23 13 1 2 75% 5687 496 30%
c u 3868.76 66 15 486 1368716  1 36523510 84497 1.8 23 13 1 2 75% 5687 496 30%
c v 3868.89 66 15 486 1368716  1 36523510 84477 1.8 23 13 1 2 75% 5687 496 30%
c w 3868.95 66 15 486 1368716  1 36523510 83631 1.8 23 13 1 2 75% 5687 496 30%
c F 3875.53 66 15 486 1374645  2 36585422 124508 1.8 24 13 1 2 79% 5687 496 30%
c - 3883.70 66 14 487 1379238  1 36674596 92074 1.8 22 12 1 2 69% 5687 496 30%
c u 3883.93 66 14 487 1379238  1 36674596 91894 1.8 22 12 1 2 69% 5687 496 30%
c v 3884.05 66 14 487 1379238  1 36674596 91781 1.8 22 12 1 2 69% 5687 496 30%
c - 3903.57 66 15 488 1393734  2 36825995 96250 1.9 24 13 1 2 76% 5687 496 30%
c u 3903.82 66 15 488 1393734  2 36825995 96013 1.9 24 13 1 2 76% 5687 496 30%
c v 3904.04 66 15 488 1393734  2 36825995 95948 1.9 24 13 1 2 76% 5687 496 30%
c B 3907.88 66 15 488 1398706  2 36856423 118716 1.8 24 13 1 2 77% 5687 496 30%
c - 3923.40 70 15 489 1407621  2 36977706 98081 1.9 25 13 1 2 79% 5687 496 30%
c 
c   seconds    reductions       conflicts          size   tier2     variables
c           MB        restarts          redundant     glue   trail      remaining
c            level           rate            size/glue  tier1 irredundant
c 
c u 3923.67 70 15 489 1407621  2 36977706 97755 1.9 25 13 1 2 79% 5687 496 30%
c v 3923.87 70 15 489 1407621  2 36977706 97728 1.9 25 13 1 2 79% 5687 496 30%
c W 3946.68 70 15 489 1420647  2 37128425 191997 1.7 23 13 1 2 77% 5687 496 30%
c - 3946.85 70 15 490 1420647  2 37129730 96229 1.7 23 13 1 2 77% 5687 496 30%
c u 3947.09 70 15 490 1420647  2 37129730 94181 1.7 23 13 1 2 77% 5687 496 30%
c v 3947.29 70 15 490 1420647  2 37129730 94151 1.7 23 13 1 2 77% 5687 496 30%
c w 3947.29 70 15 490 1420647  2 37129730 94151 1.7 23 13 1 2 77% 5687 496 30%
c } 3960.65 70 15 490 1428938  2 37239516 165710 1.8 24 13 1 2 80% 5687 496 30%
c [ 3960.65 70 15 490 1428938  1 37239516 165710 1.6 23 14 1 2 86% 5687 496 30%
c - 3966.24 70 15 491 1428946  1 37282065 94080 1.7 22 13 1 2 86% 5687 496 30%
c u 3966.49 70 15 491 1428946  1 37282065 91424 1.7 22 13 1 2 86% 5687 496 30%
c v 3966.71 70 15 491 1428946  1 37282065 91382 1.7 22 13 1 2 86% 5687 496 30%
c I 3979.23 70 16 491 1428984  1 37401426 154812 1.6 23 14 1 2 86% 5687 496 30%
c - 3983.23 70 15 492 1428999  1 37434712 86521 1.6 22 14 1 2 86% 5687 496 30%
c u 3983.40 70 15 492 1428999  1 37434712 84731 1.6 22 14 1 2 86% 5687 496 30%
c v 3983.66 70 15 492 1428999  1 37434712 84703 1.6 22 14 1 2 86% 5687 496 30%
c w 3983.67 70 15 492 1428999  1 37434712 84702 1.6 22 14 1 2 86% 5687 496 30%
c - 3999.08 70 14 493 1429020  1 37587673 75606 1.6 21 13 1 2 88% 5687 496 30%
c u 3999.20 70 14 493 1429020  1 37587673 75586 1.6 21 13 1 2 88% 5687 496 30%
c v 3999.45 70 14 493 1429020  1 37587673 75544 1.6 21 13 1 2 88% 5687 496 30%
c 
c   seconds    reductions       conflicts          size   tier2     variables
c           MB        restarts          redundant     glue   trail      remaining
c            level           rate            size/glue  tier1 irredundant
c 
c w 3999.45 70 14 493 1429020  1 37587673 75544 1.6 21 13 1 2 88% 5687 496 30%
c B 4007.01 70 14 493 1429055  1 37675427 119972 1.6 21 13 1 2 86% 5687 496 30%
c - 4013.82 70 15 494 1429073  1 37740945 74802 1.6 23 14 1 2 86% 5687 496 30%
c u 4013.94 70 15 494 1429073  1 37740945 74800 1.6 23 14 1 2 86% 5687 496 30%
c v 4014.18 70 15 494 1429073  1 37740945 74760 1.6 23 14 1 2 86% 5687 496 30%
c w 4014.18 70 15 494 1429073  1 37740945 74759 1.6 23 14 1 2 86% 5687 496 30%
c - 4028.94 70 15 495 1429126  1 37894529 72190 1.5 21 14 1 2 87% 5687 496 30%
c u 4029.08 70 15 495 1429126  1 37894529 72113 1.5 21 14 1 2 87% 5687 496 30%
c v 4029.29 70 15 495 1429126  1 37894529 69560 1.5 21 14 1 2 87% 5687 496 30%
c w 4029.29 70 15 495 1429126  1 37894529 69560 1.5 21 14 1 2 87% 5687 496 30%
c W 4037.48 70 15 495 1429136  1 37950428 98354 1.6 21 14 1 2 86% 5687 496 30%
c - 4047.30 70 15 496 1429138  1 38048425 72597 1.6 22 14 1 2 86% 5687 496 30%
c u 4047.45 70 15 496 1429138  1 38048425 72519 1.6 22 14 1 2 86% 5687 496 30%
c v 4047.66 70 15 496 1429138  1 38048425 71756 1.6 22 14 1 2 86% 5687 496 30%
c w 4047.69 70 15 496 1429138  1 38048425 71438 1.6 22 14 1 2 86% 5687 496 30%
c ] 4053.93 70 15 496 1429138  1 38124531 116287 1.8 24 13 1 2 87% 5687 496 30%
c { 4053.93 70 15 496 1429138  2 38124531 116287 1.8 24 13 1 2 80% 5687 496 30%
c - 4064.35 70 16 497 1435704  2 38202633 84759 1.8 25 14 1 2 83% 5687 496 30%
c u 4064.55 70 16 497 1435704  2 38202633 84681 1.8 25 14 1 2 83% 5687 496 30%
c v 4064.73 70 16 497 1435704  2 38202633 84658 1.8 25 14 1 2 83% 5687 496 30%
c 
c   seconds    reductions       conflicts          size   tier2     variables
c           MB        restarts          redundant     glue   trail      remaining
c            level           rate            size/glue  tier1 irredundant
c 
c w 4064.81 70 16 497 1435704  2 38202633 84158 1.8 25 14 1 2 83% 5687 496 30%
c # 4067.38 70 16 497 1438159  2 38226430 100494 1.8 25 14 1 2 82% 5687 496 30%
c - 4084.32 70 15 498 1446344  1 38357153 91064 1.9 25 13 1 2 85% 5687 496 30%
c u 4084.56 70 15 498 1446344  1 38357153 90958 1.9 25 13 1 2 85% 5687 496 30%
c v 4084.80 70 15 498 1446344  1 38357153 90647 1.9 25 13 1 2 85% 5687 496 30%
c w 4084.89 70 15 498 1446344  1 38357153 90474 1.9 25 13 1 2 85% 5687 496 30%
c B 4103.81 70 15 498 1459618  2 38503432 186101 1.8 24 13 1 2 80% 5687 496 30%
c - 4105.53 70 16 499 1461485  2 38511985 94545 1.8 24 13 1 2 81% 5687 496 30%
c u 4105.77 70 16 499 1461485  2 38511985 94429 1.8 24 13 1 2 81% 5687 496 30%
c v 4106.00 70 16 499 1461485  2 38511985 94338 1.8 24 13 1 2 81% 5687 496 30%
c - 4126.50 70 16 500 1476499  2 38667137 96072 1.7 23 13 1 2 79% 5687 496 30%
c u 4126.75 70 16 500 1476499  2 38667137 95934 1.7 23 13 1 2 79% 5687 496 30%
c v 4126.97 70 16 500 1476499  2 38667137 95890 1.7 23 13 1 2 79% 5687 496 30%
c W 4144.24 70 15 500 1481213  1 38781434 163039 1.8 23 13 1 2 83% 5687 496 30%
c - 4150.53 70 15 501 1485952  1 38822595 94628 1.8 24 13 1 2 82% 5687 496 30%
c u 4150.78 70 15 501 1485952  1 38822595 94444 1.8 24 13 1 2 82% 5687 496 30%
c v 4150.98 70 15 501 1485952  1 38822595 94415 1.8 24 13 1 2 82% 5687 496 30%
c } 4160.74 70 16 501 1493044  2 38909080 154055 1.9 25 13 1 2 80% 5687 496 30%
c [ 4160.74 70 15 501 1493044  1 38909080 154055 1.8 24 13 1 2 87% 5687 496 30%
c - 4168.19 70 14 502 1493059  1 38978366 93543 1.7 22 13 1 2 83% 5687 496 30%
c 
c   seconds    reductions       conflicts          size   tier2     variables
c           MB        restarts          redundant     glue   trail      remaining
c            level           rate            size/glue  tier1 irredundant
c 
c u 4168.45 70 14 502 1493059  1 38978366 93350 1.7 22 13 1 2 83% 5687 496 30%
c v 4168.63 70 14 502 1493059  1 38978366 93321 1.7 22 13 1 2 83% 5687 496 30%
c O 4177.32 70 15 502 1493090  1 39060435 130304 1.6 22 14 1 2 84% 5687 496 30%
c - 4187.07 70 15 503 1493107  1 39134448 86490 1.6 22 14 1 2 86% 5687 496 30%
c u 4187.29 70 15 503 1493107  1 39134448 86170 1.6 22 14 1 2 86% 5687 496 30%
c v 4187.54 70 15 503 1493107  1 39134448 86149 1.6 22 14 1 2 86% 5687 496 30%
c w 4187.54 70 15 503 1493107  1 39134448 86148 1.6 22 14 1 2 86% 5687 496 30%
c - 4206.05 70 15 504 1493168  1 39290842 81718 1.6 22 14 1 2 87% 5687 496 30%
c u 4206.26 70 15 504 1493168  1 39290842 80263 1.6 22 14 1 2 87% 5687 496 30%
c v 4206.51 70 15 504 1493168  1 39290842 80243 1.6 22 14 1 2 87% 5687 496 30%
c B 4211.49 70 15 504 1493170  1 39340436 104602 1.6 22 14 1 2 87% 5687 496 30%
c - 4223.91 70 15 505 1493189  1 39447548 79217 1.6 22 14 1 2 87% 5687 496 30%
c u 4224.10 70 15 505 1493189  1 39447548 76621 1.6 22 14 1 2 87% 5687 496 30%
c v 4224.34 70 15 505 1493189  1 39447548 76558 1.6 22 14 1 2 87% 5687 496 30%
c w 4224.34 70 15 505 1493189  1 39447548 76558 1.6 22 14 1 2 87% 5687 496 30%
c - 4241.68 70 15 506 1493234  1 39604568 79230 1.7 23 14 1 2 86% 5687 496 30%
c u 4241.83 70 15 506 1493234  1 39604568 78349 1.7 23 14 1 2 86% 5687 496 30%
c v 4242.09 70 15 506 1493234  1 39604568 75857 1.7 23 14 1 2 86% 5687 496 30%
c W 4247.39 70 15 506 1493241  1 39621438 85549 1.7 23 14 1 2 86% 5687 496 30%
c ] 4256.70 70 15 506 1493279  1 39715353 126523 1.6 22 14 1 2 87% 5687 496 30%
c 
c   seconds    reductions       conflicts           size   tier2     variables
c           MB        restarts          redundant      glue   trail      remaining
c            level           rate             size/glue  tier1 irredundant
c 
c { 4256.70 70 16 506 1493279  2 39715353 126523 1.9 25 13 1 2 80% 5687 496 30%
c - 4261.86 70 15 507 1496316  2 39761898 81693 1.8 24 13 1 2 78% 5687 496 30%
c u 4261.99 70 15 507 1496316  2 39761898 81591 1.8 24 13 1 2 78% 5687 496 30%
c v 4262.24 70 15 507 1496316  2 39761898 79377 1.8 24 13 1 2 78% 5687 496 30%
c w 4262.32 70 15 507 1496316  2 39761898 78990 1.8 24 13 1 2 78% 5687 496 30%
c F 4277.94 70 15 507 1508966  2 39903440 167623 1.8 23 13 1 2 76% 5687 496 30%
c - 4280.09 70 15 508 1509601  2 39919540 88907 1.8 23 13 1 2 77% 5687 496 30%
c u 4280.23 70 15 508 1509601  2 39919540 88893 1.8 23 13 1 2 77% 5687 496 30%
c v 4280.50 70 15 508 1509601  2 39919540 88777 1.8 23 13 1 2 77% 5687 496 30%
c w 4280.58 70 15 508 1509601  2 39919540 88392 1.8 23 13 1 2 77% 5687 496 30%
c - 4297.32 70 14 509 1520572  1 40077494 91057 1.6 20 12 1 2 71% 5687 496 30%
c u 4297.46 70 14 509 1520572  1 40077494 91055 1.6 20 12 1 2 71% 5687 496 30%
c v 4297.71 70 14 509 1520572  1 40077494 90872 1.6 20 12 1 2 71% 5687 496 30%
c B 4308.87 70 14 509 1528662  1 40186441 157824 1.7 20 12 1 2 71% 5687 496 30%
c - 4316.42 72 15 510 1535230  2 40235760 93582 1.7 22 13 1 2 74% 5687 496 30%
c u 4316.56 72 15 510 1535230  2 40235760 93576 1.7 22 13 1 2 74% 5687 496 30%
c v 4316.86 72 15 510 1535230  2 40235760 93529 1.7 22 13 1 2 74% 5687 496 30%
c w 4316.86 72 15 510 1535230  2 40235760 93529 1.7 22 13 1 2 74% 5687 496 30%
c - 4338.41 72 15 511 1550978  2 40394340 98865 1.9 24 13 1 2 77% 5687 496 30%
c u 4338.57 72 15 511 1550978  2 40394340 98854 1.9 24 13 1 2 77% 5687 496 30%
c 
c   seconds    reductions       conflicts          size   tier2     variables
c           MB        restarts          redundant     glue   trail      remaining
c            level           rate            size/glue  tier1 irredundant
c 
c v 4338.76 72 15 511 1550978  2 40394340 98818 1.9 24 13 1 2 77% 5687 496 30%
c x 4338.82 72 15 511 1550978  2 40394340 98814 1.9 24 13 1 2 77% 5683 496 30%
c s 4339.31 72 15 511 1550978  2 40394340 96824 1.9 24 13 1 2 77% 5679 496 30%
c s 4339.44 72 15 511 1550978  2 40394340 96802 1.9 24 13 1 2 77% 5679 496 30%
c W 4352.68 72 15 511 1558520  2 40470442 146623 1.8 24 13 1 2 79% 5679 496 30%
c - 4365.25 72 15 512 1562857  1 40553232 98351 1.9 24 13 1 2 81% 5679 496 30%
c u 4366.35 72 15 512 1562857  1 40553232 98344 1.9 24 13 1 2 81% 5679 496 30%
c v 4366.67 72 15 512 1562857  1 40553232 98283 1.9 24 13 1 2 81% 5679 496 30%
c } 4367.34 72 15 512 1564246  2 40558568 102577 1.9 24 13 1 2 81% 5679 496 30%
c [ 4367.34 72 15 512 1564246  1 40558568 102577 1.6 22 14 1 2 87% 5679 496 30%
c - 4383.83 54 13 513 1564265  1 40712436 90875 1.6 20 12 1 2 80% 5679 496 30%
c u 4383.96 54 13 513 1564265  1 40712436 90874 1.6 20 12 1 2 80% 5679 496 30%
c v 4384.25 54 13 513 1564265  1 40712436 90847 1.6 20 12 1 2 80% 5679 496 30%
c w 4384.25 54 13 513 1564265  1 40712436 90847 1.6 20 12 1 2 80% 5679 496 30%
c I 4388.91 54 14 513 1564266  1 40755445 112725 1.6 21 13 1 2 82% 5679 496 30%
c - 4401.15 59 14 514 1564267  1 40871951 84760 1.6 20 12 1 2 86% 5679 496 30%
c u 4401.31 59 14 514 1564267  1 40871951 84679 1.6 20 12 1 2 86% 5679 496 30%
c v 4401.60 59 14 514 1564267  1 40871951 82582 1.6 20 12 1 2 86% 5679 496 30%
c - 4418.49 59 14 515 1564267  1 41031778 83200 1.8 22 12 1 2 87% 5679 496 30%
c u 4418.67 59 14 515 1564267  1 41031778 83085 1.8 22 12 1 2 87% 5679 496 30%
c 
c   seconds    reductions       conflicts          size   tier2     variables
c           MB        restarts          redundant     glue   trail      remaining
c            level           rate            size/glue  tier1 irredundant
c 
c v 4418.92 59 14 515 1564267  1 41031778 80823 1.8 22 12 1 2 87% 5679 496 30%
c B 4419.68 59 13 515 1564267  1 41041446 86301 1.8 22 12 1 2 87% 5679 496 30%
c - 4435.64 59 15 516 1564268  1 41191919 85111 1.8 25 14 1 2 87% 5679 496 30%
c u 4435.85 59 15 516 1564268  1 41191919 84996 1.8 25 14 1 2 87% 5679 496 30%
c v 4436.07 59 15 516 1564268  1 41191919 83354 1.8 25 14 1 2 87% 5679 496 30%
c w 4436.16 59 15 516 1564268  1 41191919 83104 1.8 25 14 1 2 87% 5679 496 30%
c W 4454.70 59 14 516 1564268  1 41328447 153826 1.8 23 13 1 2 87% 5679 496 30%
c - 4457.67 59 14 517 1564268  1 41352372 82026 1.8 23 13 1 2 87% 5679 496 30%
c u 4457.88 59 14 517 1564268  1 41352372 81922 1.8 23 13 1 2 87% 5679 496 30%
c v 4458.12 59 14 517 1564268  1 41352372 81875 1.8 23 13 1 2 87% 5679 496 30%
c ] 4467.66 59 14 517 1564268  1 41444158 132662 1.9 24 13 1 2 87% 5679 496 30%
c { 4467.66 59 15 517 1564268  2 41444158 132662 1.9 24 13 1 2 81% 5679 496 30%
c - 4476.92 60 15 518 1569707  2 41513137 90988 1.8 24 13 1 2 82% 5679 496 30%
c u 4477.15 60 15 518 1569707  2 41513137 90875 1.8 24 13 1 2 82% 5679 496 30%
c v 4477.36 60 15 518 1569707  2 41513137 90854 1.8 24 13 1 2 82% 5679 496 30%
c w 4477.46 60 15 518 1569707  2 41513137 90450 1.8 24 13 1 2 82% 5679 496 30%
c # 4488.52 60 15 518 1577961  1 41616448 156267 1.9 24 13 1 2 81% 5679 496 30%
c - 4495.57 67 14 519 1581291  1 41674213 96794 1.8 23 13 1 2 81% 5679 496 30%
c u 4495.82 67 14 519 1581291  1 41674213 96650 1.8 23 13 1 2 81% 5679 496 30%
c v 4496.02 67 14 519 1581291  1 41674213 96507 1.8 23 13 1 2 81% 5679 496 30%
c 
c   seconds    reductions       conflicts          size   tier2     variables
c           MB        restarts          redundant     glue   trail      remaining
c            level           rate            size/glue  tier1 irredundant
c 
c w 4496.10 67 14 519 1581291  1 41674213 95825 1.8 23 13 1 2 81% 5679 496 30%
c - 4516.25 67 15 520 1596394  2 41835601 97219 1.7 23 13 1 2 81% 5679 496 30%
c u 4516.53 67 15 520 1596394  2 41835601 97068 1.7 23 13 1 2 81% 5679 496 30%
c v 4516.75 67 15 520 1596394  2 41835601 96907 1.7 23 13 1 2 81% 5679 496 30%
c B 4524.59 67 15 520 1601304  1 41905450 141341 1.8 24 13 1 2 81% 5679 496 30%
c - 4535.94 67 15 521 1606389  1 41997303 97521 1.7 22 13 1 2 82% 5679 496 30%
c u 4536.21 67 15 521 1606389  1 41997303 97365 1.7 22 13 1 2 82% 5679 496 30%
c v 4536.42 67 15 521 1606389  1 41997303 97339 1.7 22 13 1 2 82% 5679 496 30%
c w 4536.42 67 15 521 1606389  1 41997303 97339 1.7 22 13 1 2 82% 5679 496 30%
c - 4557.31 73 15 522 1616076  1 42159317 101531 1.9 24 13 1 2 82% 5679 496 30%
c u 4557.59 73 15 522 1616076  1 42159317 101280 1.9 24 13 1 2 82% 5679 496 30%
c v 4557.83 73 15 522 1616076  1 42159317 101240 1.9 24 13 1 2 82% 5679 496 30%
c W 4566.58 73 14 522 1617272  1 42195452 119463 1.8 22 12 1 2 83% 5679 496 30%
c } 4577.70 73 15 522 1627591  2 42280123 171474 1.7 22 13 1 2 81% 5679 496 30%
c [ 4577.70 73 14 522 1627591  1 42280123 171474 1.9 24 13 1 2 87% 5679 496 30%
c - 4582.80 73 14 523 1627591  1 42321642 97583 1.8 23 13 1 2 86% 5679 496 30%
c u 4583.06 73 14 523 1627591  1 42321642 96699 1.8 23 13 1 2 86% 5679 496 30%
c v 4583.31 73 14 523 1627591  1 42321642 96676 1.8 23 13 1 2 86% 5679 496 30%
c - 4603.09 73 15 524 1627592  1 42484280 93317 1.9 25 13 1 2 87% 5679 496 30%
c u 4603.31 73 15 524 1627592  1 42484280 90632 1.9 25 13 1 2 87% 5679 496 30%
c 
c   seconds    reductions       conflicts          size   tier2     variables
c           MB        restarts          redundant     glue   trail      remaining
c            level           rate            size/glue  tier1 irredundant
c 
c v 4603.60 73 15 524 1627592  1 42484280 90620 1.9 25 13 1 2 87% 5679 496 30%
c w 4603.60 73 15 524 1627592  1 42484280 90620 1.9 25 13 1 2 87% 5679 496 30%
c O 4603.86 73 15 524 1627592  1 42486454 92006 1.9 25 13 1 2 87% 5679 496 30%
c - 4625.67 73 15 525 1627592  1 42647230 90944 2.1 27 13 1 2 89% 5679 496 30%
c u 4625.89 73 15 525 1627592  1 42647230 88100 2.1 27 13 1 2 89% 5679 496 30%
c v 4626.18 73 15 525 1627592  1 42647230 88076 2.1 27 13 1 2 89% 5679 496 30%
c B 4641.49 73 15 525 1627592  1 42778456 174714 2.2 29 13 1 2 89% 5679 496 30%
c - 4645.89 73 15 526 1627592  1 42810494 90514 2.1 28 13 1 2 88% 5679 496 30%
c u 4646.09 73 15 526 1627592  1 42810494 89158 2.1 28 13 1 2 88% 5679 496 30%
c v 4646.37 73 15 526 1627592  1 42810494 89144 2.1 28 13 1 2 88% 5679 496 30%
c w 4646.37 73 15 526 1627592  1 42810494 89144 2.1 28 13 1 2 88% 5679 496 30%
c - 4666.43 73 16 527 1627592  1 42974071 89793 2.0 28 13 1 2 86% 5679 496 30%
c u 4666.59 73 16 527 1627592  1 42974071 89588 2.0 28 13 1 2 86% 5679 496 30%
c v 4666.94 73 16 527 1627592  1 42974071 88113 2.0 28 13 1 2 86% 5679 496 30%
c w 4666.94 73 16 527 1627592  1 42974071 88113 2.0 28 13 1 2 86% 5679 496 30%
c W 4682.55 73 16 527 1627592  1 43071457 150029 2.0 27 13 1 2 86% 5679 496 30%
c ] 4684.01 73 16 527 1627592  1 43083434 158533 2.0 27 13 1 2 86% 5679 496 30%
c { 4684.01 73 15 527 1627592  2 43083434 158533 1.7 22 13 1 2 81% 5679 496 30%
c - 4691.74 73 15 528 1631233  1 43137957 93231 1.8 23 13 1 2 81% 5679 496 30%
c u 4691.90 73 15 528 1631233  1 43137957 93048 1.8 23 13 1 2 81% 5679 496 30%
c 
c   seconds    reductions       conflicts          size   tier2     variables
c           MB        restarts          redundant     glue   trail      remaining
c            level           rate            size/glue  tier1 irredundant
c 
c v 4692.25 73 15 528 1631233  1 43137957 91056 1.8 23 13 1 2 81% 5679 496 30%
c - 4713.09 73 14 529 1641843  1 43302156 95430 1.9 24 12 1 2 84% 5679 496 30%
c u 4713.25 54 14 529 1641843  1 43302156 95205 1.9 24 12 1 2 84% 5679 496 30%
c v 4713.60 54 14 529 1641843  1 43302156 93076 1.9 24 12 1 2 84% 5679 496 30%
c w 4713.60 54 14 529 1641843  1 43302156 93076 1.9 24 12 1 2 84% 5679 496 30%
c F 4720.23 54 14 529 1646563  1 43365458 131096 1.9 23 12 1 2 83% 5679 496 30%
c - 4733.09 62 14 530 1654862  1 43466667 96534 1.8 22 12 1 2 79% 5679 496 30%
c u 4733.24 62 14 530 1654862  1 43466667 96494 1.8 22 12 1 2 79% 5679 496 30%
c v 4733.58 62 14 530 1654862  1 43466667 95119 1.8 22 12 1 2 79% 5679 496 30%
c w 4733.59 62 14 530 1654862  1 43466667 95119 1.8 22 12 1 2 79% 5679 496 30%
c - 4753.32 63 13 531 1665234  1 43631490 94333 1.8 21 12 1 2 80% 5679 496 30%
c u 4753.46 63 13 531 1665234  1 43631490 94331 1.8 21 12 1 2 80% 5679 496 30%
c v 4753.79 63 13 531 1665234  1 43631490 94265 1.8 21 12 1 2 80% 5679 496 30%
c B 4757.31 63 14 531 1668800  1 43660459 112976 1.8 22 12 1 2 81% 5679 496 30%
c - 4775.23 64 14 532 1680905  1 43796626 97290 1.8 22 12 1 2 82% 5679 496 30%
c u 4775.38 64 14 532 1680905  1 43796626 97280 1.8 22 12 1 2 82% 5679 496 30%
c v 4775.71 64 14 532 1680905  1 43796626 97238 1.8 22 12 1 2 82% 5679 496 30%
c } 4792.39 64 14 532 1690985  1 43933734 178451 1.8 22 12 1 2 78% 5679 496 30%
c [ 4792.39 64 16 532 1690985  1 43933734 178451 2.0 27 13 1 2 86% 5679 496 30%
c I 4794.92 64 15 532 1690985  1 43956463 188986 2.0 26 13 1 2 84% 5679 496 30%
c 
c   seconds    reductions       conflicts          size   tier2     variables
c           MB        restarts          redundant     glue   trail      remaining
c            level           rate            size/glue  tier1 irredundant
c 
c - 4795.59 64 15 533 1690985  1 43962073 97717 1.9 25 13 1 2 84% 5679 496 30%
c u 4795.78 64 15 533 1690985  1 43962073 97632 1.9 25 13 1 2 84% 5679 496 30%
c v 4796.10 64 15 533 1690985  1 43962073 97056 1.9 25 13 1 2 84% 5679 496 30%
c w 4796.10 64 15 533 1690985  1 43962073 97056 1.9 25 13 1 2 84% 5679 496 30%
c - 4813.42 64 14 534 1690985  1 44127833 91567 1.6 21 13 1 2 86% 5679 496 30%
c u 4813.62 64 14 534 1690985  1 44127833 91485 1.6 21 13 1 2 86% 5679 496 30%
c v 4813.90 64 14 534 1690985  1 44127833 89478 1.6 21 13 1 2 86% 5679 496 30%
c w 4813.90 64 14 534 1690985  1 44127833 89478 1.6 21 13 1 2 86% 5679 496 30%
c B 4829.05 64 16 534 1690985  1 44253464 163413 1.7 24 14 1 2 87% 5679 496 30%
c - 4835.15 64 16 535 1690985  1 44293905 89072 1.7 24 14 1 2 86% 5679 496 30%
c u 4835.36 64 16 535 1690985  1 44293905 88962 1.7 24 14 1 2 86% 5679 496 30%
c v 4835.66 64 16 535 1690985  1 44293905 86391 1.7 24 14 1 2 86% 5679 496 30%
c w 4835.66 64 16 535 1690985  1 44293905 86391 1.7 24 14 1 2 86% 5679 496 30%
c - 4855.46 64 15 536 1690986  1 44460290 80369 1.6 22 14 1 2 87% 5679 496 30%
c u 4855.67 64 15 536 1690986  1 44460290 80271 1.6 22 14 1 2 87% 5679 496 30%
c v 4855.94 64 15 536 1690986  1 44460290 79421 1.6 22 14 1 2 87% 5679 496 30%
c w 4855.94 64 15 536 1690986  1 44460290 79421 1.6 22 14 1 2 87% 5679 496 30%
c W 4875.33 64 15 536 1690986  1 44551466 123977 1.7 22 13 1 2 87% 5679 496 30%
c - 4885.21 64 14 537 1690986  1 44626988 82952 1.7 22 13 1 2 87% 5679 496 30%
c u 4885.41 64 14 537 1690986  1 44626988 82831 1.7 22 13 1 2 87% 5679 496 30%
c 
c   seconds    reductions       conflicts          size   tier2     variables
c           MB        restarts          redundant     glue   trail      remaining
c            level           rate            size/glue  tier1 irredundant
c 
c v 4885.67 64 14 537 1690986  1 44626988 82806 1.7 22 13 1 2 87% 5679 496 30%
c w 4885.67 64 14 537 1690986  1 44626988 82806 1.7 22 13 1 2 87% 5679 496 30%
c ] 4904.30 64 15 537 1690986  1 44782073 167006 1.8 24 13 1 2 86% 5679 496 30%
c { 4904.30 64 14 537 1690986  1 44782073 167006 1.8 22 12 1 2 78% 5679 496 30%
c - 4906.08 64 14 538 1692509  1 44793996 88957 1.8 22 12 1 2 78% 5679 496 30%
c u 4906.32 64 14 538 1692509  1 44793996 88820 1.8 22 12 1 2 78% 5679 496 30%
c v 4906.60 64 14 538 1692509  1 44793996 87843 1.8 22 12 1 2 78% 5679 496 30%
c w 4906.71 64 14 538 1692509  1 44793996 87376 1.8 22 12 1 2 78% 5679 496 30%
c W 4915.36 64 14 538 1697412  1 44850467 125633 2.0 24 12 1 2 80% 5679 496 30%
c - 4929.16 67 14 539 1705545  1 44961316 99478 1.9 23 12 1 2 79% 5679 496 30%
c u 4929.43 67 14 539 1705545  1 44961316 99355 1.9 23 12 1 2 79% 5679 496 30%
c v 4929.71 67 14 539 1705545  1 44961316 98560 1.9 23 12 1 2 79% 5679 496 30%
c - 4951.08 67 14 540 1718509  1 45128948 100257 1.8 22 12 1 2 82% 5679 496 30%
c u 4951.36 67 14 540 1718509  1 45128948 100101 1.8 22 12 1 2 82% 5679 496 30%
c v 4951.60 67 14 540 1718509  1 45128948 99737 1.8 22 12 1 2 82% 5679 496 30%
c w 4951.60 67 14 540 1718509  1 45128948 99737 1.8 22 12 1 2 82% 5679 496 30%
c # 4953.08 67 14 540 1719490  1 45150468 112195 1.7 21 12 1 2 77% 5679 496 30%
c - 4972.78 67 13 541 1729841  1 45296894 99622 1.7 20 12 1 2 81% 5679 496 30%
c u 4973.03 67 13 541 1729841  1 45296894 99433 1.7 20 12 1 2 81% 5679 496 30%
c v 4973.16 67 13 541 1729841  1 45296894 99413 1.7 20 12 1 2 81% 5679 496 30%
c 
c   seconds    reductions       conflicts          size   tier2     variables
c           MB        restarts          redundant     glue   trail      remaining
c            level           rate            size/glue  tier1 irredundant
c 
c w 4973.16 67 13 541 1729841  1 45296894 99413 1.7 20 12 1 2 81% 5679 496 30%
c x 4973.22 67 13 541 1729841  1 45296894 99411 1.7 20 12 1 2 81% 5677 496 30%
c s 4973.71 67 13 541 1729841  1 45296894 98082 1.7 20 12 1 2 81% 5677 496 30%
c s 4973.85 67 13 541 1729841  1 45296894 97974 1.7 20 12 1 2 81% 5677 496 30%
c B 4992.41 67 14 541 1742423  1 45451469 188528 1.8 21 12 1 2 81% 5677 496 30%
c - 4995.48 69 14 542 1745331  1 45465151 101741 1.7 22 12 1 2 81% 5677 496 30%
c u 4995.74 69 14 542 1745331  1 45465151 101462 1.7 22 12 1 2 81% 5677 496 30%
c v 4996.02 69 14 542 1745331  1 45465151 101401 1.7 22 12 1 2 81% 5677 496 30%
c w 4996.02 69 14 542 1745331  1 45465151 101401 1.7 22 12 1 2 81% 5677 496 30%
c - 5018.10 69 14 543 1756053  1 45633721 99711 1.7 20 12 1 2 81% 5677 496 30%
c u 5018.36 69 14 543 1756053  1 45633721 98189 1.7 20 12 1 2 81% 5677 496 30%
c v 5018.64 69 14 543 1756053  1 45633721 98156 1.7 20 12 1 2 81% 5677 496 30%
c } 5019.67 69 13 543 1756058  1 45644249 103229 1.7 20 12 1 2 80% 5677 496 30%
c [ 5019.67 69 15 543 1756058  1 45644249 103229 1.8 24 13 1 2 86% 5677 496 30%
c O 5032.77 69 12 543 1756058  1 45753470 145511 1.7 19 11 1 2 82% 5677 496 30%
c - 5041.20 69 13 544 1756058  1 45802602 91971 1.8 21 12 1 2 85% 5677 496 30%
c u 5042.16 69 13 544 1756058  1 45802602 89382 1.8 21 12 1 2 85% 5677 496 30%
c v 5042.46 69 13 544 1756058  1 45802602 89369 1.8 21 12 1 2 85% 5677 496 30%
c w 5042.46 69 13 544 1756058  1 45802602 89369 1.8 21 12 1 2 85% 5677 496 30%
c - 5063.34 69 15 545 1756058  1 45971796 86841 1.6 22 14 1 2 86% 5677 496 30%
c 
c   seconds    reductions       conflicts          size   tier2     variables
c           MB        restarts          redundant     glue   trail      remaining
c            level           rate            size/glue  tier1 irredundant
c 
c u 5063.56 69 15 545 1756058  1 45971796 83947 1.6 22 14 1 2 86% 5677 496 30%
c v 5063.82 69 15 545 1756058  1 45971796 83927 1.6 22 14 1 2 86% 5677 496 30%
c B 5072.11 69 15 545 1756058  1 46056472 123809 1.6 22 13 1 2 86% 5677 496 30%
c - 5084.24 69 14 546 1756058  1 46141303 78454 1.6 20 13 1 2 87% 5677 496 30%
c u 5084.37 69 14 546 1756058  1 46141303 78288 1.6 20 13 1 2 87% 5677 496 30%
c v 5084.61 69 14 546 1756058  1 46141303 76529 1.6 20 13 1 2 87% 5677 496 30%
c w 5084.61 69 14 546 1756058  1 46141303 76529 1.6 20 13 1 2 87% 5677 496 30%
c - 5104.59 69 14 547 1756058  1 46311122 77303 1.6 21 13 1 2 87% 5677 496 30%
c u 5104.71 69 14 547 1756058  1 46311122 77264 1.6 21 13 1 2 87% 5677 496 30%
c v 5104.96 69 14 547 1756058  1 46311122 76389 1.6 21 13 1 2 87% 5677 496 30%
c W 5119.10 69 14 547 1756058  1 46360473 102642 1.7 22 13 1 2 86% 5677 496 30%
c - 5134.03 69 14 548 1756058  1 46481253 79745 1.7 21 13 1 2 86% 5677 496 30%
c u 5134.15 69 14 548 1756058  1 46481253 79743 1.7 21 13 1 2 86% 5677 496 30%
c v 5134.40 69 14 548 1756058  1 46481253 79698 1.7 21 13 1 2 86% 5677 496 30%
c w 5134.40 69 14 548 1756058  1 46481253 79675 1.7 21 13 1 2 86% 5677 496 30%
c ] 5137.33 69 14 548 1756058  1 46506190 89760 1.6 21 13 1 2 86% 5677 496 30%
c { 5137.33 69 13 548 1756058  1 46506190 89760 1.7 20 12 1 2 80% 5677 496 30%
c - 5152.52 69 12 549 1763339  1 46651697 89495 1.8 19 11 1 2 81% 5677 496 30%
c u 5152.69 69 12 549 1763339  1 46651697 89418 1.8 19 11 1 2 81% 5677 496 30%
c v 5152.99 69 12 549 1763339  1 46651697 88407 1.8 19 11 1 2 81% 5677 496 30%
c 
c   seconds    reductions       conflicts          size   tier2     variables
c           MB        restarts          redundant     glue   trail      remaining
c            level           rate            size/glue  tier1 irredundant
c 
c w 5152.99 69 12 549 1763339  1 46651697 88407 1.8 19 11 1 2 81% 5677 496 30%
c W 5155.60 69 12 549 1763729  1 46665474 96666 1.8 20 11 1 2 82% 5677 496 30%
c - 5175.34 69 13 550 1778240  1 46822455 95396 1.7 20 11 1 2 82% 5677 496 30%
c p 5175.35 69 13 550 1778240  1 46822455 95396 1.7 20 11 1 2 82% 5677 496 30%
c u 5175.54 69 13 550 1778240  1 46822455 95308 1.7 20 11 1 2 82% 5677 496 30%
c v 5175.87 69 13 550 1778240  1 46822455 94539 1.7 20 11 1 2 82% 5677 496 30%
c F 5194.86 69 13 550 1790401  1 46971476 178727 1.9 22 12 1 2 83% 5677 496 30%
c - 5199.08 69 14 551 1795250  2 46993524 99365 1.9 23 12 1 2 84% 5677 496 30%
c u 5199.31 69 14 551 1795250  2 46993524 99242 1.9 23 12 1 2 84% 5677 496 30%
c v 5199.60 69 14 551 1795250  2 46993524 99116 1.9 23 12 1 2 84% 5677 496 30%
c - 5220.89 69 14 552 1807779  1 47164903 99149 1.8 22 12 1 2 81% 5677 496 30%
c u 5221.12 69 14 552 1807779  1 47164903 99038 1.8 22 12 1 2 81% 5677 496 30%
c v 5221.41 69 14 552 1807779  1 47164903 98987 1.8 22 12 1 2 81% 5677 496 30%
c w 5221.41 69 14 552 1807779  1 47164903 98987 1.8 22 12 1 2 81% 5677 496 30%
c B 5234.40 69 14 552 1814891  1 47278477 164962 1.8 22 12 1 2 82% 5677 496 30%
c - 5243.21 69 14 553 1820391  1 47336595 99344 1.8 23 12 1 2 83% 5677 496 30%
c u 5243.45 69 14 553 1820391  1 47336595 99206 1.8 23 12 1 2 83% 5677 496 30%
c v 5243.76 69 14 553 1820391  1 47336595 97394 1.8 23 12 1 2 83% 5677 496 30%
c } 5253.66 69 13 553 1823521  1 47428911 145160 1.8 21 12 1 2 82% 5677 496 30%
c [ 5253.66 69 14 553 1823521  1 47428911 145160 1.6 21 13 1 2 86% 5677 496 30%
c 
c   seconds    reductions       conflicts          size   tier2     variables
c           MB        restarts          redundant     glue   trail      remaining
c            level           rate            size/glue  tier1 irredundant
c 
c - 5264.47 69 12 554 1823521  1 47508600 91859 1.6 18 11 1 2 84% 5677 496 30%
c u 5264.71 69 12 554 1823521  1 47508600 91716 1.6 18 11 1 2 84% 5677 496 30%
c v 5264.97 69 12 554 1823521  1 47508600 88823 1.6 18 11 1 2 84% 5677 496 30%
c I 5273.35 69 14 554 1823521  1 47586479 127413 1.6 21 13 1 2 85% 5677 496 30%
c - 5284.28 69 15 555 1823521  1 47680917 92159 1.7 22 13 1 2 86% 5677 496 30%
c u 5284.53 69 15 555 1823521  1 47680917 91998 1.7 22 13 1 2 86% 5677 496 30%
c v 5284.82 69 15 555 1823521  1 47680917 89447 1.7 22 13 1 2 86% 5677 496 30%
c w 5284.82 69 15 555 1823521  1 47680917 89447 1.7 22 13 1 2 86% 5677 496 30%
c - 5307.97 69 14 556 1823521  1 47853545 87678 1.8 23 13 1 2 88% 5677 496 30%
c u 5308.21 69 14 556 1823521  1 47853545 87519 1.8 23 13 1 2 88% 5677 496 30%
c v 5308.50 69 14 556 1823521  1 47853545 87130 1.8 23 13 1 2 88% 5677 496 30%
c B 5312.87 69 15 556 1823521  1 47895480 113090 1.8 24 13 1 2 87% 5677 496 30%
c - 5327.86 69 15 557 1823521  1 48026486 90591 1.8 24 13 1 2 87% 5677 496 30%
c u 5328.11 69 15 557 1823521  1 48026486 90397 1.8 24 13 1 2 87% 5677 496 30%
c v 5328.38 69 15 557 1823521  1 48026486 90379 1.8 24 13 1 2 87% 5677 496 30%
c w 5328.39 69 15 557 1823521  1 48026486 90298 1.8 24 13 1 2 87% 5677 496 30%
c - 5349.16 69 16 558 1823521  1 48199738 93311 1.8 25 14 1 2 84% 5677 496 30%
c u 5349.41 69 16 558 1823521  1 48199738 93065 1.8 25 14 1 2 84% 5677 496 30%
c v 5349.73 69 16 558 1823521  1 48199738 92098 1.8 25 14 1 2 84% 5677 496 30%
c w 5349.79 69 16 558 1823521  1 48199738 91901 1.8 25 14 1 2 84% 5677 496 30%
c 
c   seconds    reductions       conflicts          size   tier2     variables
c           MB        restarts          redundant     glue   trail      remaining
c            level           rate            size/glue  tier1 irredundant
c 
c W 5359.82 69 16 558 1823521  1 48205481 94395 1.7 24 14 1 2 84% 5677 496 30%
c ] 5371.87 69 15 558 1823536  1 48308201 150330 1.8 24 13 1 2 85% 5677 496 30%
c { 5371.87 69 13 558 1823536  1 48308201 150330 1.8 21 12 1 2 82% 5677 496 30%
c - 5381.80 69 15 559 1832966  1 48373303 98913 1.8 24 13 1 2 84% 5677 496 30%
c u 5382.06 69 15 559 1832966  1 48373303 98206 1.8 24 13 1 2 84% 5677 496 30%
c v 5382.41 69 15 559 1832966  1 48373303 96038 1.8 24 13 1 2 84% 5677 496 30%
c w 5382.53 69 15 559 1832966  1 48373303 95824 1.8 24 13 1 2 84% 5677 496 30%
c W 5401.06 69 13 559 1838831  1 48516482 170386 1.8 21 12 1 2 83% 5677 496 30%
c - 5404.73 69 12 560 1838897  1 48547182 97485 1.7 19 11 1 2 82% 5677 496 30%
c u 5404.98 69 12 560 1838897  1 48547182 95070 1.7 19 11 1 2 82% 5677 496 30%
c v 5405.30 69 12 560 1838897  1 48547182 93581 1.7 19 11 1 2 82% 5677 496 30%
c - 5427.63 69 13 561 1852834  1 48721371 99713 1.9 21 11 1 2 84% 5677 496 30%
c u 5427.87 69 13 561 1852834  1 48721371 97568 1.9 21 11 1 2 84% 5677 496 30%
c v 5428.15 69 13 561 1852834  1 48721371 97408 1.9 21 11 1 2 84% 5677 496 30%
c # 5440.67 69 13 561 1861040  1 48828483 156020 1.8 21 11 1 2 84% 5677 496 30%
c - 5449.95 69 13 562 1866003  1 48895873 98497 1.8 21 11 1 2 85% 5677 496 30%
c u 5450.09 69 13 562 1866003  1 48895873 98457 1.8 21 11 1 2 85% 5677 496 30%
c v 5450.38 69 13 562 1866003  1 48895873 98419 1.8 21 11 1 2 85% 5677 496 30%
c w 5450.38 69 13 562 1866003  1 48895873 98418 1.8 21 11 1 2 85% 5677 496 30%
c - 5473.25 69 12 563 1877469  1 49070687 98232 1.8 19 11 1 2 85% 5677 496 30%
c 
c   seconds    reductions       conflicts          size   tier2     variables
c           MB        restarts          redundant     glue   trail      remaining
c            level           rate            size/glue  tier1 irredundant
c 
c u 5473.43 69 12 563 1877469  1 49070687 98112 1.8 19 11 1 2 85% 5677 496 30%
c v 5473.77 69 12 563 1877469  1 49070687 97128 1.8 19 11 1 2 85% 5677 496 30%
c B 5481.50 69 12 563 1882204  1 49141485 132249 1.7 18 11 1 2 84% 5677 496 30%
c } 5490.80 69 15 563 1895139  2 49197312 172980 1.8 24 13 1 2 86% 5677 496 30%
c [ 5490.80 69 15 563 1895139  1 49197312 172980 1.8 24 13 1 2 85% 5677 496 30%
c - 5496.34 69 14 564 1895155  1 49245814 102176 1.8 23 13 1 2 86% 5677 496 30%
c u 5496.55 69 14 564 1895155  1 49245814 102038 1.8 23 13 1 2 86% 5677 496 30%
c v 5496.89 69 14 564 1895155  1 49245814 99432 1.8 23 13 1 2 86% 5677 496 30%
c w 5496.89 69 14 564 1895155  1 49245814 99432 1.8 23 13 1 2 86% 5677 496 30%
c - 5516.01 69 14 565 1895217  1 49421253 95106 1.6 21 13 1 2 87% 5677 496 30%
c u 5516.23 69 14 565 1895217  1 49421253 94984 1.6 21 13 1 2 87% 5677 496 30%
c v 5516.56 69 14 565 1895217  1 49421253 92987 1.6 21 13 1 2 87% 5677 496 30%
c w 5516.56 69 14 565 1895217  1 49421253 92987 1.6 21 13 1 2 87% 5677 496 30%
c O 5520.40 69 14 565 1895225  1 49455486 109367 1.6 21 13 1 2 87% 5677 496 30%
c - 5539.29 69 14 566 1895251  1 49597004 86710 1.6 21 13 1 2 88% 5677 496 30%
c u 5539.50 69 14 566 1895251  1 49597004 86600 1.6 21 13 1 2 88% 5677 496 30%
c v 5539.78 69 14 566 1895251  1 49597004 85479 1.6 21 13 1 2 88% 5677 496 30%
c w 5539.78 69 14 566 1895251  1 49597004 85479 1.6 21 13 1 2 88% 5677 496 30%
c B 5563.85 69 13 566 1895312  1 49770488 152935 1.6 19 12 1 2 88% 5677 496 30%
c - 5564.17 69 13 567 1895312  1 49773066 83059 1.6 19 12 1 2 88% 5677 496 30%
c 
c   seconds    reductions       conflicts          size   tier2     variables
c           MB        restarts          redundant     glue   trail      remaining
c            level           rate            size/glue  tier1 irredundant
c 
c u 5564.38 69 13 567 1895312  1 49773066 82927 1.6 19 12 1 2 88% 5677 496 30%
c v 5564.62 69 13 567 1895312  1 49773066 82810 1.6 19 12 1 2 88% 5677 496 30%
c w 5564.63 69 13 567 1895312  1 49773066 82810 1.6 19 12 1 2 88% 5677 496 30%
c - 5586.56 69 15 568 1895367  1 49949443 95156 2.0 26 13 1 2 87% 5677 496 30%
c u 5586.82 69 15 568 1895367  1 49949443 95004 2.0 26 13 1 2 87% 5677 496 30%
c v 5587.15 69 15 568 1895367  1 49949443 93418 2.0 26 13 1 2 87% 5677 496 30%
c w 5587.26 69 15 568 1895367  1 49949443 93173 2.0 26 13 1 2 87% 5677 496 30%
c W 5614.75 69 14 568 1895378  1 50086491 166411 1.9 25 13 1 2 88% 5677 496 30%
c ] 5615.95 69 14 568 1895379  1 50093010 169078 1.9 25 13 1 2 88% 5677 496 30%
c { 5615.95 69 15 568 1895379  2 50093010 169078 1.8 24 13 1 2 86% 5677 496 30%
c - 5621.41 69 15 569 1899098  2 50126131 96245 1.9 24 13 1 2 86% 5677 496 30%
c u 5621.67 69 15 569 1899098  2 50126131 96094 1.9 24 13 1 2 86% 5677 496 30%
c v 5622.05 69 15 569 1899098  2 50126131 95200 1.9 24 13 1 2 86% 5677 496 30%
c w 5622.19 69 15 569 1899098  2 50126131 95145 1.9 24 13 1 2 86% 5677 496 30%
c - 5648.09 69 15 570 1914383  1 50303130 101243 1.9 24 13 1 2 85% 5677 496 30%
c u 5648.36 69 15 570 1914383  1 50303130 101072 1.9 24 13 1 2 85% 5677 496 30%
c v 5648.69 69 15 570 1914383  1 50303130 101005 1.9 24 13 1 2 85% 5677 496 30%
c w 5648.84 69 15 570 1914383  1 50303130 99766 1.9 24 13 1 2 85% 5677 496 30%
c W 5661.69 69 13 570 1917123  1 50403493 149685 1.8 21 12 1 2 85% 5677 496 30%
c - 5673.85 69 14 571 1925612  1 50480441 100840 1.8 22 12 1 2 85% 5677 496 30%
c 
c   seconds    reductions       conflicts           size   tier2     variables
c           MB        restarts          redundant      glue   trail      remaining
c            level           rate             size/glue  tier1 irredundant
c 
c u 5674.11 69 14 571 1925612  1 50480441 100568 1.8 22 12 1 2 85% 5677 496 30%
c v 5674.43 69 14 571 1925612  1 50480441 100469 1.8 22 12 1 2 85% 5677 496 30%
c - 5696.95 69 12 572 1934799  1 50658064 101013 1.8 19 10 1 2 84% 5677 496 30%
c p 5696.96 69 12 572 1934799  1 50658064 101014 1.8 19 10 1 2 84% 5677 496 30%
c u 5697.21 69 12 572 1934799  1 50658064 100672 1.8 19 10 1 2 84% 5677 496 30%
c v 5697.38 69 12 572 1934799  1 50658064 100592 1.8 19 10 1 2 84% 5677 496 30%
c x 5697.45 69 12 572 1934799  1 50658064 100584 1.8 19 10 1 2 84% 5655 496 30%
c s 5697.95 69 12 572 1934799  1 50658064 94768 1.8 19 10 1 2 84% 5647 496 30%
c e 5697.95 69 12 572 1934799  1 50658064 94140 1.8 19 10 1 2 84% 5661 495 30%
c s 5698.04 69 12 572 1934799  1 50658064 93923 1.8 19 10 1 2 84% 5661 495 30%
c i 5700.35 69 11 572 1934803  1 50680121 103686 1.8 18 10 1 2 84% 5661 494 30%
c F 5706.42 69 13 572 1943320  1 50721495 129942 1.8 20 11 1 2 85% 5661 494 30%
c - 5724.87 69 15 573 1959576  2 50836001 97264 1.8 24 13 1 2 85% 5576 494 30%
c u 5725.12 69 15 573 1959576  2 50836001 96636 1.8 24 13 1 2 85% 5576 494 30%
c v 5725.51 69 15 573 1959576  2 50836001 95879 1.8 24 13 1 2 85% 5576 494 30%
c w 5725.68 69 15 573 1959576  2 50836001 95049 1.8 24 13 1 2 85% 5576 494 30%
c t 5725.68 69 15 573 1959576  2 50836001 95049 1.8 24 13 1 2 85% 5575 494 30%
c } 5742.81 69 15 573 1967429  1 50979093 176876 1.8 24 13 1 2 86% 5575 494 30%
c [ 5742.81 69 14 573 1967429  1 50979093 176876 1.9 25 13 1 2 88% 5575 494 30%
c - 5747.38 69 14 574 1967429  1 51014249 98225 1.9 23 13 1 2 87% 5575 494 30%
c 
c   seconds    reductions       conflicts          size   tier2     variables
c           MB        restarts          redundant     glue   trail      remaining
c            level           rate            size/glue  tier1 irredundant
c 
c u 5747.63 69 14 574 1967429  1 51014249 95685 1.9 23 13 1 2 87% 5575 494 30%
c v 5747.96 69 14 574 1967429  1 51014249 94106 1.9 23 13 1 2 87% 5575 494 30%
c w 5748.02 69 14 574 1967429  1 51014249 93361 1.9 23 13 1 2 87% 5575 494 30%
c I 5750.53 69 14 574 1967429  1 51040497 106351 1.8 23 13 1 2 87% 5575 494 30%
c s 5751.42 69 14 574 1967429  1 51044777 107268 1.8 23 13 1 2 87% 5570 494 30%
c e 5751.43 69 14 574 1967429  1 51044777 105475 1.8 23 13 1 2 87% 5623 487 30%
c s 5751.54 69 14 574 1967429  1 51044777 105432 1.8 23 13 1 2 87% 5623 487 30%
c - 5768.50 69 13 575 1967464  1 51192811 88267 1.6 20 12 1 2 86% 5623 487 30%
c u 5768.73 69 13 575 1967464  1 51192811 86029 1.6 20 12 1 2 86% 5623 487 30%
c v 5769.07 69 13 575 1967464  1 51192811 84296 1.6 20 12 1 2 86% 5623 487 30%
c f 5769.07 69 13 575 1967464  1 51192811 84295 1.6 20 12 1 2 86% 5605 488 30%
c B 5787.79 69 14 575 1967521  1 51360498 162109 1.7 21 13 1 2 86% 5605 488 30%
c - 5789.23 69 14 576 1967523  1 51371683 82354 1.7 22 13 1 2 86% 5605 488 30%
c u 5789.37 69 14 576 1967523  1 51371683 82225 1.7 22 13 1 2 86% 5605 488 30%
c v 5789.69 69 14 576 1967523  1 51371683 81089 1.7 22 13 1 2 86% 5605 488 30%
c w 5789.69 69 14 576 1967523  1 51371683 81089 1.7 22 13 1 2 86% 5605 488 30%
c s 5797.86 69 14 576 1967552  1 51440065 111588 1.7 21 13 1 2 86% 5596 488 30%
c e 5797.87 69 14 576 1967552  1 51440065 111475 1.7 21 13 1 2 86% 5608 487 30%
c s 5797.88 69 14 576 1967552  1 51440065 111475 1.7 21 13 1 2 86% 5608 487 30%
c - 5812.72 69 13 577 1967556  1 51550868 80977 1.7 20 12 1 2 86% 5608 487 30%
c 
c   seconds    reductions       conflicts          size   tier2     variables
c           MB        restarts          redundant     glue   trail      remaining
c            level           rate            size/glue  tier1 irredundant
c 
c = 5813.92 69 13 577 1967556  1 51550868 80885 1.7 20 12 1 2 86% 5589 486 30%
c u 5814.04 69 13 577 1967556  1 51550868 80875 1.7 20 12 1 2 86% 5589 486 30%
c v 5814.31 69 13 577 1967556  1 51550868 80787 1.7 20 12 1 2 86% 5589 486 30%
c w 5814.32 69 13 577 1967556  1 51550868 80787 1.7 20 12 1 2 86% 5589 486 30%
c W 5838.99 83 13 577 1967602  1 51681502 145018 1.8 22 12 1 2 85% 5589 486 30%
c - 5845.43 69 12 578 1967618  1 51730365 87157 2.2 24 11 1 2 85% 5589 486 30%
c u 5845.61 69 12 578 1967618  1 51730365 87005 2.2 24 11 1 2 85% 5589 486 30%
c v 5845.96 69 12 578 1967618  1 51730365 85661 2.2 24 11 1 2 85% 5589 486 30%
c s 5857.34 69 13 578 1967650  1 51841973 148706 2.0 23 12 1 2 84% 5589 486 30%
c e 5857.36 69 13 578 1967650  1 51841973 147887 2.0 23 12 1 2 84% 5607 484 30%
c s 5857.45 69 13 578 1967650  1 51841973 147881 2.0 23 12 1 2 84% 5607 484 30%
c - 5864.58 69 13 579 1967680  1 51910176 89620 1.8 20 11 1 2 83% 5607 484 30%
c u 5864.79 69 13 579 1967680  1 51910176 89458 1.8 20 11 1 2 83% 5607 484 30%
c v 5865.10 69 13 579 1967680  1 51910176 87813 1.8 20 11 1 2 83% 5607 484 30%
c ] 5869.91 69 13 579 1967682  1 51958797 107905 1.7 19 12 1 2 84% 5607 484 30%
c { 5869.91 69 15 579 1967682  1 51958797 107905 1.8 24 13 1 2 86% 5607 484 30%
c B 5875.30 69 15 579 1970015  1 52003503 133272 1.8 24 13 1 2 86% 5607 484 30%
c - 5888.02 72 14 580 1973005  1 52090298 93545 2.0 25 12 1 2 85% 5607 484 30%
c u 5888.26 72 14 580 1973005  1 52090298 93375 2.0 25 12 1 2 85% 5607 484 30%
c v 5888.63 72 14 580 1973005  1 52090298 92007 2.0 25 12 1 2 85% 5607 484 30%
c 
c   seconds    reductions       conflicts           size   tier2     variables
c           MB        restarts          redundant      glue   trail      remaining
c            level           rate             size/glue  tier1 irredundant
c 
c s 5908.13 72 13 580 1981766  1 52251937 178572 1.8 21 11 1 2 84% 5605 484 30%
c s 5908.35 72 13 580 1981766  1 52251937 178214 1.8 21 11 1 2 84% 5605 484 30%
c - 5910.66 72 12 581 1981910  1 52270732 94721 1.8 20 11 1 2 84% 5605 484 30%
c u 5910.90 72 12 581 1981910  1 52270732 94520 1.8 20 11 1 2 84% 5605 484 30%
c v 5911.20 72 12 581 1981910  1 52270732 94419 1.8 20 11 1 2 84% 5605 484 30%
c W 5921.42 72 13 581 1987808  1 52326505 124068 1.8 21 12 1 2 84% 5605 484 30%
c - 5939.78 72 13 582 1999632  1 52451479 97828 1.9 22 12 1 2 85% 5605 484 30%
c u 5940.03 72 13 582 1999632  1 52451479 97614 1.9 22 12 1 2 85% 5605 484 30%
c v 5940.37 72 13 582 1999632  1 52451479 97480 1.9 22 12 1 2 85% 5605 484 30%
c - 5964.35 73 13 583 2012283  1 52632538 100169 1.9 23 12 1 2 85% 5605 484 30%
c u 5964.61 73 13 583 2012283  1 52632538 99968 1.9 23 12 1 2 85% 5605 484 30%
c v 5964.96 73 13 583 2012283  1 52632538 99860 1.9 23 12 1 2 85% 5605 484 30%
c w 5964.96 73 13 583 2012283  1 52632538 99860 1.9 23 12 1 2 85% 5605 484 30%
c # 5967.32 73 14 583 2013974  1 52650506 109906 1.9 23 12 1 2 85% 5605 484 30%
c - 5989.33 73 13 584 2025636  1 52813908 100325 2.0 24 12 1 2 85% 5605 484 30%
c u 5989.59 73 13 584 2025636  1 52813908 100099 2.0 24 12 1 2 85% 5605 484 30%
c v 5989.99 73 13 584 2025636  1 52813908 99081 2.0 24 12 1 2 85% 5605 484 30%
c w 5989.99 73 13 584 2025636  1 52813908 99081 2.0 24 12 1 2 85% 5605 484 30%
c } 6000.41 73 14 584 2032854  1 52895085 146518 1.9 23 12 1 2 83% 5605 484 30%
c [ 6000.41 73 13 584 2032854  1 52895085 146518 1.7 19 12 1 2 84% 5605 484 30%
c 
c   seconds    reductions       conflicts           size   tier2     variables
c           MB        restarts          redundant      glue   trail      remaining
c            level           rate             size/glue  tier1 irredundant
c 
c O 6012.59 73 13 584 2032856  1 52975507 175976 1.6 19 12 1 2 85% 5605 484 30%
c - 6015.90 73 13 585 2032856  1 52995591 96220 1.6 19 12 1 2 85% 5605 484 30%
c u 6016.15 73 13 585 2032856  1 52995591 95943 1.6 19 12 1 2 85% 5605 484 30%
c v 6016.60 73 13 585 2032856  1 52995591 94370 1.6 19 12 1 2 85% 5605 484 30%
c w 6016.60 73 13 585 2032856  1 52995591 94370 1.6 19 12 1 2 85% 5605 484 30%
c - 6039.96 73 12 586 2032857  1 53177586 90359 1.7 18 11 1 2 86% 5605 484 30%
c u 6040.20 73 12 586 2032857  1 53177586 90071 1.7 18 11 1 2 86% 5605 484 30%
c v 6040.54 73 12 586 2032857  1 53177586 87771 1.7 18 11 1 2 86% 5605 484 30%
c B 6055.82 73 11 586 2032857  1 53301509 137543 1.7 18 11 1 2 86% 5605 484 30%
c - 6064.81 73 11 587 2032857  1 53359893 84401 1.6 17 10 1 2 85% 5605 484 30%
c u 6065.02 73 11 587 2032857  1 53359893 84039 1.6 17 10 1 2 85% 5605 484 30%
c v 6065.31 73 11 587 2032857  1 53359893 82727 1.6 17 10 1 2 85% 5605 484 30%
c - 6088.69 73 12 588 2032920  1 53542513 86347 1.6 18 11 1 2 84% 5605 484 30%
c p 6088.69 73 12 588 2032920  1 53542513 86349 1.6 18 11 1 2 84% 5605 484 30%
c u 6088.90 73 12 588 2032920  1 53542513 84033 1.6 18 11 1 2 84% 5605 484 30%
c v 6089.20 73 12 588 2032920  1 53542513 83709 1.6 18 11 1 2 84% 5605 484 30%
c w 6089.20 73 12 588 2032920  1 53542513 83707 1.6 18 11 1 2 84% 5605 484 30%
c t 6089.20 73 12 588 2032920  1 53542513 83695 1.6 18 11 1 2 84% 5605 484 30%
c W 6107.83 73 13 588 2032951  1 53628512 118105 1.6 19 12 1 2 84% 5605 484 30%
c - 6120.04 73 13 589 2032983  1 53725444 84852 1.8 21 12 1 2 85% 5605 484 30%
c 
c   seconds    reductions       conflicts          size   tier2     variables
c           MB        restarts          redundant     glue   trail      remaining
c            level           rate            size/glue  tier1 irredundant
c 
c p 6120.04 73 13 589 2032983  1 53725444 84854 1.8 21 12 1 2 85% 5605 484 30%
c u 6120.28 73 13 589 2032983  1 53725444 82348 1.8 21 12 1 2 85% 5605 484 30%
c v 6120.57 73 13 589 2032983  1 53725444 80686 1.8 21 12 1 2 85% 5605 484 30%
c t 6120.57 73 13 589 2032983  1 53725444 80679 1.8 21 12 1 2 85% 5605 484 30%
c ] 6132.00 73 12 589 2032989  1 53827800 129599 1.9 22 12 1 2 85% 5605 484 30%
c { 6132.00 73 14 589 2032989  1 53827800 129599 1.9 23 12 1 2 83% 5605 484 30%
c - 6142.23 73 13 590 2037144  1 53908689 87008 1.9 22 12 1 2 84% 5605 484 30%
c p 6142.24 73 13 590 2037144  1 53908689 87010 1.9 22 12 1 2 84% 5605 484 30%
c u 6142.37 73 13 590 2037144  1 53908689 86487 1.9 22 12 1 2 84% 5605 484 30%
c v 6142.69 73 13 590 2037144  1 53908689 83579 1.9 22 12 1 2 84% 5605 484 30%
c w 6142.69 73 13 590 2037144  1 53908689 83579 1.9 22 12 1 2 84% 5605 484 30%
c t 6142.69 73 13 590 2037144  1 53908689 83567 1.9 22 12 1 2 84% 5605 484 30%
c B 6147.62 73 13 590 2039595  1 53956514 111527 1.9 22 12 1 2 84% 5605 484 30%
c - 6165.93 73 12 591 2047294  1 54092247 91529 1.9 21 11 1 2 84% 5605 484 30%
c p 6165.94 73 12 591 2047294  1 54092247 91530 1.9 21 11 1 2 84% 5605 484 30%
c u 6166.08 73 12 591 2047294  1 54092247 91446 1.9 21 11 1 2 84% 5605 484 30%
c v 6166.41 73 12 591 2047294  1 54092247 90433 1.9 21 11 1 2 84% 5605 484 30%
c w 6166.41 73 12 591 2047294  1 54092247 90433 1.9 21 11 1 2 84% 5605 484 30%
c t 6166.41 73 12 591 2047294  1 54092247 90430 1.9 21 11 1 2 84% 5605 484 30%
c - 6190.51 73 12 592 2061279  1 54276116 95041 1.9 21 11 1 2 84% 5605 484 30%
c 
c   seconds    reductions       conflicts          size   tier2     variables
c           MB        restarts          redundant     glue   trail      remaining
c            level           rate            size/glue  tier1 irredundant
c 
c u 6190.66 73 12 592 2061279  1 54276116 95008 1.9 21 11 1 2 84% 5605 484 30%
c v 6191.01 73 12 592 2061279  1 54276116 94862 1.9 21 11 1 2 84% 5605 484 30%
c w 6191.01 73 12 592 2061279  1 54276116 94862 1.9 21 11 1 2 84% 5605 484 30%
c t 6191.01 73 12 592 2061279  1 54276116 94861 1.9 21 11 1 2 84% 5605 484 30%
c W 6195.22 73 12 592 2061796  1 54285517 99977 1.9 20 11 1 2 84% 5605 484 30%
c - 6216.95 73 13 593 2075510  1 54460297 96744 1.8 21 11 1 2 84% 5605 484 30%
c u 6217.13 73 13 593 2075510  1 54460297 96212 1.8 21 11 1 2 84% 5605 484 30%
c v 6217.50 73 13 593 2075510  1 54460297 94550 1.8 21 11 1 2 84% 5605 484 30%
c t 6217.50 73 13 593 2075510  1 54460297 94545 1.8 21 11 1 2 84% 5605 484 30%
c F 6237.39 73 12 593 2087193  1 54615518 179764 2.0 22 11 1 2 84% 5605 484 30%
c - 6242.20 73 13 594 2091786  1 54644790 98605 1.9 23 12 1 2 84% 5605 484 30%
c u 6243.57 73 13 594 2091786  1 54644790 98081 1.9 23 12 1 2 84% 5605 484 30%
c v 6243.95 73 13 594 2091786  1 54644790 95474 1.9 23 12 1 2 84% 5605 484 30%
c w 6243.95 73 13 594 2091786  1 54644790 95473 1.9 23 12 1 2 84% 5605 484 30%
c t 6243.95 73 13 594 2091786  1 54644790 95471 1.9 23 12 1 2 84% 5605 484 30%
c } 6265.74 73 13 594 2102314  1 54822294 187467 1.8 20 11 1 2 84% 5605 484 30%
c [ 6265.74 73 12 594 2102314  1 54822294 187467 1.9 22 12 1 2 85% 5605 484 30%
c - 6266.66 73 13 595 2102317  1 54829596 96461 1.8 22 12 1 2 85% 5605 484 30%
c u 6266.88 73 13 595 2102317  1 54829596 96064 1.8 22 12 1 2 85% 5605 484 30%
c v 6267.21 73 13 595 2102317  1 54829596 93374 1.8 22 12 1 2 85% 5605 484 30%
c 
c   seconds    reductions       conflicts          size   tier2     variables
c           MB        restarts          redundant     glue   trail      remaining
c            level           rate            size/glue  tier1 irredundant
c 
c t 6267.21 73 13 595 2102317  1 54829596 93369 1.8 22 12 1 2 85% 5605 484 30%
c I 6281.36 73 13 595 2102365  1 54946519 144122 1.7 20 12 1 2 84% 5605 484 30%
c - 6290.28 73 13 596 2102373  1 55014713 89761 1.6 19 12 1 2 85% 5605 484 30%
c u 6290.49 73 13 596 2102373  1 55014713 89270 1.6 19 12 1 2 85% 5605 484 30%
c v 6290.83 73 13 596 2102373  1 55014713 88377 1.6 19 12 1 2 85% 5605 484 30%
c w 6290.83 73 13 596 2102373  1 55014713 88377 1.6 19 12 1 2 85% 5605 484 30%
c t 6290.83 73 13 596 2102373  1 55014713 88367 1.6 19 12 1 2 85% 5605 484 30%
c - 6314.30 73 11 597 2102435  1 55200142 86093 1.6 17 10 1 2 83% 5605 484 30%
c u 6314.52 73 11 597 2102435  1 55200142 85693 1.6 17 10 1 2 83% 5605 484 30%
c v 6314.85 73 11 597 2102435  1 55200142 85329 1.6 17 10 1 2 83% 5605 484 30%
c t 6314.85 73 11 597 2102435  1 55200142 85327 1.6 17 10 1 2 83% 5605 484 30%
c B 6325.03 73 11 597 2102437  1 55278521 116201 1.7 18 10 1 2 85% 5605 484 30%
c - 6338.12 73 13 598 2102437  1 55385886 86830 1.7 20 12 1 2 85% 5605 484 30%
c p 6338.13 73 13 598 2102437  1 55385886 86831 1.7 20 12 1 2 85% 5605 484 30%
c u 6338.34 73 13 598 2102437  1 55385886 86339 1.7 20 12 1 2 85% 5605 484 30%
c v 6338.59 73 13 598 2102437  1 55385886 83794 1.7 20 12 1 2 85% 5605 484 30%
c w 6338.59 73 13 598 2102437  1 55385886 83794 1.7 20 12 1 2 85% 5605 484 30%
c t 6338.59 73 13 598 2102437  1 55385886 83783 1.7 20 12 1 2 85% 5605 484 30%
c - 6361.08 73 13 599 2102499  1 55571941 87407 1.7 21 12 1 2 85% 5605 484 30%
c p 6361.08 73 13 599 2102499  1 55571941 87410 1.7 21 12 1 2 85% 5605 484 30%
c 
c   seconds    reductions       conflicts          size   tier2     variables
c           MB        restarts          redundant     glue   trail      remaining
c            level           rate            size/glue  tier1 irredundant
c 
c u 6361.30 73 13 599 2102499  1 55571941 86714 1.7 21 12 1 2 85% 5605 484 30%
c v 6361.59 73 13 599 2102499  1 55571941 84239 1.7 21 12 1 2 85% 5605 484 30%
c w 6361.60 73 13 599 2102499  1 55571941 84239 1.7 21 12 1 2 85% 5605 484 30%
c t 6361.60 73 13 599 2102499  1 55571941 84229 1.7 21 12 1 2 85% 5605 484 30%
c W 6373.96 73 13 599 2102504  1 55611523 102795 1.7 21 12 1 2 85% 5605 484 30%
c - 6391.17 73 13 600 2102562  1 55758307 86218 1.7 20 12 1 2 83% 5605 484 30%
c p 6391.17 73 13 600 2102562  1 55758307 86221 1.7 20 12 1 2 83% 5605 484 30%
c u 6391.39 73 13 600 2102562  1 55758307 85654 1.7 20 12 1 2 83% 5605 484 30%
c v 6391.73 73 13 600 2102562  1 55758307 84540 1.7 20 12 1 2 83% 5605 484 30%
c t 6391.74 73 13 600 2102562  1 55758307 84533 1.7 20 12 1 2 83% 5605 484 30%
c ] 6399.75 73 14 600 2102564  1 55831046 117554 1.7 21 13 1 2 84% 5605 484 30%
c { 6399.75 73 13 600 2102564  1 55831046 117554 1.8 20 11 1 2 84% 5605 484 30%
c - 6414.54 73 12 601 2108034  1 55944986 88372 1.8 19 11 1 2 84% 5605 484 30%
c p 6414.54 73 12 601 2108034  1 55944986 88373 1.8 19 11 1 2 84% 5605 484 30%
c u 6414.77 73 12 601 2108034  1 55944986 87741 1.8 19 11 1 2 84% 5605 484 30%
c v 6415.14 73 12 601 2108034  1 55944986 87475 1.8 19 11 1 2 84% 5605 484 30%
c t 6415.14 73 12 601 2108034  1 55944986 87473 1.8 19 11 1 2 84% 5605 484 30%
c B 6415.21 73 12 601 2108034  1 55945525 87664 1.8 19 11 1 2 84% 5605 484 30%
c - 6439.08 73 11 602 2121369  1 56131978 93335 1.9 19 10 1 2 84% 5605 484 30%
c p 6439.09 73 11 602 2121369  1 56131978 93356 1.9 19 10 1 2 84% 5605 484 30%
c 
c   seconds    reductions       conflicts          size   tier2     variables
c           MB        restarts          redundant     glue   trail      remaining
c            level           rate            size/glue  tier1 irredundant
c 
c u 6439.33 73 11 602 2121369  1 56131978 92142 1.9 19 10 1 2 84% 5605 484 30%
c v 6439.66 73 11 602 2121369  1 56131978 89926 1.9 19 10 1 2 84% 5605 484 30%
c w 6439.67 73 11 602 2121369  1 56131978 89926 1.9 19 10 1 2 84% 5605 484 30%
c t 6439.67 73 11 602 2121369  1 56131978 89895 1.9 19 10 1 2 84% 5605 484 30%
c s 6440.06 73 11 602 2121369  1 56131978 75956 1.9 19 10 1 2 84% 5374 484 30%
c e 6440.06 73 11 602 2121369  1 56131978 65495 1.9 19 10 1 2 84% 5454 474 29%
c s 6440.38 73 11 602 2121369  1 56131978 64232 1.9 19 10 1 2 84% 5407 474 29%
c i 6449.40 73 10 602 2123748  1 56219957 105448 1.9 17 9 1 2 83% 5406 473 29%
c i 6452.68 73 10 602 2124613  1 56252922 121586 1.9 16 9 1 2 82% 5406 472 29%
c W 6459.13 73 10 602 2129343  1 56280526 74964 1.9 17 9 1 2 82% 5057 472 29%
c - 6463.57 73 11 603 2133848  1 56319282 59154 1.8 17 10 1 2 82% 5057 472 29%
c 2 6463.57 73 11 603 2133848  1 56319282 59152 1.8 17 10 1 2 82% 5057 472 29%
c p 6463.58 73 11 603 2133848  1 56319282 59157 1.8 17 10 1 2 82% 5057 472 29%
c u 6463.74 73 11 603 2133848  1 56319282 56680 1.8 17 10 1 2 82% 5053 472 29%
c v 6464.01 73 11 603 2133848  1 56319282 55177 1.8 17 10 1 2 82% 5053 472 29%
c t 6464.01 73 11 603 2133848  1 56319282 55137 1.8 17 10 1 2 82% 5050 472 29%
c i 6475.01 73 10 603 2139313  1 56431441 110489 1.8 16 9 1 2 82% 5050 471 29%
c - 6484.33 73 10 604 2146319  1 56506898 59537 1.9 17 9 1 2 82% 4863 471 29%
c 2 6484.33 73 10 604 2146319  1 56506898 59536 1.9 17 9 1 2 82% 4863 471 29%
c d 6484.33 73 10 604 2146319  1 56506898 59064 1.9 17 9 1 2 82% 4837 469 29%
c 
c   seconds    reductions       conflicts          size  tier2     variables
c           MB        restarts          redundant     glue  trail      remaining
c            level           rate            size/glue tier1 irredundant
c 
c p 6484.34 73 10 604 2146319  1 56506898 59092 1.9 17 9 1 2 82% 4837 469 29%
c 2 6484.34 73 10 604 2146319  1 56506898 59087 1.9 17 9 1 2 82% 4836 469 29%
c u 6484.49 73 10 604 2146319  1 56506898 57089 1.9 17 9 1 2 82% 4835 469 29%
c v 6484.72 73 10 604 2146319  1 56506898 54777 1.9 17 9 1 2 82% 4835 469 29%
c w 6484.72 73 10 604 2146319  1 56506898 54777 1.9 17 9 1 2 82% 4835 469 29%
c x 6484.77 73 10 604 2146319  1 56506898 54659 1.9 17 9 1 2 82% 4504 469 29%
c t 6484.77 73 10 604 2146319  1 56506898 54632 1.9 17 9 1 2 82% 4492 469 29%
c i 6485.30 73 10 604 2146319  1 56512906 56838 1.9 17 9 1 2 82% 4492 467 29%
c i 6488.08 73 10 604 2147617  1 56544496 71218 1.9 16 9 1 2 81% 4492 464 28%
c s 6489.17 73  9 604 2147637  1 56553372 74249 1.9 16 8 1 2 82% 4473 464 28%
c t 6489.17 73  9 604 2147637  1 56553372 74247 1.9 16 8 1 2 82% 4473 464 28%
c e 6489.18 73  9 604 2147637  1 56553372 31634 1.9 16 8 1 2 82% 4055 349 21%
c s 6489.20 73  9 604 2147637  1 56553372 31449 1.9 16 8 1 2 82% 3898 349 21%
c e 6489.21 73  9 604 2147637  1 56553372 29451 1.9 16 8 1 2 82% 3928 345 21%
c i 6489.27 73  9 604 2147637  1 56554653 14362 1.9 16 8 1 2 78% 3928 344 21%
c i 6489.63 73  9 604 2147648  1 56561355 16623 1.9 15 8 1 2 85% 3928 342 21%
c i 6489.83 73  9 604 2147648  1 56565863 18689 1.9 15 8 1 2 82% 3928 340 21%
c i 6489.86 73  9 604 2147648  1 56566233 18781 1.9 15 8 1 2 82% 3928 338 21%
c i 6489.89 73  9 604 2147648  1 56566908 18995 1.9 15 8 1 2 82% 3928 337 21%
c i 6489.90 73  9 604 2147648  1 56567258 19167 1.9 15 8 1 2 82% 3928 336 21%
c 
c   seconds    reductions       conflicts          size  tier2     variables
c           MB        restarts          redundant     glue  trail      remaining
c            level           rate            size/glue tier1 irredundant
c 
c i 6489.92 73  9 604 2147648  1 56567439 19243 1.9 15 8 1 2 82% 3928 334 20%
c i 6489.92 73  9 604 2147648  1 56567495 19260 1.9 15 8 1 2 82% 3928 328 20%
c i 6489.92 73  9 604 2147648  1 56567521 19265 1.9 15 8 1 2 82% 3928 313 19%
c i 6489.92 73  9 604 2147648  1 56567532 19268 1.9 15 8 1 2 82% 3928 294 18%
c i 6489.92 73  9 604 2147648  1 56567539 19271 1.9 15 8 1 2 82% 3928 288 18%
c i 6489.92 73  9 604 2147648  1 56567543 19273 1.9 15 8 1 2 82% 3928  77  5%
c } 6489.92 73  9 604 2147648  1 56567545 19273 1.9 15 8 1 2 82% 3928   2  0%
c 0 6489.92 73  9 604 2147648  1 56567545 19273 1.9 15 8 1 2 82% 3928   2  0%
c 
c --- [ result ] -------------------------------------------------------------
c 
s UNSATISFIABLE
c 
c --- [ run-time profiling ] -------------------------------------------------
c 
c process time taken by individual solving procedures
c (percentage relative to process time for solving)
c 
c      6310.02   97.23% search
c      3161.98   48.72% unstable
c      2892.23   44.56% stable
c       255.80    3.94% walk
c       179.91    2.77% simplify
c       148.68    2.29% vivify
c        18.49    0.28% subsume
c        10.08    0.16% sweep
c         0.86    0.01% ternary
c         0.59    0.01% probe
c         0.30    0.00% factor
c         0.17    0.00% elim
c         0.06    0.00% congruence
c         0.02    0.00% backbone
c         0.01    0.00% preprocess
c         0.00    0.00% fastelim
c         0.00    0.00% parse
c         0.00    0.00% lucky
c   =================================
c      6489.92  100.00% solve
c 
c last line shows process time for solving
c (percentage relative to total process time)
c 
c --- [ statistics ] ---------------------------------------------------------
c 
c chronological:           2727471         4.82 %  of conflicts
c conflicts:              56567545      8716.21    per second
c backbone:                1018108     52533.95 %  of vars
c decisions:              70497052     10862.54    per second
c eliminated:                 1500        77.40 %  of all variables
c factored:                    307        88.73 %  of variables
c fixed:                       356        18.37 %  of all variables
c learned:                56143611        99.25 %  per conflict
c learned_lits:         3426986922       100.00 %  learned literals
c minimized:                     0         0.00 %  learned literals
c shrunken:             1677120215        48.94 %  learned literals
c minishrunken:          398180070        11.62 %  learned literals
c otfs:                      48823         0.09 %  of conflict
c propagations:         7561300140         1.17 M  per second
c reduced:                32643596        57.71 %  per conflict
c rephased:                    335    168858.34    interval
c restarts:                2147648        26.34    interval
c stabilizing:                  67        51.55 %  of conflicts
c substituted:                  79         4.08 %  of all variables
c sweep equivs:                 10         0.37 %  of swept variables
c subsumed:               22901340        40.55 %  of all clauses
c strengthened:             676425         1.20 %  of all clauses
c ticks:              456741462181        61.43    propagation
c vivified:                 353615         0.63 %  of all clauses
c walked:                      111    509617.52    interval
c weakened:                   8622         2.98    average size
c congruence:                   35   1616215.57    interval
c 
c seconds are measured in process time for solving
c 
c --- [ glue usage ] ---------------------------------------------------------
c 
c focused glue 1 used 517051224 clauses 66.97% accumulated 66.97% tier1
c focused glue 2 used 149261628 clauses 19.33% accumulated 86.30% tier2
c 
c stable glue 1 used 531484815 clauses 65.30% accumulated 65.30% tier1
c stable glue 2 used 147549075 clauses 18.12% accumulated 83.42% tier2
c 
c 
c --- [ resources ] ----------------------------------------------------------
c 
c total process time since initialization:      6489.92    seconds
c total real time since initialization:         6525.63    seconds
c maximum resident set size of process:           82.77    MB
c 
c --- [ shutting down ] ------------------------------------------------------
c 
c exit 20
